{
    "dimensions": [
        0,
        0,
        0,
        0,
        0,
        0,
        0,
        0,
        0,
        0,
        0,
        0,
        0,
        0,
        0,
        0,
        0,
        0,
        0,
        0,
        0,
        0,
        0,
        0,
        0,
        0,
        0,
        0,
        0,
        0,
        0,
        0,
        0,
        0,
        0,
        0,
        0,
        0,
        0,
        0,
        0,
        0,
        0,
        0,
        0,
        0,
        0,
        0,
        0,
        0,
        0,
        0,
        0,
        0,
        0,
        0,
        0,
        0,
        0,
        0,
        0,
        0,
        0,
        0,
        0,
        0,
        0,
        0,
        0,
        0,
        0,
        0,
        0,
        0,
        0,
        0,
        0,
        0,
        0,
        0,
        0,
        0,
        0,
        0,
        0,
        0,
        0,
        0,
        0,
        0,
        0,
        0,
        0,
        0,
        0,
        0,
        0,
        0,
        0,
        0,
        0,
        0,
        0,
        0,
        0,
        0,
        0,
        0,
        0,
        0,
        0,
        0,
        0,
        0,
        0,
        0,
        0,
        0,
        0,
        0,
        0,
        0,
        0,
        0,
        0,
        0,
        0,
        0,
        0,
        0,
        0,
        0,
        0,
        0,
        0,
        0,
        0,
        0,
        0,
        0,
        0,
        0,
        0,
        0,
        0,
        0,
        0,
        0,
        0,
        0,
        0,
        0,
        0,
        0,
        0,
        0,
        0,
        0,
        0,
        0,
        0,
        0,
        0,
        0,
        0,
        0,
        0,
        0
    ],
    "creation_values": [
        0.9947867921210864,
        0.9947867921210864,
        0.9947867921210864,
        0.9947867921210864,
        0.9947867921210864,
        0.9947867921210864,
        0.9947867921210864,
        0.9947867921210864,
        0.9947867921210864,
        0.9947867921210864,
        0.9947867921210864,
        0.9947867921210864,
        0.9947867921210864,
        0.9947867921210864,
        0.9947867921210864,
        0.9947867921210864,
        0.9947867921210864,
        0.9947867921210864,
        0.9947867921210864,
        0.9947867921210864,
        0.9947867921210864,
        0.9947867921210864,
        0.9947867921210864,
        0.9947867921210864,
        0.9947867921210864,
        0.9947867921210864,
        0.9947867921210864,
        0.9947867921210864,
        0.9947867921210864,
        0.9947867921210864,
        0.9947867921210864,
        0.9947867921210864,
        0.9947867921210864,
        0.9947867921210864,
        0.9947867921210864,
        0.9947867921210864,
        0.9947867921210864,
        0.9947867921210864,
        0.9947867921210864,
        0.9947867921210864,
        0.9947867921210864,
        0.9947867921210864,
        0.9947867921210864,
        0.9947867921210864,
        0.9947867921210864,
        0.9947867921210864,
        0.9947867921210864,
        0.9947867921210864,
        0.9947867921210864,
        0.9947867921210864,
        0.9947867921210864,
        0.9947867921210864,
        0.9947867921210864,
        0.9947867921210864,
        0.9947867921210864,
        0.9947867921210864,
        0.9947867921210864,
        0.9947867921210864,
        0.9947867921210864,
        0.9947867921210864,
        0.9947867921210864,
        0.9947867921210864,
        0.9947867921210864,
        0.9947867921210864,
        0.9947867921210864,
        0.9947867921210864,
        0.9947867921210864,
        0.9947867921210864,
        0.9947867921210864,
        0.9947867921210864,
        0.9947867921210864,
        0.9947867921210864,
        0.9947867921210864,
        0.9947867921210864,
        0.9947867921210864,
        0.9947867921210864,
        0.9947867921210864,
        0.9947867921210864,
        0.9947867921210864,
        0.9947867921210864,
        0.9947867921210864,
        0.9947867921210864,
        0.9947867921210864,
        0.9947867921210864,
        0.9947867921210864,
        0.9947867921210864,
        0.9947867921210864,
        0.9947867921210864,
        0.9947867921210864,
        0.9947867921210864,
        0.9947867921210864,
        0.9947867921210864,
        0.9947867921210864,
        0.9947867921210864,
        0.9947867921210864,
        0.9947867921210864,
        0.9947867921210864,
        0.9947867921210864,
        0.9947867921210864,
        0.9947867921210864,
        0.9947867921210864,
        0.9947867921210864,
        0.9947867921210864,
        0.9947867921210864,
        0.9947867921210864,
        0.9947867921210864,
        0.9947867921210864,
        0.9947867921210864,
        0.9947867921210864,
        0.9947867921210864,
        0.9947867921210864,
        0.9947867921210864,
        0.9947867921210864,
        0.9947867921210864,
        0.9947867921210864,
        0.9947867921210864,
        0.9947867921210864,
        0.9947867921210864,
        0.9947867921210864,
        0.9947867921210864,
        0.9947867921210864,
        0.9947867921210864,
        0.9947867921210864,
        0.9947867921210864,
        0.9947867921210864,
        0.9947867921210864,
        0.9947867921210864,
        0.9947867921210864,
        0.9947867921210864,
        0.9947867921210864,
        0.9947867921210864,
        0.9947867921210864,
        0.9947867921210864,
        0.9947867921210864,
        0.9947867921210864,
        0.9947867921210864,
        0.9947867921210864,
        0.9947867921210864,
        0.9947867921210864,
        0.9947867921210864,
        0.9947867921210864,
        0.9947867921210864,
        0.9947867921210864,
        0.9947867921210864,
        0.9947867921210864,
        0.9947867921210864,
        0.9947867921210864,
        0.9947867921210864,
        0.9947867921210864,
        0.9947867921210864,
        0.9947867921210864,
        0.9947867921210864,
        0.9947867921210864,
        0.9947867921210864,
        0.9947867921210864,
        0.9947867921210864,
        0.9947867921210864,
        0.9947867921210864,
        0.9947867921210864,
        0.9947867921210864,
        0.9947867921210864,
        0.9947867921210864,
        0.9947867921210864,
        0.9947867921210864,
        0.9947867921210864,
        0.9947867921210864,
        0.9947867921210864,
        0.9947867921210864
    ],