{
    "dimensions": [
        0,
        0,
        0,
        0,
        0,
        0,
        0,
        0,
        0,
        0,
        0,
        0,
        0,
        0,
        0,
        0,
        0,
        0,
        0,
        0,
        0,
        0,
        0,
        0,
        0,
        0,
        0,
        0,
        0,
        0,
        0,
        0,
        0,
        0,
        0,
        0,
        0,
        0,
        0,
        0,
        0,
        0,
        0,
        0,
        0,
        0,
        0,
        0,
        0,
        0,
        0,
        0,
        0,
        0,
        0,
        0,
        0,
        0,
        0,
        0,
        0,
        0,
        0,
        0,
        0,
        0,
        0,
        0,
        0,
        0,
        0,
        0,
        0,
        0,
        0,
        0,
        0,
        0,
        0,
        0,
        0,
        0,
        0,
        0,
        0,
        0,
        0,
        0,
        0,
        0,
        0,
        0,
        0,
        0,
        0,
        0,
        0,
        0,
        0,
        0,
        0,
        0,
        0,
        0,
        0,
        0,
        0,
        0,
        0,
        0,
        0,
        0,
        0,
        0,
        0,
        0,
        0,
        0,
        0,
        0,
        0,
        0,
        0,
        0,
        0,
        0,
        0,
        0,
        0,
        0,
        0,
        0,
        0,
        0,
        0,
        0,
        0,
        0,
        0,
        0,
        0,
        0,
        0,
        0,
        0,
        0,
        0,
        0,
        0,
        0,
        0,
        0,
        0,
        0,
        0,
        0,
        0,
        0,
        0,
        0,
        0,
        0,
        0,
        0,
        0,
        0,
        0,
        0
    ],
    "creation_values": [
        0.9956312561001922,
        0.9956312561001922,
        0.9956312561001922,
        0.9956312561001922,
        0.9956312561001922,
        0.9956312561001922,
        0.9956312561001922,
        0.9956312561001922,
        0.9956312561001922,
        0.9956312561001922,
        0.9956312561001922,
        0.9956312561001922,
        0.9956312561001922,
        0.9956312561001922,
        0.9956312561001922,
        0.9956312561001922,
        0.9956312561001922,
        0.9956312561001922,
        0.9956312561001922,
        0.9956312561001922,
        0.9956312561001922,
        0.9956312561001922,
        0.9956312561001922,
        0.9956312561001922,
        0.9956312561001922,
        0.9956312561001922,
        0.9956312561001922,
        0.9956312561001922,
        0.9956312561001922,
        0.9956312561001922,
        0.9956312561001922,
        0.9956312561001922,
        0.9956312561001922,
        0.9956312561001922,
        0.9956312561001922,
        0.9956312561001922,
        0.9956312561001922,
        0.9956312561001922,
        0.9956312561001922,
        0.9956312561001922,
        0.9956312561001922,
        0.9956312561001922,
        0.9956312561001922,
        0.9956312561001922,
        0.9956312561001922,
        0.9956312561001922,
        0.9956312561001922,
        0.9956312561001922,
        0.9956312561001922,
        0.9956312561001922,
        0.9956312561001922,
        0.9956312561001922,
        0.9956312561001922,
        0.9956312561001922,
        0.9956312561001922,
        0.9956312561001922,
        0.9956312561001922,
        0.9956312561001922,
        0.9956312561001922,
        0.9956312561001922,
        0.9956312561001922,
        0.9956312561001922,
        0.9956312561001922,
        0.9956312561001922,
        0.9956312561001922,
        0.9956312561001922,
        0.9956312561001922,
        0.9956312561001922,
        0.9956312561001922,
        0.9956312561001922,
        0.9956312561001922,
        0.9956312561001922,
        0.9956312561001922,
        0.9956312561001922,
        0.9956312561001922,
        0.9956312561001922,
        0.9956312561001922,
        0.9956312561001922,
        0.9956312561001922,
        0.9956312561001922,
        0.9956312561001922,
        0.9956312561001922,
        0.9956312561001922,
        0.9956312561001922,
        0.9956312561001922,
        0.9956312561001922,
        0.9956312561001922,
        0.9956312561001922,
        0.9956312561001922,
        0.9956312561001922,
        0.9956312561001922,
        0.9956312561001922,
        0.9956312561001922,
        0.9956312561001922,
        0.9956312561001922,
        0.9956312561001922,
        0.9956312561001922,
        0.9956312561001922,
        0.9956312561001922,
        0.9956312561001922,
        0.9956312561001922,
        0.9956312561001922,
        0.9956312561001922,
        0.9956312561001922,
        0.9956312561001922,
        0.9956312561001922,
        0.9956312561001922,
        0.9956312561001922,
        0.9956312561001922,
        0.9956312561001922,
        0.9956312561001922,
        0.9956312561001922,
        0.9956312561001922,
        0.9956312561001922,
        0.9956312561001922,
        0.9956312561001922,
        0.9956312561001922,
        0.9956312561001922,
        0.9956312561001922,
        0.9956312561001922,
        0.9956312561001922,
        0.9956312561001922,
        0.9956312561001922,
        0.9956312561001922,
        0.9956312561001922,
        0.9956312561001922,
        0.9956312561001922,
        0.9956312561001922,
        0.9956312561001922,
        0.9956312561001922,
        0.9956312561001922,
        0.9956312561001922,
        0.9956312561001922,
        0.9956312561001922,
        0.9956312561001922,
        0.9956312561001922,
        0.9956312561001922,
        0.9956312561001922,
        0.9956312561001922,
        0.9956312561001922,
        0.9956312561001922,
        0.9956312561001922,
        0.9956312561001922,
        0.9956312561001922,
        0.9956312561001922,
        0.9956312561001922,
        0.9956312561001922,
        0.9956312561001922,
        0.9956312561001922,
        0.9956312561001922,
        0.9956312561001922,
        0.9956312561001922,
        0.9956312561001922,
        0.9956312561001922,
        0.9956312561001922,
        0.9956312561001922,
        0.9956312561001922,
        0.9956312561001922,
        0.9956312561001922,
        0.9956312561001922,
        0.9956312561001922,
        0.9956312561001922,
        0.9956312561001922,
        0.9956312561001922,
        0.9956312561001922,
        0.9956312561001922,
        0.9956312561001922,
        0.9956312561001922
    ],