{
    "dimensions": [
        0,
        0,
        0,
        0,
        0,
        0,
        0,
        0,
        0,
        0,
        0,
        0,
        0,
        0,
        0,
        0,
        0,
        0,
        0,
        0,
        0,
        0,
        0,
        0,
        0,
        0,
        0,
        0,
        0,
        0,
        0,
        0,
        0,
        0,
        0,
        0,
        0,
        0,
        0,
        0,
        0,
        0,
        0,
        0,
        0,
        0,
        0,
        0,
        0,
        0,
        0,
        0,
        0,
        0,
        0,
        0,
        0,
        0,
        0,
        0,
        0,
        0,
        0,
        0,
        0,
        0,
        0,
        0,
        0,
        0,
        0,
        0,
        0,
        0,
        0,
        0,
        0,
        0,
        0,
        0,
        0,
        0,
        0,
        0,
        0,
        0,
        0,
        0,
        0,
        0,
        0,
        0,
        0,
        0,
        0,
        0,
        0,
        0,
        0,
        0,
        0,
        0,
        0,
        0,
        0,
        0,
        0,
        0,
        0,
        0,
        0,
        0,
        0,
        0,
        0,
        0,
        0,
        0,
        0,
        0,
        0,
        0,
        0,
        0,
        0,
        0,
        0,
        0,
        0,
        0,
        0,
        0,
        0,
        0,
        0,
        0,
        0,
        0,
        0,
        0,
        0,
        0,
        0,
        0,
        0,
        0,
        0,
        0,
        0,
        0,
        0,
        0,
        0,
        0,
        0,
        0,
        0,
        0,
        0,
        0,
        0,
        0,
        0,
        0,
        0,
        0,
        0,
        0
    ],
    "creation_values": [
        0.9527470531268485,
        0.9527470531268485,
        0.9527470531268485,
        0.9527470531268485,
        0.9527470531268485,
        0.9527470531268485,
        0.9527470531268485,
        0.9527470531268485,
        0.9527470531268485,
        0.9527470531268485,
        0.9527470531268485,
        0.9527470531268485,
        0.9527470531268485,
        0.9527470531268485,
        0.9527470531268485,
        0.9527470531268485,
        0.9527470531268485,
        0.9527470531268485,
        0.9527470531268485,
        0.9527470531268485,
        0.9527470531268485,
        0.9527470531268485,
        0.9527470531268485,
        0.9527470531268485,
        0.9527470531268485,
        0.9527470531268485,
        0.9527470531268485,
        0.9527470531268485,
        0.9527470531268485,
        0.9527470531268485,
        0.9527470531268485,
        0.9527470531268485,
        0.9527470531268485,
        0.9527470531268485,
        0.9527470531268485,
        0.9527470531268485,
        0.9527470531268485,
        0.9527470531268485,
        0.9527470531268485,
        0.9527470531268485,
        0.9527470531268485,
        0.9527470531268485,
        0.9527470531268485,
        0.9527470531268485,
        0.9527470531268485,
        0.9527470531268485,
        0.9527470531268485,
        0.9527470531268485,
        0.9527470531268485,
        0.9527470531268485,
        0.9527470531268485,
        0.9527470531268485,
        0.9527470531268485,
        0.9527470531268485,
        0.9527470531268485,
        0.9527470531268485,
        0.9527470531268485,
        0.9527470531268485,
        0.9527470531268485,
        0.9527470531268485,
        0.9527470531268485,
        0.9527470531268485,
        0.9527470531268485,
        0.9527470531268485,
        0.9527470531268485,
        0.9527470531268485,
        0.9527470531268485,
        0.9527470531268485,
        0.9527470531268485,
        0.9527470531268485,
        0.9527470531268485,
        0.9527470531268485,
        0.9527470531268485,
        0.9527470531268485,
        0.9527470531268485,
        0.9527470531268485,
        0.9527470531268485,
        0.9527470531268485,
        0.9527470531268485,
        0.9527470531268485,
        0.9527470531268485,
        0.9527470531268485,
        0.9527470531268485,
        0.9527470531268485,
        0.9527470531268485,
        0.9527470531268485,
        0.9527470531268485,
        0.9527470531268485,
        0.9527470531268485,
        0.9527470531268485,
        0.9527470531268485,
        0.9527470531268485,
        0.9527470531268485,
        0.9527470531268485,
        0.9527470531268485,
        0.9527470531268485,
        0.9527470531268485,
        0.9527470531268485,
        0.9527470531268485,
        0.9527470531268485,
        0.9527470531268485,
        0.9527470531268485,
        0.9527470531268485,
        0.9527470531268485,
        0.9527470531268485,
        0.9527470531268485,
        0.9527470531268485,
        0.9527470531268485,
        0.9527470531268485,
        0.9527470531268485,
        0.9527470531268485,
        0.9527470531268485,
        0.9527470531268485,
        0.9527470531268485,
        0.9527470531268485,
        0.9527470531268485,
        0.9527470531268485,
        0.9527470531268485,
        0.9527470531268485,
        0.9527470531268485,
        0.9527470531268485,
        0.9527470531268485,
        0.9527470531268485,
        0.9527470531268485,
        0.9527470531268485,
        0.9527470531268485,
        0.9527470531268485,
        0.9527470531268485,
        0.9527470531268485,
        0.9527470531268485,
        0.9527470531268485,
        0.9527470531268485,
        0.9527470531268485,
        0.9527470531268485,
        0.9527470531268485,
        0.9527470531268485,
        0.9527470531268485,
        0.9527470531268485,
        0.9527470531268485,
        0.9527470531268485,
        0.9527470531268485,
        0.9527470531268485,
        0.9527470531268485,
        0.9527470531268485,
        0.9527470531268485,
        0.9527470531268485,
        0.9527470531268485,
        0.9527470531268485,
        0.9527470531268485,
        0.9527470531268485,
        0.9527470531268485,
        0.9527470531268485,
        0.9527470531268485,
        0.9527470531268485,
        0.9527470531268485,
        0.9527470531268485,
        0.9527470531268485,
        0.9527470531268485,
        0.9527470531268485,
        0.9527470531268485,
        0.9527470531268485,
        0.9527470531268485,
        0.9527470531268485,
        0.9527470531268485,
        0.9527470531268485,
        0.9527470531268485,
        0.9527470531268485,
        0.9527470531268485
    ],