{
    "dimensions": [
        0,
        0,
        0,
        0,
        0,
        0,
        0,
        0,
        0,
        0,
        0,
        0,
        0,
        0,
        0,
        0,
        0,
        0,
        0,
        0,
        0,
        0,
        0,
        0,
        0,
        0,
        0,
        0,
        0,
        0,
        0,
        0,
        0,
        0,
        0,
        0,
        0,
        0,
        0,
        0,
        0,
        0,
        0,
        0,
        0,
        0,
        0,
        0,
        0,
        0,
        0,
        0,
        0,
        0,
        0,
        0,
        0,
        0,
        0,
        0,
        0,
        0,
        0,
        0,
        0,
        0,
        0,
        0,
        0,
        0,
        0,
        0,
        0,
        0,
        0,
        0,
        0,
        0,
        0,
        0,
        0,
        0,
        0,
        0,
        0,
        0,
        0,
        0,
        0,
        0,
        0,
        0,
        0,
        0,
        0,
        0,
        0,
        0,
        0,
        0,
        0,
        0,
        0,
        0,
        0,
        0,
        0,
        0,
        0,
        0,
        0,
        0,
        0,
        0,
        0,
        0,
        0,
        0,
        0,
        0,
        0,
        0,
        0,
        0,
        0,
        0,
        0,
        0,
        0,
        0,
        0,
        0,
        0,
        0,
        0,
        0,
        0,
        0,
        0,
        0,
        0,
        0,
        0,
        0,
        0,
        0,
        0,
        0,
        0,
        0,
        0,
        0,
        0,
        0,
        0,
        0,
        0,
        0,
        0,
        0,
        0,
        0,
        0,
        0,
        0,
        0,
        0,
        0
    ],
    "creation_values": [
        0.9824127345809868,
        0.9824127345809868,
        0.9824127345809868,
        0.9824127345809868,
        0.9824127345809868,
        0.9824127345809868,
        0.9824127345809868,
        0.9824127345809868,
        0.9824127345809868,
        0.9824127345809868,
        0.9824127345809868,
        0.9824127345809868,
        0.9824127345809868,
        0.9824127345809868,
        0.9824127345809868,
        0.9824127345809868,
        0.9824127345809868,
        0.9824127345809868,
        0.9824127345809868,
        0.9824127345809868,
        0.9824127345809868,
        0.9824127345809868,
        0.9824127345809868,
        0.9824127345809868,
        0.9824127345809868,
        0.9824127345809868,
        0.9824127345809868,
        0.9824127345809868,
        0.9824127345809868,
        0.9824127345809868,
        0.9824127345809868,
        0.9824127345809868,
        0.9824127345809868,
        0.9824127345809868,
        0.9824127345809868,
        0.9824127345809868,
        0.9824127345809868,
        0.9824127345809868,
        0.9824127345809868,
        0.9824127345809868,
        0.9824127345809868,
        0.9824127345809868,
        0.9824127345809868,
        0.9824127345809868,
        0.9824127345809868,
        0.9824127345809868,
        0.9824127345809868,
        0.9824127345809868,
        0.9824127345809868,
        0.9824127345809868,
        0.9824127345809868,
        0.9824127345809868,
        0.9824127345809868,
        0.9824127345809868,
        0.9824127345809868,
        0.9824127345809868,
        0.9824127345809868,
        0.9824127345809868,
        0.9824127345809868,
        0.9824127345809868,
        0.9824127345809868,
        0.9824127345809868,
        0.9824127345809868,
        0.9824127345809868,
        0.9824127345809868,
        0.9824127345809868,
        0.9824127345809868,
        0.9824127345809868,
        0.9824127345809868,
        0.9824127345809868,
        0.9824127345809868,
        0.9824127345809868,
        0.9824127345809868,
        0.9824127345809868,
        0.9824127345809868,
        0.9824127345809868,
        0.9824127345809868,
        0.9824127345809868,
        0.9824127345809868,
        0.9824127345809868,
        0.9824127345809868,
        0.9824127345809868,
        0.9824127345809868,
        0.9824127345809868,
        0.9824127345809868,
        0.9824127345809868,
        0.9824127345809868,
        0.9824127345809868,
        0.9824127345809868,
        0.9824127345809868,
        0.9824127345809868,
        0.9824127345809868,
        0.9824127345809868,
        0.9824127345809868,
        0.9824127345809868,
        0.9824127345809868,
        0.9824127345809868,
        0.9824127345809868,
        0.9824127345809868,
        0.9824127345809868,
        0.9824127345809868,
        0.9824127345809868,
        0.9824127345809868,
        0.9824127345809868,
        0.9824127345809868,
        0.9824127345809868,
        0.9824127345809868,
        0.9824127345809868,
        0.9824127345809868,
        0.9824127345809868,
        0.9824127345809868,
        0.9824127345809868,
        0.9824127345809868,
        0.9824127345809868,
        0.9824127345809868,
        0.9824127345809868,
        0.9824127345809868,
        0.9824127345809868,
        0.9824127345809868,
        0.9824127345809868,
        0.9824127345809868,
        0.9824127345809868,
        0.9824127345809868,
        0.9824127345809868,
        0.9824127345809868,
        0.9824127345809868,
        0.9824127345809868,
        0.9824127345809868,
        0.9824127345809868,
        0.9824127345809868,
        0.9824127345809868,
        0.9824127345809868,
        0.9824127345809868,
        0.9824127345809868,
        0.9824127345809868,
        0.9824127345809868,
        0.9824127345809868,
        0.9824127345809868,
        0.9824127345809868,
        0.9824127345809868,
        0.9824127345809868,
        0.9824127345809868,
        0.9824127345809868,
        0.9824127345809868,
        0.9824127345809868,
        0.9824127345809868,
        0.9824127345809868,
        0.9824127345809868,
        0.9824127345809868,
        0.9824127345809868,
        0.9824127345809868,
        0.9824127345809868,
        0.9824127345809868,
        0.9824127345809868,
        0.9824127345809868,
        0.9824127345809868,
        0.9824127345809868,
        0.9824127345809868,
        0.9824127345809868,
        0.9824127345809868,
        0.9824127345809868,
        0.9824127345809868,
        0.9824127345809868,
        0.9824127345809868,
        0.9824127345809868,
        0.9824127345809868,
        0.9824127345809868,
        0.9824127345809868
    ],