{
    "dimensions": [
        0,
        0,
        0,
        0,
        0,
        0,
        0,
        0,
        0,
        0,
        0,
        0,
        0,
        0,
        0,
        0,
        0,
        0,
        0,
        0,
        0,
        0,
        0,
        0,
        0,
        0,
        0,
        0,
        0,
        0,
        0,
        0,
        0,
        0,
        0,
        0,
        0,
        0,
        0,
        0,
        0,
        0,
        0,
        0,
        0,
        0,
        0,
        0,
        0,
        0,
        0,
        0,
        0,
        0,
        0,
        0,
        0,
        0,
        0,
        0,
        0,
        0,
        0,
        0,
        0,
        0,
        0,
        0,
        0,
        0,
        0,
        0,
        0,
        0,
        0,
        0,
        0,
        0,
        0,
        0,
        0,
        0,
        0,
        0,
        0,
        0,
        0,
        0,
        0,
        0,
        0,
        0,
        0,
        0,
        0,
        0,
        0,
        0,
        0,
        0,
        0,
        0,
        0,
        0,
        0,
        0,
        0,
        0,
        0,
        0,
        0,
        0,
        0,
        0,
        0,
        0,
        0,
        0,
        0,
        0,
        0,
        0,
        0,
        0,
        0,
        0,
        0,
        0,
        0,
        0,
        0,
        0,
        0,
        0,
        0,
        0,
        0,
        0,
        0,
        0,
        0,
        0,
        0,
        0,
        0,
        0,
        0,
        0,
        0,
        0,
        0,
        0,
        0,
        0,
        0,
        0,
        0,
        0,
        0,
        0,
        0,
        0,
        0,
        0,
        0,
        0,
        0,
        0
    ],
    "creation_values": [
        0.9963372466430486,
        0.9963372466430486,
        0.9963372466430486,
        0.9963372466430486,
        0.9963372466430486,
        0.9963372466430486,
        0.9963372466430486,
        0.9963372466430486,
        0.9963372466430486,
        0.9963372466430486,
        0.9963372466430486,
        0.9963372466430486,
        0.9963372466430486,
        0.9963372466430486,
        0.9963372466430486,
        0.9963372466430486,
        0.9963372466430486,
        0.9963372466430486,
        0.9963372466430486,
        0.9963372466430486,
        0.9963372466430486,
        0.9963372466430486,
        0.9963372466430486,
        0.9963372466430486,
        0.9963372466430486,
        0.9963372466430486,
        0.9963372466430486,
        0.9963372466430486,
        0.9963372466430486,
        0.9963372466430486,
        0.9963372466430486,
        0.9963372466430486,
        0.9963372466430486,
        0.9963372466430486,
        0.9963372466430486,
        0.9963372466430486,
        0.9963372466430486,
        0.9963372466430486,
        0.9963372466430486,
        0.9963372466430486,
        0.9963372466430486,
        0.9963372466430486,
        0.9963372466430486,
        0.9963372466430486,
        0.9963372466430486,
        0.9963372466430486,
        0.9963372466430486,
        0.9963372466430486,
        0.9963372466430486,
        0.9963372466430486,
        0.9963372466430486,
        0.9963372466430486,
        0.9963372466430486,
        0.9963372466430486,
        0.9963372466430486,
        0.9963372466430486,
        0.9963372466430486,
        0.9963372466430486,
        0.9963372466430486,
        0.9963372466430486,
        0.9963372466430486,
        0.9963372466430486,
        0.9963372466430486,
        0.9963372466430486,
        0.9963372466430486,
        0.9963372466430486,
        0.9963372466430486,
        0.9963372466430486,
        0.9963372466430486,
        0.9963372466430486,
        0.9963372466430486,
        0.9963372466430486,
        0.9963372466430486,
        0.9963372466430486,
        0.9963372466430486,
        0.9963372466430486,
        0.9963372466430486,
        0.9963372466430486,
        0.9963372466430486,
        0.9963372466430486,
        0.9963372466430486,
        0.9963372466430486,
        0.9963372466430486,
        0.9963372466430486,
        0.9963372466430486,
        0.9963372466430486,
        0.9963372466430486,
        0.9963372466430486,
        0.9963372466430486,
        0.9963372466430486,
        0.9963372466430486,
        0.9963372466430486,
        0.9963372466430486,
        0.9963372466430486,
        0.9963372466430486,
        0.9963372466430486,
        0.9963372466430486,
        0.9963372466430486,
        0.9963372466430486,
        0.9963372466430486,
        0.9963372466430486,
        0.9963372466430486,
        0.9963372466430486,
        0.9963372466430486,
        0.9963372466430486,
        0.9963372466430486,
        0.9963372466430486,
        0.9963372466430486,
        0.9963372466430486,
        0.9963372466430486,
        0.9963372466430486,
        0.9963372466430486,
        0.9963372466430486,
        0.9963372466430486,
        0.9963372466430486,
        0.9963372466430486,
        0.9963372466430486,
        0.9963372466430486,
        0.9963372466430486,
        0.9963372466430486,
        0.9963372466430486,
        0.9963372466430486,
        0.9963372466430486,
        0.9963372466430486,
        0.9963372466430486,
        0.9963372466430486,
        0.9963372466430486,
        0.9963372466430486,
        0.9963372466430486,
        0.9963372466430486,
        0.9963372466430486,
        0.9963372466430486,
        0.9963372466430486,
        0.9963372466430486,
        0.9963372466430486,
        0.9963372466430486,
        0.9963372466430486,
        0.9963372466430486,
        0.9963372466430486,
        0.9963372466430486,
        0.9963372466430486,
        0.9963372466430486,
        0.9963372466430486,
        0.9963372466430486,
        0.9963372466430486,
        0.9963372466430486,
        0.9963372466430486,
        0.9963372466430486,
        0.9963372466430486,
        0.9963372466430486,
        0.9963372466430486,
        0.9963372466430486,
        0.9963372466430486,
        0.9963372466430486,
        0.9963372466430486,
        0.9963372466430486,
        0.9963372466430486,
        0.9963372466430486,
        0.9963372466430486,
        0.9963372466430486,
        0.9963372466430486,
        0.9963372466430486,
        0.9963372466430486,
        0.9963372466430486,
        0.9963372466430486,
        0.9963372466430486,
        0.9963372466430486,
        0.9963372466430486
    ],