{
    "dimensions": [
        0,
        0,
        0,
        0,
        0,
        0,
        0,
        0,
        0,
        0,
        0,
        0,
        0,
        0,
        0,
        0,
        0,
        0,
        0,
        0,
        0,
        0,
        0,
        0,
        0,
        0,
        0,
        0,
        0,
        0,
        0,
        0,
        0,
        0,
        0,
        0,
        0,
        0,
        0,
        0,
        0,
        0,
        0,
        0,
        0,
        0,
        0,
        0,
        0,
        0,
        0,
        0,
        0,
        0,
        0,
        0,
        0,
        0,
        0,
        0,
        0,
        0,
        0,
        0,
        0,
        0,
        0,
        0,
        0,
        0,
        0,
        0,
        0,
        0,
        0,
        0,
        0,
        0,
        0,
        0,
        0,
        0,
        0,
        0,
        0,
        0,
        0,
        0,
        0,
        0,
        0,
        0,
        0,
        0,
        0,
        0,
        0,
        0,
        0,
        0,
        0,
        0,
        0,
        0,
        0,
        0,
        0,
        0,
        0,
        0,
        0,
        0,
        0,
        0,
        0,
        0,
        0,
        0,
        0,
        0,
        0,
        0,
        0,
        0,
        0,
        0,
        0,
        0,
        0,
        0,
        0,
        0,
        0,
        0,
        0,
        0,
        0,
        0,
        0,
        0,
        0,
        0,
        0,
        0,
        0,
        0,
        0,
        0,
        0,
        0,
        0,
        0,
        0,
        0,
        0,
        0,
        0,
        0,
        0,
        0,
        0,
        0,
        0,
        0,
        0,
        0,
        0,
        0
    ],
    "creation_values": [
        0.9974911335468871,
        0.9974911335468871,
        0.9974911335468871,
        0.9974911335468871,
        0.9974911335468871,
        0.9974911335468871,
        0.9974911335468871,
        0.9974911335468871,
        0.9974911335468871,
        0.9974911335468871,
        0.9974911335468871,
        0.9974911335468871,
        0.9974911335468871,
        0.9974911335468871,
        0.9974911335468871,
        0.9974911335468871,
        0.9974911335468871,
        0.9974911335468871,
        0.9974911335468871,
        0.9974911335468871,
        0.9974911335468871,
        0.9974911335468871,
        0.9974911335468871,
        0.9974911335468871,
        0.9974911335468871,
        0.9974911335468871,
        0.9974911335468871,
        0.9974911335468871,
        0.9974911335468871,
        0.9974911335468871,
        0.9974911335468871,
        0.9974911335468871,
        0.9974911335468871,
        0.9974911335468871,
        0.9974911335468871,
        0.9974911335468871,
        0.9974911335468871,
        0.9974911335468871,
        0.9974911335468871,
        0.9974911335468871,
        0.9974911335468871,
        0.9974911335468871,
        0.9974911335468871,
        0.9974911335468871,
        0.9974911335468871,
        0.9974911335468871,
        0.9974911335468871,
        0.9974911335468871,
        0.9974911335468871,
        0.9974911335468871,
        0.9974911335468871,
        0.9974911335468871,
        0.9974911335468871,
        0.9974911335468871,
        0.9974911335468871,
        0.9974911335468871,
        0.9974911335468871,
        0.9974911335468871,
        0.9974911335468871,
        0.9974911335468871,
        0.9974911335468871,
        0.9974911335468871,
        0.9974911335468871,
        0.9974911335468871,
        0.9974911335468871,
        0.9974911335468871,
        0.9974911335468871,
        0.9974911335468871,
        0.9974911335468871,
        0.9974911335468871,
        0.9974911335468871,
        0.9974911335468871,
        0.9974911335468871,
        0.9974911335468871,
        0.9974911335468871,
        0.9974911335468871,
        0.9974911335468871,
        0.9974911335468871,
        0.9974911335468871,
        0.9974911335468871,
        0.9974911335468871,
        0.9974911335468871,
        0.9974911335468871,
        0.9974911335468871,
        0.9974911335468871,
        0.9974911335468871,
        0.9974911335468871,
        0.9974911335468871,
        0.9974911335468871,
        0.9974911335468871,
        0.9974911335468871,
        0.9974911335468871,
        0.9974911335468871,
        0.9974911335468871,
        0.9974911335468871,
        0.9974911335468871,
        0.9974911335468871,
        0.9974911335468871,
        0.9974911335468871,
        0.9974911335468871,
        0.9974911335468871,
        0.9974911335468871,
        0.9974911335468871,
        0.9974911335468871,
        0.9974911335468871,
        0.9974911335468871,
        0.9974911335468871,
        0.9974911335468871,
        0.9974911335468871,
        0.9974911335468871,
        0.9974911335468871,
        0.9974911335468871,
        0.9974911335468871,
        0.9974911335468871,
        0.9974911335468871,
        0.9974911335468871,
        0.9974911335468871,
        0.9974911335468871,
        0.9974911335468871,
        0.9974911335468871,
        0.9974911335468871,
        0.9974911335468871,
        0.9974911335468871,
        0.9974911335468871,
        0.9974911335468871,
        0.9974911335468871,
        0.9974911335468871,
        0.9974911335468871,
        0.9974911335468871,
        0.9974911335468871,
        0.9974911335468871,
        0.9974911335468871,
        0.9974911335468871,
        0.9974911335468871,
        0.9974911335468871,
        0.9974911335468871,
        0.9974911335468871,
        0.9974911335468871,
        0.9974911335468871,
        0.9974911335468871,
        0.9974911335468871,
        0.9974911335468871,
        0.9974911335468871,
        0.9974911335468871,
        0.9974911335468871,
        0.9974911335468871,
        0.9974911335468871,
        0.9974911335468871,
        0.9974911335468871,
        0.9974911335468871,
        0.9974911335468871,
        0.9974911335468871,
        0.9974911335468871,
        0.9974911335468871,
        0.9974911335468871,
        0.9974911335468871,
        0.9974911335468871,
        0.9974911335468871,
        0.9974911335468871,
        0.9974911335468871,
        0.9974911335468871,
        0.9974911335468871,
        0.9974911335468871,
        0.9974911335468871,
        0.9974911335468871,
        0.9974911335468871,
        0.9974911335468871,
        0.9974911335468871
    ],