{
    "dimensions": [
        0,
        0,
        0,
        0,
        0,
        0,
        0,
        0,
        0,
        0,
        0,
        0,
        0,
        0,
        0,
        0,
        0,
        0,
        0,
        0,
        0,
        0,
        0,
        0,
        0,
        0,
        0,
        0,
        0,
        0,
        0,
        0,
        0,
        0,
        0,
        0,
        0,
        0,
        0,
        0,
        0,
        0,
        0,
        0,
        0,
        0,
        0,
        0,
        0,
        0,
        0,
        0,
        0,
        0,
        0,
        0,
        0,
        0,
        0,
        0,
        0,
        0,
        0,
        0,
        0,
        0,
        0,
        0,
        0,
        0,
        0,
        0,
        0,
        0,
        0,
        0,
        0,
        0,
        0,
        0,
        0,
        0,
        0,
        0,
        0,
        0,
        0,
        0,
        0,
        0,
        0,
        0,
        0,
        0,
        0,
        0,
        0,
        0,
        0,
        0,
        0,
        0,
        0,
        0,
        0,
        0,
        0,
        0,
        0,
        0,
        0,
        0,
        0,
        0,
        0,
        0,
        0,
        0,
        0,
        0,
        0,
        0,
        0,
        0,
        0,
        0,
        0,
        0,
        0,
        0,
        0,
        0,
        0,
        0,
        0,
        0,
        0,
        0,
        0,
        0,
        0,
        0,
        0,
        0,
        0,
        0,
        0,
        0,
        0,
        0,
        0,
        0,
        0,
        0,
        0,
        0,
        0,
        0,
        0,
        0,
        0,
        0,
        0,
        0,
        0,
        0,
        0,
        0
    ],
    "creation_values": [
        0.8454791693732575,
        0.8454791693732575,
        0.8454791693732575,
        0.8454791693732575,
        0.8454791693732575,
        0.8454791693732575,
        0.8454791693732575,
        0.8454791693732575,
        0.8454791693732575,
        0.8454791693732575,
        0.8454791693732575,
        0.8454791693732575,
        0.8454791693732575,
        0.8454791693732575,
        0.8454791693732575,
        0.8454791693732575,
        0.8454791693732575,
        0.8454791693732575,
        0.8454791693732575,
        0.8454791693732575,
        0.8454791693732575,
        0.8454791693732575,
        0.8454791693732575,
        0.8454791693732575,
        0.8454791693732575,
        0.8454791693732575,
        0.8454791693732575,
        0.8454791693732575,
        0.8454791693732575,
        0.8454791693732575,
        0.8454791693732575,
        0.8454791693732575,
        0.8454791693732575,
        0.8454791693732575,
        0.8454791693732575,
        0.8454791693732575,
        0.8454791693732575,
        0.8454791693732575,
        0.8454791693732575,
        0.8454791693732575,
        0.8454791693732575,
        0.8454791693732575,
        0.8454791693732575,
        0.8454791693732575,
        0.8454791693732575,
        0.8454791693732575,
        0.8454791693732575,
        0.8454791693732575,
        0.8454791693732575,
        0.8454791693732575,
        0.8454791693732575,
        0.8454791693732575,
        0.8454791693732575,
        0.8454791693732575,
        0.8454791693732575,
        0.8454791693732575,
        0.8454791693732575,
        0.8454791693732575,
        0.8454791693732575,
        0.8454791693732575,
        0.8454791693732575,
        0.8454791693732575,
        0.8454791693732575,
        0.8454791693732575,
        0.8454791693732575,
        0.8454791693732575,
        0.8454791693732575,
        0.8454791693732575,
        0.8454791693732575,
        0.8454791693732575,
        0.8454791693732575,
        0.8454791693732575,
        0.8454791693732575,
        0.8454791693732575,
        0.8454791693732575,
        0.8454791693732575,
        0.8454791693732575,
        0.8454791693732575,
        0.8454791693732575,
        0.8454791693732575,
        0.8454791693732575,
        0.8454791693732575,
        0.8454791693732575,
        0.8454791693732575,
        0.8454791693732575,
        0.8454791693732575,
        0.8454791693732575,
        0.8454791693732575,
        0.8454791693732575,
        0.8454791693732575,
        0.8454791693732575,
        0.8454791693732575,
        0.8454791693732575,
        0.8454791693732575,
        0.8454791693732575,
        0.8454791693732575,
        0.8454791693732575,
        0.8454791693732575,
        0.8454791693732575,
        0.8454791693732575,
        0.8454791693732575,
        0.8454791693732575,
        0.8454791693732575,
        0.8454791693732575,
        0.8454791693732575,
        0.8454791693732575,
        0.8454791693732575,
        0.8454791693732575,
        0.8454791693732575,
        0.8454791693732575,
        0.8454791693732575,
        0.8454791693732575,
        0.8454791693732575,
        0.8454791693732575,
        0.8454791693732575,
        0.8454791693732575,
        0.8454791693732575,
        0.8454791693732575,
        0.8454791693732575,
        0.8454791693732575,
        0.8454791693732575,
        0.8454791693732575,
        0.8454791693732575,
        0.8454791693732575,
        0.8454791693732575,
        0.8454791693732575,
        0.8454791693732575,
        0.8454791693732575,
        0.8454791693732575,
        0.8454791693732575,
        0.8454791693732575,
        0.8454791693732575,
        0.8454791693732575,
        0.8454791693732575,
        0.8454791693732575,
        0.8454791693732575,
        0.8454791693732575,
        0.8454791693732575,
        0.8454791693732575,
        0.8454791693732575,
        0.8454791693732575,
        0.8454791693732575,
        0.8454791693732575,
        0.8454791693732575,
        0.8454791693732575,
        0.8454791693732575,
        0.8454791693732575,
        0.8454791693732575,
        0.8454791693732575,
        0.8454791693732575,
        0.8454791693732575,
        0.8454791693732575,
        0.8454791693732575,
        0.8454791693732575,
        0.8454791693732575,
        0.8454791693732575,
        0.8454791693732575,
        0.8454791693732575,
        0.8454791693732575,
        0.8454791693732575,
        0.8454791693732575,
        0.8454791693732575,
        0.8454791693732575,
        0.8454791693732575,
        0.8454791693732575,
        0.8454791693732575,
        0.8454791693732575,
        0.8454791693732575
    ],