{
    "dimensions": [
        0,
        0,
        0,
        0,
        0,
        0,
        0,
        0,
        0,
        0,
        0,
        0,
        0,
        0,
        0,
        0,
        0,
        0,
        0,
        0,
        0,
        0,
        0,
        0,
        0,
        0,
        0,
        0,
        0,
        0,
        0,
        0,
        0,
        0,
        0,
        0,
        0,
        0,
        0,
        0,
        0,
        0,
        0,
        0,
        0,
        0,
        0,
        0,
        0,
        0,
        0,
        0,
        0,
        0,
        0,
        0,
        0,
        0,
        0,
        0,
        0,
        0,
        0,
        0,
        0,
        0,
        0,
        0,
        0,
        0,
        0,
        0,
        0,
        0,
        0,
        0,
        0,
        0,
        0,
        0,
        0,
        0,
        0,
        0,
        0,
        0,
        0,
        0,
        0,
        0,
        0,
        0,
        0,
        0,
        0,
        0,
        0,
        0,
        0,
        0,
        0,
        0,
        0,
        0,
        0,
        0,
        0,
        0,
        0,
        0,
        0,
        0,
        0,
        0,
        0,
        0,
        0,
        0,
        0,
        0,
        0,
        0,
        0,
        0,
        0,
        0,
        0,
        0,
        0,
        0,
        0,
        0,
        0,
        0,
        0,
        0,
        0,
        0,
        0,
        0,
        0,
        0,
        0,
        0,
        0,
        0,
        0,
        0,
        0,
        0,
        0,
        0,
        0,
        0,
        0,
        0,
        0,
        0,
        0,
        0,
        0,
        0,
        0,
        0,
        0,
        0,
        0,
        0
    ],
    "creation_values": [
        0.9947900927633817,
        0.9947900927633817,
        0.9947900927633817,
        0.9947900927633817,
        0.9947900927633817,
        0.9947900927633817,
        0.9947900927633817,
        0.9947900927633817,
        0.9947900927633817,
        0.9947900927633817,
        0.9947900927633817,
        0.9947900927633817,
        0.9947900927633817,
        0.9947900927633817,
        0.9947900927633817,
        0.9947900927633817,
        0.9947900927633817,
        0.9947900927633817,
        0.9947900927633817,
        0.9947900927633817,
        0.9947900927633817,
        0.9947900927633817,
        0.9947900927633817,
        0.9947900927633817,
        0.9947900927633817,
        0.9947900927633817,
        0.9947900927633817,
        0.9947900927633817,
        0.9947900927633817,
        0.9947900927633817,
        0.9947900927633817,
        0.9947900927633817,
        0.9947900927633817,
        0.9947900927633817,
        0.9947900927633817,
        0.9947900927633817,
        0.9947900927633817,
        0.9947900927633817,
        0.9947900927633817,
        0.9947900927633817,
        0.9947900927633817,
        0.9947900927633817,
        0.9947900927633817,
        0.9947900927633817,
        0.9947900927633817,
        0.9947900927633817,
        0.9947900927633817,
        0.9947900927633817,
        0.9947900927633817,
        0.9947900927633817,
        0.9947900927633817,
        0.9947900927633817,
        0.9947900927633817,
        0.9947900927633817,
        0.9947900927633817,
        0.9947900927633817,
        0.9947900927633817,
        0.9947900927633817,
        0.9947900927633817,
        0.9947900927633817,
        0.9947900927633817,
        0.9947900927633817,
        0.9947900927633817,
        0.9947900927633817,
        0.9947900927633817,
        0.9947900927633817,
        0.9947900927633817,
        0.9947900927633817,
        0.9947900927633817,
        0.9947900927633817,
        0.9947900927633817,
        0.9947900927633817,
        0.9947900927633817,
        0.9947900927633817,
        0.9947900927633817,
        0.9947900927633817,
        0.9947900927633817,
        0.9947900927633817,
        0.9947900927633817,
        0.9947900927633817,
        0.9947900927633817,
        0.9947900927633817,
        0.9947900927633817,
        0.9947900927633817,
        0.9947900927633817,
        0.9947900927633817,
        0.9947900927633817,
        0.9947900927633817,
        0.9947900927633817,
        0.9947900927633817,
        0.9947900927633817,
        0.9947900927633817,
        0.9947900927633817,
        0.9947900927633817,
        0.9947900927633817,
        0.9947900927633817,
        0.9947900927633817,
        0.9947900927633817,
        0.9947900927633817,
        0.9947900927633817,
        0.9947900927633817,
        0.9947900927633817,
        0.9947900927633817,
        0.9947900927633817,
        0.9947900927633817,
        0.9947900927633817,
        0.9947900927633817,
        0.9947900927633817,
        0.9947900927633817,
        0.9947900927633817,
        0.9947900927633817,
        0.9947900927633817,
        0.9947900927633817,
        0.9947900927633817,
        0.9947900927633817,
        0.9947900927633817,
        0.9947900927633817,
        0.9947900927633817,
        0.9947900927633817,
        0.9947900927633817,
        0.9947900927633817,
        0.9947900927633817,
        0.9947900927633817,
        0.9947900927633817,
        0.9947900927633817,
        0.9947900927633817,
        0.9947900927633817,
        0.9947900927633817,
        0.9947900927633817,
        0.9947900927633817,
        0.9947900927633817,
        0.9947900927633817,
        0.9947900927633817,
        0.9947900927633817,
        0.9947900927633817,
        0.9947900927633817,
        0.9947900927633817,
        0.9947900927633817,
        0.9947900927633817,
        0.9947900927633817,
        0.9947900927633817,
        0.9947900927633817,
        0.9947900927633817,
        0.9947900927633817,
        0.9947900927633817,
        0.9947900927633817,
        0.9947900927633817,
        0.9947900927633817,
        0.9947900927633817,
        0.9947900927633817,
        0.9947900927633817,
        0.9947900927633817,
        0.9947900927633817,
        0.9947900927633817,
        0.9947900927633817,
        0.9947900927633817,
        0.9947900927633817,
        0.9947900927633817,
        0.9947900927633817,
        0.9947900927633817,
        0.9947900927633817,
        0.9947900927633817,
        0.9947900927633817,
        0.9947900927633817,
        0.9947900927633817,
        0.9947900927633817,
        0.9947900927633817,
        0.9947900927633817
    ],