{
    "dimensions": [
        0,
        0,
        0,
        0,
        0,
        0,
        0,
        0,
        0,
        0,
        0,
        0,
        0,
        0,
        0,
        0,
        0,
        0,
        0,
        0,
        0,
        0,
        0,
        0,
        0,
        0,
        0,
        0,
        0,
        0,
        0,
        0,
        0,
        0,
        0,
        0,
        0,
        0,
        0,
        0,
        0,
        0,
        0,
        0,
        0,
        0,
        0,
        0,
        0,
        0,
        0,
        0,
        0,
        0,
        0,
        0,
        0,
        0,
        0,
        0,
        0,
        0,
        0,
        0,
        0,
        0,
        0,
        0,
        0,
        0,
        0,
        0,
        0,
        0,
        0,
        0,
        0,
        0,
        0,
        0,
        0,
        0,
        0,
        0,
        0,
        0,
        0,
        0,
        0,
        0,
        0,
        0,
        0,
        0,
        0,
        0,
        0,
        0,
        0,
        0,
        0,
        0,
        0,
        0,
        0,
        0,
        0,
        0,
        0,
        0,
        0,
        0,
        0,
        0,
        0,
        0,
        0,
        0,
        0,
        0,
        0,
        0,
        0,
        0,
        0,
        0,
        0,
        0,
        0,
        0,
        0,
        0,
        0,
        0,
        0,
        0,
        0,
        0,
        0,
        0,
        0,
        0,
        0,
        0,
        0,
        0,
        0,
        0,
        0,
        0,
        0,
        0,
        0,
        0,
        0,
        0,
        0,
        0,
        0,
        0,
        0,
        0,
        0,
        0,
        0,
        0,
        0,
        0
    ],
    "creation_values": [
        0.9425629314610824,
        0.9425629314610824,
        0.9425629314610824,
        0.9425629314610824,
        0.9425629314610824,
        0.9425629314610824,
        0.9425629314610824,
        0.9425629314610824,
        0.9425629314610824,
        0.9425629314610824,
        0.9425629314610824,
        0.9425629314610824,
        0.9425629314610824,
        0.9425629314610824,
        0.9425629314610824,
        0.9425629314610824,
        0.9425629314610824,
        0.9425629314610824,
        0.9425629314610824,
        0.9425629314610824,
        0.9425629314610824,
        0.9425629314610824,
        0.9425629314610824,
        0.9425629314610824,
        0.9425629314610824,
        0.9425629314610824,
        0.9425629314610824,
        0.9425629314610824,
        0.9425629314610824,
        0.9425629314610824,
        0.9425629314610824,
        0.9425629314610824,
        0.9425629314610824,
        0.9425629314610824,
        0.9425629314610824,
        0.9425629314610824,
        0.9425629314610824,
        0.9425629314610824,
        0.9425629314610824,
        0.9425629314610824,
        0.9425629314610824,
        0.9425629314610824,
        0.9425629314610824,
        0.9425629314610824,
        0.9425629314610824,
        0.9425629314610824,
        0.9425629314610824,
        0.9425629314610824,
        0.9425629314610824,
        0.9425629314610824,
        0.9425629314610824,
        0.9425629314610824,
        0.9425629314610824,
        0.9425629314610824,
        0.9425629314610824,
        0.9425629314610824,
        0.9425629314610824,
        0.9425629314610824,
        0.9425629314610824,
        0.9425629314610824,
        0.9425629314610824,
        0.9425629314610824,
        0.9425629314610824,
        0.9425629314610824,
        0.9425629314610824,
        0.9425629314610824,
        0.9425629314610824,
        0.9425629314610824,
        0.9425629314610824,
        0.9425629314610824,
        0.9425629314610824,
        0.9425629314610824,
        0.9425629314610824,
        0.9425629314610824,
        0.9425629314610824,
        0.9425629314610824,
        0.9425629314610824,
        0.9425629314610824,
        0.9425629314610824,
        0.9425629314610824,
        0.9425629314610824,
        0.9425629314610824,
        0.9425629314610824,
        0.9425629314610824,
        0.9425629314610824,
        0.9425629314610824,
        0.9425629314610824,
        0.9425629314610824,
        0.9425629314610824,
        0.9425629314610824,
        0.9425629314610824,
        0.9425629314610824,
        0.9425629314610824,
        0.9425629314610824,
        0.9425629314610824,
        0.9425629314610824,
        0.9425629314610824,
        0.9425629314610824,
        0.9425629314610824,
        0.9425629314610824,
        0.9425629314610824,
        0.9425629314610824,
        0.9425629314610824,
        0.9425629314610824,
        0.9425629314610824,
        0.9425629314610824,
        0.9425629314610824,
        0.9425629314610824,
        0.9425629314610824,
        0.9425629314610824,
        0.9425629314610824,
        0.9425629314610824,
        0.9425629314610824,
        0.9425629314610824,
        0.9425629314610824,
        0.9425629314610824,
        0.9425629314610824,
        0.9425629314610824,
        0.9425629314610824,
        0.9425629314610824,
        0.9425629314610824,
        0.9425629314610824,
        0.9425629314610824,
        0.9425629314610824,
        0.9425629314610824,
        0.9425629314610824,
        0.9425629314610824,
        0.9425629314610824,
        0.9425629314610824,
        0.9425629314610824,
        0.9425629314610824,
        0.9425629314610824,
        0.9425629314610824,
        0.9425629314610824,
        0.9425629314610824,
        0.9425629314610824,
        0.9425629314610824,
        0.9425629314610824,
        0.9425629314610824,
        0.9425629314610824,
        0.9425629314610824,
        0.9425629314610824,
        0.9425629314610824,
        0.9425629314610824,
        0.9425629314610824,
        0.9425629314610824,
        0.9425629314610824,
        0.9425629314610824,
        0.9425629314610824,
        0.9425629314610824,
        0.9425629314610824,
        0.9425629314610824,
        0.9425629314610824,
        0.9425629314610824,
        0.9425629314610824,
        0.9425629314610824,
        0.9425629314610824,
        0.9425629314610824,
        0.9425629314610824,
        0.9425629314610824,
        0.9425629314610824,
        0.9425629314610824,
        0.9425629314610824,
        0.9425629314610824,
        0.9425629314610824,
        0.9425629314610824,
        0.9425629314610824,
        0.9425629314610824
    ],