{
    "dimensions": [
        0,
        0,
        0,
        0,
        0,
        0,
        0,
        0,
        0,
        0,
        0,
        0,
        0,
        0,
        0,
        0,
        0,
        0,
        0,
        0,
        0,
        0,
        0,
        0,
        0,
        0,
        0,
        0,
        0,
        0,
        0,
        0,
        0,
        0,
        0,
        0,
        0,
        0,
        0,
        0,
        0,
        0,
        0,
        0,
        0,
        0,
        0,
        0,
        0,
        0,
        0,
        0,
        0,
        0,
        0,
        0,
        0,
        0,
        0,
        0,
        0,
        0,
        0,
        0,
        0,
        0,
        0,
        0,
        0,
        0,
        0,
        0,
        0,
        0,
        0,
        0,
        0,
        0,
        0,
        0,
        0,
        0,
        0,
        0,
        0,
        0,
        0,
        0,
        0,
        0,
        0,
        0,
        0,
        0,
        0,
        0,
        0,
        0,
        0,
        0,
        0,
        0,
        0,
        0,
        0,
        0,
        0,
        0,
        0,
        0,
        0,
        0,
        0,
        0,
        0,
        0,
        0,
        0,
        0,
        0,
        0,
        0,
        0,
        0,
        0,
        0,
        0,
        0,
        0,
        0,
        0,
        0,
        0,
        0,
        0,
        0,
        0,
        0,
        0,
        0,
        0,
        0,
        0,
        0,
        0,
        0,
        0,
        0,
        0,
        0,
        0,
        0,
        0,
        0,
        0,
        0,
        0,
        0,
        0,
        0,
        0,
        0,
        0,
        0,
        0,
        0,
        0,
        0
    ],
    "creation_values": [
        0.9647926953489464,
        0.9647926953489464,
        0.9647926953489464,
        0.9647926953489464,
        0.9647926953489464,
        0.9647926953489464,
        0.9647926953489464,
        0.9647926953489464,
        0.9647926953489464,
        0.9647926953489464,
        0.9647926953489464,
        0.9647926953489464,
        0.9647926953489464,
        0.9647926953489464,
        0.9647926953489464,
        0.9647926953489464,
        0.9647926953489464,
        0.9647926953489464,
        0.9647926953489464,
        0.9647926953489464,
        0.9647926953489464,
        0.9647926953489464,
        0.9647926953489464,
        0.9647926953489464,
        0.9647926953489464,
        0.9647926953489464,
        0.9647926953489464,
        0.9647926953489464,
        0.9647926953489464,
        0.9647926953489464,
        0.9647926953489464,
        0.9647926953489464,
        0.9647926953489464,
        0.9647926953489464,
        0.9647926953489464,
        0.9647926953489464,
        0.9647926953489464,
        0.9647926953489464,
        0.9647926953489464,
        0.9647926953489464,
        0.9647926953489464,
        0.9647926953489464,
        0.9647926953489464,
        0.9647926953489464,
        0.9647926953489464,
        0.9647926953489464,
        0.9647926953489464,
        0.9647926953489464,
        0.9647926953489464,
        0.9647926953489464,
        0.9647926953489464,
        0.9647926953489464,
        0.9647926953489464,
        0.9647926953489464,
        0.9647926953489464,
        0.9647926953489464,
        0.9647926953489464,
        0.9647926953489464,
        0.9647926953489464,
        0.9647926953489464,
        0.9647926953489464,
        0.9647926953489464,
        0.9647926953489464,
        0.9647926953489464,
        0.9647926953489464,
        0.9647926953489464,
        0.9647926953489464,
        0.9647926953489464,
        0.9647926953489464,
        0.9647926953489464,
        0.9647926953489464,
        0.9647926953489464,
        0.9647926953489464,
        0.9647926953489464,
        0.9647926953489464,
        0.9647926953489464,
        0.9647926953489464,
        0.9647926953489464,
        0.9647926953489464,
        0.9647926953489464,
        0.9647926953489464,
        0.9647926953489464,
        0.9647926953489464,
        0.9647926953489464,
        0.9647926953489464,
        0.9647926953489464,
        0.9647926953489464,
        0.9647926953489464,
        0.9647926953489464,
        0.9647926953489464,
        0.9647926953489464,
        0.9647926953489464,
        0.9647926953489464,
        0.9647926953489464,
        0.9647926953489464,
        0.9647926953489464,
        0.9647926953489464,
        0.9647926953489464,
        0.9647926953489464,
        0.9647926953489464,
        0.9647926953489464,
        0.9647926953489464,
        0.9647926953489464,
        0.9647926953489464,
        0.9647926953489464,
        0.9647926953489464,
        0.9647926953489464,
        0.9647926953489464,
        0.9647926953489464,
        0.9647926953489464,
        0.9647926953489464,
        0.9647926953489464,
        0.9647926953489464,
        0.9647926953489464,
        0.9647926953489464,
        0.9647926953489464,
        0.9647926953489464,
        0.9647926953489464,
        0.9647926953489464,
        0.9647926953489464,
        0.9647926953489464,
        0.9647926953489464,
        0.9647926953489464,
        0.9647926953489464,
        0.9647926953489464,
        0.9647926953489464,
        0.9647926953489464,
        0.9647926953489464,
        0.9647926953489464,
        0.9647926953489464,
        0.9647926953489464,
        0.9647926953489464,
        0.9647926953489464,
        0.9647926953489464,
        0.9647926953489464,
        0.9647926953489464,
        0.9647926953489464,
        0.9647926953489464,
        0.9647926953489464,
        0.9647926953489464,
        0.9647926953489464,
        0.9647926953489464,
        0.9647926953489464,
        0.9647926953489464,
        0.9647926953489464,
        0.9647926953489464,
        0.9647926953489464,
        0.9647926953489464,
        0.9647926953489464,
        0.9647926953489464,
        0.9647926953489464,
        0.9647926953489464,
        0.9647926953489464,
        0.9647926953489464,
        0.9647926953489464,
        0.9647926953489464,
        0.9647926953489464,
        0.9647926953489464,
        0.9647926953489464,
        0.9647926953489464,
        0.9647926953489464,
        0.9647926953489464,
        0.9647926953489464,
        0.9647926953489464,
        0.9647926953489464,
        0.9647926953489464,
        0.9647926953489464,
        0.9647926953489464
    ],