{
    "dimensions": [
        0,
        0,
        0,
        0,
        0,
        0,
        0,
        0,
        0,
        0,
        0,
        0,
        0,
        0,
        0,
        0,
        0,
        0,
        0,
        0,
        0,
        0,
        0,
        0,
        0,
        0,
        0,
        0,
        0,
        0,
        0,
        0,
        0,
        0,
        0,
        0,
        0,
        0,
        0,
        0,
        0,
        0,
        0,
        0,
        0,
        0,
        0,
        0,
        0,
        0,
        0,
        0,
        0,
        0,
        0,
        0,
        0,
        0,
        0,
        0,
        0,
        0,
        0,
        0,
        0,
        0,
        0,
        0,
        0,
        0,
        0,
        0,
        0,
        0,
        0,
        0,
        0,
        0,
        0,
        0,
        0,
        0,
        0,
        0,
        0,
        0,
        0,
        0,
        0,
        0,
        0,
        0,
        0,
        0,
        0,
        0,
        0,
        0,
        0,
        0,
        0,
        0,
        0,
        0,
        0,
        0,
        0,
        0,
        0,
        0,
        0,
        0,
        0,
        0,
        0,
        0,
        0,
        0,
        0,
        0,
        0,
        0,
        0,
        0,
        0,
        0,
        0,
        0,
        0,
        0,
        0,
        0,
        0,
        0,
        0,
        0,
        0,
        0,
        0,
        0,
        0,
        0,
        0,
        0,
        0,
        0,
        0,
        0,
        0,
        0,
        0,
        0,
        0,
        0,
        0,
        0,
        0,
        0,
        0,
        0,
        0,
        0,
        0,
        0,
        0,
        0,
        0,
        0
    ],
    "creation_values": [
        0.9584059076425959,
        0.9584059076425959,
        0.9584059076425959,
        0.9584059076425959,
        0.9584059076425959,
        0.9584059076425959,
        0.9584059076425959,
        0.9584059076425959,
        0.9584059076425959,
        0.9584059076425959,
        0.9584059076425959,
        0.9584059076425959,
        0.9584059076425959,
        0.9584059076425959,
        0.9584059076425959,
        0.9584059076425959,
        0.9584059076425959,
        0.9584059076425959,
        0.9584059076425959,
        0.9584059076425959,
        0.9584059076425959,
        0.9584059076425959,
        0.9584059076425959,
        0.9584059076425959,
        0.9584059076425959,
        0.9584059076425959,
        0.9584059076425959,
        0.9584059076425959,
        0.9584059076425959,
        0.9584059076425959,
        0.9584059076425959,
        0.9584059076425959,
        0.9584059076425959,
        0.9584059076425959,
        0.9584059076425959,
        0.9584059076425959,
        0.9584059076425959,
        0.9584059076425959,
        0.9584059076425959,
        0.9584059076425959,
        0.9584059076425959,
        0.9584059076425959,
        0.9584059076425959,
        0.9584059076425959,
        0.9584059076425959,
        0.9584059076425959,
        0.9584059076425959,
        0.9584059076425959,
        0.9584059076425959,
        0.9584059076425959,
        0.9584059076425959,
        0.9584059076425959,
        0.9584059076425959,
        0.9584059076425959,
        0.9584059076425959,
        0.9584059076425959,
        0.9584059076425959,
        0.9584059076425959,
        0.9584059076425959,
        0.9584059076425959,
        0.9584059076425959,
        0.9584059076425959,
        0.9584059076425959,
        0.9584059076425959,
        0.9584059076425959,
        0.9584059076425959,
        0.9584059076425959,
        0.9584059076425959,
        0.9584059076425959,
        0.9584059076425959,
        0.9584059076425959,
        0.9584059076425959,
        0.9584059076425959,
        0.9584059076425959,
        0.9584059076425959,
        0.9584059076425959,
        0.9584059076425959,
        0.9584059076425959,
        0.9584059076425959,
        0.9584059076425959,
        0.9584059076425959,
        0.9584059076425959,
        0.9584059076425959,
        0.9584059076425959,
        0.9584059076425959,
        0.9584059076425959,
        0.9584059076425959,
        0.9584059076425959,
        0.9584059076425959,
        0.9584059076425959,
        0.9584059076425959,
        0.9584059076425959,
        0.9584059076425959,
        0.9584059076425959,
        0.9584059076425959,
        0.9584059076425959,
        0.9584059076425959,
        0.9584059076425959,
        0.9584059076425959,
        0.9584059076425959,
        0.9584059076425959,
        0.9584059076425959,
        0.9584059076425959,
        0.9584059076425959,
        0.9584059076425959,
        0.9584059076425959,
        0.9584059076425959,
        0.9584059076425959,
        0.9584059076425959,
        0.9584059076425959,
        0.9584059076425959,
        0.9584059076425959,
        0.9584059076425959,
        0.9584059076425959,
        0.9584059076425959,
        0.9584059076425959,
        0.9584059076425959,
        0.9584059076425959,
        0.9584059076425959,
        0.9584059076425959,
        0.9584059076425959,
        0.9584059076425959,
        0.9584059076425959,
        0.9584059076425959,
        0.9584059076425959,
        0.9584059076425959,
        0.9584059076425959,
        0.9584059076425959,
        0.9584059076425959,
        0.9584059076425959,
        0.9584059076425959,
        0.9584059076425959,
        0.9584059076425959,
        0.9584059076425959,
        0.9584059076425959,
        0.9584059076425959,
        0.9584059076425959,
        0.9584059076425959,
        0.9584059076425959,
        0.9584059076425959,
        0.9584059076425959,
        0.9584059076425959,
        0.9584059076425959,
        0.9584059076425959,
        0.9584059076425959,
        0.9584059076425959,
        0.9584059076425959,
        0.9584059076425959,
        0.9584059076425959,
        0.9584059076425959,
        0.9584059076425959,
        0.9584059076425959,
        0.9584059076425959,
        0.9584059076425959,
        0.9584059076425959,
        0.9584059076425959,
        0.9584059076425959,
        0.9584059076425959,
        0.9584059076425959,
        0.9584059076425959,
        0.9584059076425959,
        0.9584059076425959,
        0.9584059076425959,
        0.9584059076425959,
        0.9584059076425959,
        0.9584059076425959,
        0.9584059076425959,
        0.9584059076425959
    ],