{
    "dimensions": [
        0,
        0,
        0,
        0,
        0,
        0,
        0,
        0,
        0,
        0,
        0,
        0,
        0,
        0,
        0,
        0,
        0,
        0,
        0,
        0,
        0,
        0,
        0,
        0,
        0,
        0,
        0,
        0,
        0,
        0,
        0,
        0,
        0,
        0,
        0,
        0,
        0,
        0,
        0,
        0,
        0,
        0,
        0,
        0,
        0,
        0,
        0,
        0,
        0,
        0,
        0,
        0,
        0,
        0,
        0,
        0,
        0,
        0,
        0,
        0,
        0,
        0,
        0,
        0,
        0,
        0,
        0,
        0,
        0,
        0,
        0,
        0,
        0,
        0,
        0,
        0,
        0,
        0,
        0,
        0,
        0,
        0,
        0,
        0,
        0,
        0,
        0,
        0,
        0,
        0,
        0,
        0,
        0,
        0,
        0,
        0,
        0,
        0,
        0,
        0,
        0,
        0,
        0,
        0,
        0,
        0,
        0,
        0,
        0,
        0,
        0,
        0,
        0,
        0,
        0,
        0,
        0,
        0,
        0,
        0,
        0,
        0,
        0,
        0,
        0,
        0,
        0,
        0,
        0,
        0,
        0,
        0,
        0,
        0,
        0,
        0,
        0,
        0,
        0,
        0,
        0,
        0,
        0,
        0,
        0,
        0,
        0,
        0,
        0,
        0,
        0,
        0,
        0,
        0,
        0,
        0,
        0,
        0,
        0,
        0,
        0,
        0,
        0,
        0,
        0,
        0,
        0,
        0
    ],
    "creation_values": [
        0.981677974386679,
        0.981677974386679,
        0.981677974386679,
        0.981677974386679,
        0.981677974386679,
        0.981677974386679,
        0.981677974386679,
        0.981677974386679,
        0.981677974386679,
        0.981677974386679,
        0.981677974386679,
        0.981677974386679,
        0.981677974386679,
        0.981677974386679,
        0.981677974386679,
        0.981677974386679,
        0.981677974386679,
        0.981677974386679,
        0.981677974386679,
        0.981677974386679,
        0.981677974386679,
        0.981677974386679,
        0.981677974386679,
        0.981677974386679,
        0.981677974386679,
        0.981677974386679,
        0.981677974386679,
        0.981677974386679,
        0.981677974386679,
        0.981677974386679,
        0.981677974386679,
        0.981677974386679,
        0.981677974386679,
        0.981677974386679,
        0.981677974386679,
        0.981677974386679,
        0.981677974386679,
        0.981677974386679,
        0.981677974386679,
        0.981677974386679,
        0.981677974386679,
        0.981677974386679,
        0.981677974386679,
        0.981677974386679,
        0.981677974386679,
        0.981677974386679,
        0.981677974386679,
        0.981677974386679,
        0.981677974386679,
        0.981677974386679,
        0.981677974386679,
        0.981677974386679,
        0.981677974386679,
        0.981677974386679,
        0.981677974386679,
        0.981677974386679,
        0.981677974386679,
        0.981677974386679,
        0.981677974386679,
        0.981677974386679,
        0.981677974386679,
        0.981677974386679,
        0.981677974386679,
        0.981677974386679,
        0.981677974386679,
        0.981677974386679,
        0.981677974386679,
        0.981677974386679,
        0.981677974386679,
        0.981677974386679,
        0.981677974386679,
        0.981677974386679,
        0.981677974386679,
        0.981677974386679,
        0.981677974386679,
        0.981677974386679,
        0.981677974386679,
        0.981677974386679,
        0.981677974386679,
        0.981677974386679,
        0.981677974386679,
        0.981677974386679,
        0.981677974386679,
        0.981677974386679,
        0.981677974386679,
        0.981677974386679,
        0.981677974386679,
        0.981677974386679,
        0.981677974386679,
        0.981677974386679,
        0.981677974386679,
        0.981677974386679,
        0.981677974386679,
        0.981677974386679,
        0.981677974386679,
        0.981677974386679,
        0.981677974386679,
        0.981677974386679,
        0.981677974386679,
        0.981677974386679,
        0.981677974386679,
        0.981677974386679,
        0.981677974386679,
        0.981677974386679,
        0.981677974386679,
        0.981677974386679,
        0.981677974386679,
        0.981677974386679,
        0.981677974386679,
        0.981677974386679,
        0.981677974386679,
        0.981677974386679,
        0.981677974386679,
        0.981677974386679,
        0.981677974386679,
        0.981677974386679,
        0.981677974386679,
        0.981677974386679,
        0.981677974386679,
        0.981677974386679,
        0.981677974386679,
        0.981677974386679,
        0.981677974386679,
        0.981677974386679,
        0.981677974386679,
        0.981677974386679,
        0.981677974386679,
        0.981677974386679,
        0.981677974386679,
        0.981677974386679,
        0.981677974386679,
        0.981677974386679,
        0.981677974386679,
        0.981677974386679,
        0.981677974386679,
        0.981677974386679,
        0.981677974386679,
        0.981677974386679,
        0.981677974386679,
        0.981677974386679,
        0.981677974386679,
        0.981677974386679,
        0.981677974386679,
        0.981677974386679,
        0.981677974386679,
        0.981677974386679,
        0.981677974386679,
        0.981677974386679,
        0.981677974386679,
        0.981677974386679,
        0.981677974386679,
        0.981677974386679,
        0.981677974386679,
        0.981677974386679,
        0.981677974386679,
        0.981677974386679,
        0.981677974386679,
        0.981677974386679,
        0.981677974386679,
        0.981677974386679,
        0.981677974386679,
        0.981677974386679,
        0.981677974386679,
        0.981677974386679,
        0.981677974386679,
        0.981677974386679,
        0.981677974386679,
        0.981677974386679
    ],