{
    "dimensions": [
        0,
        0,
        0,
        0,
        0,
        0,
        0,
        0,
        0,
        0,
        0,
        0,
        0,
        0,
        0,
        0,
        0,
        0,
        0,
        0,
        0,
        0,
        0,
        0,
        0,
        0,
        0,
        0,
        0,
        0,
        0,
        0,
        0,
        0,
        0,
        0,
        0,
        0,
        0,
        0,
        0,
        0,
        0,
        0,
        0,
        0,
        0,
        0,
        0,
        0,
        0,
        0,
        0,
        0,
        0,
        0,
        0,
        0,
        0,
        0,
        0,
        0,
        0,
        0,
        0,
        0,
        0,
        0,
        0,
        0,
        0,
        0,
        0,
        0,
        0,
        0,
        0,
        0,
        0,
        0,
        0,
        0,
        0,
        0,
        0,
        0,
        0,
        0,
        0,
        0,
        0,
        0,
        0,
        0,
        0,
        0,
        0,
        0,
        0,
        0,
        0,
        0,
        0,
        0,
        0,
        0,
        0,
        0,
        0,
        0,
        0,
        0,
        0,
        0,
        0,
        0,
        0,
        0,
        0,
        0,
        0,
        0,
        0,
        0,
        0,
        0,
        0,
        0,
        0,
        0,
        0,
        0,
        0,
        0,
        0,
        0,
        0,
        0,
        0,
        0,
        0,
        0,
        0,
        0,
        0,
        0,
        0,
        0,
        0,
        0,
        0,
        0,
        0,
        0,
        0,
        0,
        0,
        0,
        0,
        0,
        0,
        0,
        0,
        0,
        0,
        0,
        0,
        0
    ],
    "creation_values": [
        0.8359042289561757,
        0.8359042289561757,
        0.8359042289561757,
        0.8359042289561757,
        0.8359042289561757,
        0.8359042289561757,
        0.8359042289561757,
        0.8359042289561757,
        0.8359042289561757,
        0.8359042289561757,
        0.8359042289561757,
        0.8359042289561757,
        0.8359042289561757,
        0.8359042289561757,
        0.8359042289561757,
        0.8359042289561757,
        0.8359042289561757,
        0.8359042289561757,
        0.8359042289561757,
        0.8359042289561757,
        0.8359042289561757,
        0.8359042289561757,
        0.8359042289561757,
        0.8359042289561757,
        0.8359042289561757,
        0.8359042289561757,
        0.8359042289561757,
        0.8359042289561757,
        0.8359042289561757,
        0.8359042289561757,
        0.8359042289561757,
        0.8359042289561757,
        0.8359042289561757,
        0.8359042289561757,
        0.8359042289561757,
        0.8359042289561757,
        0.8359042289561757,
        0.8359042289561757,
        0.8359042289561757,
        0.8359042289561757,
        0.8359042289561757,
        0.8359042289561757,
        0.8359042289561757,
        0.8359042289561757,
        0.8359042289561757,
        0.8359042289561757,
        0.8359042289561757,
        0.8359042289561757,
        0.8359042289561757,
        0.8359042289561757,
        0.8359042289561757,
        0.8359042289561757,
        0.8359042289561757,
        0.8359042289561757,
        0.8359042289561757,
        0.8359042289561757,
        0.8359042289561757,
        0.8359042289561757,
        0.8359042289561757,
        0.8359042289561757,
        0.8359042289561757,
        0.8359042289561757,
        0.8359042289561757,
        0.8359042289561757,
        0.8359042289561757,
        0.8359042289561757,
        0.8359042289561757,
        0.8359042289561757,
        0.8359042289561757,
        0.8359042289561757,
        0.8359042289561757,
        0.8359042289561757,
        0.8359042289561757,
        0.8359042289561757,
        0.8359042289561757,
        0.8359042289561757,
        0.8359042289561757,
        0.8359042289561757,
        0.8359042289561757,
        0.8359042289561757,
        0.8359042289561757,
        0.8359042289561757,
        0.8359042289561757,
        0.8359042289561757,
        0.8359042289561757,
        0.8359042289561757,
        0.8359042289561757,
        0.8359042289561757,
        0.8359042289561757,
        0.8359042289561757,
        0.8359042289561757,
        0.8359042289561757,
        0.8359042289561757,
        0.8359042289561757,
        0.8359042289561757,
        0.8359042289561757,
        0.8359042289561757,
        0.8359042289561757,
        0.8359042289561757,
        0.8359042289561757,
        0.8359042289561757,
        0.8359042289561757,
        0.8359042289561757,
        0.8359042289561757,
        0.8359042289561757,
        0.8359042289561757,
        0.8359042289561757,
        0.8359042289561757,
        0.8359042289561757,
        0.8359042289561757,
        0.8359042289561757,
        0.8359042289561757,
        0.8359042289561757,
        0.8359042289561757,
        0.8359042289561757,
        0.8359042289561757,
        0.8359042289561757,
        0.8359042289561757,
        0.8359042289561757,
        0.8359042289561757,
        0.8359042289561757,
        0.8359042289561757,
        0.8359042289561757,
        0.8359042289561757,
        0.8359042289561757,
        0.8359042289561757,
        0.8359042289561757,
        0.8359042289561757,
        0.8359042289561757,
        0.8359042289561757,
        0.8359042289561757,
        0.8359042289561757,
        0.8359042289561757,
        0.8359042289561757,
        0.8359042289561757,
        0.8359042289561757,
        0.8359042289561757,
        0.8359042289561757,
        0.8359042289561757,
        0.8359042289561757,
        0.8359042289561757,
        0.8359042289561757,
        0.8359042289561757,
        0.8359042289561757,
        0.8359042289561757,
        0.8359042289561757,
        0.8359042289561757,
        0.8359042289561757,
        0.8359042289561757,
        0.8359042289561757,
        0.8359042289561757,
        0.8359042289561757,
        0.8359042289561757,
        0.8359042289561757,
        0.8359042289561757,
        0.8359042289561757,
        0.8359042289561757,
        0.8359042289561757,
        0.8359042289561757,
        0.8359042289561757,
        0.8359042289561757,
        0.8359042289561757,
        0.8359042289561757,
        0.8359042289561757,
        0.8359042289561757,
        0.8359042289561757,
        0.8359042289561757,
        0.8359042289561757
    ],