{
    "dimensions": [
        0,
        0,
        0,
        0,
        0,
        0,
        0,
        0,
        0,
        0,
        0,
        0,
        0,
        0,
        0,
        0,
        0,
        0,
        0,
        0,
        0,
        0,
        0,
        0,
        0,
        0,
        0,
        0,
        0,
        0,
        0,
        0,
        0,
        0,
        0,
        0,
        0,
        0,
        0,
        0,
        0,
        0,
        0,
        0,
        0,
        0,
        0,
        0,
        0,
        0,
        0,
        0,
        0,
        0,
        0,
        0,
        0,
        0,
        0,
        0,
        0,
        0,
        0,
        0,
        0,
        0,
        0,
        0,
        0,
        0,
        0,
        0,
        0,
        0,
        0,
        0,
        0,
        0,
        0,
        0,
        0,
        0,
        0,
        0,
        0,
        0,
        0,
        0,
        0,
        0,
        0,
        0,
        0,
        0,
        0,
        0,
        0,
        0,
        0,
        0,
        0,
        0,
        0,
        0,
        0,
        0,
        0,
        0,
        0,
        0,
        0,
        0,
        0,
        0,
        0,
        0,
        0,
        0,
        0,
        0,
        0,
        0,
        0,
        0,
        0,
        0,
        0,
        0,
        0,
        0,
        0,
        0,
        0,
        0,
        0,
        0,
        0,
        0,
        0,
        0,
        0,
        0,
        0,
        0,
        0,
        0,
        0,
        0,
        0,
        0,
        0,
        0,
        0,
        0,
        0,
        0,
        0,
        0,
        0,
        0,
        0,
        0,
        0,
        0,
        0,
        0,
        0,
        0
    ],
    "creation_values": [
        0.9973633230987742,
        0.9973633230987742,
        0.9973633230987742,
        0.9973633230987742,
        0.9973633230987742,
        0.9973633230987742,
        0.9973633230987742,
        0.9973633230987742,
        0.9973633230987742,
        0.9973633230987742,
        0.9973633230987742,
        0.9973633230987742,
        0.9973633230987742,
        0.9973633230987742,
        0.9973633230987742,
        0.9973633230987742,
        0.9973633230987742,
        0.9973633230987742,
        0.9973633230987742,
        0.9973633230987742,
        0.9973633230987742,
        0.9973633230987742,
        0.9973633230987742,
        0.9973633230987742,
        0.9973633230987742,
        0.9973633230987742,
        0.9973633230987742,
        0.9973633230987742,
        0.9973633230987742,
        0.9973633230987742,
        0.9973633230987742,
        0.9973633230987742,
        0.9973633230987742,
        0.9973633230987742,
        0.9973633230987742,
        0.9973633230987742,
        0.9973633230987742,
        0.9973633230987742,
        0.9973633230987742,
        0.9973633230987742,
        0.9973633230987742,
        0.9973633230987742,
        0.9973633230987742,
        0.9973633230987742,
        0.9973633230987742,
        0.9973633230987742,
        0.9973633230987742,
        0.9973633230987742,
        0.9973633230987742,
        0.9973633230987742,
        0.9973633230987742,
        0.9973633230987742,
        0.9973633230987742,
        0.9973633230987742,
        0.9973633230987742,
        0.9973633230987742,
        0.9973633230987742,
        0.9973633230987742,
        0.9973633230987742,
        0.9973633230987742,
        0.9973633230987742,
        0.9973633230987742,
        0.9973633230987742,
        0.9973633230987742,
        0.9973633230987742,
        0.9973633230987742,
        0.9973633230987742,
        0.9973633230987742,
        0.9973633230987742,
        0.9973633230987742,
        0.9973633230987742,
        0.9973633230987742,
        0.9973633230987742,
        0.9973633230987742,
        0.9973633230987742,
        0.9973633230987742,
        0.9973633230987742,
        0.9973633230987742,
        0.9973633230987742,
        0.9973633230987742,
        0.9973633230987742,
        0.9973633230987742,
        0.9973633230987742,
        0.9973633230987742,
        0.9973633230987742,
        0.9973633230987742,
        0.9973633230987742,
        0.9973633230987742,
        0.9973633230987742,
        0.9973633230987742,
        0.9973633230987742,
        0.9973633230987742,
        0.9973633230987742,
        0.9973633230987742,
        0.9973633230987742,
        0.9973633230987742,
        0.9973633230987742,
        0.9973633230987742,
        0.9973633230987742,
        0.9973633230987742,
        0.9973633230987742,
        0.9973633230987742,
        0.9973633230987742,
        0.9973633230987742,
        0.9973633230987742,
        0.9973633230987742,
        0.9973633230987742,
        0.9973633230987742,
        0.9973633230987742,
        0.9973633230987742,
        0.9973633230987742,
        0.9973633230987742,
        0.9973633230987742,
        0.9973633230987742,
        0.9973633230987742,
        0.9973633230987742,
        0.9973633230987742,
        0.9973633230987742,
        0.9973633230987742,
        0.9973633230987742,
        0.9973633230987742,
        0.9973633230987742,
        0.9973633230987742,
        0.9973633230987742,
        0.9973633230987742,
        0.9973633230987742,
        0.9973633230987742,
        0.9973633230987742,
        0.9973633230987742,
        0.9973633230987742,
        0.9973633230987742,
        0.9973633230987742,
        0.9973633230987742,
        0.9973633230987742,
        0.9973633230987742,
        0.9973633230987742,
        0.9973633230987742,
        0.9973633230987742,
        0.9973633230987742,
        0.9973633230987742,
        0.9973633230987742,
        0.9973633230987742,
        0.9973633230987742,
        0.9973633230987742,
        0.9973633230987742,
        0.9973633230987742,
        0.9973633230987742,
        0.9973633230987742,
        0.9973633230987742,
        0.9973633230987742,
        0.9973633230987742,
        0.9973633230987742,
        0.9973633230987742,
        0.9973633230987742,
        0.9973633230987742,
        0.9973633230987742,
        0.9973633230987742,
        0.9973633230987742,
        0.9973633230987742,
        0.9973633230987742,
        0.9973633230987742,
        0.9973633230987742,
        0.9973633230987742,
        0.9973633230987742,
        0.9973633230987742,
        0.9973633230987742,
        0.9973633230987742,
        0.9973633230987742
    ],