{
    "dimensions": [
        0,
        0,
        0,
        0,
        0,
        0,
        0,
        0,
        0,
        0,
        0,
        0,
        0,
        0,
        0,
        0,
        0,
        0,
        0,
        0,
        0,
        0,
        0,
        0,
        0,
        0,
        0,
        0,
        0,
        0,
        0,
        0,
        0,
        0,
        0,
        0,
        0,
        0,
        0,
        0,
        0,
        0,
        0,
        0,
        0,
        0,
        0,
        0,
        0,
        0,
        0,
        0,
        0,
        0,
        0,
        0,
        0,
        0,
        0,
        0,
        0,
        0,
        0,
        0,
        0,
        0,
        0,
        0,
        0,
        0,
        0,
        0,
        0,
        0,
        0,
        0,
        0,
        0,
        0,
        0,
        0,
        0,
        0,
        0,
        0,
        0,
        0,
        0,
        0,
        0,
        0,
        0,
        0,
        0,
        0,
        0,
        0,
        0,
        0,
        0,
        0,
        0,
        0,
        0,
        0,
        0,
        0,
        0,
        0,
        0,
        0,
        0,
        0,
        0,
        0,
        0,
        0,
        0,
        0,
        0,
        0,
        0,
        0,
        0,
        0,
        0,
        0,
        0,
        0,
        0,
        0,
        0,
        0,
        0,
        0,
        0,
        0,
        0,
        0,
        0,
        0,
        0,
        0,
        0,
        0,
        0,
        0,
        0,
        0,
        0,
        0,
        0,
        0,
        0,
        0,
        0,
        0,
        0,
        0,
        0,
        0,
        0,
        0,
        0,
        0,
        0,
        0,
        0
    ],
    "creation_values": [
        0.7485388906474028,
        0.7485388906474028,
        0.7485388906474028,
        0.7485388906474028,
        0.7485388906474028,
        0.7485388906474028,
        0.7485388906474028,
        0.7485388906474028,
        0.7485388906474028,
        0.7485388906474028,
        0.7485388906474028,
        0.7485388906474028,
        0.7485388906474028,
        0.7485388906474028,
        0.7485388906474028,
        0.7485388906474028,
        0.7485388906474028,
        0.7485388906474028,
        0.7485388906474028,
        0.7485388906474028,
        0.7485388906474028,
        0.7485388906474028,
        0.7485388906474028,
        0.7485388906474028,
        0.7485388906474028,
        0.7485388906474028,
        0.7485388906474028,
        0.7485388906474028,
        0.7485388906474028,
        0.7485388906474028,
        0.7485388906474028,
        0.7485388906474028,
        0.7485388906474028,
        0.7485388906474028,
        0.7485388906474028,
        0.7485388906474028,
        0.7485388906474028,
        0.7485388906474028,
        0.7485388906474028,
        0.7485388906474028,
        0.7485388906474028,
        0.7485388906474028,
        0.7485388906474028,
        0.7485388906474028,
        0.7485388906474028,
        0.7485388906474028,
        0.7485388906474028,
        0.7485388906474028,
        0.7485388906474028,
        0.7485388906474028,
        0.7485388906474028,
        0.7485388906474028,
        0.7485388906474028,
        0.7485388906474028,
        0.7485388906474028,
        0.7485388906474028,
        0.7485388906474028,
        0.7485388906474028,
        0.7485388906474028,
        0.7485388906474028,
        0.7485388906474028,
        0.7485388906474028,
        0.7485388906474028,
        0.7485388906474028,
        0.7485388906474028,
        0.7485388906474028,
        0.7485388906474028,
        0.7485388906474028,
        0.7485388906474028,
        0.7485388906474028,
        0.7485388906474028,
        0.7485388906474028,
        0.7485388906474028,
        0.7485388906474028,
        0.7485388906474028,
        0.7485388906474028,
        0.7485388906474028,
        0.7485388906474028,
        0.7485388906474028,
        0.7485388906474028,
        0.7485388906474028,
        0.7485388906474028,
        0.7485388906474028,
        0.7485388906474028,
        0.7485388906474028,
        0.7485388906474028,
        0.7485388906474028,
        0.7485388906474028,
        0.7485388906474028,
        0.7485388906474028,
        0.7485388906474028,
        0.7485388906474028,
        0.7485388906474028,
        0.7485388906474028,
        0.7485388906474028,
        0.7485388906474028,
        0.7485388906474028,
        0.7485388906474028,
        0.7485388906474028,
        0.7485388906474028,
        0.7485388906474028,
        0.7485388906474028,
        0.7485388906474028,
        0.7485388906474028,
        0.7485388906474028,
        0.7485388906474028,
        0.7485388906474028,
        0.7485388906474028,
        0.7485388906474028,
        0.7485388906474028,
        0.7485388906474028,
        0.7485388906474028,
        0.7485388906474028,
        0.7485388906474028,
        0.7485388906474028,
        0.7485388906474028,
        0.7485388906474028,
        0.7485388906474028,
        0.7485388906474028,
        0.7485388906474028,
        0.7485388906474028,
        0.7485388906474028,
        0.7485388906474028,
        0.7485388906474028,
        0.7485388906474028,
        0.7485388906474028,
        0.7485388906474028,
        0.7485388906474028,
        0.7485388906474028,
        0.7485388906474028,
        0.7485388906474028,
        0.7485388906474028,
        0.7485388906474028,
        0.7485388906474028,
        0.7485388906474028,
        0.7485388906474028,
        0.7485388906474028,
        0.7485388906474028,
        0.7485388906474028,
        0.7485388906474028,
        0.7485388906474028,
        0.7485388906474028,
        0.7485388906474028,
        0.7485388906474028,
        0.7485388906474028,
        0.7485388906474028,
        0.7485388906474028,
        0.7485388906474028,
        0.7485388906474028,
        0.7485388906474028,
        0.7485388906474028,
        0.7485388906474028,
        0.7485388906474028,
        0.7485388906474028,
        0.7485388906474028,
        0.7485388906474028,
        0.7485388906474028,
        0.7485388906474028,
        0.7485388906474028,
        0.7485388906474028,
        0.7485388906474028,
        0.7485388906474028,
        0.7485388906474028,
        0.7485388906474028,
        0.7485388906474028,
        0.7485388906474028,
        0.7485388906474028,
        0.7485388906474028
    ],