{
    "dimensions": [
        0,
        0,
        0,
        0,
        0,
        0,
        0,
        0,
        0,
        0,
        0,
        0,
        0,
        0,
        0,
        0,
        0,
        0,
        0,
        0,
        0,
        0,
        0,
        0,
        0,
        0,
        0,
        0,
        0,
        0,
        0,
        0,
        0,
        0,
        0,
        0,
        0,
        0,
        0,
        0,
        0,
        0,
        0,
        0,
        0,
        0,
        0,
        0,
        0,
        0,
        0,
        0,
        0,
        0,
        0,
        0,
        0,
        0,
        0,
        0,
        0,
        0,
        0,
        0,
        0,
        0,
        0,
        0,
        0,
        0,
        0,
        0,
        0,
        0,
        0,
        0,
        0,
        0,
        0,
        0,
        0,
        0,
        0,
        0,
        0,
        0,
        0,
        0,
        0,
        0,
        0,
        0,
        0,
        0,
        0,
        0,
        0,
        0,
        0,
        0,
        0,
        0,
        0,
        0,
        0,
        0,
        0,
        0,
        0,
        0,
        0,
        0,
        0,
        0,
        0,
        0,
        0,
        0,
        0,
        0,
        0,
        0,
        0,
        0,
        0,
        0,
        0,
        0,
        0,
        0,
        0,
        0,
        0,
        0,
        0,
        0,
        0,
        0,
        0,
        0,
        0,
        0,
        0,
        0,
        0,
        0,
        0,
        0,
        0,
        0,
        0,
        0,
        0,
        0,
        0,
        0,
        0,
        0,
        0,
        0,
        0,
        0,
        0,
        0,
        0,
        0,
        0,
        0
    ],
    "creation_values": [
        0.9926007923806358,
        0.9926007923806358,
        0.9926007923806358,
        0.9926007923806358,
        0.9926007923806358,
        0.9926007923806358,
        0.9926007923806358,
        0.9926007923806358,
        0.9926007923806358,
        0.9926007923806358,
        0.9926007923806358,
        0.9926007923806358,
        0.9926007923806358,
        0.9926007923806358,
        0.9926007923806358,
        0.9926007923806358,
        0.9926007923806358,
        0.9926007923806358,
        0.9926007923806358,
        0.9926007923806358,
        0.9926007923806358,
        0.9926007923806358,
        0.9926007923806358,
        0.9926007923806358,
        0.9926007923806358,
        0.9926007923806358,
        0.9926007923806358,
        0.9926007923806358,
        0.9926007923806358,
        0.9926007923806358,
        0.9926007923806358,
        0.9926007923806358,
        0.9926007923806358,
        0.9926007923806358,
        0.9926007923806358,
        0.9926007923806358,
        0.9926007923806358,
        0.9926007923806358,
        0.9926007923806358,
        0.9926007923806358,
        0.9926007923806358,
        0.9926007923806358,
        0.9926007923806358,
        0.9926007923806358,
        0.9926007923806358,
        0.9926007923806358,
        0.9926007923806358,
        0.9926007923806358,
        0.9926007923806358,
        0.9926007923806358,
        0.9926007923806358,
        0.9926007923806358,
        0.9926007923806358,
        0.9926007923806358,
        0.9926007923806358,
        0.9926007923806358,
        0.9926007923806358,
        0.9926007923806358,
        0.9926007923806358,
        0.9926007923806358,
        0.9926007923806358,
        0.9926007923806358,
        0.9926007923806358,
        0.9926007923806358,
        0.9926007923806358,
        0.9926007923806358,
        0.9926007923806358,
        0.9926007923806358,
        0.9926007923806358,
        0.9926007923806358,
        0.9926007923806358,
        0.9926007923806358,
        0.9926007923806358,
        0.9926007923806358,
        0.9926007923806358,
        0.9926007923806358,
        0.9926007923806358,
        0.9926007923806358,
        0.9926007923806358,
        0.9926007923806358,
        0.9926007923806358,
        0.9926007923806358,
        0.9926007923806358,
        0.9926007923806358,
        0.9926007923806358,
        0.9926007923806358,
        0.9926007923806358,
        0.9926007923806358,
        0.9926007923806358,
        0.9926007923806358,
        0.9926007923806358,
        0.9926007923806358,
        0.9926007923806358,
        0.9926007923806358,
        0.9926007923806358,
        0.9926007923806358,
        0.9926007923806358,
        0.9926007923806358,
        0.9926007923806358,
        0.9926007923806358,
        0.9926007923806358,
        0.9926007923806358,
        0.9926007923806358,
        0.9926007923806358,
        0.9926007923806358,
        0.9926007923806358,
        0.9926007923806358,
        0.9926007923806358,
        0.9926007923806358,
        0.9926007923806358,
        0.9926007923806358,
        0.9926007923806358,
        0.9926007923806358,
        0.9926007923806358,
        0.9926007923806358,
        0.9926007923806358,
        0.9926007923806358,
        0.9926007923806358,
        0.9926007923806358,
        0.9926007923806358,
        0.9926007923806358,
        0.9926007923806358,
        0.9926007923806358,
        0.9926007923806358,
        0.9926007923806358,
        0.9926007923806358,
        0.9926007923806358,
        0.9926007923806358,
        0.9926007923806358,
        0.9926007923806358,
        0.9926007923806358,
        0.9926007923806358,
        0.9926007923806358,
        0.9926007923806358,
        0.9926007923806358,
        0.9926007923806358,
        0.9926007923806358,
        0.9926007923806358,
        0.9926007923806358,
        0.9926007923806358,
        0.9926007923806358,
        0.9926007923806358,
        0.9926007923806358,
        0.9926007923806358,
        0.9926007923806358,
        0.9926007923806358,
        0.9926007923806358,
        0.9926007923806358,
        0.9926007923806358,
        0.9926007923806358,
        0.9926007923806358,
        0.9926007923806358,
        0.9926007923806358,
        0.9926007923806358,
        0.9926007923806358,
        0.9926007923806358,
        0.9926007923806358,
        0.9926007923806358,
        0.9926007923806358,
        0.9926007923806358,
        0.9926007923806358,
        0.9926007923806358,
        0.9926007923806358,
        0.9926007923806358,
        0.9926007923806358,
        0.9926007923806358,
        0.9926007923806358,
        0.9926007923806358
    ],