{
    "dimensions": [
        0,
        0,
        0,
        0,
        0,
        0,
        0,
        0,
        0,
        0,
        0,
        0,
        0,
        0,
        0,
        0,
        0,
        0,
        0,
        0,
        0,
        0,
        0,
        0,
        0,
        0,
        0,
        0,
        0,
        0,
        0,
        0,
        0,
        0,
        0,
        0,
        0,
        0,
        0,
        0,
        0,
        0,
        0,
        0,
        0,
        0,
        0,
        0,
        0,
        0,
        0,
        0,
        0,
        0,
        0,
        0,
        0,
        0,
        0,
        0,
        0,
        0,
        0,
        0,
        0,
        0,
        0,
        0,
        0,
        0,
        0,
        0,
        0,
        0,
        0,
        0,
        0,
        0,
        0,
        0,
        0,
        0,
        0,
        0,
        0,
        0,
        0,
        0,
        0,
        0,
        0,
        0,
        0,
        0,
        0,
        0,
        0,
        0,
        0,
        0,
        0,
        0,
        0,
        0,
        0,
        0,
        0,
        0,
        0,
        0,
        0,
        0,
        0,
        0,
        0,
        0,
        0,
        0,
        0,
        0,
        0,
        0,
        0,
        0,
        0,
        0,
        0,
        0,
        0,
        0,
        0,
        0,
        0,
        0,
        0,
        0,
        0,
        0,
        0,
        0,
        0,
        0,
        0,
        0,
        0,
        0,
        0,
        0,
        0,
        0,
        0,
        0,
        0,
        0,
        0,
        0,
        0,
        0,
        0,
        0,
        0,
        0,
        0,
        0,
        0,
        0,
        0,
        0
    ],
    "creation_values": [
        0.9969973473112632,
        0.9969973473112632,
        0.9969973473112632,
        0.9969973473112632,
        0.9969973473112632,
        0.9969973473112632,
        0.9969973473112632,
        0.9969973473112632,
        0.9969973473112632,
        0.9969973473112632,
        0.9969973473112632,
        0.9969973473112632,
        0.9969973473112632,
        0.9969973473112632,
        0.9969973473112632,
        0.9969973473112632,
        0.9969973473112632,
        0.9969973473112632,
        0.9969973473112632,
        0.9969973473112632,
        0.9969973473112632,
        0.9969973473112632,
        0.9969973473112632,
        0.9969973473112632,
        0.9969973473112632,
        0.9969973473112632,
        0.9969973473112632,
        0.9969973473112632,
        0.9969973473112632,
        0.9969973473112632,
        0.9969973473112632,
        0.9969973473112632,
        0.9969973473112632,
        0.9969973473112632,
        0.9969973473112632,
        0.9969973473112632,
        0.9969973473112632,
        0.9969973473112632,
        0.9969973473112632,
        0.9969973473112632,
        0.9969973473112632,
        0.9969973473112632,
        0.9969973473112632,
        0.9969973473112632,
        0.9969973473112632,
        0.9969973473112632,
        0.9969973473112632,
        0.9969973473112632,
        0.9969973473112632,
        0.9969973473112632,
        0.9969973473112632,
        0.9969973473112632,
        0.9969973473112632,
        0.9969973473112632,
        0.9969973473112632,
        0.9969973473112632,
        0.9969973473112632,
        0.9969973473112632,
        0.9969973473112632,
        0.9969973473112632,
        0.9969973473112632,
        0.9969973473112632,
        0.9969973473112632,
        0.9969973473112632,
        0.9969973473112632,
        0.9969973473112632,
        0.9969973473112632,
        0.9969973473112632,
        0.9969973473112632,
        0.9969973473112632,
        0.9969973473112632,
        0.9969973473112632,
        0.9969973473112632,
        0.9969973473112632,
        0.9969973473112632,
        0.9969973473112632,
        0.9969973473112632,
        0.9969973473112632,
        0.9969973473112632,
        0.9969973473112632,
        0.9969973473112632,
        0.9969973473112632,
        0.9969973473112632,
        0.9969973473112632,
        0.9969973473112632,
        0.9969973473112632,
        0.9969973473112632,
        0.9969973473112632,
        0.9969973473112632,
        0.9969973473112632,
        0.9969973473112632,
        0.9969973473112632,
        0.9969973473112632,
        0.9969973473112632,
        0.9969973473112632,
        0.9969973473112632,
        0.9969973473112632,
        0.9969973473112632,
        0.9969973473112632,
        0.9969973473112632,
        0.9969973473112632,
        0.9969973473112632,
        0.9969973473112632,
        0.9969973473112632,
        0.9969973473112632,
        0.9969973473112632,
        0.9969973473112632,
        0.9969973473112632,
        0.9969973473112632,
        0.9969973473112632,
        0.9969973473112632,
        0.9969973473112632,
        0.9969973473112632,
        0.9969973473112632,
        0.9969973473112632,
        0.9969973473112632,
        0.9969973473112632,
        0.9969973473112632,
        0.9969973473112632,
        0.9969973473112632,
        0.9969973473112632,
        0.9969973473112632,
        0.9969973473112632,
        0.9969973473112632,
        0.9969973473112632,
        0.9969973473112632,
        0.9969973473112632,
        0.9969973473112632,
        0.9969973473112632,
        0.9969973473112632,
        0.9969973473112632,
        0.9969973473112632,
        0.9969973473112632,
        0.9969973473112632,
        0.9969973473112632,
        0.9969973473112632,
        0.9969973473112632,
        0.9969973473112632,
        0.9969973473112632,
        0.9969973473112632,
        0.9969973473112632,
        0.9969973473112632,
        0.9969973473112632,
        0.9969973473112632,
        0.9969973473112632,
        0.9969973473112632,
        0.9969973473112632,
        0.9969973473112632,
        0.9969973473112632,
        0.9969973473112632,
        0.9969973473112632,
        0.9969973473112632,
        0.9969973473112632,
        0.9969973473112632,
        0.9969973473112632,
        0.9969973473112632,
        0.9969973473112632,
        0.9969973473112632,
        0.9969973473112632,
        0.9969973473112632,
        0.9969973473112632,
        0.9969973473112632,
        0.9969973473112632,
        0.9969973473112632,
        0.9969973473112632,
        0.9969973473112632,
        0.9969973473112632,
        0.9969973473112632
    ],