{
    "dimensions": [
        0,
        0,
        0,
        0,
        0,
        0,
        0,
        0,
        0,
        0,
        0,
        0,
        0,
        0,
        0,
        0,
        0,
        0,
        0,
        0,
        0,
        0,
        0,
        0,
        0,
        0,
        0,
        0,
        0,
        0,
        0,
        0,
        0,
        0,
        0,
        0,
        0,
        0,
        0,
        0,
        0,
        0,
        0,
        0,
        0,
        0,
        0,
        0,
        0,
        0,
        0,
        0,
        0,
        0,
        0,
        0,
        0,
        0,
        0,
        0,
        0,
        0,
        0,
        0,
        0,
        0,
        0,
        0,
        0,
        0,
        0,
        0,
        0,
        0,
        0,
        0,
        0,
        0,
        0,
        0,
        0,
        0,
        0,
        0,
        0,
        0,
        0,
        0,
        0,
        0,
        0,
        0,
        0,
        0,
        0,
        0,
        0,
        0,
        0,
        0,
        0,
        0,
        0,
        0,
        0,
        0,
        0,
        0,
        0,
        0,
        0,
        0,
        0,
        0,
        0,
        0,
        0,
        0,
        0,
        0,
        0,
        0,
        0,
        0,
        0,
        0,
        0,
        0,
        0,
        0,
        0,
        0,
        0,
        0,
        0,
        0,
        0,
        0,
        0,
        0,
        0,
        0,
        0,
        0,
        0,
        0,
        0,
        0,
        0,
        0,
        0,
        0,
        0,
        0,
        0,
        0,
        0,
        0,
        0,
        0,
        0,
        0,
        0,
        0,
        0,
        0,
        0,
        0
    ],
    "creation_values": [
        0.9604397575827095,
        0.9604397575827095,
        0.9604397575827095,
        0.9604397575827095,
        0.9604397575827095,
        0.9604397575827095,
        0.9604397575827095,
        0.9604397575827095,
        0.9604397575827095,
        0.9604397575827095,
        0.9604397575827095,
        0.9604397575827095,
        0.9604397575827095,
        0.9604397575827095,
        0.9604397575827095,
        0.9604397575827095,
        0.9604397575827095,
        0.9604397575827095,
        0.9604397575827095,
        0.9604397575827095,
        0.9604397575827095,
        0.9604397575827095,
        0.9604397575827095,
        0.9604397575827095,
        0.9604397575827095,
        0.9604397575827095,
        0.9604397575827095,
        0.9604397575827095,
        0.9604397575827095,
        0.9604397575827095,
        0.9604397575827095,
        0.9604397575827095,
        0.9604397575827095,
        0.9604397575827095,
        0.9604397575827095,
        0.9604397575827095,
        0.9604397575827095,
        0.9604397575827095,
        0.9604397575827095,
        0.9604397575827095,
        0.9604397575827095,
        0.9604397575827095,
        0.9604397575827095,
        0.9604397575827095,
        0.9604397575827095,
        0.9604397575827095,
        0.9604397575827095,
        0.9604397575827095,
        0.9604397575827095,
        0.9604397575827095,
        0.9604397575827095,
        0.9604397575827095,
        0.9604397575827095,
        0.9604397575827095,
        0.9604397575827095,
        0.9604397575827095,
        0.9604397575827095,
        0.9604397575827095,
        0.9604397575827095,
        0.9604397575827095,
        0.9604397575827095,
        0.9604397575827095,
        0.9604397575827095,
        0.9604397575827095,
        0.9604397575827095,
        0.9604397575827095,
        0.9604397575827095,
        0.9604397575827095,
        0.9604397575827095,
        0.9604397575827095,
        0.9604397575827095,
        0.9604397575827095,
        0.9604397575827095,
        0.9604397575827095,
        0.9604397575827095,
        0.9604397575827095,
        0.9604397575827095,
        0.9604397575827095,
        0.9604397575827095,
        0.9604397575827095,
        0.9604397575827095,
        0.9604397575827095,
        0.9604397575827095,
        0.9604397575827095,
        0.9604397575827095,
        0.9604397575827095,
        0.9604397575827095,
        0.9604397575827095,
        0.9604397575827095,
        0.9604397575827095,
        0.9604397575827095,
        0.9604397575827095,
        0.9604397575827095,
        0.9604397575827095,
        0.9604397575827095,
        0.9604397575827095,
        0.9604397575827095,
        0.9604397575827095,
        0.9604397575827095,
        0.9604397575827095,
        0.9604397575827095,
        0.9604397575827095,
        0.9604397575827095,
        0.9604397575827095,
        0.9604397575827095,
        0.9604397575827095,
        0.9604397575827095,
        0.9604397575827095,
        0.9604397575827095,
        0.9604397575827095,
        0.9604397575827095,
        0.9604397575827095,
        0.9604397575827095,
        0.9604397575827095,
        0.9604397575827095,
        0.9604397575827095,
        0.9604397575827095,
        0.9604397575827095,
        0.9604397575827095,
        0.9604397575827095,
        0.9604397575827095,
        0.9604397575827095,
        0.9604397575827095,
        0.9604397575827095,
        0.9604397575827095,
        0.9604397575827095,
        0.9604397575827095,
        0.9604397575827095,
        0.9604397575827095,
        0.9604397575827095,
        0.9604397575827095,
        0.9604397575827095,
        0.9604397575827095,
        0.9604397575827095,
        0.9604397575827095,
        0.9604397575827095,
        0.9604397575827095,
        0.9604397575827095,
        0.9604397575827095,
        0.9604397575827095,
        0.9604397575827095,
        0.9604397575827095,
        0.9604397575827095,
        0.9604397575827095,
        0.9604397575827095,
        0.9604397575827095,
        0.9604397575827095,
        0.9604397575827095,
        0.9604397575827095,
        0.9604397575827095,
        0.9604397575827095,
        0.9604397575827095,
        0.9604397575827095,
        0.9604397575827095,
        0.9604397575827095,
        0.9604397575827095,
        0.9604397575827095,
        0.9604397575827095,
        0.9604397575827095,
        0.9604397575827095,
        0.9604397575827095,
        0.9604397575827095,
        0.9604397575827095,
        0.9604397575827095,
        0.9604397575827095,
        0.9604397575827095,
        0.9604397575827095,
        0.9604397575827095
    ],