{
    "dimensions": [
        0,
        0,
        0,
        0,
        0,
        0,
        0,
        0,
        0,
        0,
        0,
        0,
        0,
        0,
        0,
        0,
        0,
        0,
        0,
        0,
        0,
        0,
        0,
        0,
        0,
        0,
        0,
        0,
        0,
        0,
        0,
        0,
        0,
        0,
        0,
        0,
        0,
        0,
        0,
        0,
        0,
        0,
        0,
        0,
        0,
        0,
        0,
        0,
        0,
        0,
        0,
        0,
        0,
        0,
        0,
        0,
        0,
        0,
        0,
        0,
        0,
        0,
        0,
        0,
        0,
        0,
        0,
        0,
        0,
        0,
        0,
        0,
        0,
        0,
        0,
        0,
        0,
        0,
        0,
        0,
        0,
        0,
        0,
        0,
        0,
        0,
        0,
        0,
        0,
        0,
        0,
        0,
        0,
        0,
        0,
        0,
        0,
        0,
        0,
        0,
        0,
        0,
        0,
        0,
        0,
        0,
        0,
        0,
        0,
        0,
        0,
        0,
        0,
        0,
        0,
        0,
        0,
        0,
        0,
        0,
        0,
        0,
        0,
        0,
        0,
        0,
        0,
        0,
        0,
        0,
        0,
        0,
        0,
        0,
        0,
        0,
        0,
        0,
        0,
        0,
        0,
        0,
        0,
        0,
        0,
        0,
        0,
        0,
        0,
        0,
        0,
        0,
        0,
        0,
        0,
        0,
        0,
        0,
        0,
        0,
        0,
        0,
        0,
        0,
        0,
        0,
        0,
        0
    ],
    "creation_values": [
        0.9877627503466767,
        0.9877627503466767,
        0.9877627503466767,
        0.9877627503466767,
        0.9877627503466767,
        0.9877627503466767,
        0.9877627503466767,
        0.9877627503466767,
        0.9877627503466767,
        0.9877627503466767,
        0.9877627503466767,
        0.9877627503466767,
        0.9877627503466767,
        0.9877627503466767,
        0.9877627503466767,
        0.9877627503466767,
        0.9877627503466767,
        0.9877627503466767,
        0.9877627503466767,
        0.9877627503466767,
        0.9877627503466767,
        0.9877627503466767,
        0.9877627503466767,
        0.9877627503466767,
        0.9877627503466767,
        0.9877627503466767,
        0.9877627503466767,
        0.9877627503466767,
        0.9877627503466767,
        0.9877627503466767,
        0.9877627503466767,
        0.9877627503466767,
        0.9877627503466767,
        0.9877627503466767,
        0.9877627503466767,
        0.9877627503466767,
        0.9877627503466767,
        0.9877627503466767,
        0.9877627503466767,
        0.9877627503466767,
        0.9877627503466767,
        0.9877627503466767,
        0.9877627503466767,
        0.9877627503466767,
        0.9877627503466767,
        0.9877627503466767,
        0.9877627503466767,
        0.9877627503466767,
        0.9877627503466767,
        0.9877627503466767,
        0.9877627503466767,
        0.9877627503466767,
        0.9877627503466767,
        0.9877627503466767,
        0.9877627503466767,
        0.9877627503466767,
        0.9877627503466767,
        0.9877627503466767,
        0.9877627503466767,
        0.9877627503466767,
        0.9877627503466767,
        0.9877627503466767,
        0.9877627503466767,
        0.9877627503466767,
        0.9877627503466767,
        0.9877627503466767,
        0.9877627503466767,
        0.9877627503466767,
        0.9877627503466767,
        0.9877627503466767,
        0.9877627503466767,
        0.9877627503466767,
        0.9877627503466767,
        0.9877627503466767,
        0.9877627503466767,
        0.9877627503466767,
        0.9877627503466767,
        0.9877627503466767,
        0.9877627503466767,
        0.9877627503466767,
        0.9877627503466767,
        0.9877627503466767,
        0.9877627503466767,
        0.9877627503466767,
        0.9877627503466767,
        0.9877627503466767,
        0.9877627503466767,
        0.9877627503466767,
        0.9877627503466767,
        0.9877627503466767,
        0.9877627503466767,
        0.9877627503466767,
        0.9877627503466767,
        0.9877627503466767,
        0.9877627503466767,
        0.9877627503466767,
        0.9877627503466767,
        0.9877627503466767,
        0.9877627503466767,
        0.9877627503466767,
        0.9877627503466767,
        0.9877627503466767,
        0.9877627503466767,
        0.9877627503466767,
        0.9877627503466767,
        0.9877627503466767,
        0.9877627503466767,
        0.9877627503466767,
        0.9877627503466767,
        0.9877627503466767,
        0.9877627503466767,
        0.9877627503466767,
        0.9877627503466767,
        0.9877627503466767,
        0.9877627503466767,
        0.9877627503466767,
        0.9877627503466767,
        0.9877627503466767,
        0.9877627503466767,
        0.9877627503466767,
        0.9877627503466767,
        0.9877627503466767,
        0.9877627503466767,
        0.9877627503466767,
        0.9877627503466767,
        0.9877627503466767,
        0.9877627503466767,
        0.9877627503466767,
        0.9877627503466767,
        0.9877627503466767,
        0.9877627503466767,
        0.9877627503466767,
        0.9877627503466767,
        0.9877627503466767,
        0.9877627503466767,
        0.9877627503466767,
        0.9877627503466767,
        0.9877627503466767,
        0.9877627503466767,
        0.9877627503466767,
        0.9877627503466767,
        0.9877627503466767,
        0.9877627503466767,
        0.9877627503466767,
        0.9877627503466767,
        0.9877627503466767,
        0.9877627503466767,
        0.9877627503466767,
        0.9877627503466767,
        0.9877627503466767,
        0.9877627503466767,
        0.9877627503466767,
        0.9877627503466767,
        0.9877627503466767,
        0.9877627503466767,
        0.9877627503466767,
        0.9877627503466767,
        0.9877627503466767,
        0.9877627503466767,
        0.9877627503466767,
        0.9877627503466767,
        0.9877627503466767,
        0.9877627503466767,
        0.9877627503466767,
        0.9877627503466767,
        0.9877627503466767,
        0.9877627503466767,
        0.9877627503466767
    ],