{
    "dimensions": [
        0,
        0,
        0,
        0,
        0,
        0,
        0,
        0,
        0,
        0,
        0,
        0,
        0,
        0,
        0,
        0,
        0,
        0,
        0,
        0,
        0,
        0,
        0,
        0,
        0,
        0,
        0,
        0,
        0,
        0,
        0,
        0,
        0,
        0,
        0,
        0,
        0,
        0,
        0,
        0,
        0,
        0,
        0,
        0,
        0,
        0,
        0,
        0,
        0,
        0,
        0,
        0,
        0,
        0,
        0,
        0,
        0,
        0,
        0,
        0,
        0,
        0,
        0,
        0,
        0,
        0,
        0,
        0,
        0,
        0,
        0,
        0,
        0,
        0,
        0,
        0,
        0,
        0,
        0,
        0,
        0,
        0,
        0,
        0,
        0,
        0,
        0,
        0,
        0,
        0,
        0,
        0,
        0,
        0,
        0,
        0,
        0,
        0,
        0,
        0,
        0,
        0,
        0,
        0,
        0,
        0,
        0,
        0,
        0,
        0,
        0,
        0,
        0,
        0,
        0,
        0,
        0,
        0,
        0,
        0,
        0,
        0,
        0,
        0,
        0,
        0,
        0,
        0,
        0,
        0,
        0,
        0,
        0,
        0,
        0,
        0,
        0,
        0,
        0,
        0,
        0,
        0,
        0,
        0,
        0,
        0,
        0,
        0,
        0,
        0,
        0,
        0,
        0,
        0,
        0,
        0,
        0,
        0,
        0,
        0,
        0,
        0,
        0,
        0,
        0,
        0,
        0,
        0
    ],
    "creation_values": [
        0.9778076782817414,
        0.9778076782817414,
        0.9778076782817414,
        0.9778076782817414,
        0.9778076782817414,
        0.9778076782817414,
        0.9778076782817414,
        0.9778076782817414,
        0.9778076782817414,
        0.9778076782817414,
        0.9778076782817414,
        0.9778076782817414,
        0.9778076782817414,
        0.9778076782817414,
        0.9778076782817414,
        0.9778076782817414,
        0.9778076782817414,
        0.9778076782817414,
        0.9778076782817414,
        0.9778076782817414,
        0.9778076782817414,
        0.9778076782817414,
        0.9778076782817414,
        0.9778076782817414,
        0.9778076782817414,
        0.9778076782817414,
        0.9778076782817414,
        0.9778076782817414,
        0.9778076782817414,
        0.9778076782817414,
        0.9778076782817414,
        0.9778076782817414,
        0.9778076782817414,
        0.9778076782817414,
        0.9778076782817414,
        0.9778076782817414,
        0.9778076782817414,
        0.9778076782817414,
        0.9778076782817414,
        0.9778076782817414,
        0.9778076782817414,
        0.9778076782817414,
        0.9778076782817414,
        0.9778076782817414,
        0.9778076782817414,
        0.9778076782817414,
        0.9778076782817414,
        0.9778076782817414,
        0.9778076782817414,
        0.9778076782817414,
        0.9778076782817414,
        0.9778076782817414,
        0.9778076782817414,
        0.9778076782817414,
        0.9778076782817414,
        0.9778076782817414,
        0.9778076782817414,
        0.9778076782817414,
        0.9778076782817414,
        0.9778076782817414,
        0.9778076782817414,
        0.9778076782817414,
        0.9778076782817414,
        0.9778076782817414,
        0.9778076782817414,
        0.9778076782817414,
        0.9778076782817414,
        0.9778076782817414,
        0.9778076782817414,
        0.9778076782817414,
        0.9778076782817414,
        0.9778076782817414,
        0.9778076782817414,
        0.9778076782817414,
        0.9778076782817414,
        0.9778076782817414,
        0.9778076782817414,
        0.9778076782817414,
        0.9778076782817414,
        0.9778076782817414,
        0.9778076782817414,
        0.9778076782817414,
        0.9778076782817414,
        0.9778076782817414,
        0.9778076782817414,
        0.9778076782817414,
        0.9778076782817414,
        0.9778076782817414,
        0.9778076782817414,
        0.9778076782817414,
        0.9778076782817414,
        0.9778076782817414,
        0.9778076782817414,
        0.9778076782817414,
        0.9778076782817414,
        0.9778076782817414,
        0.9778076782817414,
        0.9778076782817414,
        0.9778076782817414,
        0.9778076782817414,
        0.9778076782817414,
        0.9778076782817414,
        0.9778076782817414,
        0.9778076782817414,
        0.9778076782817414,
        0.9778076782817414,
        0.9778076782817414,
        0.9778076782817414,
        0.9778076782817414,
        0.9778076782817414,
        0.9778076782817414,
        0.9778076782817414,
        0.9778076782817414,
        0.9778076782817414,
        0.9778076782817414,
        0.9778076782817414,
        0.9778076782817414,
        0.9778076782817414,
        0.9778076782817414,
        0.9778076782817414,
        0.9778076782817414,
        0.9778076782817414,
        0.9778076782817414,
        0.9778076782817414,
        0.9778076782817414,
        0.9778076782817414,
        0.9778076782817414,
        0.9778076782817414,
        0.9778076782817414,
        0.9778076782817414,
        0.9778076782817414,
        0.9778076782817414,
        0.9778076782817414,
        0.9778076782817414,
        0.9778076782817414,
        0.9778076782817414,
        0.9778076782817414,
        0.9778076782817414,
        0.9778076782817414,
        0.9778076782817414,
        0.9778076782817414,
        0.9778076782817414,
        0.9778076782817414,
        0.9778076782817414,
        0.9778076782817414,
        0.9778076782817414,
        0.9778076782817414,
        0.9778076782817414,
        0.9778076782817414,
        0.9778076782817414,
        0.9778076782817414,
        0.9778076782817414,
        0.9778076782817414,
        0.9778076782817414,
        0.9778076782817414,
        0.9778076782817414,
        0.9778076782817414,
        0.9778076782817414,
        0.9778076782817414,
        0.9778076782817414,
        0.9778076782817414,
        0.9778076782817414,
        0.9778076782817414,
        0.9778076782817414,
        0.9778076782817414,
        0.9778076782817414,
        0.9778076782817414,
        0.9778076782817414
    ],