{
    "dimensions": [
        0,
        0,
        0,
        0,
        0,
        0,
        0,
        0,
        0,
        0,
        0,
        0,
        0,
        0,
        0,
        0,
        0,
        0,
        0,
        0,
        0,
        0,
        0,
        0,
        0,
        0,
        0,
        0,
        0,
        0,
        0,
        0,
        0,
        0,
        0,
        0,
        0,
        0,
        0,
        0,
        0,
        0,
        0,
        0,
        0,
        0,
        0,
        0,
        0,
        0,
        0,
        0,
        0,
        0,
        0,
        0,
        0,
        0,
        0,
        0,
        0,
        0,
        0,
        0,
        0,
        0,
        0,
        0,
        0,
        0,
        0,
        0,
        0,
        0,
        0,
        0,
        0,
        0,
        0,
        0,
        0,
        0,
        0,
        0,
        0,
        0,
        0,
        0,
        0,
        0,
        0,
        0,
        0,
        0,
        0,
        0,
        0,
        0,
        0,
        0,
        0,
        0,
        0,
        0,
        0,
        0,
        0,
        0,
        0,
        0,
        0,
        0,
        0,
        0,
        0,
        0,
        0,
        0,
        0,
        0,
        0,
        0,
        0,
        0,
        0,
        0,
        0,
        0,
        0,
        0,
        0,
        0,
        0,
        0,
        0,
        0,
        0,
        0,
        0,
        0,
        0,
        0,
        0,
        0,
        0,
        0,
        0,
        0,
        0,
        0,
        0,
        0,
        0,
        0,
        0,
        0,
        0,
        0,
        0,
        0,
        0,
        0,
        0,
        0,
        0,
        0,
        0,
        0
    ],
    "creation_values": [
        0.9824234657141289,
        0.9824234657141289,
        0.9824234657141289,
        0.9824234657141289,
        0.9824234657141289,
        0.9824234657141289,
        0.9824234657141289,
        0.9824234657141289,
        0.9824234657141289,
        0.9824234657141289,
        0.9824234657141289,
        0.9824234657141289,
        0.9824234657141289,
        0.9824234657141289,
        0.9824234657141289,
        0.9824234657141289,
        0.9824234657141289,
        0.9824234657141289,
        0.9824234657141289,
        0.9824234657141289,
        0.9824234657141289,
        0.9824234657141289,
        0.9824234657141289,
        0.9824234657141289,
        0.9824234657141289,
        0.9824234657141289,
        0.9824234657141289,
        0.9824234657141289,
        0.9824234657141289,
        0.9824234657141289,
        0.9824234657141289,
        0.9824234657141289,
        0.9824234657141289,
        0.9824234657141289,
        0.9824234657141289,
        0.9824234657141289,
        0.9824234657141289,
        0.9824234657141289,
        0.9824234657141289,
        0.9824234657141289,
        0.9824234657141289,
        0.9824234657141289,
        0.9824234657141289,
        0.9824234657141289,
        0.9824234657141289,
        0.9824234657141289,
        0.9824234657141289,
        0.9824234657141289,
        0.9824234657141289,
        0.9824234657141289,
        0.9824234657141289,
        0.9824234657141289,
        0.9824234657141289,
        0.9824234657141289,
        0.9824234657141289,
        0.9824234657141289,
        0.9824234657141289,
        0.9824234657141289,
        0.9824234657141289,
        0.9824234657141289,
        0.9824234657141289,
        0.9824234657141289,
        0.9824234657141289,
        0.9824234657141289,
        0.9824234657141289,
        0.9824234657141289,
        0.9824234657141289,
        0.9824234657141289,
        0.9824234657141289,
        0.9824234657141289,
        0.9824234657141289,
        0.9824234657141289,
        0.9824234657141289,
        0.9824234657141289,
        0.9824234657141289,
        0.9824234657141289,
        0.9824234657141289,
        0.9824234657141289,
        0.9824234657141289,
        0.9824234657141289,
        0.9824234657141289,
        0.9824234657141289,
        0.9824234657141289,
        0.9824234657141289,
        0.9824234657141289,
        0.9824234657141289,
        0.9824234657141289,
        0.9824234657141289,
        0.9824234657141289,
        0.9824234657141289,
        0.9824234657141289,
        0.9824234657141289,
        0.9824234657141289,
        0.9824234657141289,
        0.9824234657141289,
        0.9824234657141289,
        0.9824234657141289,
        0.9824234657141289,
        0.9824234657141289,
        0.9824234657141289,
        0.9824234657141289,
        0.9824234657141289,
        0.9824234657141289,
        0.9824234657141289,
        0.9824234657141289,
        0.9824234657141289,
        0.9824234657141289,
        0.9824234657141289,
        0.9824234657141289,
        0.9824234657141289,
        0.9824234657141289,
        0.9824234657141289,
        0.9824234657141289,
        0.9824234657141289,
        0.9824234657141289,
        0.9824234657141289,
        0.9824234657141289,
        0.9824234657141289,
        0.9824234657141289,
        0.9824234657141289,
        0.9824234657141289,
        0.9824234657141289,
        0.9824234657141289,
        0.9824234657141289,
        0.9824234657141289,
        0.9824234657141289,
        0.9824234657141289,
        0.9824234657141289,
        0.9824234657141289,
        0.9824234657141289,
        0.9824234657141289,
        0.9824234657141289,
        0.9824234657141289,
        0.9824234657141289,
        0.9824234657141289,
        0.9824234657141289,
        0.9824234657141289,
        0.9824234657141289,
        0.9824234657141289,
        0.9824234657141289,
        0.9824234657141289,
        0.9824234657141289,
        0.9824234657141289,
        0.9824234657141289,
        0.9824234657141289,
        0.9824234657141289,
        0.9824234657141289,
        0.9824234657141289,
        0.9824234657141289,
        0.9824234657141289,
        0.9824234657141289,
        0.9824234657141289,
        0.9824234657141289,
        0.9824234657141289,
        0.9824234657141289,
        0.9824234657141289,
        0.9824234657141289,
        0.9824234657141289,
        0.9824234657141289,
        0.9824234657141289,
        0.9824234657141289,
        0.9824234657141289,
        0.9824234657141289,
        0.9824234657141289,
        0.9824234657141289,
        0.9824234657141289,
        0.9824234657141289,
        0.9824234657141289
    ],