{
    "dimensions": [
        0,
        0,
        0,
        0,
        0,
        0,
        0,
        0,
        0,
        0,
        0,
        0,
        0,
        0,
        0,
        0,
        0,
        0,
        0,
        0,
        0,
        0,
        0,
        0,
        0,
        0,
        0,
        0,
        0,
        0,
        0,
        0,
        0,
        0,
        0,
        0,
        0,
        0,
        0,
        0,
        0,
        0,
        0,
        0,
        0,
        0,
        0,
        0,
        0,
        0,
        0,
        0,
        0,
        0,
        0,
        0,
        0,
        0,
        0,
        0,
        0,
        0,
        0,
        0,
        0,
        0,
        0,
        0,
        0,
        0,
        0,
        0,
        0,
        0,
        0,
        0,
        0,
        0,
        0,
        0,
        0,
        0,
        0,
        0,
        0,
        0,
        0,
        0,
        0,
        0,
        0,
        0,
        0,
        0,
        0,
        0,
        0,
        0,
        0,
        0,
        0,
        0,
        0,
        0,
        0,
        0,
        0,
        0,
        0,
        0,
        0,
        0,
        0,
        0,
        0,
        0,
        0,
        0,
        0,
        0,
        0,
        0,
        0,
        0,
        0,
        0,
        0,
        0,
        0,
        0,
        0,
        0,
        0,
        0,
        0,
        0,
        0,
        0,
        0,
        0,
        0,
        0,
        0,
        0,
        0,
        0,
        0,
        0,
        0,
        0,
        0,
        0,
        0,
        0,
        0,
        0,
        0,
        0,
        0,
        0,
        0,
        0,
        0,
        0,
        0,
        0,
        0,
        0
    ],
    "creation_values": [
        0.9274482090998659,
        0.9274482090998659,
        0.9274482090998659,
        0.9274482090998659,
        0.9274482090998659,
        0.9274482090998659,
        0.9274482090998659,
        0.9274482090998659,
        0.9274482090998659,
        0.9274482090998659,
        0.9274482090998659,
        0.9274482090998659,
        0.9274482090998659,
        0.9274482090998659,
        0.9274482090998659,
        0.9274482090998659,
        0.9274482090998659,
        0.9274482090998659,
        0.9274482090998659,
        0.9274482090998659,
        0.9274482090998659,
        0.9274482090998659,
        0.9274482090998659,
        0.9274482090998659,
        0.9274482090998659,
        0.9274482090998659,
        0.9274482090998659,
        0.9274482090998659,
        0.9274482090998659,
        0.9274482090998659,
        0.9274482090998659,
        0.9274482090998659,
        0.9274482090998659,
        0.9274482090998659,
        0.9274482090998659,
        0.9274482090998659,
        0.9274482090998659,
        0.9274482090998659,
        0.9274482090998659,
        0.9274482090998659,
        0.9274482090998659,
        0.9274482090998659,
        0.9274482090998659,
        0.9274482090998659,
        0.9274482090998659,
        0.9274482090998659,
        0.9274482090998659,
        0.9274482090998659,
        0.9274482090998659,
        0.9274482090998659,
        0.9274482090998659,
        0.9274482090998659,
        0.9274482090998659,
        0.9274482090998659,
        0.9274482090998659,
        0.9274482090998659,
        0.9274482090998659,
        0.9274482090998659,
        0.9274482090998659,
        0.9274482090998659,
        0.9274482090998659,
        0.9274482090998659,
        0.9274482090998659,
        0.9274482090998659,
        0.9274482090998659,
        0.9274482090998659,
        0.9274482090998659,
        0.9274482090998659,
        0.9274482090998659,
        0.9274482090998659,
        0.9274482090998659,
        0.9274482090998659,
        0.9274482090998659,
        0.9274482090998659,
        0.9274482090998659,
        0.9274482090998659,
        0.9274482090998659,
        0.9274482090998659,
        0.9274482090998659,
        0.9274482090998659,
        0.9274482090998659,
        0.9274482090998659,
        0.9274482090998659,
        0.9274482090998659,
        0.9274482090998659,
        0.9274482090998659,
        0.9274482090998659,
        0.9274482090998659,
        0.9274482090998659,
        0.9274482090998659,
        0.9274482090998659,
        0.9274482090998659,
        0.9274482090998659,
        0.9274482090998659,
        0.9274482090998659,
        0.9274482090998659,
        0.9274482090998659,
        0.9274482090998659,
        0.9274482090998659,
        0.9274482090998659,
        0.9274482090998659,
        0.9274482090998659,
        0.9274482090998659,
        0.9274482090998659,
        0.9274482090998659,
        0.9274482090998659,
        0.9274482090998659,
        0.9274482090998659,
        0.9274482090998659,
        0.9274482090998659,
        0.9274482090998659,
        0.9274482090998659,
        0.9274482090998659,
        0.9274482090998659,
        0.9274482090998659,
        0.9274482090998659,
        0.9274482090998659,
        0.9274482090998659,
        0.9274482090998659,
        0.9274482090998659,
        0.9274482090998659,
        0.9274482090998659,
        0.9274482090998659,
        0.9274482090998659,
        0.9274482090998659,
        0.9274482090998659,
        0.9274482090998659,
        0.9274482090998659,
        0.9274482090998659,
        0.9274482090998659,
        0.9274482090998659,
        0.9274482090998659,
        0.9274482090998659,
        0.9274482090998659,
        0.9274482090998659,
        0.9274482090998659,
        0.9274482090998659,
        0.9274482090998659,
        0.9274482090998659,
        0.9274482090998659,
        0.9274482090998659,
        0.9274482090998659,
        0.9274482090998659,
        0.9274482090998659,
        0.9274482090998659,
        0.9274482090998659,
        0.9274482090998659,
        0.9274482090998659,
        0.9274482090998659,
        0.9274482090998659,
        0.9274482090998659,
        0.9274482090998659,
        0.9274482090998659,
        0.9274482090998659,
        0.9274482090998659,
        0.9274482090998659,
        0.9274482090998659,
        0.9274482090998659,
        0.9274482090998659,
        0.9274482090998659,
        0.9274482090998659,
        0.9274482090998659,
        0.9274482090998659,
        0.9274482090998659,
        0.9274482090998659,
        0.9274482090998659,
        0.9274482090998659,
        0.9274482090998659
    ],