{
    "dimensions": [
        0,
        0,
        0,
        0,
        0,
        0,
        0,
        0,
        0,
        0,
        0,
        0,
        0,
        0,
        0,
        0,
        0,
        0,
        0,
        0,
        0,
        0,
        0,
        0,
        0,
        0,
        0,
        0,
        0,
        0,
        0,
        0,
        0,
        0,
        0,
        0,
        0,
        0,
        0,
        0,
        0,
        0,
        0,
        0,
        0,
        0,
        0,
        0,
        0,
        0,
        0,
        0,
        0,
        0,
        0,
        0,
        0,
        0,
        0,
        0,
        0,
        0,
        0,
        0,
        0,
        0,
        0,
        0,
        0,
        0,
        0,
        0,
        0,
        0,
        0,
        0,
        0,
        0,
        0,
        0,
        0,
        0,
        0,
        0,
        0,
        0,
        0,
        0,
        0,
        0,
        0,
        0,
        0,
        0,
        0,
        0,
        0,
        0,
        0,
        0,
        0,
        0,
        0,
        0,
        0,
        0,
        0,
        0,
        0,
        0,
        0,
        0,
        0,
        0,
        0,
        0,
        0,
        0,
        0,
        0,
        0,
        0,
        0,
        0,
        0,
        0,
        0,
        0,
        0,
        0,
        0,
        0,
        0,
        0,
        0,
        0,
        0,
        0,
        0,
        0,
        0,
        0,
        0,
        0,
        0,
        0,
        0,
        0,
        0,
        0,
        0,
        0,
        0,
        0,
        0,
        0,
        0,
        0,
        0,
        0,
        0,
        0,
        0,
        0,
        0,
        0,
        0,
        0
    ],
    "creation_values": [
        0.9702910775284422,
        0.9702910775284422,
        0.9702910775284422,
        0.9702910775284422,
        0.9702910775284422,
        0.9702910775284422,
        0.9702910775284422,
        0.9702910775284422,
        0.9702910775284422,
        0.9702910775284422,
        0.9702910775284422,
        0.9702910775284422,
        0.9702910775284422,
        0.9702910775284422,
        0.9702910775284422,
        0.9702910775284422,
        0.9702910775284422,
        0.9702910775284422,
        0.9702910775284422,
        0.9702910775284422,
        0.9702910775284422,
        0.9702910775284422,
        0.9702910775284422,
        0.9702910775284422,
        0.9702910775284422,
        0.9702910775284422,
        0.9702910775284422,
        0.9702910775284422,
        0.9702910775284422,
        0.9702910775284422,
        0.9702910775284422,
        0.9702910775284422,
        0.9702910775284422,
        0.9702910775284422,
        0.9702910775284422,
        0.9702910775284422,
        0.9702910775284422,
        0.9702910775284422,
        0.9702910775284422,
        0.9702910775284422,
        0.9702910775284422,
        0.9702910775284422,
        0.9702910775284422,
        0.9702910775284422,
        0.9702910775284422,
        0.9702910775284422,
        0.9702910775284422,
        0.9702910775284422,
        0.9702910775284422,
        0.9702910775284422,
        0.9702910775284422,
        0.9702910775284422,
        0.9702910775284422,
        0.9702910775284422,
        0.9702910775284422,
        0.9702910775284422,
        0.9702910775284422,
        0.9702910775284422,
        0.9702910775284422,
        0.9702910775284422,
        0.9702910775284422,
        0.9702910775284422,
        0.9702910775284422,
        0.9702910775284422,
        0.9702910775284422,
        0.9702910775284422,
        0.9702910775284422,
        0.9702910775284422,
        0.9702910775284422,
        0.9702910775284422,
        0.9702910775284422,
        0.9702910775284422,
        0.9702910775284422,
        0.9702910775284422,
        0.9702910775284422,
        0.9702910775284422,
        0.9702910775284422,
        0.9702910775284422,
        0.9702910775284422,
        0.9702910775284422,
        0.9702910775284422,
        0.9702910775284422,
        0.9702910775284422,
        0.9702910775284422,
        0.9702910775284422,
        0.9702910775284422,
        0.9702910775284422,
        0.9702910775284422,
        0.9702910775284422,
        0.9702910775284422,
        0.9702910775284422,
        0.9702910775284422,
        0.9702910775284422,
        0.9702910775284422,
        0.9702910775284422,
        0.9702910775284422,
        0.9702910775284422,
        0.9702910775284422,
        0.9702910775284422,
        0.9702910775284422,
        0.9702910775284422,
        0.9702910775284422,
        0.9702910775284422,
        0.9702910775284422,
        0.9702910775284422,
        0.9702910775284422,
        0.9702910775284422,
        0.9702910775284422,
        0.9702910775284422,
        0.9702910775284422,
        0.9702910775284422,
        0.9702910775284422,
        0.9702910775284422,
        0.9702910775284422,
        0.9702910775284422,
        0.9702910775284422,
        0.9702910775284422,
        0.9702910775284422,
        0.9702910775284422,
        0.9702910775284422,
        0.9702910775284422,
        0.9702910775284422,
        0.9702910775284422,
        0.9702910775284422,
        0.9702910775284422,
        0.9702910775284422,
        0.9702910775284422,
        0.9702910775284422,
        0.9702910775284422,
        0.9702910775284422,
        0.9702910775284422,
        0.9702910775284422,
        0.9702910775284422,
        0.9702910775284422,
        0.9702910775284422,
        0.9702910775284422,
        0.9702910775284422,
        0.9702910775284422,
        0.9702910775284422,
        0.9702910775284422,
        0.9702910775284422,
        0.9702910775284422,
        0.9702910775284422,
        0.9702910775284422,
        0.9702910775284422,
        0.9702910775284422,
        0.9702910775284422,
        0.9702910775284422,
        0.9702910775284422,
        0.9702910775284422,
        0.9702910775284422,
        0.9702910775284422,
        0.9702910775284422,
        0.9702910775284422,
        0.9702910775284422,
        0.9702910775284422,
        0.9702910775284422,
        0.9702910775284422,
        0.9702910775284422,
        0.9702910775284422,
        0.9702910775284422,
        0.9702910775284422,
        0.9702910775284422,
        0.9702910775284422,
        0.9702910775284422,
        0.9702910775284422,
        0.9702910775284422,
        0.9702910775284422
    ],