{
    "dimensions": [
        0,
        0,
        0,
        0,
        0,
        0,
        0,
        0,
        0,
        0,
        0,
        0,
        0,
        0,
        0,
        0,
        0,
        0,
        0,
        0,
        0,
        0,
        0,
        0,
        0,
        0,
        0,
        0,
        0,
        0,
        0,
        0,
        0,
        0,
        0,
        0,
        0,
        0,
        0,
        0,
        0,
        0,
        0,
        0,
        0,
        0,
        0,
        0,
        0,
        0,
        0,
        0,
        0,
        0,
        0,
        0,
        0,
        0,
        0,
        0,
        0,
        0,
        0,
        0,
        0,
        0,
        0,
        0,
        0,
        0,
        0,
        0,
        0,
        0,
        0,
        0,
        0,
        0,
        0,
        0,
        0,
        0,
        0,
        0,
        0,
        0,
        0,
        0,
        0,
        0,
        0,
        0,
        0,
        0,
        0,
        0,
        0,
        0,
        0,
        0,
        0,
        0,
        0,
        0,
        0,
        0,
        0,
        0,
        0,
        0,
        0,
        0,
        0,
        0,
        0,
        0,
        0,
        0,
        0,
        0,
        0,
        0,
        0,
        0,
        0,
        0,
        0,
        0,
        0,
        0,
        0,
        0,
        0,
        0,
        0,
        0,
        0,
        0,
        0,
        0,
        0,
        0,
        0,
        0,
        0,
        0,
        0,
        0,
        0,
        0,
        0,
        0,
        0,
        0,
        0,
        0,
        0,
        0,
        0,
        0,
        0,
        0,
        0,
        0,
        0,
        0,
        0,
        0
    ],
    "creation_values": [
        0.9684793566213402,
        0.9684793566213402,
        0.9684793566213402,
        0.9684793566213402,
        0.9684793566213402,
        0.9684793566213402,
        0.9684793566213402,
        0.9684793566213402,
        0.9684793566213402,
        0.9684793566213402,
        0.9684793566213402,
        0.9684793566213402,
        0.9684793566213402,
        0.9684793566213402,
        0.9684793566213402,
        0.9684793566213402,
        0.9684793566213402,
        0.9684793566213402,
        0.9684793566213402,
        0.9684793566213402,
        0.9684793566213402,
        0.9684793566213402,
        0.9684793566213402,
        0.9684793566213402,
        0.9684793566213402,
        0.9684793566213402,
        0.9684793566213402,
        0.9684793566213402,
        0.9684793566213402,
        0.9684793566213402,
        0.9684793566213402,
        0.9684793566213402,
        0.9684793566213402,
        0.9684793566213402,
        0.9684793566213402,
        0.9684793566213402,
        0.9684793566213402,
        0.9684793566213402,
        0.9684793566213402,
        0.9684793566213402,
        0.9684793566213402,
        0.9684793566213402,
        0.9684793566213402,
        0.9684793566213402,
        0.9684793566213402,
        0.9684793566213402,
        0.9684793566213402,
        0.9684793566213402,
        0.9684793566213402,
        0.9684793566213402,
        0.9684793566213402,
        0.9684793566213402,
        0.9684793566213402,
        0.9684793566213402,
        0.9684793566213402,
        0.9684793566213402,
        0.9684793566213402,
        0.9684793566213402,
        0.9684793566213402,
        0.9684793566213402,
        0.9684793566213402,
        0.9684793566213402,
        0.9684793566213402,
        0.9684793566213402,
        0.9684793566213402,
        0.9684793566213402,
        0.9684793566213402,
        0.9684793566213402,
        0.9684793566213402,
        0.9684793566213402,
        0.9684793566213402,
        0.9684793566213402,
        0.9684793566213402,
        0.9684793566213402,
        0.9684793566213402,
        0.9684793566213402,
        0.9684793566213402,
        0.9684793566213402,
        0.9684793566213402,
        0.9684793566213402,
        0.9684793566213402,
        0.9684793566213402,
        0.9684793566213402,
        0.9684793566213402,
        0.9684793566213402,
        0.9684793566213402,
        0.9684793566213402,
        0.9684793566213402,
        0.9684793566213402,
        0.9684793566213402,
        0.9684793566213402,
        0.9684793566213402,
        0.9684793566213402,
        0.9684793566213402,
        0.9684793566213402,
        0.9684793566213402,
        0.9684793566213402,
        0.9684793566213402,
        0.9684793566213402,
        0.9684793566213402,
        0.9684793566213402,
        0.9684793566213402,
        0.9684793566213402,
        0.9684793566213402,
        0.9684793566213402,
        0.9684793566213402,
        0.9684793566213402,
        0.9684793566213402,
        0.9684793566213402,
        0.9684793566213402,
        0.9684793566213402,
        0.9684793566213402,
        0.9684793566213402,
        0.9684793566213402,
        0.9684793566213402,
        0.9684793566213402,
        0.9684793566213402,
        0.9684793566213402,
        0.9684793566213402,
        0.9684793566213402,
        0.9684793566213402,
        0.9684793566213402,
        0.9684793566213402,
        0.9684793566213402,
        0.9684793566213402,
        0.9684793566213402,
        0.9684793566213402,
        0.9684793566213402,
        0.9684793566213402,
        0.9684793566213402,
        0.9684793566213402,
        0.9684793566213402,
        0.9684793566213402,
        0.9684793566213402,
        0.9684793566213402,
        0.9684793566213402,
        0.9684793566213402,
        0.9684793566213402,
        0.9684793566213402,
        0.9684793566213402,
        0.9684793566213402,
        0.9684793566213402,
        0.9684793566213402,
        0.9684793566213402,
        0.9684793566213402,
        0.9684793566213402,
        0.9684793566213402,
        0.9684793566213402,
        0.9684793566213402,
        0.9684793566213402,
        0.9684793566213402,
        0.9684793566213402,
        0.9684793566213402,
        0.9684793566213402,
        0.9684793566213402,
        0.9684793566213402,
        0.9684793566213402,
        0.9684793566213402,
        0.9684793566213402,
        0.9684793566213402,
        0.9684793566213402,
        0.9684793566213402,
        0.9684793566213402,
        0.9684793566213402,
        0.9684793566213402,
        0.9684793566213402,
        0.9684793566213402,
        0.9684793566213402
    ],