{
    "dimensions": [
        0,
        0,
        0,
        0,
        0,
        0,
        0,
        0,
        0,
        0,
        0,
        0,
        0,
        0,
        0,
        0,
        0,
        0,
        0,
        0,
        0,
        0,
        0,
        0,
        0,
        0,
        0,
        0,
        0,
        0,
        0,
        0,
        0,
        0,
        0,
        0,
        0,
        0,
        0,
        0,
        0,
        0,
        0,
        0,
        0,
        0,
        0,
        0,
        0,
        0,
        0,
        0,
        0,
        0,
        0,
        0,
        0,
        0,
        0,
        0,
        0,
        0,
        0,
        0,
        0,
        0,
        0,
        0,
        0,
        0,
        0,
        0,
        0,
        0,
        0,
        0,
        0,
        0,
        0,
        0,
        0,
        0,
        0,
        0,
        0,
        0,
        0,
        0,
        0,
        0,
        0,
        0,
        0,
        0,
        0,
        0,
        0,
        0,
        0,
        0,
        0,
        0,
        0,
        0,
        0,
        0,
        0,
        0,
        0,
        0,
        0,
        0,
        0,
        0,
        0,
        0,
        0,
        0,
        0,
        0,
        0,
        0,
        0,
        0,
        0,
        0,
        0,
        0,
        0,
        0,
        0,
        0,
        0,
        0,
        0,
        0,
        0,
        0,
        0,
        0,
        0,
        0,
        0,
        0,
        0,
        0,
        0,
        0,
        0,
        0,
        0,
        0,
        0,
        0,
        0,
        0,
        0,
        0,
        0,
        0,
        0,
        0,
        0,
        0,
        0,
        0,
        0,
        0
    ],
    "creation_values": [
        0.9749276234975465,
        0.9749276234975465,
        0.9749276234975465,
        0.9749276234975465,
        0.9749276234975465,
        0.9749276234975465,
        0.9749276234975465,
        0.9749276234975465,
        0.9749276234975465,
        0.9749276234975465,
        0.9749276234975465,
        0.9749276234975465,
        0.9749276234975465,
        0.9749276234975465,
        0.9749276234975465,
        0.9749276234975465,
        0.9749276234975465,
        0.9749276234975465,
        0.9749276234975465,
        0.9749276234975465,
        0.9749276234975465,
        0.9749276234975465,
        0.9749276234975465,
        0.9749276234975465,
        0.9749276234975465,
        0.9749276234975465,
        0.9749276234975465,
        0.9749276234975465,
        0.9749276234975465,
        0.9749276234975465,
        0.9749276234975465,
        0.9749276234975465,
        0.9749276234975465,
        0.9749276234975465,
        0.9749276234975465,
        0.9749276234975465,
        0.9749276234975465,
        0.9749276234975465,
        0.9749276234975465,
        0.9749276234975465,
        0.9749276234975465,
        0.9749276234975465,
        0.9749276234975465,
        0.9749276234975465,
        0.9749276234975465,
        0.9749276234975465,
        0.9749276234975465,
        0.9749276234975465,
        0.9749276234975465,
        0.9749276234975465,
        0.9749276234975465,
        0.9749276234975465,
        0.9749276234975465,
        0.9749276234975465,
        0.9749276234975465,
        0.9749276234975465,
        0.9749276234975465,
        0.9749276234975465,
        0.9749276234975465,
        0.9749276234975465,
        0.9749276234975465,
        0.9749276234975465,
        0.9749276234975465,
        0.9749276234975465,
        0.9749276234975465,
        0.9749276234975465,
        0.9749276234975465,
        0.9749276234975465,
        0.9749276234975465,
        0.9749276234975465,
        0.9749276234975465,
        0.9749276234975465,
        0.9749276234975465,
        0.9749276234975465,
        0.9749276234975465,
        0.9749276234975465,
        0.9749276234975465,
        0.9749276234975465,
        0.9749276234975465,
        0.9749276234975465,
        0.9749276234975465,
        0.9749276234975465,
        0.9749276234975465,
        0.9749276234975465,
        0.9749276234975465,
        0.9749276234975465,
        0.9749276234975465,
        0.9749276234975465,
        0.9749276234975465,
        0.9749276234975465,
        0.9749276234975465,
        0.9749276234975465,
        0.9749276234975465,
        0.9749276234975465,
        0.9749276234975465,
        0.9749276234975465,
        0.9749276234975465,
        0.9749276234975465,
        0.9749276234975465,
        0.9749276234975465,
        0.9749276234975465,
        0.9749276234975465,
        0.9749276234975465,
        0.9749276234975465,
        0.9749276234975465,
        0.9749276234975465,
        0.9749276234975465,
        0.9749276234975465,
        0.9749276234975465,
        0.9749276234975465,
        0.9749276234975465,
        0.9749276234975465,
        0.9749276234975465,
        0.9749276234975465,
        0.9749276234975465,
        0.9749276234975465,
        0.9749276234975465,
        0.9749276234975465,
        0.9749276234975465,
        0.9749276234975465,
        0.9749276234975465,
        0.9749276234975465,
        0.9749276234975465,
        0.9749276234975465,
        0.9749276234975465,
        0.9749276234975465,
        0.9749276234975465,
        0.9749276234975465,
        0.9749276234975465,
        0.9749276234975465,
        0.9749276234975465,
        0.9749276234975465,
        0.9749276234975465,
        0.9749276234975465,
        0.9749276234975465,
        0.9749276234975465,
        0.9749276234975465,
        0.9749276234975465,
        0.9749276234975465,
        0.9749276234975465,
        0.9749276234975465,
        0.9749276234975465,
        0.9749276234975465,
        0.9749276234975465,
        0.9749276234975465,
        0.9749276234975465,
        0.9749276234975465,
        0.9749276234975465,
        0.9749276234975465,
        0.9749276234975465,
        0.9749276234975465,
        0.9749276234975465,
        0.9749276234975465,
        0.9749276234975465,
        0.9749276234975465,
        0.9749276234975465,
        0.9749276234975465,
        0.9749276234975465,
        0.9749276234975465,
        0.9749276234975465,
        0.9749276234975465,
        0.9749276234975465,
        0.9749276234975465,
        0.9749276234975465,
        0.9749276234975465,
        0.9749276234975465,
        0.9749276234975465,
        0.9749276234975465
    ],