{
    "dimensions": [
        0,
        0,
        0,
        0,
        0,
        0,
        0,
        0,
        0,
        0,
        0,
        0,
        0,
        0,
        0,
        0,
        0,
        0,
        0,
        0,
        0,
        0,
        0,
        0,
        0,
        0,
        0,
        0,
        0,
        0,
        0,
        0,
        0,
        0,
        0,
        0,
        0,
        0,
        0,
        0,
        0,
        0,
        0,
        0,
        0,
        0,
        0,
        0,
        0,
        0,
        0,
        0,
        0,
        0,
        0,
        0,
        0,
        0,
        0,
        0,
        0,
        0,
        0,
        0,
        0,
        0,
        0,
        0,
        0,
        0,
        0,
        0,
        0,
        0,
        0,
        0,
        0,
        0,
        0,
        0,
        0,
        0,
        0,
        0,
        0,
        0,
        0,
        0,
        0,
        0,
        0,
        0,
        0,
        0,
        0,
        0,
        0,
        0,
        0,
        0,
        0,
        0,
        0,
        0,
        0,
        0,
        0,
        0,
        0,
        0,
        0,
        0,
        0,
        0,
        0,
        0,
        0,
        0,
        0,
        0,
        0,
        0,
        0,
        0,
        0,
        0,
        0,
        0,
        0,
        0,
        0,
        0,
        0,
        0,
        0,
        0,
        0,
        0,
        0,
        0,
        0,
        0,
        0,
        0,
        0,
        0,
        0,
        0,
        0,
        0,
        0,
        0,
        0,
        0,
        0,
        0,
        0,
        0,
        0,
        0,
        0,
        0,
        0,
        0,
        0,
        0,
        0,
        0
    ],
    "creation_values": [
        0.9981704022130004,
        0.9981704022130004,
        0.9981704022130004,
        0.9981704022130004,
        0.9981704022130004,
        0.9981704022130004,
        0.9981704022130004,
        0.9981704022130004,
        0.9981704022130004,
        0.9981704022130004,
        0.9981704022130004,
        0.9981704022130004,
        0.9981704022130004,
        0.9981704022130004,
        0.9981704022130004,
        0.9981704022130004,
        0.9981704022130004,
        0.9981704022130004,
        0.9981704022130004,
        0.9981704022130004,
        0.9981704022130004,
        0.9981704022130004,
        0.9981704022130004,
        0.9981704022130004,
        0.9981704022130004,
        0.9981704022130004,
        0.9981704022130004,
        0.9981704022130004,
        0.9981704022130004,
        0.9981704022130004,
        0.9981704022130004,
        0.9981704022130004,
        0.9981704022130004,
        0.9981704022130004,
        0.9981704022130004,
        0.9981704022130004,
        0.9981704022130004,
        0.9981704022130004,
        0.9981704022130004,
        0.9981704022130004,
        0.9981704022130004,
        0.9981704022130004,
        0.9981704022130004,
        0.9981704022130004,
        0.9981704022130004,
        0.9981704022130004,
        0.9981704022130004,
        0.9981704022130004,
        0.9981704022130004,
        0.9981704022130004,
        0.9981704022130004,
        0.9981704022130004,
        0.9981704022130004,
        0.9981704022130004,
        0.9981704022130004,
        0.9981704022130004,
        0.9981704022130004,
        0.9981704022130004,
        0.9981704022130004,
        0.9981704022130004,
        0.9981704022130004,
        0.9981704022130004,
        0.9981704022130004,
        0.9981704022130004,
        0.9981704022130004,
        0.9981704022130004,
        0.9981704022130004,
        0.9981704022130004,
        0.9981704022130004,
        0.9981704022130004,
        0.9981704022130004,
        0.9981704022130004,
        0.9981704022130004,
        0.9981704022130004,
        0.9981704022130004,
        0.9981704022130004,
        0.9981704022130004,
        0.9981704022130004,
        0.9981704022130004,
        0.9981704022130004,
        0.9981704022130004,
        0.9981704022130004,
        0.9981704022130004,
        0.9981704022130004,
        0.9981704022130004,
        0.9981704022130004,
        0.9981704022130004,
        0.9981704022130004,
        0.9981704022130004,
        0.9981704022130004,
        0.9981704022130004,
        0.9981704022130004,
        0.9981704022130004,
        0.9981704022130004,
        0.9981704022130004,
        0.9981704022130004,
        0.9981704022130004,
        0.9981704022130004,
        0.9981704022130004,
        0.9981704022130004,
        0.9981704022130004,
        0.9981704022130004,
        0.9981704022130004,
        0.9981704022130004,
        0.9981704022130004,
        0.9981704022130004,
        0.9981704022130004,
        0.9981704022130004,
        0.9981704022130004,
        0.9981704022130004,
        0.9981704022130004,
        0.9981704022130004,
        0.9981704022130004,
        0.9981704022130004,
        0.9981704022130004,
        0.9981704022130004,
        0.9981704022130004,
        0.9981704022130004,
        0.9981704022130004,
        0.9981704022130004,
        0.9981704022130004,
        0.9981704022130004,
        0.9981704022130004,
        0.9981704022130004,
        0.9981704022130004,
        0.9981704022130004,
        0.9981704022130004,
        0.9981704022130004,
        0.9981704022130004,
        0.9981704022130004,
        0.9981704022130004,
        0.9981704022130004,
        0.9981704022130004,
        0.9981704022130004,
        0.9981704022130004,
        0.9981704022130004,
        0.9981704022130004,
        0.9981704022130004,
        0.9981704022130004,
        0.9981704022130004,
        0.9981704022130004,
        0.9981704022130004,
        0.9981704022130004,
        0.9981704022130004,
        0.9981704022130004,
        0.9981704022130004,
        0.9981704022130004,
        0.9981704022130004,
        0.9981704022130004,
        0.9981704022130004,
        0.9981704022130004,
        0.9981704022130004,
        0.9981704022130004,
        0.9981704022130004,
        0.9981704022130004,
        0.9981704022130004,
        0.9981704022130004,
        0.9981704022130004,
        0.9981704022130004,
        0.9981704022130004,
        0.9981704022130004,
        0.9981704022130004,
        0.9981704022130004,
        0.9981704022130004,
        0.9981704022130004,
        0.9981704022130004,
        0.9981704022130004,
        0.9981704022130004
    ],