{
    "dimensions": [
        0,
        0,
        0,
        0,
        0,
        0,
        0,
        0,
        0,
        0,
        0,
        0,
        0,
        0,
        0,
        0,
        0,
        0,
        0,
        0,
        0,
        0,
        0,
        0,
        0,
        0,
        0,
        0,
        0,
        0,
        0,
        0,
        0,
        0,
        0,
        0,
        0,
        0,
        0,
        0,
        0,
        0,
        0,
        0,
        0,
        0,
        0,
        0,
        0,
        0,
        0,
        0,
        0,
        0,
        0,
        0,
        0,
        0,
        0,
        0,
        0,
        0,
        0,
        0,
        0,
        0,
        0,
        0,
        0,
        0,
        0,
        0,
        0,
        0,
        0,
        0,
        0,
        0,
        0,
        0,
        0,
        0,
        0,
        0,
        0,
        0,
        0,
        0,
        0,
        0,
        0,
        0,
        0,
        0,
        0,
        0,
        0,
        0,
        0,
        0,
        0,
        0,
        0,
        0,
        0,
        0,
        0,
        0,
        0,
        0,
        0,
        0,
        0,
        0,
        0,
        0,
        0,
        0,
        0,
        0,
        0,
        0,
        0,
        0,
        0,
        0,
        0,
        0,
        0,
        0,
        0,
        0,
        0,
        0,
        0,
        0,
        0,
        0,
        0,
        0,
        0,
        0,
        0,
        0,
        0,
        0,
        0,
        0,
        0,
        0,
        0,
        0,
        0,
        0,
        0,
        0,
        0,
        0,
        0,
        0,
        0,
        0,
        0,
        0,
        0,
        0,
        0,
        0
    ],
    "creation_values": [
        0.9775696652504985,
        0.9775696652504985,
        0.9775696652504985,
        0.9775696652504985,
        0.9775696652504985,
        0.9775696652504985,
        0.9775696652504985,
        0.9775696652504985,
        0.9775696652504985,
        0.9775696652504985,
        0.9775696652504985,
        0.9775696652504985,
        0.9775696652504985,
        0.9775696652504985,
        0.9775696652504985,
        0.9775696652504985,
        0.9775696652504985,
        0.9775696652504985,
        0.9775696652504985,
        0.9775696652504985,
        0.9775696652504985,
        0.9775696652504985,
        0.9775696652504985,
        0.9775696652504985,
        0.9775696652504985,
        0.9775696652504985,
        0.9775696652504985,
        0.9775696652504985,
        0.9775696652504985,
        0.9775696652504985,
        0.9775696652504985,
        0.9775696652504985,
        0.9775696652504985,
        0.9775696652504985,
        0.9775696652504985,
        0.9775696652504985,
        0.9775696652504985,
        0.9775696652504985,
        0.9775696652504985,
        0.9775696652504985,
        0.9775696652504985,
        0.9775696652504985,
        0.9775696652504985,
        0.9775696652504985,
        0.9775696652504985,
        0.9775696652504985,
        0.9775696652504985,
        0.9775696652504985,
        0.9775696652504985,
        0.9775696652504985,
        0.9775696652504985,
        0.9775696652504985,
        0.9775696652504985,
        0.9775696652504985,
        0.9775696652504985,
        0.9775696652504985,
        0.9775696652504985,
        0.9775696652504985,
        0.9775696652504985,
        0.9775696652504985,
        0.9775696652504985,
        0.9775696652504985,
        0.9775696652504985,
        0.9775696652504985,
        0.9775696652504985,
        0.9775696652504985,
        0.9775696652504985,
        0.9775696652504985,
        0.9775696652504985,
        0.9775696652504985,
        0.9775696652504985,
        0.9775696652504985,
        0.9775696652504985,
        0.9775696652504985,
        0.9775696652504985,
        0.9775696652504985,
        0.9775696652504985,
        0.9775696652504985,
        0.9775696652504985,
        0.9775696652504985,
        0.9775696652504985,
        0.9775696652504985,
        0.9775696652504985,
        0.9775696652504985,
        0.9775696652504985,
        0.9775696652504985,
        0.9775696652504985,
        0.9775696652504985,
        0.9775696652504985,
        0.9775696652504985,
        0.9775696652504985,
        0.9775696652504985,
        0.9775696652504985,
        0.9775696652504985,
        0.9775696652504985,
        0.9775696652504985,
        0.9775696652504985,
        0.9775696652504985,
        0.9775696652504985,
        0.9775696652504985,
        0.9775696652504985,
        0.9775696652504985,
        0.9775696652504985,
        0.9775696652504985,
        0.9775696652504985,
        0.9775696652504985,
        0.9775696652504985,
        0.9775696652504985,
        0.9775696652504985,
        0.9775696652504985,
        0.9775696652504985,
        0.9775696652504985,
        0.9775696652504985,
        0.9775696652504985,
        0.9775696652504985,
        0.9775696652504985,
        0.9775696652504985,
        0.9775696652504985,
        0.9775696652504985,
        0.9775696652504985,
        0.9775696652504985,
        0.9775696652504985,
        0.9775696652504985,
        0.9775696652504985,
        0.9775696652504985,
        0.9775696652504985,
        0.9775696652504985,
        0.9775696652504985,
        0.9775696652504985,
        0.9775696652504985,
        0.9775696652504985,
        0.9775696652504985,
        0.9775696652504985,
        0.9775696652504985,
        0.9775696652504985,
        0.9775696652504985,
        0.9775696652504985,
        0.9775696652504985,
        0.9775696652504985,
        0.9775696652504985,
        0.9775696652504985,
        0.9775696652504985,
        0.9775696652504985,
        0.9775696652504985,
        0.9775696652504985,
        0.9775696652504985,
        0.9775696652504985,
        0.9775696652504985,
        0.9775696652504985,
        0.9775696652504985,
        0.9775696652504985,
        0.9775696652504985,
        0.9775696652504985,
        0.9775696652504985,
        0.9775696652504985,
        0.9775696652504985,
        0.9775696652504985,
        0.9775696652504985,
        0.9775696652504985,
        0.9775696652504985,
        0.9775696652504985,
        0.9775696652504985,
        0.9775696652504985,
        0.9775696652504985,
        0.9775696652504985,
        0.9775696652504985,
        0.9775696652504985,
        0.9775696652504985
    ],