{
    "dimensions": [
        0,
        0,
        0,
        0,
        0,
        0,
        0,
        0,
        0,
        0,
        0,
        0,
        0,
        0,
        0,
        0,
        0,
        0,
        0,
        0,
        0,
        0,
        0,
        0,
        0,
        0,
        0,
        0,
        0,
        0,
        0,
        0,
        0,
        0,
        0,
        0,
        0,
        0,
        0,
        0,
        0,
        0,
        0,
        0,
        0,
        0,
        0,
        0,
        0,
        0,
        0,
        0,
        0,
        0,
        0,
        0,
        0,
        0,
        0,
        0,
        0,
        0,
        0,
        0,
        0,
        0,
        0,
        0,
        0,
        0,
        0,
        0,
        0,
        0,
        0,
        0,
        0,
        0,
        0,
        0,
        0,
        0,
        0,
        0,
        0,
        0,
        0,
        0,
        0,
        0,
        0,
        0,
        0,
        0,
        0,
        0,
        0,
        0,
        0,
        0,
        0,
        0,
        0,
        0,
        0,
        0,
        0,
        0,
        0,
        0,
        0,
        0,
        0,
        0,
        0,
        0,
        0,
        0,
        0,
        0,
        0,
        0,
        0,
        0,
        0,
        0,
        0,
        0,
        0,
        0,
        0,
        0,
        0,
        0,
        0,
        0,
        0,
        0,
        0,
        0,
        0,
        0,
        0,
        0,
        0,
        0,
        0,
        0,
        0,
        0,
        0,
        0,
        0,
        0,
        0,
        0,
        0,
        0,
        0,
        0,
        0,
        0,
        0,
        0,
        0,
        0,
        0,
        0
    ],
    "creation_values": [
        0.9971087772289536,
        0.9971087772289536,
        0.9971087772289536,
        0.9971087772289536,
        0.9971087772289536,
        0.9971087772289536,
        0.9971087772289536,
        0.9971087772289536,
        0.9971087772289536,
        0.9971087772289536,
        0.9971087772289536,
        0.9971087772289536,
        0.9971087772289536,
        0.9971087772289536,
        0.9971087772289536,
        0.9971087772289536,
        0.9971087772289536,
        0.9971087772289536,
        0.9971087772289536,
        0.9971087772289536,
        0.9971087772289536,
        0.9971087772289536,
        0.9971087772289536,
        0.9971087772289536,
        0.9971087772289536,
        0.9971087772289536,
        0.9971087772289536,
        0.9971087772289536,
        0.9971087772289536,
        0.9971087772289536,
        0.9971087772289536,
        0.9971087772289536,
        0.9971087772289536,
        0.9971087772289536,
        0.9971087772289536,
        0.9971087772289536,
        0.9971087772289536,
        0.9971087772289536,
        0.9971087772289536,
        0.9971087772289536,
        0.9971087772289536,
        0.9971087772289536,
        0.9971087772289536,
        0.9971087772289536,
        0.9971087772289536,
        0.9971087772289536,
        0.9971087772289536,
        0.9971087772289536,
        0.9971087772289536,
        0.9971087772289536,
        0.9971087772289536,
        0.9971087772289536,
        0.9971087772289536,
        0.9971087772289536,
        0.9971087772289536,
        0.9971087772289536,
        0.9971087772289536,
        0.9971087772289536,
        0.9971087772289536,
        0.9971087772289536,
        0.9971087772289536,
        0.9971087772289536,
        0.9971087772289536,
        0.9971087772289536,
        0.9971087772289536,
        0.9971087772289536,
        0.9971087772289536,
        0.9971087772289536,
        0.9971087772289536,
        0.9971087772289536,
        0.9971087772289536,
        0.9971087772289536,
        0.9971087772289536,
        0.9971087772289536,
        0.9971087772289536,
        0.9971087772289536,
        0.9971087772289536,
        0.9971087772289536,
        0.9971087772289536,
        0.9971087772289536,
        0.9971087772289536,
        0.9971087772289536,
        0.9971087772289536,
        0.9971087772289536,
        0.9971087772289536,
        0.9971087772289536,
        0.9971087772289536,
        0.9971087772289536,
        0.9971087772289536,
        0.9971087772289536,
        0.9971087772289536,
        0.9971087772289536,
        0.9971087772289536,
        0.9971087772289536,
        0.9971087772289536,
        0.9971087772289536,
        0.9971087772289536,
        0.9971087772289536,
        0.9971087772289536,
        0.9971087772289536,
        0.9971087772289536,
        0.9971087772289536,
        0.9971087772289536,
        0.9971087772289536,
        0.9971087772289536,
        0.9971087772289536,
        0.9971087772289536,
        0.9971087772289536,
        0.9971087772289536,
        0.9971087772289536,
        0.9971087772289536,
        0.9971087772289536,
        0.9971087772289536,
        0.9971087772289536,
        0.9971087772289536,
        0.9971087772289536,
        0.9971087772289536,
        0.9971087772289536,
        0.9971087772289536,
        0.9971087772289536,
        0.9971087772289536,
        0.9971087772289536,
        0.9971087772289536,
        0.9971087772289536,
        0.9971087772289536,
        0.9971087772289536,
        0.9971087772289536,
        0.9971087772289536,
        0.9971087772289536,
        0.9971087772289536,
        0.9971087772289536,
        0.9971087772289536,
        0.9971087772289536,
        0.9971087772289536,
        0.9971087772289536,
        0.9971087772289536,
        0.9971087772289536,
        0.9971087772289536,
        0.9971087772289536,
        0.9971087772289536,
        0.9971087772289536,
        0.9971087772289536,
        0.9971087772289536,
        0.9971087772289536,
        0.9971087772289536,
        0.9971087772289536,
        0.9971087772289536,
        0.9971087772289536,
        0.9971087772289536,
        0.9971087772289536,
        0.9971087772289536,
        0.9971087772289536,
        0.9971087772289536,
        0.9971087772289536,
        0.9971087772289536,
        0.9971087772289536,
        0.9971087772289536,
        0.9971087772289536,
        0.9971087772289536,
        0.9971087772289536,
        0.9971087772289536,
        0.9971087772289536,
        0.9971087772289536,
        0.9971087772289536,
        0.9971087772289536,
        0.9971087772289536,
        0.9971087772289536,
        0.9971087772289536
    ],