{
    "dimensions": [
        0,
        0,
        0,
        0,
        0,
        0,
        0,
        0,
        0,
        0,
        0,
        0,
        0,
        0,
        0,
        0,
        0,
        0,
        0,
        0,
        0,
        0,
        0,
        0,
        0,
        0,
        0,
        0,
        0,
        0,
        0,
        0,
        0,
        0,
        0,
        0,
        0,
        0,
        0,
        0,
        0,
        0,
        0,
        0,
        0,
        0,
        0,
        0,
        0,
        0,
        0,
        0,
        0,
        0,
        0,
        0,
        0,
        0,
        0,
        0,
        0,
        0,
        0,
        0,
        0,
        0,
        0,
        0,
        0,
        0,
        0,
        0,
        0,
        0,
        0,
        0,
        0,
        0,
        0,
        0,
        0,
        0,
        0,
        0,
        0,
        0,
        0,
        0,
        0,
        0,
        0,
        0,
        0,
        0,
        0,
        0,
        0,
        0,
        0,
        0,
        0,
        0,
        0,
        0,
        0,
        0,
        0,
        0,
        0,
        0,
        0,
        0,
        0,
        0,
        0,
        0,
        0,
        0,
        0,
        0,
        0,
        0,
        0,
        0,
        0,
        0,
        0,
        0,
        0,
        0,
        0,
        0,
        0,
        0,
        0,
        0,
        0,
        0,
        0,
        0,
        0,
        0,
        0,
        0,
        0,
        0,
        0,
        0,
        0,
        0,
        0,
        0,
        0,
        0,
        0,
        0,
        0,
        0,
        0,
        0,
        0,
        0,
        0,
        0,
        0,
        0,
        0,
        0
    ],
    "creation_values": [
        0.9955646335265487,
        0.9955646335265487,
        0.9955646335265487,
        0.9955646335265487,
        0.9955646335265487,
        0.9955646335265487,
        0.9955646335265487,
        0.9955646335265487,
        0.9955646335265487,
        0.9955646335265487,
        0.9955646335265487,
        0.9955646335265487,
        0.9955646335265487,
        0.9955646335265487,
        0.9955646335265487,
        0.9955646335265487,
        0.9955646335265487,
        0.9955646335265487,
        0.9955646335265487,
        0.9955646335265487,
        0.9955646335265487,
        0.9955646335265487,
        0.9955646335265487,
        0.9955646335265487,
        0.9955646335265487,
        0.9955646335265487,
        0.9955646335265487,
        0.9955646335265487,
        0.9955646335265487,
        0.9955646335265487,
        0.9955646335265487,
        0.9955646335265487,
        0.9955646335265487,
        0.9955646335265487,
        0.9955646335265487,
        0.9955646335265487,
        0.9955646335265487,
        0.9955646335265487,
        0.9955646335265487,
        0.9955646335265487,
        0.9955646335265487,
        0.9955646335265487,
        0.9955646335265487,
        0.9955646335265487,
        0.9955646335265487,
        0.9955646335265487,
        0.9955646335265487,
        0.9955646335265487,
        0.9955646335265487,
        0.9955646335265487,
        0.9955646335265487,
        0.9955646335265487,
        0.9955646335265487,
        0.9955646335265487,
        0.9955646335265487,
        0.9955646335265487,
        0.9955646335265487,
        0.9955646335265487,
        0.9955646335265487,
        0.9955646335265487,
        0.9955646335265487,
        0.9955646335265487,
        0.9955646335265487,
        0.9955646335265487,
        0.9955646335265487,
        0.9955646335265487,
        0.9955646335265487,
        0.9955646335265487,
        0.9955646335265487,
        0.9955646335265487,
        0.9955646335265487,
        0.9955646335265487,
        0.9955646335265487,
        0.9955646335265487,
        0.9955646335265487,
        0.9955646335265487,
        0.9955646335265487,
        0.9955646335265487,
        0.9955646335265487,
        0.9955646335265487,
        0.9955646335265487,
        0.9955646335265487,
        0.9955646335265487,
        0.9955646335265487,
        0.9955646335265487,
        0.9955646335265487,
        0.9955646335265487,
        0.9955646335265487,
        0.9955646335265487,
        0.9955646335265487,
        0.9955646335265487,
        0.9955646335265487,
        0.9955646335265487,
        0.9955646335265487,
        0.9955646335265487,
        0.9955646335265487,
        0.9955646335265487,
        0.9955646335265487,
        0.9955646335265487,
        0.9955646335265487,
        0.9955646335265487,
        0.9955646335265487,
        0.9955646335265487,
        0.9955646335265487,
        0.9955646335265487,
        0.9955646335265487,
        0.9955646335265487,
        0.9955646335265487,
        0.9955646335265487,
        0.9955646335265487,
        0.9955646335265487,
        0.9955646335265487,
        0.9955646335265487,
        0.9955646335265487,
        0.9955646335265487,
        0.9955646335265487,
        0.9955646335265487,
        0.9955646335265487,
        0.9955646335265487,
        0.9955646335265487,
        0.9955646335265487,
        0.9955646335265487,
        0.9955646335265487,
        0.9955646335265487,
        0.9955646335265487,
        0.9955646335265487,
        0.9955646335265487,
        0.9955646335265487,
        0.9955646335265487,
        0.9955646335265487,
        0.9955646335265487,
        0.9955646335265487,
        0.9955646335265487,
        0.9955646335265487,
        0.9955646335265487,
        0.9955646335265487,
        0.9955646335265487,
        0.9955646335265487,
        0.9955646335265487,
        0.9955646335265487,
        0.9955646335265487,
        0.9955646335265487,
        0.9955646335265487,
        0.9955646335265487,
        0.9955646335265487,
        0.9955646335265487,
        0.9955646335265487,
        0.9955646335265487,
        0.9955646335265487,
        0.9955646335265487,
        0.9955646335265487,
        0.9955646335265487,
        0.9955646335265487,
        0.9955646335265487,
        0.9955646335265487,
        0.9955646335265487,
        0.9955646335265487,
        0.9955646335265487,
        0.9955646335265487,
        0.9955646335265487,
        0.9955646335265487,
        0.9955646335265487,
        0.9955646335265487,
        0.9955646335265487,
        0.9955646335265487,
        0.9955646335265487,
        0.9955646335265487,
        0.9955646335265487
    ],