{
    "dimensions": [
        0,
        0,
        0,
        0,
        0,
        0,
        0,
        0,
        0,
        0,
        0,
        0,
        0,
        0,
        0,
        0,
        0,
        0,
        0,
        0,
        0,
        0,
        0,
        0,
        0,
        0,
        0,
        0,
        0,
        0,
        0,
        0,
        0,
        0,
        0,
        0,
        0,
        0,
        0,
        0,
        0,
        0,
        0,
        0,
        0,
        0,
        0,
        0,
        0,
        0,
        0,
        0,
        0,
        0,
        0,
        0,
        0,
        0,
        0,
        0,
        0,
        0,
        0,
        0,
        0,
        0,
        0,
        0,
        0,
        0,
        0,
        0,
        0,
        0,
        0,
        0,
        0,
        0,
        0,
        0,
        0,
        0,
        0,
        0,
        0,
        0,
        0,
        0,
        0,
        0,
        0,
        0,
        0,
        0,
        0,
        0,
        0,
        0,
        0,
        0,
        0,
        0,
        0,
        0,
        0,
        0,
        0,
        0,
        0,
        0,
        0,
        0,
        0,
        0,
        0,
        0,
        0,
        0,
        0,
        0,
        0,
        0,
        0,
        0,
        0,
        0,
        0,
        0,
        0,
        0,
        0,
        0,
        0,
        0,
        0,
        0,
        0,
        0,
        0,
        0,
        0,
        0,
        0,
        0,
        0,
        0,
        0,
        0,
        0,
        0,
        0,
        0,
        0,
        0,
        0,
        0,
        0,
        0,
        0,
        0,
        0,
        0,
        0,
        0,
        0,
        0,
        0,
        0
    ],
    "creation_values": [
        0.9068560258977147,
        0.9068560258977147,
        0.9068560258977147,
        0.9068560258977147,
        0.9068560258977147,
        0.9068560258977147,
        0.9068560258977147,
        0.9068560258977147,
        0.9068560258977147,
        0.9068560258977147,
        0.9068560258977147,
        0.9068560258977147,
        0.9068560258977147,
        0.9068560258977147,
        0.9068560258977147,
        0.9068560258977147,
        0.9068560258977147,
        0.9068560258977147,
        0.9068560258977147,
        0.9068560258977147,
        0.9068560258977147,
        0.9068560258977147,
        0.9068560258977147,
        0.9068560258977147,
        0.9068560258977147,
        0.9068560258977147,
        0.9068560258977147,
        0.9068560258977147,
        0.9068560258977147,
        0.9068560258977147,
        0.9068560258977147,
        0.9068560258977147,
        0.9068560258977147,
        0.9068560258977147,
        0.9068560258977147,
        0.9068560258977147,
        0.9068560258977147,
        0.9068560258977147,
        0.9068560258977147,
        0.9068560258977147,
        0.9068560258977147,
        0.9068560258977147,
        0.9068560258977147,
        0.9068560258977147,
        0.9068560258977147,
        0.9068560258977147,
        0.9068560258977147,
        0.9068560258977147,
        0.9068560258977147,
        0.9068560258977147,
        0.9068560258977147,
        0.9068560258977147,
        0.9068560258977147,
        0.9068560258977147,
        0.9068560258977147,
        0.9068560258977147,
        0.9068560258977147,
        0.9068560258977147,
        0.9068560258977147,
        0.9068560258977147,
        0.9068560258977147,
        0.9068560258977147,
        0.9068560258977147,
        0.9068560258977147,
        0.9068560258977147,
        0.9068560258977147,
        0.9068560258977147,
        0.9068560258977147,
        0.9068560258977147,
        0.9068560258977147,
        0.9068560258977147,
        0.9068560258977147,
        0.9068560258977147,
        0.9068560258977147,
        0.9068560258977147,
        0.9068560258977147,
        0.9068560258977147,
        0.9068560258977147,
        0.9068560258977147,
        0.9068560258977147,
        0.9068560258977147,
        0.9068560258977147,
        0.9068560258977147,
        0.9068560258977147,
        0.9068560258977147,
        0.9068560258977147,
        0.9068560258977147,
        0.9068560258977147,
        0.9068560258977147,
        0.9068560258977147,
        0.9068560258977147,
        0.9068560258977147,
        0.9068560258977147,
        0.9068560258977147,
        0.9068560258977147,
        0.9068560258977147,
        0.9068560258977147,
        0.9068560258977147,
        0.9068560258977147,
        0.9068560258977147,
        0.9068560258977147,
        0.9068560258977147,
        0.9068560258977147,
        0.9068560258977147,
        0.9068560258977147,
        0.9068560258977147,
        0.9068560258977147,
        0.9068560258977147,
        0.9068560258977147,
        0.9068560258977147,
        0.9068560258977147,
        0.9068560258977147,
        0.9068560258977147,
        0.9068560258977147,
        0.9068560258977147,
        0.9068560258977147,
        0.9068560258977147,
        0.9068560258977147,
        0.9068560258977147,
        0.9068560258977147,
        0.9068560258977147,
        0.9068560258977147,
        0.9068560258977147,
        0.9068560258977147,
        0.9068560258977147,
        0.9068560258977147,
        0.9068560258977147,
        0.9068560258977147,
        0.9068560258977147,
        0.9068560258977147,
        0.9068560258977147,
        0.9068560258977147,
        0.9068560258977147,
        0.9068560258977147,
        0.9068560258977147,
        0.9068560258977147,
        0.9068560258977147,
        0.9068560258977147,
        0.9068560258977147,
        0.9068560258977147,
        0.9068560258977147,
        0.9068560258977147,
        0.9068560258977147,
        0.9068560258977147,
        0.9068560258977147,
        0.9068560258977147,
        0.9068560258977147,
        0.9068560258977147,
        0.9068560258977147,
        0.9068560258977147,
        0.9068560258977147,
        0.9068560258977147,
        0.9068560258977147,
        0.9068560258977147,
        0.9068560258977147,
        0.9068560258977147,
        0.9068560258977147,
        0.9068560258977147,
        0.9068560258977147,
        0.9068560258977147,
        0.9068560258977147,
        0.9068560258977147,
        0.9068560258977147,
        0.9068560258977147,
        0.9068560258977147,
        0.9068560258977147,
        0.9068560258977147,
        0.9068560258977147
    ],