{
    "dimensions": [
        0,
        0,
        0,
        0,
        0,
        0,
        0,
        0,
        0,
        0,
        0,
        0,
        0,
        0,
        0,
        0,
        0,
        0,
        0,
        0,
        0,
        0,
        0,
        0,
        0,
        0,
        0,
        0,
        0,
        0,
        0,
        0,
        0,
        0,
        0,
        0,
        0,
        0,
        0,
        0,
        0,
        0,
        0,
        0,
        0,
        0,
        0,
        0,
        0,
        0,
        0,
        0,
        0,
        0,
        0,
        0,
        0,
        0,
        0,
        0,
        0,
        0,
        0,
        0,
        0,
        0,
        0,
        0,
        0,
        0,
        0,
        0,
        0,
        0,
        0,
        0,
        0,
        0,
        0,
        0,
        0,
        0,
        0,
        0,
        0,
        0,
        0,
        0,
        0,
        0,
        0,
        0,
        0,
        0,
        0,
        0,
        0,
        0,
        0,
        0,
        0,
        0,
        0,
        0,
        0,
        0,
        0,
        0,
        0,
        0,
        0,
        0,
        0,
        0,
        0,
        0,
        0,
        0,
        0,
        0,
        0,
        0,
        0,
        0,
        0,
        0,
        0,
        0,
        0,
        0,
        0,
        0,
        0,
        0,
        0,
        0,
        0,
        0,
        0,
        0,
        0,
        0,
        0,
        0,
        0,
        0,
        0,
        0,
        0,
        0,
        0,
        0,
        0,
        0,
        0,
        0,
        0,
        0,
        0,
        0,
        0,
        0,
        0,
        0,
        0,
        0,
        0,
        0
    ],
    "creation_values": [
        0.9349293865495698,
        0.9349293865495698,
        0.9349293865495698,
        0.9349293865495698,
        0.9349293865495698,
        0.9349293865495698,
        0.9349293865495698,
        0.9349293865495698,
        0.9349293865495698,
        0.9349293865495698,
        0.9349293865495698,
        0.9349293865495698,
        0.9349293865495698,
        0.9349293865495698,
        0.9349293865495698,
        0.9349293865495698,
        0.9349293865495698,
        0.9349293865495698,
        0.9349293865495698,
        0.9349293865495698,
        0.9349293865495698,
        0.9349293865495698,
        0.9349293865495698,
        0.9349293865495698,
        0.9349293865495698,
        0.9349293865495698,
        0.9349293865495698,
        0.9349293865495698,
        0.9349293865495698,
        0.9349293865495698,
        0.9349293865495698,
        0.9349293865495698,
        0.9349293865495698,
        0.9349293865495698,
        0.9349293865495698,
        0.9349293865495698,
        0.9349293865495698,
        0.9349293865495698,
        0.9349293865495698,
        0.9349293865495698,
        0.9349293865495698,
        0.9349293865495698,
        0.9349293865495698,
        0.9349293865495698,
        0.9349293865495698,
        0.9349293865495698,
        0.9349293865495698,
        0.9349293865495698,
        0.9349293865495698,
        0.9349293865495698,
        0.9349293865495698,
        0.9349293865495698,
        0.9349293865495698,
        0.9349293865495698,
        0.9349293865495698,
        0.9349293865495698,
        0.9349293865495698,
        0.9349293865495698,
        0.9349293865495698,
        0.9349293865495698,
        0.9349293865495698,
        0.9349293865495698,
        0.9349293865495698,
        0.9349293865495698,
        0.9349293865495698,
        0.9349293865495698,
        0.9349293865495698,
        0.9349293865495698,
        0.9349293865495698,
        0.9349293865495698,
        0.9349293865495698,
        0.9349293865495698,
        0.9349293865495698,
        0.9349293865495698,
        0.9349293865495698,
        0.9349293865495698,
        0.9349293865495698,
        0.9349293865495698,
        0.9349293865495698,
        0.9349293865495698,
        0.9349293865495698,
        0.9349293865495698,
        0.9349293865495698,
        0.9349293865495698,
        0.9349293865495698,
        0.9349293865495698,
        0.9349293865495698,
        0.9349293865495698,
        0.9349293865495698,
        0.9349293865495698,
        0.9349293865495698,
        0.9349293865495698,
        0.9349293865495698,
        0.9349293865495698,
        0.9349293865495698,
        0.9349293865495698,
        0.9349293865495698,
        0.9349293865495698,
        0.9349293865495698,
        0.9349293865495698,
        0.9349293865495698,
        0.9349293865495698,
        0.9349293865495698,
        0.9349293865495698,
        0.9349293865495698,
        0.9349293865495698,
        0.9349293865495698,
        0.9349293865495698,
        0.9349293865495698,
        0.9349293865495698,
        0.9349293865495698,
        0.9349293865495698,
        0.9349293865495698,
        0.9349293865495698,
        0.9349293865495698,
        0.9349293865495698,
        0.9349293865495698,
        0.9349293865495698,
        0.9349293865495698,
        0.9349293865495698,
        0.9349293865495698,
        0.9349293865495698,
        0.9349293865495698,
        0.9349293865495698,
        0.9349293865495698,
        0.9349293865495698,
        0.9349293865495698,
        0.9349293865495698,
        0.9349293865495698,
        0.9349293865495698,
        0.9349293865495698,
        0.9349293865495698,
        0.9349293865495698,
        0.9349293865495698,
        0.9349293865495698,
        0.9349293865495698,
        0.9349293865495698,
        0.9349293865495698,
        0.9349293865495698,
        0.9349293865495698,
        0.9349293865495698,
        0.9349293865495698,
        0.9349293865495698,
        0.9349293865495698,
        0.9349293865495698,
        0.9349293865495698,
        0.9349293865495698,
        0.9349293865495698,
        0.9349293865495698,
        0.9349293865495698,
        0.9349293865495698,
        0.9349293865495698,
        0.9349293865495698,
        0.9349293865495698,
        0.9349293865495698,
        0.9349293865495698,
        0.9349293865495698,
        0.9349293865495698,
        0.9349293865495698,
        0.9349293865495698,
        0.9349293865495698,
        0.9349293865495698,
        0.9349293865495698,
        0.9349293865495698,
        0.9349293865495698,
        0.9349293865495698,
        0.9349293865495698,
        0.9349293865495698
    ],