{
    "dimensions": [
        0,
        0,
        0,
        0,
        0,
        0,
        0,
        0,
        0,
        0,
        0,
        0,
        0,
        0,
        0,
        0,
        0,
        0,
        0,
        0,
        0,
        0,
        0,
        0,
        0,
        0,
        0,
        0,
        0,
        0,
        0,
        0,
        0,
        0,
        0,
        0,
        0,
        0,
        0,
        0,
        0,
        0,
        0,
        0,
        0,
        0,
        0,
        0,
        0,
        0,
        0,
        0,
        0,
        0,
        0,
        0,
        0,
        0,
        0,
        0,
        0,
        0,
        0,
        0,
        0,
        0,
        0,
        0,
        0,
        0,
        0,
        0,
        0,
        0,
        0,
        0,
        0,
        0,
        0,
        0,
        0,
        0,
        0,
        0,
        0,
        0,
        0,
        0,
        0,
        0,
        0,
        0,
        0,
        0,
        0,
        0,
        0,
        0,
        0,
        0,
        0,
        0,
        0,
        0,
        0,
        0,
        0,
        0,
        0,
        0,
        0,
        0,
        0,
        0,
        0,
        0,
        0,
        0,
        0,
        0,
        0,
        0,
        0,
        0,
        0,
        0,
        0,
        0,
        0,
        0,
        0,
        0,
        0,
        0,
        0,
        0,
        0,
        0,
        0,
        0,
        0,
        0,
        0,
        0,
        0,
        0,
        0,
        0,
        0,
        0,
        0,
        0,
        0,
        0,
        0,
        0,
        0,
        0,
        0,
        0,
        0,
        0,
        0,
        0,
        0,
        0,
        0,
        0
    ],
    "creation_values": [
        0.9915760768846382,
        0.9915760768846382,
        0.9915760768846382,
        0.9915760768846382,
        0.9915760768846382,
        0.9915760768846382,
        0.9915760768846382,
        0.9915760768846382,
        0.9915760768846382,
        0.9915760768846382,
        0.9915760768846382,
        0.9915760768846382,
        0.9915760768846382,
        0.9915760768846382,
        0.9915760768846382,
        0.9915760768846382,
        0.9915760768846382,
        0.9915760768846382,
        0.9915760768846382,
        0.9915760768846382,
        0.9915760768846382,
        0.9915760768846382,
        0.9915760768846382,
        0.9915760768846382,
        0.9915760768846382,
        0.9915760768846382,
        0.9915760768846382,
        0.9915760768846382,
        0.9915760768846382,
        0.9915760768846382,
        0.9915760768846382,
        0.9915760768846382,
        0.9915760768846382,
        0.9915760768846382,
        0.9915760768846382,
        0.9915760768846382,
        0.9915760768846382,
        0.9915760768846382,
        0.9915760768846382,
        0.9915760768846382,
        0.9915760768846382,
        0.9915760768846382,
        0.9915760768846382,
        0.9915760768846382,
        0.9915760768846382,
        0.9915760768846382,
        0.9915760768846382,
        0.9915760768846382,
        0.9915760768846382,
        0.9915760768846382,
        0.9915760768846382,
        0.9915760768846382,
        0.9915760768846382,
        0.9915760768846382,
        0.9915760768846382,
        0.9915760768846382,
        0.9915760768846382,
        0.9915760768846382,
        0.9915760768846382,
        0.9915760768846382,
        0.9915760768846382,
        0.9915760768846382,
        0.9915760768846382,
        0.9915760768846382,
        0.9915760768846382,
        0.9915760768846382,
        0.9915760768846382,
        0.9915760768846382,
        0.9915760768846382,
        0.9915760768846382,
        0.9915760768846382,
        0.9915760768846382,
        0.9915760768846382,
        0.9915760768846382,
        0.9915760768846382,
        0.9915760768846382,
        0.9915760768846382,
        0.9915760768846382,
        0.9915760768846382,
        0.9915760768846382,
        0.9915760768846382,
        0.9915760768846382,
        0.9915760768846382,
        0.9915760768846382,
        0.9915760768846382,
        0.9915760768846382,
        0.9915760768846382,
        0.9915760768846382,
        0.9915760768846382,
        0.9915760768846382,
        0.9915760768846382,
        0.9915760768846382,
        0.9915760768846382,
        0.9915760768846382,
        0.9915760768846382,
        0.9915760768846382,
        0.9915760768846382,
        0.9915760768846382,
        0.9915760768846382,
        0.9915760768846382,
        0.9915760768846382,
        0.9915760768846382,
        0.9915760768846382,
        0.9915760768846382,
        0.9915760768846382,
        0.9915760768846382,
        0.9915760768846382,
        0.9915760768846382,
        0.9915760768846382,
        0.9915760768846382,
        0.9915760768846382,
        0.9915760768846382,
        0.9915760768846382,
        0.9915760768846382,
        0.9915760768846382,
        0.9915760768846382,
        0.9915760768846382,
        0.9915760768846382,
        0.9915760768846382,
        0.9915760768846382,
        0.9915760768846382,
        0.9915760768846382,
        0.9915760768846382,
        0.9915760768846382,
        0.9915760768846382,
        0.9915760768846382,
        0.9915760768846382,
        0.9915760768846382,
        0.9915760768846382,
        0.9915760768846382,
        0.9915760768846382,
        0.9915760768846382,
        0.9915760768846382,
        0.9915760768846382,
        0.9915760768846382,
        0.9915760768846382,
        0.9915760768846382,
        0.9915760768846382,
        0.9915760768846382,
        0.9915760768846382,
        0.9915760768846382,
        0.9915760768846382,
        0.9915760768846382,
        0.9915760768846382,
        0.9915760768846382,
        0.9915760768846382,
        0.9915760768846382,
        0.9915760768846382,
        0.9915760768846382,
        0.9915760768846382,
        0.9915760768846382,
        0.9915760768846382,
        0.9915760768846382,
        0.9915760768846382,
        0.9915760768846382,
        0.9915760768846382,
        0.9915760768846382,
        0.9915760768846382,
        0.9915760768846382,
        0.9915760768846382,
        0.9915760768846382,
        0.9915760768846382,
        0.9915760768846382,
        0.9915760768846382,
        0.9915760768846382,
        0.9915760768846382,
        0.9915760768846382,
        0.9915760768846382
    ],