{
    "dimensions": [
        0,
        0,
        0,
        0,
        0,
        0,
        0,
        0,
        0,
        0,
        0,
        0,
        0,
        0,
        0,
        0,
        0,
        0,
        0,
        0,
        0,
        0,
        0,
        0,
        0,
        0,
        0,
        0,
        0,
        0,
        0,
        0,
        0,
        0,
        0,
        0,
        0,
        0,
        0,
        0,
        0,
        0,
        0,
        0,
        0,
        0,
        0,
        0,
        0,
        0,
        0,
        0,
        0,
        0,
        0,
        0,
        0,
        0,
        0,
        0,
        0,
        0,
        0,
        0,
        0,
        0,
        0,
        0,
        0,
        0,
        0,
        0,
        0,
        0,
        0,
        0,
        0,
        0,
        0,
        0,
        0,
        0,
        0,
        0,
        0,
        0,
        0,
        0,
        0,
        0,
        0,
        0,
        0,
        0,
        0,
        0,
        0,
        0,
        0,
        0,
        0,
        0,
        0,
        0,
        0,
        0,
        0,
        0,
        0,
        0,
        0,
        0,
        0,
        0,
        0,
        0,
        0,
        0,
        0,
        0,
        0,
        0,
        0,
        0,
        0,
        0,
        0,
        0,
        0,
        0,
        0,
        0,
        0,
        0,
        0,
        0,
        0,
        0,
        0,
        0,
        0,
        0,
        0,
        0,
        0,
        0,
        0,
        0,
        0,
        0,
        0,
        0,
        0,
        0,
        0,
        0,
        0,
        0,
        0,
        0,
        0,
        0,
        0,
        0,
        0,
        0,
        0,
        0
    ],
    "creation_values": [
        0.9982346982966942,
        0.9982346982966942,
        0.9982346982966942,
        0.9982346982966942,
        0.9982346982966942,
        0.9982346982966942,
        0.9982346982966942,
        0.9982346982966942,
        0.9982346982966942,
        0.9982346982966942,
        0.9982346982966942,
        0.9982346982966942,
        0.9982346982966942,
        0.9982346982966942,
        0.9982346982966942,
        0.9982346982966942,
        0.9982346982966942,
        0.9982346982966942,
        0.9982346982966942,
        0.9982346982966942,
        0.9982346982966942,
        0.9982346982966942,
        0.9982346982966942,
        0.9982346982966942,
        0.9982346982966942,
        0.9982346982966942,
        0.9982346982966942,
        0.9982346982966942,
        0.9982346982966942,
        0.9982346982966942,
        0.9982346982966942,
        0.9982346982966942,
        0.9982346982966942,
        0.9982346982966942,
        0.9982346982966942,
        0.9982346982966942,
        0.9982346982966942,
        0.9982346982966942,
        0.9982346982966942,
        0.9982346982966942,
        0.9982346982966942,
        0.9982346982966942,
        0.9982346982966942,
        0.9982346982966942,
        0.9982346982966942,
        0.9982346982966942,
        0.9982346982966942,
        0.9982346982966942,
        0.9982346982966942,
        0.9982346982966942,
        0.9982346982966942,
        0.9982346982966942,
        0.9982346982966942,
        0.9982346982966942,
        0.9982346982966942,
        0.9982346982966942,
        0.9982346982966942,
        0.9982346982966942,
        0.9982346982966942,
        0.9982346982966942,
        0.9982346982966942,
        0.9982346982966942,
        0.9982346982966942,
        0.9982346982966942,
        0.9982346982966942,
        0.9982346982966942,
        0.9982346982966942,
        0.9982346982966942,
        0.9982346982966942,
        0.9982346982966942,
        0.9982346982966942,
        0.9982346982966942,
        0.9982346982966942,
        0.9982346982966942,
        0.9982346982966942,
        0.9982346982966942,
        0.9982346982966942,
        0.9982346982966942,
        0.9982346982966942,
        0.9982346982966942,
        0.9982346982966942,
        0.9982346982966942,
        0.9982346982966942,
        0.9982346982966942,
        0.9982346982966942,
        0.9982346982966942,
        0.9982346982966942,
        0.9982346982966942,
        0.9982346982966942,
        0.9982346982966942,
        0.9982346982966942,
        0.9982346982966942,
        0.9982346982966942,
        0.9982346982966942,
        0.9982346982966942,
        0.9982346982966942,
        0.9982346982966942,
        0.9982346982966942,
        0.9982346982966942,
        0.9982346982966942,
        0.9982346982966942,
        0.9982346982966942,
        0.9982346982966942,
        0.9982346982966942,
        0.9982346982966942,
        0.9982346982966942,
        0.9982346982966942,
        0.9982346982966942,
        0.9982346982966942,
        0.9982346982966942,
        0.9982346982966942,
        0.9982346982966942,
        0.9982346982966942,
        0.9982346982966942,
        0.9982346982966942,
        0.9982346982966942,
        0.9982346982966942,
        0.9982346982966942,
        0.9982346982966942,
        0.9982346982966942,
        0.9982346982966942,
        0.9982346982966942,
        0.9982346982966942,
        0.9982346982966942,
        0.9982346982966942,
        0.9982346982966942,
        0.9982346982966942,
        0.9982346982966942,
        0.9982346982966942,
        0.9982346982966942,
        0.9982346982966942,
        0.9982346982966942,
        0.9982346982966942,
        0.9982346982966942,
        0.9982346982966942,
        0.9982346982966942,
        0.9982346982966942,
        0.9982346982966942,
        0.9982346982966942,
        0.9982346982966942,
        0.9982346982966942,
        0.9982346982966942,
        0.9982346982966942,
        0.9982346982966942,
        0.9982346982966942,
        0.9982346982966942,
        0.9982346982966942,
        0.9982346982966942,
        0.9982346982966942,
        0.9982346982966942,
        0.9982346982966942,
        0.9982346982966942,
        0.9982346982966942,
        0.9982346982966942,
        0.9982346982966942,
        0.9982346982966942,
        0.9982346982966942,
        0.9982346982966942,
        0.9982346982966942,
        0.9982346982966942,
        0.9982346982966942,
        0.9982346982966942,
        0.9982346982966942,
        0.9982346982966942,
        0.9982346982966942,
        0.9982346982966942,
        0.9982346982966942,
        0.9982346982966942
    ],