{
    "dimensions": [
        0,
        0,
        0,
        0,
        0,
        0,
        0,
        0,
        0,
        0,
        0,
        0,
        0,
        0,
        0,
        0,
        0,
        0,
        0,
        0,
        0,
        0,
        0,
        0,
        0,
        0,
        0,
        0,
        0,
        0,
        0,
        0,
        0,
        0,
        0,
        0,
        0,
        0,
        0,
        0,
        0,
        0,
        0,
        0,
        0,
        0,
        0,
        0,
        0,
        0,
        0,
        0,
        0,
        0,
        0,
        0,
        0,
        0,
        0,
        0,
        0,
        0,
        0,
        0,
        0,
        0,
        0,
        0,
        0,
        0,
        0,
        0,
        0,
        0,
        0,
        0,
        0,
        0,
        0,
        0,
        0,
        0,
        0,
        0,
        0,
        0,
        0,
        0,
        0,
        0,
        0,
        0,
        0,
        0,
        0,
        0,
        0,
        0,
        0,
        0,
        0,
        0,
        0,
        0,
        0,
        0,
        0,
        0,
        0,
        0,
        0,
        0,
        0,
        0,
        0,
        0,
        0,
        0,
        0,
        0,
        0,
        0,
        0,
        0,
        0,
        0,
        0,
        0,
        0,
        0,
        0,
        0,
        0,
        0,
        0,
        0,
        0,
        0,
        0,
        0,
        0,
        0,
        0,
        0,
        0,
        0,
        0,
        0,
        0,
        0,
        0,
        0,
        0,
        0,
        0,
        0,
        0,
        0,
        0,
        0,
        0,
        0,
        0,
        0,
        0,
        0,
        0,
        0
    ],
    "creation_values": [
        0.9871594575290493,
        0.9871594575290493,
        0.9871594575290493,
        0.9871594575290493,
        0.9871594575290493,
        0.9871594575290493,
        0.9871594575290493,
        0.9871594575290493,
        0.9871594575290493,
        0.9871594575290493,
        0.9871594575290493,
        0.9871594575290493,
        0.9871594575290493,
        0.9871594575290493,
        0.9871594575290493,
        0.9871594575290493,
        0.9871594575290493,
        0.9871594575290493,
        0.9871594575290493,
        0.9871594575290493,
        0.9871594575290493,
        0.9871594575290493,
        0.9871594575290493,
        0.9871594575290493,
        0.9871594575290493,
        0.9871594575290493,
        0.9871594575290493,
        0.9871594575290493,
        0.9871594575290493,
        0.9871594575290493,
        0.9871594575290493,
        0.9871594575290493,
        0.9871594575290493,
        0.9871594575290493,
        0.9871594575290493,
        0.9871594575290493,
        0.9871594575290493,
        0.9871594575290493,
        0.9871594575290493,
        0.9871594575290493,
        0.9871594575290493,
        0.9871594575290493,
        0.9871594575290493,
        0.9871594575290493,
        0.9871594575290493,
        0.9871594575290493,
        0.9871594575290493,
        0.9871594575290493,
        0.9871594575290493,
        0.9871594575290493,
        0.9871594575290493,
        0.9871594575290493,
        0.9871594575290493,
        0.9871594575290493,
        0.9871594575290493,
        0.9871594575290493,
        0.9871594575290493,
        0.9871594575290493,
        0.9871594575290493,
        0.9871594575290493,
        0.9871594575290493,
        0.9871594575290493,
        0.9871594575290493,
        0.9871594575290493,
        0.9871594575290493,
        0.9871594575290493,
        0.9871594575290493,
        0.9871594575290493,
        0.9871594575290493,
        0.9871594575290493,
        0.9871594575290493,
        0.9871594575290493,
        0.9871594575290493,
        0.9871594575290493,
        0.9871594575290493,
        0.9871594575290493,
        0.9871594575290493,
        0.9871594575290493,
        0.9871594575290493,
        0.9871594575290493,
        0.9871594575290493,
        0.9871594575290493,
        0.9871594575290493,
        0.9871594575290493,
        0.9871594575290493,
        0.9871594575290493,
        0.9871594575290493,
        0.9871594575290493,
        0.9871594575290493,
        0.9871594575290493,
        0.9871594575290493,
        0.9871594575290493,
        0.9871594575290493,
        0.9871594575290493,
        0.9871594575290493,
        0.9871594575290493,
        0.9871594575290493,
        0.9871594575290493,
        0.9871594575290493,
        0.9871594575290493,
        0.9871594575290493,
        0.9871594575290493,
        0.9871594575290493,
        0.9871594575290493,
        0.9871594575290493,
        0.9871594575290493,
        0.9871594575290493,
        0.9871594575290493,
        0.9871594575290493,
        0.9871594575290493,
        0.9871594575290493,
        0.9871594575290493,
        0.9871594575290493,
        0.9871594575290493,
        0.9871594575290493,
        0.9871594575290493,
        0.9871594575290493,
        0.9871594575290493,
        0.9871594575290493,
        0.9871594575290493,
        0.9871594575290493,
        0.9871594575290493,
        0.9871594575290493,
        0.9871594575290493,
        0.9871594575290493,
        0.9871594575290493,
        0.9871594575290493,
        0.9871594575290493,
        0.9871594575290493,
        0.9871594575290493,
        0.9871594575290493,
        0.9871594575290493,
        0.9871594575290493,
        0.9871594575290493,
        0.9871594575290493,
        0.9871594575290493,
        0.9871594575290493,
        0.9871594575290493,
        0.9871594575290493,
        0.9871594575290493,
        0.9871594575290493,
        0.9871594575290493,
        0.9871594575290493,
        0.9871594575290493,
        0.9871594575290493,
        0.9871594575290493,
        0.9871594575290493,
        0.9871594575290493,
        0.9871594575290493,
        0.9871594575290493,
        0.9871594575290493,
        0.9871594575290493,
        0.9871594575290493,
        0.9871594575290493,
        0.9871594575290493,
        0.9871594575290493,
        0.9871594575290493,
        0.9871594575290493,
        0.9871594575290493,
        0.9871594575290493,
        0.9871594575290493,
        0.9871594575290493,
        0.9871594575290493,
        0.9871594575290493,
        0.9871594575290493,
        0.9871594575290493,
        0.9871594575290493,
        0.9871594575290493
    ],