{
    "dimensions": [
        0,
        0,
        0,
        0,
        0,
        0,
        0,
        0,
        0,
        0,
        0,
        0,
        0,
        0,
        0,
        0,
        0,
        0,
        0,
        0,
        0,
        0,
        0,
        0,
        0,
        0,
        0,
        0,
        0,
        0,
        0,
        0,
        0,
        0,
        0,
        0,
        0,
        0,
        0,
        0,
        0,
        0,
        0,
        0,
        0,
        0,
        0,
        0,
        0,
        0,
        0,
        0,
        0,
        0,
        0,
        0,
        0,
        0,
        0,
        0,
        0,
        0,
        0,
        0,
        0,
        0,
        0,
        0,
        0,
        0,
        0,
        0,
        0,
        0,
        0,
        0,
        0,
        0,
        0,
        0,
        0,
        0,
        0,
        0,
        0,
        0,
        0,
        0,
        0,
        0,
        0,
        0,
        0,
        0,
        0,
        0,
        0,
        0,
        0,
        0,
        0,
        0,
        0,
        0,
        0,
        0,
        0,
        0,
        0,
        0,
        0,
        0,
        0,
        0,
        0,
        0,
        0,
        0,
        0,
        0,
        0,
        0,
        0,
        0,
        0,
        0,
        0,
        0,
        0,
        0,
        0,
        0,
        0,
        0,
        0,
        0,
        0,
        0,
        0,
        0,
        0,
        0,
        0,
        0,
        0,
        0,
        0,
        0,
        0,
        0,
        0,
        0,
        0,
        0,
        0,
        0,
        0,
        0,
        0,
        0,
        0,
        0,
        0,
        0,
        0,
        0,
        0,
        0
    ],
    "creation_values": [
        0.9398172554388154,
        0.9398172554388154,
        0.9398172554388154,
        0.9398172554388154,
        0.9398172554388154,
        0.9398172554388154,
        0.9398172554388154,
        0.9398172554388154,
        0.9398172554388154,
        0.9398172554388154,
        0.9398172554388154,
        0.9398172554388154,
        0.9398172554388154,
        0.9398172554388154,
        0.9398172554388154,
        0.9398172554388154,
        0.9398172554388154,
        0.9398172554388154,
        0.9398172554388154,
        0.9398172554388154,
        0.9398172554388154,
        0.9398172554388154,
        0.9398172554388154,
        0.9398172554388154,
        0.9398172554388154,
        0.9398172554388154,
        0.9398172554388154,
        0.9398172554388154,
        0.9398172554388154,
        0.9398172554388154,
        0.9398172554388154,
        0.9398172554388154,
        0.9398172554388154,
        0.9398172554388154,
        0.9398172554388154,
        0.9398172554388154,
        0.9398172554388154,
        0.9398172554388154,
        0.9398172554388154,
        0.9398172554388154,
        0.9398172554388154,
        0.9398172554388154,
        0.9398172554388154,
        0.9398172554388154,
        0.9398172554388154,
        0.9398172554388154,
        0.9398172554388154,
        0.9398172554388154,
        0.9398172554388154,
        0.9398172554388154,
        0.9398172554388154,
        0.9398172554388154,
        0.9398172554388154,
        0.9398172554388154,
        0.9398172554388154,
        0.9398172554388154,
        0.9398172554388154,
        0.9398172554388154,
        0.9398172554388154,
        0.9398172554388154,
        0.9398172554388154,
        0.9398172554388154,
        0.9398172554388154,
        0.9398172554388154,
        0.9398172554388154,
        0.9398172554388154,
        0.9398172554388154,
        0.9398172554388154,
        0.9398172554388154,
        0.9398172554388154,
        0.9398172554388154,
        0.9398172554388154,
        0.9398172554388154,
        0.9398172554388154,
        0.9398172554388154,
        0.9398172554388154,
        0.9398172554388154,
        0.9398172554388154,
        0.9398172554388154,
        0.9398172554388154,
        0.9398172554388154,
        0.9398172554388154,
        0.9398172554388154,
        0.9398172554388154,
        0.9398172554388154,
        0.9398172554388154,
        0.9398172554388154,
        0.9398172554388154,
        0.9398172554388154,
        0.9398172554388154,
        0.9398172554388154,
        0.9398172554388154,
        0.9398172554388154,
        0.9398172554388154,
        0.9398172554388154,
        0.9398172554388154,
        0.9398172554388154,
        0.9398172554388154,
        0.9398172554388154,
        0.9398172554388154,
        0.9398172554388154,
        0.9398172554388154,
        0.9398172554388154,
        0.9398172554388154,
        0.9398172554388154,
        0.9398172554388154,
        0.9398172554388154,
        0.9398172554388154,
        0.9398172554388154,
        0.9398172554388154,
        0.9398172554388154,
        0.9398172554388154,
        0.9398172554388154,
        0.9398172554388154,
        0.9398172554388154,
        0.9398172554388154,
        0.9398172554388154,
        0.9398172554388154,
        0.9398172554388154,
        0.9398172554388154,
        0.9398172554388154,
        0.9398172554388154,
        0.9398172554388154,
        0.9398172554388154,
        0.9398172554388154,
        0.9398172554388154,
        0.9398172554388154,
        0.9398172554388154,
        0.9398172554388154,
        0.9398172554388154,
        0.9398172554388154,
        0.9398172554388154,
        0.9398172554388154,
        0.9398172554388154,
        0.9398172554388154,
        0.9398172554388154,
        0.9398172554388154,
        0.9398172554388154,
        0.9398172554388154,
        0.9398172554388154,
        0.9398172554388154,
        0.9398172554388154,
        0.9398172554388154,
        0.9398172554388154,
        0.9398172554388154,
        0.9398172554388154,
        0.9398172554388154,
        0.9398172554388154,
        0.9398172554388154,
        0.9398172554388154,
        0.9398172554388154,
        0.9398172554388154,
        0.9398172554388154,
        0.9398172554388154,
        0.9398172554388154,
        0.9398172554388154,
        0.9398172554388154,
        0.9398172554388154,
        0.9398172554388154,
        0.9398172554388154,
        0.9398172554388154,
        0.9398172554388154,
        0.9398172554388154,
        0.9398172554388154,
        0.9398172554388154,
        0.9398172554388154,
        0.9398172554388154,
        0.9398172554388154
    ],