{
    "dimensions": [
        0,
        0,
        0,
        0,
        0,
        0,
        0,
        0,
        0,
        0,
        0,
        0,
        0,
        0,
        0,
        0,
        0,
        0,
        0,
        0,
        0,
        0,
        0,
        0,
        0,
        0,
        0,
        0,
        0,
        0,
        0,
        0,
        0,
        0,
        0,
        0,
        0,
        0,
        0,
        0,
        0,
        0,
        0,
        0,
        0,
        0,
        0,
        0,
        0,
        0,
        0,
        0,
        0,
        0,
        0,
        0,
        0,
        0,
        0,
        0,
        0,
        0,
        0,
        0,
        0,
        0,
        0,
        0,
        0,
        0,
        0,
        0,
        0,
        0,
        0,
        0,
        0,
        0,
        0,
        0,
        0,
        0,
        0,
        0,
        0,
        0,
        0,
        0,
        0,
        0,
        0,
        0,
        0,
        0,
        0,
        0,
        0,
        0,
        0,
        0,
        0,
        0,
        0,
        0,
        0,
        0,
        0,
        0,
        0,
        0,
        0,
        0,
        0,
        0,
        0,
        0,
        0,
        0,
        0,
        0,
        0,
        0,
        0,
        0,
        0,
        0,
        0,
        0,
        0,
        0,
        0,
        0,
        0,
        0,
        0,
        0,
        0,
        0,
        0,
        0,
        0,
        0,
        0,
        0,
        0,
        0,
        0,
        0,
        0,
        0,
        0,
        0,
        0,
        0,
        0,
        0,
        0,
        0,
        0,
        0,
        0,
        0,
        0,
        0,
        0,
        0,
        0,
        0
    ],
    "creation_values": [
        0.9850217543399571,
        0.9850217543399571,
        0.9850217543399571,
        0.9850217543399571,
        0.9850217543399571,
        0.9850217543399571,
        0.9850217543399571,
        0.9850217543399571,
        0.9850217543399571,
        0.9850217543399571,
        0.9850217543399571,
        0.9850217543399571,
        0.9850217543399571,
        0.9850217543399571,
        0.9850217543399571,
        0.9850217543399571,
        0.9850217543399571,
        0.9850217543399571,
        0.9850217543399571,
        0.9850217543399571,
        0.9850217543399571,
        0.9850217543399571,
        0.9850217543399571,
        0.9850217543399571,
        0.9850217543399571,
        0.9850217543399571,
        0.9850217543399571,
        0.9850217543399571,
        0.9850217543399571,
        0.9850217543399571,
        0.9850217543399571,
        0.9850217543399571,
        0.9850217543399571,
        0.9850217543399571,
        0.9850217543399571,
        0.9850217543399571,
        0.9850217543399571,
        0.9850217543399571,
        0.9850217543399571,
        0.9850217543399571,
        0.9850217543399571,
        0.9850217543399571,
        0.9850217543399571,
        0.9850217543399571,
        0.9850217543399571,
        0.9850217543399571,
        0.9850217543399571,
        0.9850217543399571,
        0.9850217543399571,
        0.9850217543399571,
        0.9850217543399571,
        0.9850217543399571,
        0.9850217543399571,
        0.9850217543399571,
        0.9850217543399571,
        0.9850217543399571,
        0.9850217543399571,
        0.9850217543399571,
        0.9850217543399571,
        0.9850217543399571,
        0.9850217543399571,
        0.9850217543399571,
        0.9850217543399571,
        0.9850217543399571,
        0.9850217543399571,
        0.9850217543399571,
        0.9850217543399571,
        0.9850217543399571,
        0.9850217543399571,
        0.9850217543399571,
        0.9850217543399571,
        0.9850217543399571,
        0.9850217543399571,
        0.9850217543399571,
        0.9850217543399571,
        0.9850217543399571,
        0.9850217543399571,
        0.9850217543399571,
        0.9850217543399571,
        0.9850217543399571,
        0.9850217543399571,
        0.9850217543399571,
        0.9850217543399571,
        0.9850217543399571,
        0.9850217543399571,
        0.9850217543399571,
        0.9850217543399571,
        0.9850217543399571,
        0.9850217543399571,
        0.9850217543399571,
        0.9850217543399571,
        0.9850217543399571,
        0.9850217543399571,
        0.9850217543399571,
        0.9850217543399571,
        0.9850217543399571,
        0.9850217543399571,
        0.9850217543399571,
        0.9850217543399571,
        0.9850217543399571,
        0.9850217543399571,
        0.9850217543399571,
        0.9850217543399571,
        0.9850217543399571,
        0.9850217543399571,
        0.9850217543399571,
        0.9850217543399571,
        0.9850217543399571,
        0.9850217543399571,
        0.9850217543399571,
        0.9850217543399571,
        0.9850217543399571,
        0.9850217543399571,
        0.9850217543399571,
        0.9850217543399571,
        0.9850217543399571,
        0.9850217543399571,
        0.9850217543399571,
        0.9850217543399571,
        0.9850217543399571,
        0.9850217543399571,
        0.9850217543399571,
        0.9850217543399571,
        0.9850217543399571,
        0.9850217543399571,
        0.9850217543399571,
        0.9850217543399571,
        0.9850217543399571,
        0.9850217543399571,
        0.9850217543399571,
        0.9850217543399571,
        0.9850217543399571,
        0.9850217543399571,
        0.9850217543399571,
        0.9850217543399571,
        0.9850217543399571,
        0.9850217543399571,
        0.9850217543399571,
        0.9850217543399571,
        0.9850217543399571,
        0.9850217543399571,
        0.9850217543399571,
        0.9850217543399571,
        0.9850217543399571,
        0.9850217543399571,
        0.9850217543399571,
        0.9850217543399571,
        0.9850217543399571,
        0.9850217543399571,
        0.9850217543399571,
        0.9850217543399571,
        0.9850217543399571,
        0.9850217543399571,
        0.9850217543399571,
        0.9850217543399571,
        0.9850217543399571,
        0.9850217543399571,
        0.9850217543399571,
        0.9850217543399571,
        0.9850217543399571,
        0.9850217543399571,
        0.9850217543399571,
        0.9850217543399571,
        0.9850217543399571,
        0.9850217543399571,
        0.9850217543399571,
        0.9850217543399571,
        0.9850217543399571
    ],