{
    "dimensions": [
        0,
        0,
        0,
        0,
        0,
        0,
        0,
        0,
        0,
        0,
        0,
        0,
        0,
        0,
        0,
        0,
        0,
        0,
        0,
        0,
        0,
        0,
        0,
        0,
        0,
        0,
        0,
        0,
        0,
        0,
        0,
        0,
        0,
        0,
        0,
        0,
        0,
        0,
        0,
        0,
        0,
        0,
        0,
        0,
        0,
        0,
        0,
        0,
        0,
        0,
        0,
        0,
        0,
        0,
        0,
        0,
        0,
        0,
        0,
        0,
        0,
        0,
        0,
        0,
        0,
        0,
        0,
        0,
        0,
        0,
        0,
        0,
        0,
        0,
        0,
        0,
        0,
        0,
        0,
        0,
        0,
        0,
        0,
        0,
        0,
        0,
        0,
        0,
        0,
        0,
        0,
        0,
        0,
        0,
        0,
        0,
        0,
        0,
        0,
        0,
        0,
        0,
        0,
        0,
        0,
        0,
        0,
        0,
        0,
        0,
        0,
        0,
        0,
        0,
        0,
        0,
        0,
        0,
        0,
        0,
        0,
        0,
        0,
        0,
        0,
        0,
        0,
        0,
        0,
        0,
        0,
        0,
        0,
        0,
        0,
        0,
        0,
        0,
        0,
        0,
        0,
        0,
        0,
        0,
        0,
        0,
        0,
        0,
        0,
        0,
        0,
        0,
        0,
        0,
        0,
        0,
        0,
        0,
        0,
        0,
        0,
        0,
        0,
        0,
        0,
        0,
        0,
        0
    ],
    "creation_values": [
        0.9589384450530176,
        0.9589384450530176,
        0.9589384450530176,
        0.9589384450530176,
        0.9589384450530176,
        0.9589384450530176,
        0.9589384450530176,
        0.9589384450530176,
        0.9589384450530176,
        0.9589384450530176,
        0.9589384450530176,
        0.9589384450530176,
        0.9589384450530176,
        0.9589384450530176,
        0.9589384450530176,
        0.9589384450530176,
        0.9589384450530176,
        0.9589384450530176,
        0.9589384450530176,
        0.9589384450530176,
        0.9589384450530176,
        0.9589384450530176,
        0.9589384450530176,
        0.9589384450530176,
        0.9589384450530176,
        0.9589384450530176,
        0.9589384450530176,
        0.9589384450530176,
        0.9589384450530176,
        0.9589384450530176,
        0.9589384450530176,
        0.9589384450530176,
        0.9589384450530176,
        0.9589384450530176,
        0.9589384450530176,
        0.9589384450530176,
        0.9589384450530176,
        0.9589384450530176,
        0.9589384450530176,
        0.9589384450530176,
        0.9589384450530176,
        0.9589384450530176,
        0.9589384450530176,
        0.9589384450530176,
        0.9589384450530176,
        0.9589384450530176,
        0.9589384450530176,
        0.9589384450530176,
        0.9589384450530176,
        0.9589384450530176,
        0.9589384450530176,
        0.9589384450530176,
        0.9589384450530176,
        0.9589384450530176,
        0.9589384450530176,
        0.9589384450530176,
        0.9589384450530176,
        0.9589384450530176,
        0.9589384450530176,
        0.9589384450530176,
        0.9589384450530176,
        0.9589384450530176,
        0.9589384450530176,
        0.9589384450530176,
        0.9589384450530176,
        0.9589384450530176,
        0.9589384450530176,
        0.9589384450530176,
        0.9589384450530176,
        0.9589384450530176,
        0.9589384450530176,
        0.9589384450530176,
        0.9589384450530176,
        0.9589384450530176,
        0.9589384450530176,
        0.9589384450530176,
        0.9589384450530176,
        0.9589384450530176,
        0.9589384450530176,
        0.9589384450530176,
        0.9589384450530176,
        0.9589384450530176,
        0.9589384450530176,
        0.9589384450530176,
        0.9589384450530176,
        0.9589384450530176,
        0.9589384450530176,
        0.9589384450530176,
        0.9589384450530176,
        0.9589384450530176,
        0.9589384450530176,
        0.9589384450530176,
        0.9589384450530176,
        0.9589384450530176,
        0.9589384450530176,
        0.9589384450530176,
        0.9589384450530176,
        0.9589384450530176,
        0.9589384450530176,
        0.9589384450530176,
        0.9589384450530176,
        0.9589384450530176,
        0.9589384450530176,
        0.9589384450530176,
        0.9589384450530176,
        0.9589384450530176,
        0.9589384450530176,
        0.9589384450530176,
        0.9589384450530176,
        0.9589384450530176,
        0.9589384450530176,
        0.9589384450530176,
        0.9589384450530176,
        0.9589384450530176,
        0.9589384450530176,
        0.9589384450530176,
        0.9589384450530176,
        0.9589384450530176,
        0.9589384450530176,
        0.9589384450530176,
        0.9589384450530176,
        0.9589384450530176,
        0.9589384450530176,
        0.9589384450530176,
        0.9589384450530176,
        0.9589384450530176,
        0.9589384450530176,
        0.9589384450530176,
        0.9589384450530176,
        0.9589384450530176,
        0.9589384450530176,
        0.9589384450530176,
        0.9589384450530176,
        0.9589384450530176,
        0.9589384450530176,
        0.9589384450530176,
        0.9589384450530176,
        0.9589384450530176,
        0.9589384450530176,
        0.9589384450530176,
        0.9589384450530176,
        0.9589384450530176,
        0.9589384450530176,
        0.9589384450530176,
        0.9589384450530176,
        0.9589384450530176,
        0.9589384450530176,
        0.9589384450530176,
        0.9589384450530176,
        0.9589384450530176,
        0.9589384450530176,
        0.9589384450530176,
        0.9589384450530176,
        0.9589384450530176,
        0.9589384450530176,
        0.9589384450530176,
        0.9589384450530176,
        0.9589384450530176,
        0.9589384450530176,
        0.9589384450530176,
        0.9589384450530176,
        0.9589384450530176,
        0.9589384450530176,
        0.9589384450530176,
        0.9589384450530176,
        0.9589384450530176,
        0.9589384450530176,
        0.9589384450530176
    ],