{
    "dimensions": [
        0,
        0,
        0,
        0,
        0,
        0,
        0,
        0,
        0,
        0,
        0,
        0,
        0,
        0,
        0,
        0,
        0,
        0,
        0,
        0,
        0,
        0,
        0,
        0,
        0,
        0,
        0,
        0,
        0,
        0,
        0,
        0,
        0,
        0,
        0,
        0,
        0,
        0,
        0,
        0,
        0,
        0,
        0,
        0,
        0,
        0,
        0,
        0,
        0,
        0,
        0,
        0,
        0,
        0,
        0,
        0,
        0,
        0,
        0,
        0,
        0,
        0,
        0,
        0,
        0,
        0,
        0,
        0,
        0,
        0,
        0,
        0,
        0,
        0,
        0,
        0,
        0,
        0,
        0,
        0,
        0,
        0,
        0,
        0,
        0,
        0,
        0,
        0,
        0,
        0,
        0,
        0,
        0,
        0,
        0,
        0,
        0,
        0,
        0,
        0,
        0,
        0,
        0,
        0,
        0,
        0,
        0,
        0,
        0,
        0,
        0,
        0,
        0,
        0,
        0,
        0,
        0,
        0,
        0,
        0,
        0,
        0,
        0,
        0,
        0,
        0,
        0,
        0,
        0,
        0,
        0,
        0,
        0,
        0,
        0,
        0,
        0,
        0,
        0,
        0,
        0,
        0,
        0,
        0,
        0,
        0,
        0,
        0,
        0,
        0,
        0,
        0,
        0,
        0,
        0,
        0,
        0,
        0,
        0,
        0,
        0,
        0,
        0,
        0,
        0,
        0,
        0,
        0
    ],
    "creation_values": [
        0.9635048024818212,
        0.9635048024818212,
        0.9635048024818212,
        0.9635048024818212,
        0.9635048024818212,
        0.9635048024818212,
        0.9635048024818212,
        0.9635048024818212,
        0.9635048024818212,
        0.9635048024818212,
        0.9635048024818212,
        0.9635048024818212,
        0.9635048024818212,
        0.9635048024818212,
        0.9635048024818212,
        0.9635048024818212,
        0.9635048024818212,
        0.9635048024818212,
        0.9635048024818212,
        0.9635048024818212,
        0.9635048024818212,
        0.9635048024818212,
        0.9635048024818212,
        0.9635048024818212,
        0.9635048024818212,
        0.9635048024818212,
        0.9635048024818212,
        0.9635048024818212,
        0.9635048024818212,
        0.9635048024818212,
        0.9635048024818212,
        0.9635048024818212,
        0.9635048024818212,
        0.9635048024818212,
        0.9635048024818212,
        0.9635048024818212,
        0.9635048024818212,
        0.9635048024818212,
        0.9635048024818212,
        0.9635048024818212,
        0.9635048024818212,
        0.9635048024818212,
        0.9635048024818212,
        0.9635048024818212,
        0.9635048024818212,
        0.9635048024818212,
        0.9635048024818212,
        0.9635048024818212,
        0.9635048024818212,
        0.9635048024818212,
        0.9635048024818212,
        0.9635048024818212,
        0.9635048024818212,
        0.9635048024818212,
        0.9635048024818212,
        0.9635048024818212,
        0.9635048024818212,
        0.9635048024818212,
        0.9635048024818212,
        0.9635048024818212,
        0.9635048024818212,
        0.9635048024818212,
        0.9635048024818212,
        0.9635048024818212,
        0.9635048024818212,
        0.9635048024818212,
        0.9635048024818212,
        0.9635048024818212,
        0.9635048024818212,
        0.9635048024818212,
        0.9635048024818212,
        0.9635048024818212,
        0.9635048024818212,
        0.9635048024818212,
        0.9635048024818212,
        0.9635048024818212,
        0.9635048024818212,
        0.9635048024818212,
        0.9635048024818212,
        0.9635048024818212,
        0.9635048024818212,
        0.9635048024818212,
        0.9635048024818212,
        0.9635048024818212,
        0.9635048024818212,
        0.9635048024818212,
        0.9635048024818212,
        0.9635048024818212,
        0.9635048024818212,
        0.9635048024818212,
        0.9635048024818212,
        0.9635048024818212,
        0.9635048024818212,
        0.9635048024818212,
        0.9635048024818212,
        0.9635048024818212,
        0.9635048024818212,
        0.9635048024818212,
        0.9635048024818212,
        0.9635048024818212,
        0.9635048024818212,
        0.9635048024818212,
        0.9635048024818212,
        0.9635048024818212,
        0.9635048024818212,
        0.9635048024818212,
        0.9635048024818212,
        0.9635048024818212,
        0.9635048024818212,
        0.9635048024818212,
        0.9635048024818212,
        0.9635048024818212,
        0.9635048024818212,
        0.9635048024818212,
        0.9635048024818212,
        0.9635048024818212,
        0.9635048024818212,
        0.9635048024818212,
        0.9635048024818212,
        0.9635048024818212,
        0.9635048024818212,
        0.9635048024818212,
        0.9635048024818212,
        0.9635048024818212,
        0.9635048024818212,
        0.9635048024818212,
        0.9635048024818212,
        0.9635048024818212,
        0.9635048024818212,
        0.9635048024818212,
        0.9635048024818212,
        0.9635048024818212,
        0.9635048024818212,
        0.9635048024818212,
        0.9635048024818212,
        0.9635048024818212,
        0.9635048024818212,
        0.9635048024818212,
        0.9635048024818212,
        0.9635048024818212,
        0.9635048024818212,
        0.9635048024818212,
        0.9635048024818212,
        0.9635048024818212,
        0.9635048024818212,
        0.9635048024818212,
        0.9635048024818212,
        0.9635048024818212,
        0.9635048024818212,
        0.9635048024818212,
        0.9635048024818212,
        0.9635048024818212,
        0.9635048024818212,
        0.9635048024818212,
        0.9635048024818212,
        0.9635048024818212,
        0.9635048024818212,
        0.9635048024818212,
        0.9635048024818212,
        0.9635048024818212,
        0.9635048024818212,
        0.9635048024818212,
        0.9635048024818212,
        0.9635048024818212,
        0.9635048024818212,
        0.9635048024818212,
        0.9635048024818212,
        0.9635048024818212
    ],