{
    "dimensions": [
        0,
        0,
        0,
        0,
        0,
        0,
        0,
        0,
        0,
        0,
        0,
        0,
        0,
        0,
        0,
        0,
        0,
        0,
        0,
        0,
        0,
        0,
        0,
        0,
        0,
        0,
        0,
        0,
        0,
        0,
        0,
        0,
        0,
        0,
        0,
        0,
        0,
        0,
        0,
        0,
        0,
        0,
        0,
        0,
        0,
        0,
        0,
        0,
        0,
        0,
        0,
        0,
        0,
        0,
        0,
        0,
        0,
        0,
        0,
        0,
        0,
        0,
        0,
        0,
        0,
        0,
        0,
        0,
        0,
        0,
        0,
        0,
        0,
        0,
        0,
        0,
        0,
        0,
        0,
        0,
        0,
        0,
        0,
        0,
        0,
        0,
        0,
        0,
        0,
        0,
        0,
        0,
        0,
        0,
        0,
        0,
        0,
        0,
        0,
        0,
        0,
        0,
        0,
        0,
        0,
        0,
        0,
        0,
        0,
        0,
        0,
        0,
        0,
        0,
        0,
        0,
        0,
        0,
        0,
        0,
        0,
        0,
        0,
        0,
        0,
        0,
        0,
        0,
        0,
        0,
        0,
        0,
        0,
        0,
        0,
        0,
        0,
        0,
        0,
        0,
        0,
        0,
        0,
        0,
        0,
        0,
        0,
        0,
        0,
        0,
        0,
        0,
        0,
        0,
        0,
        0,
        0,
        0,
        0,
        0,
        0,
        0,
        0,
        0,
        0,
        0,
        0,
        0
    ],
    "creation_values": [
        0.979350606038189,
        0.979350606038189,
        0.979350606038189,
        0.979350606038189,
        0.979350606038189,
        0.979350606038189,
        0.979350606038189,
        0.979350606038189,
        0.979350606038189,
        0.979350606038189,
        0.979350606038189,
        0.979350606038189,
        0.979350606038189,
        0.979350606038189,
        0.979350606038189,
        0.979350606038189,
        0.979350606038189,
        0.979350606038189,
        0.979350606038189,
        0.979350606038189,
        0.979350606038189,
        0.979350606038189,
        0.979350606038189,
        0.979350606038189,
        0.979350606038189,
        0.979350606038189,
        0.979350606038189,
        0.979350606038189,
        0.979350606038189,
        0.979350606038189,
        0.979350606038189,
        0.979350606038189,
        0.979350606038189,
        0.979350606038189,
        0.979350606038189,
        0.979350606038189,
        0.979350606038189,
        0.979350606038189,
        0.979350606038189,
        0.979350606038189,
        0.979350606038189,
        0.979350606038189,
        0.979350606038189,
        0.979350606038189,
        0.979350606038189,
        0.979350606038189,
        0.979350606038189,
        0.979350606038189,
        0.979350606038189,
        0.979350606038189,
        0.979350606038189,
        0.979350606038189,
        0.979350606038189,
        0.979350606038189,
        0.979350606038189,
        0.979350606038189,
        0.979350606038189,
        0.979350606038189,
        0.979350606038189,
        0.979350606038189,
        0.979350606038189,
        0.979350606038189,
        0.979350606038189,
        0.979350606038189,
        0.979350606038189,
        0.979350606038189,
        0.979350606038189,
        0.979350606038189,
        0.979350606038189,
        0.979350606038189,
        0.979350606038189,
        0.979350606038189,
        0.979350606038189,
        0.979350606038189,
        0.979350606038189,
        0.979350606038189,
        0.979350606038189,
        0.979350606038189,
        0.979350606038189,
        0.979350606038189,
        0.979350606038189,
        0.979350606038189,
        0.979350606038189,
        0.979350606038189,
        0.979350606038189,
        0.979350606038189,
        0.979350606038189,
        0.979350606038189,
        0.979350606038189,
        0.979350606038189,
        0.979350606038189,
        0.979350606038189,
        0.979350606038189,
        0.979350606038189,
        0.979350606038189,
        0.979350606038189,
        0.979350606038189,
        0.979350606038189,
        0.979350606038189,
        0.979350606038189,
        0.979350606038189,
        0.979350606038189,
        0.979350606038189,
        0.979350606038189,
        0.979350606038189,
        0.979350606038189,
        0.979350606038189,
        0.979350606038189,
        0.979350606038189,
        0.979350606038189,
        0.979350606038189,
        0.979350606038189,
        0.979350606038189,
        0.979350606038189,
        0.979350606038189,
        0.979350606038189,
        0.979350606038189,
        0.979350606038189,
        0.979350606038189,
        0.979350606038189,
        0.979350606038189,
        0.979350606038189,
        0.979350606038189,
        0.979350606038189,
        0.979350606038189,
        0.979350606038189,
        0.979350606038189,
        0.979350606038189,
        0.979350606038189,
        0.979350606038189,
        0.979350606038189,
        0.979350606038189,
        0.979350606038189,
        0.979350606038189,
        0.979350606038189,
        0.979350606038189,
        0.979350606038189,
        0.979350606038189,
        0.979350606038189,
        0.979350606038189,
        0.979350606038189,
        0.979350606038189,
        0.979350606038189,
        0.979350606038189,
        0.979350606038189,
        0.979350606038189,
        0.979350606038189,
        0.979350606038189,
        0.979350606038189,
        0.979350606038189,
        0.979350606038189,
        0.979350606038189,
        0.979350606038189,
        0.979350606038189,
        0.979350606038189,
        0.979350606038189,
        0.979350606038189,
        0.979350606038189,
        0.979350606038189,
        0.979350606038189,
        0.979350606038189,
        0.979350606038189,
        0.979350606038189,
        0.979350606038189,
        0.979350606038189,
        0.979350606038189,
        0.979350606038189,
        0.979350606038189
    ],