{
    "dimensions": [
        0,
        0,
        0,
        0,
        0,
        0,
        0,
        0,
        0,
        0,
        0,
        0,
        0,
        0,
        0,
        0,
        0,
        0,
        0,
        0,
        0,
        0,
        0,
        0,
        0,
        0,
        0,
        0,
        0,
        0,
        0,
        0,
        0,
        0,
        0,
        0,
        0,
        0,
        0,
        0,
        0,
        0,
        0,
        0,
        0,
        0,
        0,
        0,
        0,
        0,
        0,
        0,
        0,
        0,
        0,
        0,
        0,
        0,
        0,
        0,
        0,
        0,
        0,
        0,
        0,
        0,
        0,
        0,
        0,
        0,
        0,
        0,
        0,
        0,
        0,
        0,
        0,
        0,
        0,
        0,
        0,
        0,
        0,
        0,
        0,
        0,
        0,
        0,
        0,
        0,
        0,
        0,
        0,
        0,
        0,
        0,
        0,
        0,
        0,
        0,
        0,
        0,
        0,
        0,
        0,
        0,
        0,
        0,
        0,
        0,
        0,
        0,
        0,
        0,
        0,
        0,
        0,
        0,
        0,
        0,
        0,
        0,
        0,
        0,
        0,
        0,
        0,
        0,
        0,
        0,
        0,
        0,
        0,
        0,
        0,
        0,
        0,
        0,
        0,
        0,
        0,
        0,
        0,
        0,
        0,
        0,
        0,
        0,
        0,
        0,
        0,
        0,
        0,
        0,
        0,
        0,
        0,
        0,
        0,
        0,
        0,
        0,
        0,
        0,
        0,
        0,
        0,
        0
    ],
    "creation_values": [
        0.9733237940177455,
        0.9733237940177455,
        0.9733237940177455,
        0.9733237940177455,
        0.9733237940177455,
        0.9733237940177455,
        0.9733237940177455,
        0.9733237940177455,
        0.9733237940177455,
        0.9733237940177455,
        0.9733237940177455,
        0.9733237940177455,
        0.9733237940177455,
        0.9733237940177455,
        0.9733237940177455,
        0.9733237940177455,
        0.9733237940177455,
        0.9733237940177455,
        0.9733237940177455,
        0.9733237940177455,
        0.9733237940177455,
        0.9733237940177455,
        0.9733237940177455,
        0.9733237940177455,
        0.9733237940177455,
        0.9733237940177455,
        0.9733237940177455,
        0.9733237940177455,
        0.9733237940177455,
        0.9733237940177455,
        0.9733237940177455,
        0.9733237940177455,
        0.9733237940177455,
        0.9733237940177455,
        0.9733237940177455,
        0.9733237940177455,
        0.9733237940177455,
        0.9733237940177455,
        0.9733237940177455,
        0.9733237940177455,
        0.9733237940177455,
        0.9733237940177455,
        0.9733237940177455,
        0.9733237940177455,
        0.9733237940177455,
        0.9733237940177455,
        0.9733237940177455,
        0.9733237940177455,
        0.9733237940177455,
        0.9733237940177455,
        0.9733237940177455,
        0.9733237940177455,
        0.9733237940177455,
        0.9733237940177455,
        0.9733237940177455,
        0.9733237940177455,
        0.9733237940177455,
        0.9733237940177455,
        0.9733237940177455,
        0.9733237940177455,
        0.9733237940177455,
        0.9733237940177455,
        0.9733237940177455,
        0.9733237940177455,
        0.9733237940177455,
        0.9733237940177455,
        0.9733237940177455,
        0.9733237940177455,
        0.9733237940177455,
        0.9733237940177455,
        0.9733237940177455,
        0.9733237940177455,
        0.9733237940177455,
        0.9733237940177455,
        0.9733237940177455,
        0.9733237940177455,
        0.9733237940177455,
        0.9733237940177455,
        0.9733237940177455,
        0.9733237940177455,
        0.9733237940177455,
        0.9733237940177455,
        0.9733237940177455,
        0.9733237940177455,
        0.9733237940177455,
        0.9733237940177455,
        0.9733237940177455,
        0.9733237940177455,
        0.9733237940177455,
        0.9733237940177455,
        0.9733237940177455,
        0.9733237940177455,
        0.9733237940177455,
        0.9733237940177455,
        0.9733237940177455,
        0.9733237940177455,
        0.9733237940177455,
        0.9733237940177455,
        0.9733237940177455,
        0.9733237940177455,
        0.9733237940177455,
        0.9733237940177455,
        0.9733237940177455,
        0.9733237940177455,
        0.9733237940177455,
        0.9733237940177455,
        0.9733237940177455,
        0.9733237940177455,
        0.9733237940177455,
        0.9733237940177455,
        0.9733237940177455,
        0.9733237940177455,
        0.9733237940177455,
        0.9733237940177455,
        0.9733237940177455,
        0.9733237940177455,
        0.9733237940177455,
        0.9733237940177455,
        0.9733237940177455,
        0.9733237940177455,
        0.9733237940177455,
        0.9733237940177455,
        0.9733237940177455,
        0.9733237940177455,
        0.9733237940177455,
        0.9733237940177455,
        0.9733237940177455,
        0.9733237940177455,
        0.9733237940177455,
        0.9733237940177455,
        0.9733237940177455,
        0.9733237940177455,
        0.9733237940177455,
        0.9733237940177455,
        0.9733237940177455,
        0.9733237940177455,
        0.9733237940177455,
        0.9733237940177455,
        0.9733237940177455,
        0.9733237940177455,
        0.9733237940177455,
        0.9733237940177455,
        0.9733237940177455,
        0.9733237940177455,
        0.9733237940177455,
        0.9733237940177455,
        0.9733237940177455,
        0.9733237940177455,
        0.9733237940177455,
        0.9733237940177455,
        0.9733237940177455,
        0.9733237940177455,
        0.9733237940177455,
        0.9733237940177455,
        0.9733237940177455,
        0.9733237940177455,
        0.9733237940177455,
        0.9733237940177455,
        0.9733237940177455,
        0.9733237940177455,
        0.9733237940177455,
        0.9733237940177455,
        0.9733237940177455,
        0.9733237940177455,
        0.9733237940177455,
        0.9733237940177455,
        0.9733237940177455,
        0.9733237940177455
    ],