{
    "dimensions": [
        0,
        0,
        0,
        0,
        0,
        0,
        0,
        0,
        0,
        0,
        0,
        0,
        0,
        0,
        0,
        0,
        0,
        0,
        0,
        0,
        0,
        0,
        0,
        0,
        0,
        0,
        0,
        0,
        0,
        0,
        0,
        0,
        0,
        0,
        0,
        0,
        0,
        0,
        0,
        0,
        0,
        0,
        0,
        0,
        0,
        0,
        0,
        0,
        0,
        0,
        0,
        0,
        0,
        0,
        0,
        0,
        0,
        0,
        0,
        0,
        0,
        0,
        0,
        0,
        0,
        0,
        0,
        0,
        0,
        0,
        0,
        0,
        0,
        0,
        0,
        0,
        0,
        0,
        0,
        0,
        0,
        0,
        0,
        0,
        0,
        0,
        0,
        0,
        0,
        0,
        0,
        0,
        0,
        0,
        0,
        0,
        0,
        0,
        0,
        0,
        0,
        0,
        0,
        0,
        0,
        0,
        0,
        0,
        0,
        0,
        0,
        0,
        0,
        0,
        0,
        0,
        0,
        0,
        0,
        0,
        0,
        0,
        0,
        0,
        0,
        0,
        0,
        0,
        0,
        0,
        0,
        0,
        0,
        0,
        0,
        0,
        0,
        0,
        0,
        0,
        0,
        0,
        0,
        0,
        0,
        0,
        0,
        0,
        0,
        0,
        0,
        0,
        0,
        0,
        0,
        0,
        0,
        0,
        0,
        0,
        0,
        0,
        0,
        0,
        0,
        0,
        0,
        0
    ],
    "creation_values": [
        0.7000248721647764,
        0.7000248721647764,
        0.7000248721647764,
        0.7000248721647764,
        0.7000248721647764,
        0.7000248721647764,
        0.7000248721647764,
        0.7000248721647764,
        0.7000248721647764,
        0.7000248721647764,
        0.7000248721647764,
        0.7000248721647764,
        0.7000248721647764,
        0.7000248721647764,
        0.7000248721647764,
        0.7000248721647764,
        0.7000248721647764,
        0.7000248721647764,
        0.7000248721647764,
        0.7000248721647764,
        0.7000248721647764,
        0.7000248721647764,
        0.7000248721647764,
        0.7000248721647764,
        0.7000248721647764,
        0.7000248721647764,
        0.7000248721647764,
        0.7000248721647764,
        0.7000248721647764,
        0.7000248721647764,
        0.7000248721647764,
        0.7000248721647764,
        0.7000248721647764,
        0.7000248721647764,
        0.7000248721647764,
        0.7000248721647764,
        0.7000248721647764,
        0.7000248721647764,
        0.7000248721647764,
        0.7000248721647764,
        0.7000248721647764,
        0.7000248721647764,
        0.7000248721647764,
        0.7000248721647764,
        0.7000248721647764,
        0.7000248721647764,
        0.7000248721647764,
        0.7000248721647764,
        0.7000248721647764,
        0.7000248721647764,
        0.7000248721647764,
        0.7000248721647764,
        0.7000248721647764,
        0.7000248721647764,
        0.7000248721647764,
        0.7000248721647764,
        0.7000248721647764,
        0.7000248721647764,
        0.7000248721647764,
        0.7000248721647764,
        0.7000248721647764,
        0.7000248721647764,
        0.7000248721647764,
        0.7000248721647764,
        0.7000248721647764,
        0.7000248721647764,
        0.7000248721647764,
        0.7000248721647764,
        0.7000248721647764,
        0.7000248721647764,
        0.7000248721647764,
        0.7000248721647764,
        0.7000248721647764,
        0.7000248721647764,
        0.7000248721647764,
        0.7000248721647764,
        0.7000248721647764,
        0.7000248721647764,
        0.7000248721647764,
        0.7000248721647764,
        0.7000248721647764,
        0.7000248721647764,
        0.7000248721647764,
        0.7000248721647764,
        0.7000248721647764,
        0.7000248721647764,
        0.7000248721647764,
        0.7000248721647764,
        0.7000248721647764,
        0.7000248721647764,
        0.7000248721647764,
        0.7000248721647764,
        0.7000248721647764,
        0.7000248721647764,
        0.7000248721647764,
        0.7000248721647764,
        0.7000248721647764,
        0.7000248721647764,
        0.7000248721647764,
        0.7000248721647764,
        0.7000248721647764,
        0.7000248721647764,
        0.7000248721647764,
        0.7000248721647764,
        0.7000248721647764,
        0.7000248721647764,
        0.7000248721647764,
        0.7000248721647764,
        0.7000248721647764,
        0.7000248721647764,
        0.7000248721647764,
        0.7000248721647764,
        0.7000248721647764,
        0.7000248721647764,
        0.7000248721647764,
        0.7000248721647764,
        0.7000248721647764,
        0.7000248721647764,
        0.7000248721647764,
        0.7000248721647764,
        0.7000248721647764,
        0.7000248721647764,
        0.7000248721647764,
        0.7000248721647764,
        0.7000248721647764,
        0.7000248721647764,
        0.7000248721647764,
        0.7000248721647764,
        0.7000248721647764,
        0.7000248721647764,
        0.7000248721647764,
        0.7000248721647764,
        0.7000248721647764,
        0.7000248721647764,
        0.7000248721647764,
        0.7000248721647764,
        0.7000248721647764,
        0.7000248721647764,
        0.7000248721647764,
        0.7000248721647764,
        0.7000248721647764,
        0.7000248721647764,
        0.7000248721647764,
        0.7000248721647764,
        0.7000248721647764,
        0.7000248721647764,
        0.7000248721647764,
        0.7000248721647764,
        0.7000248721647764,
        0.7000248721647764,
        0.7000248721647764,
        0.7000248721647764,
        0.7000248721647764,
        0.7000248721647764,
        0.7000248721647764,
        0.7000248721647764,
        0.7000248721647764,
        0.7000248721647764,
        0.7000248721647764,
        0.7000248721647764,
        0.7000248721647764,
        0.7000248721647764,
        0.7000248721647764,
        0.7000248721647764,
        0.7000248721647764,
        0.7000248721647764,
        0.7000248721647764,
        0.7000248721647764
    ],