{
    "dimensions": [
        0,
        0,
        0,
        0,
        0,
        0,
        0,
        0,
        0,
        0,
        0,
        0,
        0,
        0,
        0,
        0,
        0,
        0,
        0,
        0,
        0,
        0,
        0,
        0,
        0,
        0,
        0,
        0,
        0,
        0,
        0,
        0,
        0,
        0,
        0,
        0,
        0,
        0,
        0,
        0,
        0,
        0,
        0,
        0,
        0,
        0,
        0,
        0,
        0,
        0,
        0,
        0,
        0,
        0,
        0,
        0,
        0,
        0,
        0,
        0,
        0,
        0,
        0,
        0,
        0,
        0,
        0,
        0,
        0,
        0,
        0,
        0,
        0,
        0,
        0,
        0,
        0,
        0,
        0,
        0,
        0,
        0,
        0,
        0,
        0,
        0,
        0,
        0,
        0,
        0,
        0,
        0,
        0,
        0,
        0,
        0,
        0,
        0,
        0,
        0,
        0,
        0,
        0,
        0,
        0,
        0,
        0,
        0,
        0,
        0,
        0,
        0,
        0,
        0,
        0,
        0,
        0,
        0,
        0,
        0,
        0,
        0,
        0,
        0,
        0,
        0,
        0,
        0,
        0,
        0,
        0,
        0,
        0,
        0,
        0,
        0,
        0,
        0,
        0,
        0,
        0,
        0,
        0,
        0,
        0,
        0,
        0,
        0,
        0,
        0,
        0,
        0,
        0,
        0,
        0,
        0,
        0,
        0,
        0,
        0,
        0,
        0,
        0,
        0,
        0,
        0,
        0,
        0
    ],
    "creation_values": [
        0.9966978188496121,
        0.9966978188496121,
        0.9966978188496121,
        0.9966978188496121,
        0.9966978188496121,
        0.9966978188496121,
        0.9966978188496121,
        0.9966978188496121,
        0.9966978188496121,
        0.9966978188496121,
        0.9966978188496121,
        0.9966978188496121,
        0.9966978188496121,
        0.9966978188496121,
        0.9966978188496121,
        0.9966978188496121,
        0.9966978188496121,
        0.9966978188496121,
        0.9966978188496121,
        0.9966978188496121,
        0.9966978188496121,
        0.9966978188496121,
        0.9966978188496121,
        0.9966978188496121,
        0.9966978188496121,
        0.9966978188496121,
        0.9966978188496121,
        0.9966978188496121,
        0.9966978188496121,
        0.9966978188496121,
        0.9966978188496121,
        0.9966978188496121,
        0.9966978188496121,
        0.9966978188496121,
        0.9966978188496121,
        0.9966978188496121,
        0.9966978188496121,
        0.9966978188496121,
        0.9966978188496121,
        0.9966978188496121,
        0.9966978188496121,
        0.9966978188496121,
        0.9966978188496121,
        0.9966978188496121,
        0.9966978188496121,
        0.9966978188496121,
        0.9966978188496121,
        0.9966978188496121,
        0.9966978188496121,
        0.9966978188496121,
        0.9966978188496121,
        0.9966978188496121,
        0.9966978188496121,
        0.9966978188496121,
        0.9966978188496121,
        0.9966978188496121,
        0.9966978188496121,
        0.9966978188496121,
        0.9966978188496121,
        0.9966978188496121,
        0.9966978188496121,
        0.9966978188496121,
        0.9966978188496121,
        0.9966978188496121,
        0.9966978188496121,
        0.9966978188496121,
        0.9966978188496121,
        0.9966978188496121,
        0.9966978188496121,
        0.9966978188496121,
        0.9966978188496121,
        0.9966978188496121,
        0.9966978188496121,
        0.9966978188496121,
        0.9966978188496121,
        0.9966978188496121,
        0.9966978188496121,
        0.9966978188496121,
        0.9966978188496121,
        0.9966978188496121,
        0.9966978188496121,
        0.9966978188496121,
        0.9966978188496121,
        0.9966978188496121,
        0.9966978188496121,
        0.9966978188496121,
        0.9966978188496121,
        0.9966978188496121,
        0.9966978188496121,
        0.9966978188496121,
        0.9966978188496121,
        0.9966978188496121,
        0.9966978188496121,
        0.9966978188496121,
        0.9966978188496121,
        0.9966978188496121,
        0.9966978188496121,
        0.9966978188496121,
        0.9966978188496121,
        0.9966978188496121,
        0.9966978188496121,
        0.9966978188496121,
        0.9966978188496121,
        0.9966978188496121,
        0.9966978188496121,
        0.9966978188496121,
        0.9966978188496121,
        0.9966978188496121,
        0.9966978188496121,
        0.9966978188496121,
        0.9966978188496121,
        0.9966978188496121,
        0.9966978188496121,
        0.9966978188496121,
        0.9966978188496121,
        0.9966978188496121,
        0.9966978188496121,
        0.9966978188496121,
        0.9966978188496121,
        0.9966978188496121,
        0.9966978188496121,
        0.9966978188496121,
        0.9966978188496121,
        0.9966978188496121,
        0.9966978188496121,
        0.9966978188496121,
        0.9966978188496121,
        0.9966978188496121,
        0.9966978188496121,
        0.9966978188496121,
        0.9966978188496121,
        0.9966978188496121,
        0.9966978188496121,
        0.9966978188496121,
        0.9966978188496121,
        0.9966978188496121,
        0.9966978188496121,
        0.9966978188496121,
        0.9966978188496121,
        0.9966978188496121,
        0.9966978188496121,
        0.9966978188496121,
        0.9966978188496121,
        0.9966978188496121,
        0.9966978188496121,
        0.9966978188496121,
        0.9966978188496121,
        0.9966978188496121,
        0.9966978188496121,
        0.9966978188496121,
        0.9966978188496121,
        0.9966978188496121,
        0.9966978188496121,
        0.9966978188496121,
        0.9966978188496121,
        0.9966978188496121,
        0.9966978188496121,
        0.9966978188496121,
        0.9966978188496121,
        0.9966978188496121,
        0.9966978188496121,
        0.9966978188496121,
        0.9966978188496121,
        0.9966978188496121,
        0.9966978188496121,
        0.9966978188496121,
        0.9966978188496121,
        0.9966978188496121
    ],