{
    "dimensions": [
        0,
        0,
        0,
        0,
        0,
        0,
        0,
        0,
        0,
        0,
        0,
        0,
        0,
        0,
        0,
        0,
        0,
        0,
        0,
        0,
        0,
        0,
        0,
        0,
        0,
        0,
        0,
        0,
        0,
        0,
        0,
        0,
        0,
        0,
        0,
        0,
        0,
        0,
        0,
        0,
        0,
        0,
        0,
        0,
        0,
        0,
        0,
        0,
        0,
        0,
        0,
        0,
        0,
        0,
        0,
        0,
        0,
        0,
        0,
        0,
        0,
        0,
        0,
        0,
        0,
        0,
        0,
        0,
        0,
        0,
        0,
        0,
        0,
        0,
        0,
        0,
        0,
        0,
        0,
        0,
        0,
        0,
        0,
        0,
        0,
        0,
        0,
        0,
        0,
        0,
        0,
        0,
        0,
        0,
        0,
        0,
        0,
        0,
        0,
        0,
        0,
        0,
        0,
        0,
        0,
        0,
        0,
        0,
        0,
        0,
        0,
        0,
        0,
        0,
        0,
        0,
        0,
        0,
        0,
        0,
        0,
        0,
        0,
        0,
        0,
        0,
        0,
        0,
        0,
        0,
        0,
        0,
        0,
        0,
        0,
        0,
        0,
        0,
        0,
        0,
        0,
        0,
        0,
        0,
        0,
        0,
        0,
        0,
        0,
        0,
        0,
        0,
        0,
        0,
        0,
        0,
        0,
        0,
        0,
        0,
        0,
        0,
        0,
        0,
        0,
        0,
        0,
        0
    ],
    "creation_values": [
        0.9298262435622058,
        0.9298262435622058,
        0.9298262435622058,
        0.9298262435622058,
        0.9298262435622058,
        0.9298262435622058,
        0.9298262435622058,
        0.9298262435622058,
        0.9298262435622058,
        0.9298262435622058,
        0.9298262435622058,
        0.9298262435622058,
        0.9298262435622058,
        0.9298262435622058,
        0.9298262435622058,
        0.9298262435622058,
        0.9298262435622058,
        0.9298262435622058,
        0.9298262435622058,
        0.9298262435622058,
        0.9298262435622058,
        0.9298262435622058,
        0.9298262435622058,
        0.9298262435622058,
        0.9298262435622058,
        0.9298262435622058,
        0.9298262435622058,
        0.9298262435622058,
        0.9298262435622058,
        0.9298262435622058,
        0.9298262435622058,
        0.9298262435622058,
        0.9298262435622058,
        0.9298262435622058,
        0.9298262435622058,
        0.9298262435622058,
        0.9298262435622058,
        0.9298262435622058,
        0.9298262435622058,
        0.9298262435622058,
        0.9298262435622058,
        0.9298262435622058,
        0.9298262435622058,
        0.9298262435622058,
        0.9298262435622058,
        0.9298262435622058,
        0.9298262435622058,
        0.9298262435622058,
        0.9298262435622058,
        0.9298262435622058,
        0.9298262435622058,
        0.9298262435622058,
        0.9298262435622058,
        0.9298262435622058,
        0.9298262435622058,
        0.9298262435622058,
        0.9298262435622058,
        0.9298262435622058,
        0.9298262435622058,
        0.9298262435622058,
        0.9298262435622058,
        0.9298262435622058,
        0.9298262435622058,
        0.9298262435622058,
        0.9298262435622058,
        0.9298262435622058,
        0.9298262435622058,
        0.9298262435622058,
        0.9298262435622058,
        0.9298262435622058,
        0.9298262435622058,
        0.9298262435622058,
        0.9298262435622058,
        0.9298262435622058,
        0.9298262435622058,
        0.9298262435622058,
        0.9298262435622058,
        0.9298262435622058,
        0.9298262435622058,
        0.9298262435622058,
        0.9298262435622058,
        0.9298262435622058,
        0.9298262435622058,
        0.9298262435622058,
        0.9298262435622058,
        0.9298262435622058,
        0.9298262435622058,
        0.9298262435622058,
        0.9298262435622058,
        0.9298262435622058,
        0.9298262435622058,
        0.9298262435622058,
        0.9298262435622058,
        0.9298262435622058,
        0.9298262435622058,
        0.9298262435622058,
        0.9298262435622058,
        0.9298262435622058,
        0.9298262435622058,
        0.9298262435622058,
        0.9298262435622058,
        0.9298262435622058,
        0.9298262435622058,
        0.9298262435622058,
        0.9298262435622058,
        0.9298262435622058,
        0.9298262435622058,
        0.9298262435622058,
        0.9298262435622058,
        0.9298262435622058,
        0.9298262435622058,
        0.9298262435622058,
        0.9298262435622058,
        0.9298262435622058,
        0.9298262435622058,
        0.9298262435622058,
        0.9298262435622058,
        0.9298262435622058,
        0.9298262435622058,
        0.9298262435622058,
        0.9298262435622058,
        0.9298262435622058,
        0.9298262435622058,
        0.9298262435622058,
        0.9298262435622058,
        0.9298262435622058,
        0.9298262435622058,
        0.9298262435622058,
        0.9298262435622058,
        0.9298262435622058,
        0.9298262435622058,
        0.9298262435622058,
        0.9298262435622058,
        0.9298262435622058,
        0.9298262435622058,
        0.9298262435622058,
        0.9298262435622058,
        0.9298262435622058,
        0.9298262435622058,
        0.9298262435622058,
        0.9298262435622058,
        0.9298262435622058,
        0.9298262435622058,
        0.9298262435622058,
        0.9298262435622058,
        0.9298262435622058,
        0.9298262435622058,
        0.9298262435622058,
        0.9298262435622058,
        0.9298262435622058,
        0.9298262435622058,
        0.9298262435622058,
        0.9298262435622058,
        0.9298262435622058,
        0.9298262435622058,
        0.9298262435622058,
        0.9298262435622058,
        0.9298262435622058,
        0.9298262435622058,
        0.9298262435622058,
        0.9298262435622058,
        0.9298262435622058,
        0.9298262435622058,
        0.9298262435622058,
        0.9298262435622058,
        0.9298262435622058,
        0.9298262435622058,
        0.9298262435622058
    ],