{
    "dimensions": [
        0,
        0,
        0,
        0,
        0,
        0,
        0,
        0,
        0,
        0,
        0,
        0,
        0,
        0,
        0,
        0,
        0,
        0,
        0,
        0,
        0,
        0,
        0,
        0,
        0,
        0,
        0,
        0,
        0,
        0,
        0,
        0,
        0,
        0,
        0,
        0,
        0,
        0,
        0,
        0,
        0,
        0,
        0,
        0,
        0,
        0,
        0,
        0,
        0,
        0,
        0,
        0,
        0,
        0,
        0,
        0,
        0,
        0,
        0,
        0,
        0,
        0,
        0,
        0,
        0,
        0,
        0,
        0,
        0,
        0,
        0,
        0,
        0,
        0,
        0,
        0,
        0,
        0,
        0,
        0,
        0,
        0,
        0,
        0,
        0,
        0,
        0,
        0,
        0,
        0,
        0,
        0,
        0,
        0,
        0,
        0,
        0,
        0,
        0,
        0,
        0,
        0,
        0,
        0,
        0,
        0,
        0,
        0,
        0,
        0,
        0,
        0,
        0,
        0,
        0,
        0,
        0,
        0,
        0,
        0,
        0,
        0,
        0,
        0,
        0,
        0,
        0,
        0,
        0,
        0,
        0,
        0,
        0,
        0,
        0,
        0,
        0,
        0,
        0,
        0,
        0,
        0,
        0,
        0,
        0,
        0,
        0,
        0,
        0,
        0,
        0,
        0,
        0,
        0,
        0,
        0,
        0,
        0,
        0,
        0,
        0,
        0,
        0,
        0,
        0,
        0,
        0,
        0
    ],
    "creation_values": [
        0.9818549063907894,
        0.9818549063907894,
        0.9818549063907894,
        0.9818549063907894,
        0.9818549063907894,
        0.9818549063907894,
        0.9818549063907894,
        0.9818549063907894,
        0.9818549063907894,
        0.9818549063907894,
        0.9818549063907894,
        0.9818549063907894,
        0.9818549063907894,
        0.9818549063907894,
        0.9818549063907894,
        0.9818549063907894,
        0.9818549063907894,
        0.9818549063907894,
        0.9818549063907894,
        0.9818549063907894,
        0.9818549063907894,
        0.9818549063907894,
        0.9818549063907894,
        0.9818549063907894,
        0.9818549063907894,
        0.9818549063907894,
        0.9818549063907894,
        0.9818549063907894,
        0.9818549063907894,
        0.9818549063907894,
        0.9818549063907894,
        0.9818549063907894,
        0.9818549063907894,
        0.9818549063907894,
        0.9818549063907894,
        0.9818549063907894,
        0.9818549063907894,
        0.9818549063907894,
        0.9818549063907894,
        0.9818549063907894,
        0.9818549063907894,
        0.9818549063907894,
        0.9818549063907894,
        0.9818549063907894,
        0.9818549063907894,
        0.9818549063907894,
        0.9818549063907894,
        0.9818549063907894,
        0.9818549063907894,
        0.9818549063907894,
        0.9818549063907894,
        0.9818549063907894,
        0.9818549063907894,
        0.9818549063907894,
        0.9818549063907894,
        0.9818549063907894,
        0.9818549063907894,
        0.9818549063907894,
        0.9818549063907894,
        0.9818549063907894,
        0.9818549063907894,
        0.9818549063907894,
        0.9818549063907894,
        0.9818549063907894,
        0.9818549063907894,
        0.9818549063907894,
        0.9818549063907894,
        0.9818549063907894,
        0.9818549063907894,
        0.9818549063907894,
        0.9818549063907894,
        0.9818549063907894,
        0.9818549063907894,
        0.9818549063907894,
        0.9818549063907894,
        0.9818549063907894,
        0.9818549063907894,
        0.9818549063907894,
        0.9818549063907894,
        0.9818549063907894,
        0.9818549063907894,
        0.9818549063907894,
        0.9818549063907894,
        0.9818549063907894,
        0.9818549063907894,
        0.9818549063907894,
        0.9818549063907894,
        0.9818549063907894,
        0.9818549063907894,
        0.9818549063907894,
        0.9818549063907894,
        0.9818549063907894,
        0.9818549063907894,
        0.9818549063907894,
        0.9818549063907894,
        0.9818549063907894,
        0.9818549063907894,
        0.9818549063907894,
        0.9818549063907894,
        0.9818549063907894,
        0.9818549063907894,
        0.9818549063907894,
        0.9818549063907894,
        0.9818549063907894,
        0.9818549063907894,
        0.9818549063907894,
        0.9818549063907894,
        0.9818549063907894,
        0.9818549063907894,
        0.9818549063907894,
        0.9818549063907894,
        0.9818549063907894,
        0.9818549063907894,
        0.9818549063907894,
        0.9818549063907894,
        0.9818549063907894,
        0.9818549063907894,
        0.9818549063907894,
        0.9818549063907894,
        0.9818549063907894,
        0.9818549063907894,
        0.9818549063907894,
        0.9818549063907894,
        0.9818549063907894,
        0.9818549063907894,
        0.9818549063907894,
        0.9818549063907894,
        0.9818549063907894,
        0.9818549063907894,
        0.9818549063907894,
        0.9818549063907894,
        0.9818549063907894,
        0.9818549063907894,
        0.9818549063907894,
        0.9818549063907894,
        0.9818549063907894,
        0.9818549063907894,
        0.9818549063907894,
        0.9818549063907894,
        0.9818549063907894,
        0.9818549063907894,
        0.9818549063907894,
        0.9818549063907894,
        0.9818549063907894,
        0.9818549063907894,
        0.9818549063907894,
        0.9818549063907894,
        0.9818549063907894,
        0.9818549063907894,
        0.9818549063907894,
        0.9818549063907894,
        0.9818549063907894,
        0.9818549063907894,
        0.9818549063907894,
        0.9818549063907894,
        0.9818549063907894,
        0.9818549063907894,
        0.9818549063907894,
        0.9818549063907894,
        0.9818549063907894,
        0.9818549063907894,
        0.9818549063907894,
        0.9818549063907894,
        0.9818549063907894,
        0.9818549063907894,
        0.9818549063907894,
        0.9818549063907894,
        0.9818549063907894
    ],