{
    "dimensions": [
        0,
        0,
        0,
        0,
        0,
        0,
        0,
        0,
        0,
        0,
        0,
        0,
        0,
        0,
        0,
        0,
        0,
        0,
        0,
        0,
        0,
        0,
        0,
        0,
        0,
        0,
        0,
        0,
        0,
        0,
        0,
        0,
        0,
        0,
        0,
        0,
        0,
        0,
        0,
        0,
        0,
        0,
        0,
        0,
        0,
        0,
        0,
        0,
        0,
        0,
        0,
        0,
        0,
        0,
        0,
        0,
        0,
        0,
        0,
        0,
        0,
        0,
        0,
        0,
        0,
        0,
        0,
        0,
        0,
        0,
        0,
        0,
        0,
        0,
        0,
        0,
        0,
        0,
        0,
        0,
        0,
        0,
        0,
        0,
        0,
        0,
        0,
        0,
        0,
        0,
        0,
        0,
        0,
        0,
        0,
        0,
        0,
        0,
        0,
        0,
        0,
        0,
        0,
        0,
        0,
        0,
        0,
        0,
        0,
        0,
        0,
        0,
        0,
        0,
        0,
        0,
        0,
        0,
        0,
        0,
        0,
        0,
        0,
        0,
        0,
        0,
        0,
        0,
        0,
        0,
        0,
        0,
        0,
        0,
        0,
        0,
        0,
        0,
        0,
        0,
        0,
        0,
        0,
        0,
        0,
        0,
        0,
        0,
        0,
        0,
        0,
        0,
        0,
        0,
        0,
        0,
        0,
        0,
        0,
        0,
        0,
        0,
        0,
        0,
        0,
        0,
        0,
        0
    ],
    "creation_values": [
        0.9340700885714314,
        0.9340700885714314,
        0.9340700885714314,
        0.9340700885714314,
        0.9340700885714314,
        0.9340700885714314,
        0.9340700885714314,
        0.9340700885714314,
        0.9340700885714314,
        0.9340700885714314,
        0.9340700885714314,
        0.9340700885714314,
        0.9340700885714314,
        0.9340700885714314,
        0.9340700885714314,
        0.9340700885714314,
        0.9340700885714314,
        0.9340700885714314,
        0.9340700885714314,
        0.9340700885714314,
        0.9340700885714314,
        0.9340700885714314,
        0.9340700885714314,
        0.9340700885714314,
        0.9340700885714314,
        0.9340700885714314,
        0.9340700885714314,
        0.9340700885714314,
        0.9340700885714314,
        0.9340700885714314,
        0.9340700885714314,
        0.9340700885714314,
        0.9340700885714314,
        0.9340700885714314,
        0.9340700885714314,
        0.9340700885714314,
        0.9340700885714314,
        0.9340700885714314,
        0.9340700885714314,
        0.9340700885714314,
        0.9340700885714314,
        0.9340700885714314,
        0.9340700885714314,
        0.9340700885714314,
        0.9340700885714314,
        0.9340700885714314,
        0.9340700885714314,
        0.9340700885714314,
        0.9340700885714314,
        0.9340700885714314,
        0.9340700885714314,
        0.9340700885714314,
        0.9340700885714314,
        0.9340700885714314,
        0.9340700885714314,
        0.9340700885714314,
        0.9340700885714314,
        0.9340700885714314,
        0.9340700885714314,
        0.9340700885714314,
        0.9340700885714314,
        0.9340700885714314,
        0.9340700885714314,
        0.9340700885714314,
        0.9340700885714314,
        0.9340700885714314,
        0.9340700885714314,
        0.9340700885714314,
        0.9340700885714314,
        0.9340700885714314,
        0.9340700885714314,
        0.9340700885714314,
        0.9340700885714314,
        0.9340700885714314,
        0.9340700885714314,
        0.9340700885714314,
        0.9340700885714314,
        0.9340700885714314,
        0.9340700885714314,
        0.9340700885714314,
        0.9340700885714314,
        0.9340700885714314,
        0.9340700885714314,
        0.9340700885714314,
        0.9340700885714314,
        0.9340700885714314,
        0.9340700885714314,
        0.9340700885714314,
        0.9340700885714314,
        0.9340700885714314,
        0.9340700885714314,
        0.9340700885714314,
        0.9340700885714314,
        0.9340700885714314,
        0.9340700885714314,
        0.9340700885714314,
        0.9340700885714314,
        0.9340700885714314,
        0.9340700885714314,
        0.9340700885714314,
        0.9340700885714314,
        0.9340700885714314,
        0.9340700885714314,
        0.9340700885714314,
        0.9340700885714314,
        0.9340700885714314,
        0.9340700885714314,
        0.9340700885714314,
        0.9340700885714314,
        0.9340700885714314,
        0.9340700885714314,
        0.9340700885714314,
        0.9340700885714314,
        0.9340700885714314,
        0.9340700885714314,
        0.9340700885714314,
        0.9340700885714314,
        0.9340700885714314,
        0.9340700885714314,
        0.9340700885714314,
        0.9340700885714314,
        0.9340700885714314,
        0.9340700885714314,
        0.9340700885714314,
        0.9340700885714314,
        0.9340700885714314,
        0.9340700885714314,
        0.9340700885714314,
        0.9340700885714314,
        0.9340700885714314,
        0.9340700885714314,
        0.9340700885714314,
        0.9340700885714314,
        0.9340700885714314,
        0.9340700885714314,
        0.9340700885714314,
        0.9340700885714314,
        0.9340700885714314,
        0.9340700885714314,
        0.9340700885714314,
        0.9340700885714314,
        0.9340700885714314,
        0.9340700885714314,
        0.9340700885714314,
        0.9340700885714314,
        0.9340700885714314,
        0.9340700885714314,
        0.9340700885714314,
        0.9340700885714314,
        0.9340700885714314,
        0.9340700885714314,
        0.9340700885714314,
        0.9340700885714314,
        0.9340700885714314,
        0.9340700885714314,
        0.9340700885714314,
        0.9340700885714314,
        0.9340700885714314,
        0.9340700885714314,
        0.9340700885714314,
        0.9340700885714314,
        0.9340700885714314,
        0.9340700885714314,
        0.9340700885714314,
        0.9340700885714314,
        0.9340700885714314,
        0.9340700885714314,
        0.9340700885714314
    ],