{
    "dimensions": [
        0,
        0,
        0,
        0,
        0,
        0,
        0,
        0,
        0,
        0,
        0,
        0,
        0,
        0,
        0,
        0,
        0,
        0,
        0,
        0,
        0,
        0,
        0,
        0,
        0,
        0,
        0,
        0,
        0,
        0,
        0,
        0,
        0,
        0,
        0,
        0,
        0,
        0,
        0,
        0,
        0,
        0,
        0,
        0,
        0,
        0,
        0,
        0,
        0,
        0,
        0,
        0,
        0,
        0,
        0,
        0,
        0,
        0,
        0,
        0,
        0,
        0,
        0,
        0,
        0,
        0,
        0,
        0,
        0,
        0,
        0,
        0,
        0,
        0,
        0,
        0,
        0,
        0,
        0,
        0,
        0,
        0,
        0,
        0,
        0,
        0,
        0,
        0,
        0,
        0,
        0,
        0,
        0,
        0,
        0,
        0,
        0,
        0,
        0,
        0,
        0,
        0,
        0,
        0,
        0,
        0,
        0,
        0,
        0,
        0,
        0,
        0,
        0,
        0,
        0,
        0,
        0,
        0,
        0,
        0,
        0,
        0,
        0,
        0,
        0,
        0,
        0,
        0,
        0,
        0,
        0,
        0,
        0,
        0,
        0,
        0,
        0,
        0,
        0,
        0,
        0,
        0,
        0,
        0,
        0,
        0,
        0,
        0,
        0,
        0,
        0,
        0,
        0,
        0,
        0,
        0,
        0,
        0,
        0,
        0,
        0,
        0,
        0,
        0,
        0,
        0,
        0,
        0
    ],
    "creation_values": [
        0.8642973326751886,
        0.8642973326751886,
        0.8642973326751886,
        0.8642973326751886,
        0.8642973326751886,
        0.8642973326751886,
        0.8642973326751886,
        0.8642973326751886,
        0.8642973326751886,
        0.8642973326751886,
        0.8642973326751886,
        0.8642973326751886,
        0.8642973326751886,
        0.8642973326751886,
        0.8642973326751886,
        0.8642973326751886,
        0.8642973326751886,
        0.8642973326751886,
        0.8642973326751886,
        0.8642973326751886,
        0.8642973326751886,
        0.8642973326751886,
        0.8642973326751886,
        0.8642973326751886,
        0.8642973326751886,
        0.8642973326751886,
        0.8642973326751886,
        0.8642973326751886,
        0.8642973326751886,
        0.8642973326751886,
        0.8642973326751886,
        0.8642973326751886,
        0.8642973326751886,
        0.8642973326751886,
        0.8642973326751886,
        0.8642973326751886,
        0.8642973326751886,
        0.8642973326751886,
        0.8642973326751886,
        0.8642973326751886,
        0.8642973326751886,
        0.8642973326751886,
        0.8642973326751886,
        0.8642973326751886,
        0.8642973326751886,
        0.8642973326751886,
        0.8642973326751886,
        0.8642973326751886,
        0.8642973326751886,
        0.8642973326751886,
        0.8642973326751886,
        0.8642973326751886,
        0.8642973326751886,
        0.8642973326751886,
        0.8642973326751886,
        0.8642973326751886,
        0.8642973326751886,
        0.8642973326751886,
        0.8642973326751886,
        0.8642973326751886,
        0.8642973326751886,
        0.8642973326751886,
        0.8642973326751886,
        0.8642973326751886,
        0.8642973326751886,
        0.8642973326751886,
        0.8642973326751886,
        0.8642973326751886,
        0.8642973326751886,
        0.8642973326751886,
        0.8642973326751886,
        0.8642973326751886,
        0.8642973326751886,
        0.8642973326751886,
        0.8642973326751886,
        0.8642973326751886,
        0.8642973326751886,
        0.8642973326751886,
        0.8642973326751886,
        0.8642973326751886,
        0.8642973326751886,
        0.8642973326751886,
        0.8642973326751886,
        0.8642973326751886,
        0.8642973326751886,
        0.8642973326751886,
        0.8642973326751886,
        0.8642973326751886,
        0.8642973326751886,
        0.8642973326751886,
        0.8642973326751886,
        0.8642973326751886,
        0.8642973326751886,
        0.8642973326751886,
        0.8642973326751886,
        0.8642973326751886,
        0.8642973326751886,
        0.8642973326751886,
        0.8642973326751886,
        0.8642973326751886,
        0.8642973326751886,
        0.8642973326751886,
        0.8642973326751886,
        0.8642973326751886,
        0.8642973326751886,
        0.8642973326751886,
        0.8642973326751886,
        0.8642973326751886,
        0.8642973326751886,
        0.8642973326751886,
        0.8642973326751886,
        0.8642973326751886,
        0.8642973326751886,
        0.8642973326751886,
        0.8642973326751886,
        0.8642973326751886,
        0.8642973326751886,
        0.8642973326751886,
        0.8642973326751886,
        0.8642973326751886,
        0.8642973326751886,
        0.8642973326751886,
        0.8642973326751886,
        0.8642973326751886,
        0.8642973326751886,
        0.8642973326751886,
        0.8642973326751886,
        0.8642973326751886,
        0.8642973326751886,
        0.8642973326751886,
        0.8642973326751886,
        0.8642973326751886,
        0.8642973326751886,
        0.8642973326751886,
        0.8642973326751886,
        0.8642973326751886,
        0.8642973326751886,
        0.8642973326751886,
        0.8642973326751886,
        0.8642973326751886,
        0.8642973326751886,
        0.8642973326751886,
        0.8642973326751886,
        0.8642973326751886,
        0.8642973326751886,
        0.8642973326751886,
        0.8642973326751886,
        0.8642973326751886,
        0.8642973326751886,
        0.8642973326751886,
        0.8642973326751886,
        0.8642973326751886,
        0.8642973326751886,
        0.8642973326751886,
        0.8642973326751886,
        0.8642973326751886,
        0.8642973326751886,
        0.8642973326751886,
        0.8642973326751886,
        0.8642973326751886,
        0.8642973326751886,
        0.8642973326751886,
        0.8642973326751886,
        0.8642973326751886,
        0.8642973326751886,
        0.8642973326751886,
        0.8642973326751886,
        0.8642973326751886
    ],