{
    "dimensions": [
        0,
        0,
        0,
        0,
        0,
        0,
        0,
        0,
        0,
        0,
        0,
        0,
        0,
        0,
        0,
        0,
        0,
        0,
        0,
        0,
        0,
        0,
        0,
        0,
        0,
        0,
        0,
        0,
        0,
        0,
        0,
        0,
        0,
        0,
        0,
        0,
        0,
        0,
        0,
        0,
        0,
        0,
        0,
        0,
        0,
        0,
        0,
        0,
        0,
        0,
        0,
        0,
        0,
        0,
        0,
        0,
        0,
        0,
        0,
        0,
        0,
        0,
        0,
        0,
        0,
        0,
        0,
        0,
        0,
        0,
        0,
        0,
        0,
        0,
        0,
        0,
        0,
        0,
        0,
        0,
        0,
        0,
        0,
        0,
        0,
        0,
        0,
        0,
        0,
        0,
        0,
        0,
        0,
        0,
        0,
        0,
        0,
        0,
        0,
        0,
        0,
        0,
        0,
        0,
        0,
        0,
        0,
        0,
        0,
        0,
        0,
        0,
        0,
        0,
        0,
        0,
        0,
        0,
        0,
        0,
        0,
        0,
        0,
        0,
        0,
        0,
        0,
        0,
        0,
        0,
        0,
        0,
        0,
        0,
        0,
        0,
        0,
        0,
        0,
        0,
        0,
        0,
        0,
        0,
        0,
        0,
        0,
        0,
        0,
        0,
        0,
        0,
        0,
        0,
        0,
        0,
        0,
        0,
        0,
        0,
        0,
        0,
        0,
        0,
        0,
        0,
        0,
        0
    ],
    "creation_values": [
        0.9987295827795848,
        0.9987295827795848,
        0.9987295827795848,
        0.9987295827795848,
        0.9987295827795848,
        0.9987295827795848,
        0.9987295827795848,
        0.9987295827795848,
        0.9987295827795848,
        0.9987295827795848,
        0.9987295827795848,
        0.9987295827795848,
        0.9987295827795848,
        0.9987295827795848,
        0.9987295827795848,
        0.9987295827795848,
        0.9987295827795848,
        0.9987295827795848,
        0.9987295827795848,
        0.9987295827795848,
        0.9987295827795848,
        0.9987295827795848,
        0.9987295827795848,
        0.9987295827795848,
        0.9987295827795848,
        0.9987295827795848,
        0.9987295827795848,
        0.9987295827795848,
        0.9987295827795848,
        0.9987295827795848,
        0.9987295827795848,
        0.9987295827795848,
        0.9987295827795848,
        0.9987295827795848,
        0.9987295827795848,
        0.9987295827795848,
        0.9987295827795848,
        0.9987295827795848,
        0.9987295827795848,
        0.9987295827795848,
        0.9987295827795848,
        0.9987295827795848,
        0.9987295827795848,
        0.9987295827795848,
        0.9987295827795848,
        0.9987295827795848,
        0.9987295827795848,
        0.9987295827795848,
        0.9987295827795848,
        0.9987295827795848,
        0.9987295827795848,
        0.9987295827795848,
        0.9987295827795848,
        0.9987295827795848,
        0.9987295827795848,
        0.9987295827795848,
        0.9987295827795848,
        0.9987295827795848,
        0.9987295827795848,
        0.9987295827795848,
        0.9987295827795848,
        0.9987295827795848,
        0.9987295827795848,
        0.9987295827795848,
        0.9987295827795848,
        0.9987295827795848,
        0.9987295827795848,
        0.9987295827795848,
        0.9987295827795848,
        0.9987295827795848,
        0.9987295827795848,
        0.9987295827795848,
        0.9987295827795848,
        0.9987295827795848,
        0.9987295827795848,
        0.9987295827795848,
        0.9987295827795848,
        0.9987295827795848,
        0.9987295827795848,
        0.9987295827795848,
        0.9987295827795848,
        0.9987295827795848,
        0.9987295827795848,
        0.9987295827795848,
        0.9987295827795848,
        0.9987295827795848,
        0.9987295827795848,
        0.9987295827795848,
        0.9987295827795848,
        0.9987295827795848,
        0.9987295827795848,
        0.9987295827795848,
        0.9987295827795848,
        0.9987295827795848,
        0.9987295827795848,
        0.9987295827795848,
        0.9987295827795848,
        0.9987295827795848,
        0.9987295827795848,
        0.9987295827795848,
        0.9987295827795848,
        0.9987295827795848,
        0.9987295827795848,
        0.9987295827795848,
        0.9987295827795848,
        0.9987295827795848,
        0.9987295827795848,
        0.9987295827795848,
        0.9987295827795848,
        0.9987295827795848,
        0.9987295827795848,
        0.9987295827795848,
        0.9987295827795848,
        0.9987295827795848,
        0.9987295827795848,
        0.9987295827795848,
        0.9987295827795848,
        0.9987295827795848,
        0.9987295827795848,
        0.9987295827795848,
        0.9987295827795848,
        0.9987295827795848,
        0.9987295827795848,
        0.9987295827795848,
        0.9987295827795848,
        0.9987295827795848,
        0.9987295827795848,
        0.9987295827795848,
        0.9987295827795848,
        0.9987295827795848,
        0.9987295827795848,
        0.9987295827795848,
        0.9987295827795848,
        0.9987295827795848,
        0.9987295827795848,
        0.9987295827795848,
        0.9987295827795848,
        0.9987295827795848,
        0.9987295827795848,
        0.9987295827795848,
        0.9987295827795848,
        0.9987295827795848,
        0.9987295827795848,
        0.9987295827795848,
        0.9987295827795848,
        0.9987295827795848,
        0.9987295827795848,
        0.9987295827795848,
        0.9987295827795848,
        0.9987295827795848,
        0.9987295827795848,
        0.9987295827795848,
        0.9987295827795848,
        0.9987295827795848,
        0.9987295827795848,
        0.9987295827795848,
        0.9987295827795848,
        0.9987295827795848,
        0.9987295827795848,
        0.9987295827795848,
        0.9987295827795848,
        0.9987295827795848,
        0.9987295827795848,
        0.9987295827795848,
        0.9987295827795848,
        0.9987295827795848,
        0.9987295827795848,
        0.9987295827795848
    ],