{
    "dimensions": [
        0,
        0,
        0,
        0,
        0,
        0,
        0,
        0,
        0,
        0,
        0,
        0,
        0,
        0,
        0,
        0,
        0,
        0,
        0,
        0,
        0,
        0,
        0,
        0,
        0,
        0,
        0,
        0,
        0,
        0,
        0,
        0,
        0,
        0,
        0,
        0,
        0,
        0,
        0,
        0,
        0,
        0,
        0,
        0,
        0,
        0,
        0,
        0,
        0,
        0,
        0,
        0,
        0,
        0,
        0,
        0,
        0,
        0,
        0,
        0,
        0,
        0,
        0,
        0,
        0,
        0,
        0,
        0,
        0,
        0,
        0,
        0,
        0,
        0,
        0,
        0,
        0,
        0,
        0,
        0,
        0,
        0,
        0,
        0,
        0,
        0,
        0,
        0,
        0,
        0,
        0,
        0,
        0,
        0,
        0,
        0,
        0,
        0,
        0,
        0,
        0,
        0,
        0,
        0,
        0,
        0,
        0,
        0,
        0,
        0,
        0,
        0,
        0,
        0,
        0,
        0,
        0,
        0,
        0,
        0,
        0,
        0,
        0,
        0,
        0,
        0,
        0,
        0,
        0,
        0,
        0,
        0,
        0,
        0,
        0,
        0,
        0,
        0,
        0,
        0,
        0,
        0,
        0,
        0,
        0,
        0,
        0,
        0,
        0,
        0,
        0,
        0,
        0,
        0,
        0,
        0,
        0,
        0,
        0,
        0,
        0,
        0,
        0,
        0,
        0,
        0,
        0,
        0
    ],
    "creation_values": [
        0.9945006759014032,
        0.9945006759014032,
        0.9945006759014032,
        0.9945006759014032,
        0.9945006759014032,
        0.9945006759014032,
        0.9945006759014032,
        0.9945006759014032,
        0.9945006759014032,
        0.9945006759014032,
        0.9945006759014032,
        0.9945006759014032,
        0.9945006759014032,
        0.9945006759014032,
        0.9945006759014032,
        0.9945006759014032,
        0.9945006759014032,
        0.9945006759014032,
        0.9945006759014032,
        0.9945006759014032,
        0.9945006759014032,
        0.9945006759014032,
        0.9945006759014032,
        0.9945006759014032,
        0.9945006759014032,
        0.9945006759014032,
        0.9945006759014032,
        0.9945006759014032,
        0.9945006759014032,
        0.9945006759014032,
        0.9945006759014032,
        0.9945006759014032,
        0.9945006759014032,
        0.9945006759014032,
        0.9945006759014032,
        0.9945006759014032,
        0.9945006759014032,
        0.9945006759014032,
        0.9945006759014032,
        0.9945006759014032,
        0.9945006759014032,
        0.9945006759014032,
        0.9945006759014032,
        0.9945006759014032,
        0.9945006759014032,
        0.9945006759014032,
        0.9945006759014032,
        0.9945006759014032,
        0.9945006759014032,
        0.9945006759014032,
        0.9945006759014032,
        0.9945006759014032,
        0.9945006759014032,
        0.9945006759014032,
        0.9945006759014032,
        0.9945006759014032,
        0.9945006759014032,
        0.9945006759014032,
        0.9945006759014032,
        0.9945006759014032,
        0.9945006759014032,
        0.9945006759014032,
        0.9945006759014032,
        0.9945006759014032,
        0.9945006759014032,
        0.9945006759014032,
        0.9945006759014032,
        0.9945006759014032,
        0.9945006759014032,
        0.9945006759014032,
        0.9945006759014032,
        0.9945006759014032,
        0.9945006759014032,
        0.9945006759014032,
        0.9945006759014032,
        0.9945006759014032,
        0.9945006759014032,
        0.9945006759014032,
        0.9945006759014032,
        0.9945006759014032,
        0.9945006759014032,
        0.9945006759014032,
        0.9945006759014032,
        0.9945006759014032,
        0.9945006759014032,
        0.9945006759014032,
        0.9945006759014032,
        0.9945006759014032,
        0.9945006759014032,
        0.9945006759014032,
        0.9945006759014032,
        0.9945006759014032,
        0.9945006759014032,
        0.9945006759014032,
        0.9945006759014032,
        0.9945006759014032,
        0.9945006759014032,
        0.9945006759014032,
        0.9945006759014032,
        0.9945006759014032,
        0.9945006759014032,
        0.9945006759014032,
        0.9945006759014032,
        0.9945006759014032,
        0.9945006759014032,
        0.9945006759014032,
        0.9945006759014032,
        0.9945006759014032,
        0.9945006759014032,
        0.9945006759014032,
        0.9945006759014032,
        0.9945006759014032,
        0.9945006759014032,
        0.9945006759014032,
        0.9945006759014032,
        0.9945006759014032,
        0.9945006759014032,
        0.9945006759014032,
        0.9945006759014032,
        0.9945006759014032,
        0.9945006759014032,
        0.9945006759014032,
        0.9945006759014032,
        0.9945006759014032,
        0.9945006759014032,
        0.9945006759014032,
        0.9945006759014032,
        0.9945006759014032,
        0.9945006759014032,
        0.9945006759014032,
        0.9945006759014032,
        0.9945006759014032,
        0.9945006759014032,
        0.9945006759014032,
        0.9945006759014032,
        0.9945006759014032,
        0.9945006759014032,
        0.9945006759014032,
        0.9945006759014032,
        0.9945006759014032,
        0.9945006759014032,
        0.9945006759014032,
        0.9945006759014032,
        0.9945006759014032,
        0.9945006759014032,
        0.9945006759014032,
        0.9945006759014032,
        0.9945006759014032,
        0.9945006759014032,
        0.9945006759014032,
        0.9945006759014032,
        0.9945006759014032,
        0.9945006759014032,
        0.9945006759014032,
        0.9945006759014032,
        0.9945006759014032,
        0.9945006759014032,
        0.9945006759014032,
        0.9945006759014032,
        0.9945006759014032,
        0.9945006759014032,
        0.9945006759014032,
        0.9945006759014032,
        0.9945006759014032,
        0.9945006759014032,
        0.9945006759014032,
        0.9945006759014032,
        0.9945006759014032
    ],