{
    "dimensions": [
        0,
        0,
        0,
        0,
        0,
        0,
        0,
        0,
        0,
        0,
        0,
        0,
        0,
        0,
        0,
        0,
        0,
        0,
        0,
        0,
        0,
        0,
        0,
        0,
        0,
        0,
        0,
        0,
        0,
        0,
        0,
        0,
        0,
        0,
        0,
        0,
        0,
        0,
        0,
        0,
        0,
        0,
        0,
        0,
        0,
        0,
        0,
        0,
        0,
        0,
        0,
        0,
        0,
        0,
        0,
        0,
        0,
        0,
        0,
        0,
        0,
        0,
        0,
        0,
        0,
        0,
        0,
        0,
        0,
        0,
        0,
        0,
        0,
        0,
        0,
        0,
        0,
        0,
        0,
        0,
        0,
        0,
        0,
        0,
        0,
        0,
        0,
        0,
        0,
        0,
        0,
        0,
        0,
        0,
        0,
        0,
        0,
        0,
        0,
        0,
        0,
        0,
        0,
        0,
        0,
        0,
        0,
        0,
        0,
        0,
        0,
        0,
        0,
        0,
        0,
        0,
        0,
        0,
        0,
        0,
        0,
        0,
        0,
        0,
        0,
        0,
        0,
        0,
        0,
        0,
        0,
        0,
        0,
        0,
        0,
        0,
        0,
        0,
        0,
        0,
        0,
        0,
        0,
        0,
        0,
        0,
        0,
        0,
        0,
        0,
        0,
        0,
        0,
        0,
        0,
        0,
        0,
        0,
        0,
        0,
        0,
        0,
        0,
        0,
        0,
        0,
        0,
        0
    ],
    "creation_values": [
        0.9076611379500654,
        0.9076611379500654,
        0.9076611379500654,
        0.9076611379500654,
        0.9076611379500654,
        0.9076611379500654,
        0.9076611379500654,
        0.9076611379500654,
        0.9076611379500654,
        0.9076611379500654,
        0.9076611379500654,
        0.9076611379500654,
        0.9076611379500654,
        0.9076611379500654,
        0.9076611379500654,
        0.9076611379500654,
        0.9076611379500654,
        0.9076611379500654,
        0.9076611379500654,
        0.9076611379500654,
        0.9076611379500654,
        0.9076611379500654,
        0.9076611379500654,
        0.9076611379500654,
        0.9076611379500654,
        0.9076611379500654,
        0.9076611379500654,
        0.9076611379500654,
        0.9076611379500654,
        0.9076611379500654,
        0.9076611379500654,
        0.9076611379500654,
        0.9076611379500654,
        0.9076611379500654,
        0.9076611379500654,
        0.9076611379500654,
        0.9076611379500654,
        0.9076611379500654,
        0.9076611379500654,
        0.9076611379500654,
        0.9076611379500654,
        0.9076611379500654,
        0.9076611379500654,
        0.9076611379500654,
        0.9076611379500654,
        0.9076611379500654,
        0.9076611379500654,
        0.9076611379500654,
        0.9076611379500654,
        0.9076611379500654,
        0.9076611379500654,
        0.9076611379500654,
        0.9076611379500654,
        0.9076611379500654,
        0.9076611379500654,
        0.9076611379500654,
        0.9076611379500654,
        0.9076611379500654,
        0.9076611379500654,
        0.9076611379500654,
        0.9076611379500654,
        0.9076611379500654,
        0.9076611379500654,
        0.9076611379500654,
        0.9076611379500654,
        0.9076611379500654,
        0.9076611379500654,
        0.9076611379500654,
        0.9076611379500654,
        0.9076611379500654,
        0.9076611379500654,
        0.9076611379500654,
        0.9076611379500654,
        0.9076611379500654,
        0.9076611379500654,
        0.9076611379500654,
        0.9076611379500654,
        0.9076611379500654,
        0.9076611379500654,
        0.9076611379500654,
        0.9076611379500654,
        0.9076611379500654,
        0.9076611379500654,
        0.9076611379500654,
        0.9076611379500654,
        0.9076611379500654,
        0.9076611379500654,
        0.9076611379500654,
        0.9076611379500654,
        0.9076611379500654,
        0.9076611379500654,
        0.9076611379500654,
        0.9076611379500654,
        0.9076611379500654,
        0.9076611379500654,
        0.9076611379500654,
        0.9076611379500654,
        0.9076611379500654,
        0.9076611379500654,
        0.9076611379500654,
        0.9076611379500654,
        0.9076611379500654,
        0.9076611379500654,
        0.9076611379500654,
        0.9076611379500654,
        0.9076611379500654,
        0.9076611379500654,
        0.9076611379500654,
        0.9076611379500654,
        0.9076611379500654,
        0.9076611379500654,
        0.9076611379500654,
        0.9076611379500654,
        0.9076611379500654,
        0.9076611379500654,
        0.9076611379500654,
        0.9076611379500654,
        0.9076611379500654,
        0.9076611379500654,
        0.9076611379500654,
        0.9076611379500654,
        0.9076611379500654,
        0.9076611379500654,
        0.9076611379500654,
        0.9076611379500654,
        0.9076611379500654,
        0.9076611379500654,
        0.9076611379500654,
        0.9076611379500654,
        0.9076611379500654,
        0.9076611379500654,
        0.9076611379500654,
        0.9076611379500654,
        0.9076611379500654,
        0.9076611379500654,
        0.9076611379500654,
        0.9076611379500654,
        0.9076611379500654,
        0.9076611379500654,
        0.9076611379500654,
        0.9076611379500654,
        0.9076611379500654,
        0.9076611379500654,
        0.9076611379500654,
        0.9076611379500654,
        0.9076611379500654,
        0.9076611379500654,
        0.9076611379500654,
        0.9076611379500654,
        0.9076611379500654,
        0.9076611379500654,
        0.9076611379500654,
        0.9076611379500654,
        0.9076611379500654,
        0.9076611379500654,
        0.9076611379500654,
        0.9076611379500654,
        0.9076611379500654,
        0.9076611379500654,
        0.9076611379500654,
        0.9076611379500654,
        0.9076611379500654,
        0.9076611379500654,
        0.9076611379500654,
        0.9076611379500654,
        0.9076611379500654,
        0.9076611379500654,
        0.9076611379500654
    ],