{
    "dimensions": [
        0,
        0,
        0,
        0,
        0,
        0,
        0,
        0,
        0,
        0,
        0,
        0,
        0,
        0,
        0,
        0,
        0,
        0,
        0,
        0,
        0,
        0,
        0,
        0,
        0,
        0,
        0,
        0,
        0,
        0,
        0,
        0,
        0,
        0,
        0,
        0,
        0,
        0,
        0,
        0,
        0,
        0,
        0,
        0,
        0,
        0,
        0,
        0,
        0,
        0,
        0,
        0,
        0,
        0,
        0,
        0,
        0,
        0,
        0,
        0,
        0,
        0,
        0,
        0,
        0,
        0,
        0,
        0,
        0,
        0,
        0,
        0,
        0,
        0,
        0,
        0,
        0,
        0,
        0,
        0,
        0,
        0,
        0,
        0,
        0,
        0,
        0,
        0,
        0,
        0,
        0,
        0,
        0,
        0,
        0,
        0,
        0,
        0,
        0,
        0,
        0,
        0,
        0,
        0,
        0,
        0,
        0,
        0,
        0,
        0,
        0,
        0,
        0,
        0,
        0,
        0,
        0,
        0,
        0,
        0,
        0,
        0,
        0,
        0,
        0,
        0,
        0,
        0,
        0,
        0,
        0,
        0,
        0,
        0,
        0,
        0,
        0,
        0,
        0,
        0,
        0,
        0,
        0,
        0,
        0,
        0,
        0,
        0,
        0,
        0,
        0,
        0,
        0,
        0,
        0,
        0,
        0,
        0,
        0,
        0,
        0,
        0,
        0,
        0,
        0,
        0,
        0,
        0
    ],
    "creation_values": [
        0.984972405402714,
        0.984972405402714,
        0.984972405402714,
        0.984972405402714,
        0.984972405402714,
        0.984972405402714,
        0.984972405402714,
        0.984972405402714,
        0.984972405402714,
        0.984972405402714,
        0.984972405402714,
        0.984972405402714,
        0.984972405402714,
        0.984972405402714,
        0.984972405402714,
        0.984972405402714,
        0.984972405402714,
        0.984972405402714,
        0.984972405402714,
        0.984972405402714,
        0.984972405402714,
        0.984972405402714,
        0.984972405402714,
        0.984972405402714,
        0.984972405402714,
        0.984972405402714,
        0.984972405402714,
        0.984972405402714,
        0.984972405402714,
        0.984972405402714,
        0.984972405402714,
        0.984972405402714,
        0.984972405402714,
        0.984972405402714,
        0.984972405402714,
        0.984972405402714,
        0.984972405402714,
        0.984972405402714,
        0.984972405402714,
        0.984972405402714,
        0.984972405402714,
        0.984972405402714,
        0.984972405402714,
        0.984972405402714,
        0.984972405402714,
        0.984972405402714,
        0.984972405402714,
        0.984972405402714,
        0.984972405402714,
        0.984972405402714,
        0.984972405402714,
        0.984972405402714,
        0.984972405402714,
        0.984972405402714,
        0.984972405402714,
        0.984972405402714,
        0.984972405402714,
        0.984972405402714,
        0.984972405402714,
        0.984972405402714,
        0.984972405402714,
        0.984972405402714,
        0.984972405402714,
        0.984972405402714,
        0.984972405402714,
        0.984972405402714,
        0.984972405402714,
        0.984972405402714,
        0.984972405402714,
        0.984972405402714,
        0.984972405402714,
        0.984972405402714,
        0.984972405402714,
        0.984972405402714,
        0.984972405402714,
        0.984972405402714,
        0.984972405402714,
        0.984972405402714,
        0.984972405402714,
        0.984972405402714,
        0.984972405402714,
        0.984972405402714,
        0.984972405402714,
        0.984972405402714,
        0.984972405402714,
        0.984972405402714,
        0.984972405402714,
        0.984972405402714,
        0.984972405402714,
        0.984972405402714,
        0.984972405402714,
        0.984972405402714,
        0.984972405402714,
        0.984972405402714,
        0.984972405402714,
        0.984972405402714,
        0.984972405402714,
        0.984972405402714,
        0.984972405402714,
        0.984972405402714,
        0.984972405402714,
        0.984972405402714,
        0.984972405402714,
        0.984972405402714,
        0.984972405402714,
        0.984972405402714,
        0.984972405402714,
        0.984972405402714,
        0.984972405402714,
        0.984972405402714,
        0.984972405402714,
        0.984972405402714,
        0.984972405402714,
        0.984972405402714,
        0.984972405402714,
        0.984972405402714,
        0.984972405402714,
        0.984972405402714,
        0.984972405402714,
        0.984972405402714,
        0.984972405402714,
        0.984972405402714,
        0.984972405402714,
        0.984972405402714,
        0.984972405402714,
        0.984972405402714,
        0.984972405402714,
        0.984972405402714,
        0.984972405402714,
        0.984972405402714,
        0.984972405402714,
        0.984972405402714,
        0.984972405402714,
        0.984972405402714,
        0.984972405402714,
        0.984972405402714,
        0.984972405402714,
        0.984972405402714,
        0.984972405402714,
        0.984972405402714,
        0.984972405402714,
        0.984972405402714,
        0.984972405402714,
        0.984972405402714,
        0.984972405402714,
        0.984972405402714,
        0.984972405402714,
        0.984972405402714,
        0.984972405402714,
        0.984972405402714,
        0.984972405402714,
        0.984972405402714,
        0.984972405402714,
        0.984972405402714,
        0.984972405402714,
        0.984972405402714,
        0.984972405402714,
        0.984972405402714,
        0.984972405402714,
        0.984972405402714,
        0.984972405402714,
        0.984972405402714,
        0.984972405402714,
        0.984972405402714,
        0.984972405402714,
        0.984972405402714,
        0.984972405402714,
        0.984972405402714
    ],