{
    "dimensions": [
        0,
        0,
        0,
        0,
        0,
        0,
        0,
        0,
        0,
        0,
        0,
        0,
        0,
        0,
        0,
        0,
        0,
        0,
        0,
        0,
        0,
        0,
        0,
        0,
        0,
        0,
        0,
        0,
        0,
        0,
        0,
        0,
        0,
        0,
        0,
        0,
        0,
        0,
        0,
        0,
        0,
        0,
        0,
        0,
        0,
        0,
        0,
        0,
        0,
        0,
        0,
        0,
        0,
        0,
        0,
        0,
        0,
        0,
        0,
        0,
        0,
        0,
        0,
        0,
        0,
        0,
        0,
        0,
        0,
        0,
        0,
        0,
        0,
        0,
        0,
        0,
        0,
        0,
        0,
        0,
        0,
        0,
        0,
        0,
        0,
        0,
        0,
        0,
        0,
        0,
        0,
        0,
        0,
        0,
        0,
        0,
        0,
        0,
        0,
        0,
        0,
        0,
        0,
        0,
        0,
        0,
        0,
        0,
        0,
        0,
        0,
        0,
        0,
        0,
        0,
        0,
        0,
        0,
        0,
        0,
        0,
        0,
        0,
        0,
        0,
        0,
        0,
        0,
        0,
        0,
        0,
        0,
        0,
        0,
        0,
        0,
        0,
        0,
        0,
        0,
        0,
        0,
        0,
        0,
        0,
        0,
        0,
        0,
        0,
        0,
        0,
        0,
        0,
        0,
        0,
        0,
        0,
        0,
        0,
        0,
        0,
        0,
        0,
        0,
        0,
        0,
        0,
        0
    ],
    "creation_values": [
        0.9925930714862881,
        0.9925930714862881,
        0.9925930714862881,
        0.9925930714862881,
        0.9925930714862881,
        0.9925930714862881,
        0.9925930714862881,
        0.9925930714862881,
        0.9925930714862881,
        0.9925930714862881,
        0.9925930714862881,
        0.9925930714862881,
        0.9925930714862881,
        0.9925930714862881,
        0.9925930714862881,
        0.9925930714862881,
        0.9925930714862881,
        0.9925930714862881,
        0.9925930714862881,
        0.9925930714862881,
        0.9925930714862881,
        0.9925930714862881,
        0.9925930714862881,
        0.9925930714862881,
        0.9925930714862881,
        0.9925930714862881,
        0.9925930714862881,
        0.9925930714862881,
        0.9925930714862881,
        0.9925930714862881,
        0.9925930714862881,
        0.9925930714862881,
        0.9925930714862881,
        0.9925930714862881,
        0.9925930714862881,
        0.9925930714862881,
        0.9925930714862881,
        0.9925930714862881,
        0.9925930714862881,
        0.9925930714862881,
        0.9925930714862881,
        0.9925930714862881,
        0.9925930714862881,
        0.9925930714862881,
        0.9925930714862881,
        0.9925930714862881,
        0.9925930714862881,
        0.9925930714862881,
        0.9925930714862881,
        0.9925930714862881,
        0.9925930714862881,
        0.9925930714862881,
        0.9925930714862881,
        0.9925930714862881,
        0.9925930714862881,
        0.9925930714862881,
        0.9925930714862881,
        0.9925930714862881,
        0.9925930714862881,
        0.9925930714862881,
        0.9925930714862881,
        0.9925930714862881,
        0.9925930714862881,
        0.9925930714862881,
        0.9925930714862881,
        0.9925930714862881,
        0.9925930714862881,
        0.9925930714862881,
        0.9925930714862881,
        0.9925930714862881,
        0.9925930714862881,
        0.9925930714862881,
        0.9925930714862881,
        0.9925930714862881,
        0.9925930714862881,
        0.9925930714862881,
        0.9925930714862881,
        0.9925930714862881,
        0.9925930714862881,
        0.9925930714862881,
        0.9925930714862881,
        0.9925930714862881,
        0.9925930714862881,
        0.9925930714862881,
        0.9925930714862881,
        0.9925930714862881,
        0.9925930714862881,
        0.9925930714862881,
        0.9925930714862881,
        0.9925930714862881,
        0.9925930714862881,
        0.9925930714862881,
        0.9925930714862881,
        0.9925930714862881,
        0.9925930714862881,
        0.9925930714862881,
        0.9925930714862881,
        0.9925930714862881,
        0.9925930714862881,
        0.9925930714862881,
        0.9925930714862881,
        0.9925930714862881,
        0.9925930714862881,
        0.9925930714862881,
        0.9925930714862881,
        0.9925930714862881,
        0.9925930714862881,
        0.9925930714862881,
        0.9925930714862881,
        0.9925930714862881,
        0.9925930714862881,
        0.9925930714862881,
        0.9925930714862881,
        0.9925930714862881,
        0.9925930714862881,
        0.9925930714862881,
        0.9925930714862881,
        0.9925930714862881,
        0.9925930714862881,
        0.9925930714862881,
        0.9925930714862881,
        0.9925930714862881,
        0.9925930714862881,
        0.9925930714862881,
        0.9925930714862881,
        0.9925930714862881,
        0.9925930714862881,
        0.9925930714862881,
        0.9925930714862881,
        0.9925930714862881,
        0.9925930714862881,
        0.9925930714862881,
        0.9925930714862881,
        0.9925930714862881,
        0.9925930714862881,
        0.9925930714862881,
        0.9925930714862881,
        0.9925930714862881,
        0.9925930714862881,
        0.9925930714862881,
        0.9925930714862881,
        0.9925930714862881,
        0.9925930714862881,
        0.9925930714862881,
        0.9925930714862881,
        0.9925930714862881,
        0.9925930714862881,
        0.9925930714862881,
        0.9925930714862881,
        0.9925930714862881,
        0.9925930714862881,
        0.9925930714862881,
        0.9925930714862881,
        0.9925930714862881,
        0.9925930714862881,
        0.9925930714862881,
        0.9925930714862881,
        0.9925930714862881,
        0.9925930714862881,
        0.9925930714862881,
        0.9925930714862881,
        0.9925930714862881,
        0.9925930714862881,
        0.9925930714862881,
        0.9925930714862881,
        0.9925930714862881,
        0.9925930714862881,
        0.9925930714862881
    ],