{
    "dimensions": [
        0,
        0,
        0,
        0,
        0,
        0,
        0,
        0,
        0,
        0,
        0,
        0,
        0,
        0,
        0,
        0,
        0,
        0,
        0,
        0,
        0,
        0,
        0,
        0,
        0,
        0,
        0,
        0,
        0,
        0,
        0,
        0,
        0,
        0,
        0,
        0,
        0,
        0,
        0,
        0,
        0,
        0,
        0,
        0,
        0,
        0,
        0,
        0,
        0,
        0,
        0,
        0,
        0,
        0,
        0,
        0,
        0,
        0,
        0,
        0,
        0,
        0,
        0,
        0,
        0,
        0,
        0,
        0,
        0,
        0,
        0,
        0,
        0,
        0,
        0,
        0,
        0,
        0,
        0,
        0,
        0,
        0,
        0,
        0,
        0,
        0,
        0,
        0,
        0,
        0,
        0,
        0,
        0,
        0,
        0,
        0,
        0,
        0,
        0,
        0,
        0,
        0,
        0,
        0,
        0,
        0,
        0,
        0,
        0,
        0,
        0,
        0,
        0,
        0,
        0,
        0,
        0,
        0,
        0,
        0,
        0,
        0,
        0,
        0,
        0,
        0,
        0,
        0,
        0,
        0,
        0,
        0,
        0,
        0,
        0,
        0,
        0,
        0,
        0,
        0,
        0,
        0,
        0,
        0,
        0,
        0,
        0,
        0,
        0,
        0,
        0,
        0,
        0,
        0,
        0,
        0,
        0,
        0,
        0,
        0,
        0,
        0,
        0,
        0,
        0,
        0,
        0,
        0
    ],
    "creation_values": [
        0.9825990066667268,
        0.9825990066667268,
        0.9825990066667268,
        0.9825990066667268,
        0.9825990066667268,
        0.9825990066667268,
        0.9825990066667268,
        0.9825990066667268,
        0.9825990066667268,
        0.9825990066667268,
        0.9825990066667268,
        0.9825990066667268,
        0.9825990066667268,
        0.9825990066667268,
        0.9825990066667268,
        0.9825990066667268,
        0.9825990066667268,
        0.9825990066667268,
        0.9825990066667268,
        0.9825990066667268,
        0.9825990066667268,
        0.9825990066667268,
        0.9825990066667268,
        0.9825990066667268,
        0.9825990066667268,
        0.9825990066667268,
        0.9825990066667268,
        0.9825990066667268,
        0.9825990066667268,
        0.9825990066667268,
        0.9825990066667268,
        0.9825990066667268,
        0.9825990066667268,
        0.9825990066667268,
        0.9825990066667268,
        0.9825990066667268,
        0.9825990066667268,
        0.9825990066667268,
        0.9825990066667268,
        0.9825990066667268,
        0.9825990066667268,
        0.9825990066667268,
        0.9825990066667268,
        0.9825990066667268,
        0.9825990066667268,
        0.9825990066667268,
        0.9825990066667268,
        0.9825990066667268,
        0.9825990066667268,
        0.9825990066667268,
        0.9825990066667268,
        0.9825990066667268,
        0.9825990066667268,
        0.9825990066667268,
        0.9825990066667268,
        0.9825990066667268,
        0.9825990066667268,
        0.9825990066667268,
        0.9825990066667268,
        0.9825990066667268,
        0.9825990066667268,
        0.9825990066667268,
        0.9825990066667268,
        0.9825990066667268,
        0.9825990066667268,
        0.9825990066667268,
        0.9825990066667268,
        0.9825990066667268,
        0.9825990066667268,
        0.9825990066667268,
        0.9825990066667268,
        0.9825990066667268,
        0.9825990066667268,
        0.9825990066667268,
        0.9825990066667268,
        0.9825990066667268,
        0.9825990066667268,
        0.9825990066667268,
        0.9825990066667268,
        0.9825990066667268,
        0.9825990066667268,
        0.9825990066667268,
        0.9825990066667268,
        0.9825990066667268,
        0.9825990066667268,
        0.9825990066667268,
        0.9825990066667268,
        0.9825990066667268,
        0.9825990066667268,
        0.9825990066667268,
        0.9825990066667268,
        0.9825990066667268,
        0.9825990066667268,
        0.9825990066667268,
        0.9825990066667268,
        0.9825990066667268,
        0.9825990066667268,
        0.9825990066667268,
        0.9825990066667268,
        0.9825990066667268,
        0.9825990066667268,
        0.9825990066667268,
        0.9825990066667268,
        0.9825990066667268,
        0.9825990066667268,
        0.9825990066667268,
        0.9825990066667268,
        0.9825990066667268,
        0.9825990066667268,
        0.9825990066667268,
        0.9825990066667268,
        0.9825990066667268,
        0.9825990066667268,
        0.9825990066667268,
        0.9825990066667268,
        0.9825990066667268,
        0.9825990066667268,
        0.9825990066667268,
        0.9825990066667268,
        0.9825990066667268,
        0.9825990066667268,
        0.9825990066667268,
        0.9825990066667268,
        0.9825990066667268,
        0.9825990066667268,
        0.9825990066667268,
        0.9825990066667268,
        0.9825990066667268,
        0.9825990066667268,
        0.9825990066667268,
        0.9825990066667268,
        0.9825990066667268,
        0.9825990066667268,
        0.9825990066667268,
        0.9825990066667268,
        0.9825990066667268,
        0.9825990066667268,
        0.9825990066667268,
        0.9825990066667268,
        0.9825990066667268,
        0.9825990066667268,
        0.9825990066667268,
        0.9825990066667268,
        0.9825990066667268,
        0.9825990066667268,
        0.9825990066667268,
        0.9825990066667268,
        0.9825990066667268,
        0.9825990066667268,
        0.9825990066667268,
        0.9825990066667268,
        0.9825990066667268,
        0.9825990066667268,
        0.9825990066667268,
        0.9825990066667268,
        0.9825990066667268,
        0.9825990066667268,
        0.9825990066667268,
        0.9825990066667268,
        0.9825990066667268,
        0.9825990066667268,
        0.9825990066667268,
        0.9825990066667268,
        0.9825990066667268,
        0.9825990066667268,
        0.9825990066667268,
        0.9825990066667268,
        0.9825990066667268
    ],