{
    "dimensions": [
        0,
        0,
        0,
        0,
        0,
        0,
        0,
        0,
        0,
        0,
        0,
        0,
        0,
        0,
        0,
        0,
        0,
        0,
        0,
        0,
        0,
        0,
        0,
        0,
        0,
        0,
        0,
        0,
        0,
        0,
        0,
        0,
        0,
        0,
        0,
        0,
        0,
        0,
        0,
        0,
        0,
        0,
        0,
        0,
        0,
        0,
        0,
        0,
        0,
        0,
        0,
        0,
        0,
        0,
        0,
        0,
        0,
        0,
        0,
        0,
        0,
        0,
        0,
        0,
        0,
        0,
        0,
        0,
        0,
        0,
        0,
        0,
        0,
        0,
        0,
        0,
        0,
        0,
        0,
        0,
        0,
        0,
        0,
        0,
        0,
        0,
        0,
        0,
        0,
        0,
        0,
        0,
        0,
        0,
        0,
        0,
        0,
        0,
        0,
        0,
        0,
        0,
        0,
        0,
        0,
        0,
        0,
        0,
        0,
        0,
        0,
        0,
        0,
        0,
        0,
        0,
        0,
        0,
        0,
        0,
        0,
        0,
        0,
        0,
        0,
        0,
        0,
        0,
        0,
        0,
        0,
        0,
        0,
        0,
        0,
        0,
        0,
        0,
        0,
        0,
        0,
        0,
        0,
        0,
        0,
        0,
        0,
        0,
        0,
        0,
        0,
        0,
        0,
        0,
        0,
        0,
        0,
        0,
        0,
        0,
        0,
        0,
        0,
        0,
        0,
        0,
        0,
        0
    ],
    "creation_values": [
        0.9930990790556312,
        0.9930990790556312,
        0.9930990790556312,
        0.9930990790556312,
        0.9930990790556312,
        0.9930990790556312,
        0.9930990790556312,
        0.9930990790556312,
        0.9930990790556312,
        0.9930990790556312,
        0.9930990790556312,
        0.9930990790556312,
        0.9930990790556312,
        0.9930990790556312,
        0.9930990790556312,
        0.9930990790556312,
        0.9930990790556312,
        0.9930990790556312,
        0.9930990790556312,
        0.9930990790556312,
        0.9930990790556312,
        0.9930990790556312,
        0.9930990790556312,
        0.9930990790556312,
        0.9930990790556312,
        0.9930990790556312,
        0.9930990790556312,
        0.9930990790556312,
        0.9930990790556312,
        0.9930990790556312,
        0.9930990790556312,
        0.9930990790556312,
        0.9930990790556312,
        0.9930990790556312,
        0.9930990790556312,
        0.9930990790556312,
        0.9930990790556312,
        0.9930990790556312,
        0.9930990790556312,
        0.9930990790556312,
        0.9930990790556312,
        0.9930990790556312,
        0.9930990790556312,
        0.9930990790556312,
        0.9930990790556312,
        0.9930990790556312,
        0.9930990790556312,
        0.9930990790556312,
        0.9930990790556312,
        0.9930990790556312,
        0.9930990790556312,
        0.9930990790556312,
        0.9930990790556312,
        0.9930990790556312,
        0.9930990790556312,
        0.9930990790556312,
        0.9930990790556312,
        0.9930990790556312,
        0.9930990790556312,
        0.9930990790556312,
        0.9930990790556312,
        0.9930990790556312,
        0.9930990790556312,
        0.9930990790556312,
        0.9930990790556312,
        0.9930990790556312,
        0.9930990790556312,
        0.9930990790556312,
        0.9930990790556312,
        0.9930990790556312,
        0.9930990790556312,
        0.9930990790556312,
        0.9930990790556312,
        0.9930990790556312,
        0.9930990790556312,
        0.9930990790556312,
        0.9930990790556312,
        0.9930990790556312,
        0.9930990790556312,
        0.9930990790556312,
        0.9930990790556312,
        0.9930990790556312,
        0.9930990790556312,
        0.9930990790556312,
        0.9930990790556312,
        0.9930990790556312,
        0.9930990790556312,
        0.9930990790556312,
        0.9930990790556312,
        0.9930990790556312,
        0.9930990790556312,
        0.9930990790556312,
        0.9930990790556312,
        0.9930990790556312,
        0.9930990790556312,
        0.9930990790556312,
        0.9930990790556312,
        0.9930990790556312,
        0.9930990790556312,
        0.9930990790556312,
        0.9930990790556312,
        0.9930990790556312,
        0.9930990790556312,
        0.9930990790556312,
        0.9930990790556312,
        0.9930990790556312,
        0.9930990790556312,
        0.9930990790556312,
        0.9930990790556312,
        0.9930990790556312,
        0.9930990790556312,
        0.9930990790556312,
        0.9930990790556312,
        0.9930990790556312,
        0.9930990790556312,
        0.9930990790556312,
        0.9930990790556312,
        0.9930990790556312,
        0.9930990790556312,
        0.9930990790556312,
        0.9930990790556312,
        0.9930990790556312,
        0.9930990790556312,
        0.9930990790556312,
        0.9930990790556312,
        0.9930990790556312,
        0.9930990790556312,
        0.9930990790556312,
        0.9930990790556312,
        0.9930990790556312,
        0.9930990790556312,
        0.9930990790556312,
        0.9930990790556312,
        0.9930990790556312,
        0.9930990790556312,
        0.9930990790556312,
        0.9930990790556312,
        0.9930990790556312,
        0.9930990790556312,
        0.9930990790556312,
        0.9930990790556312,
        0.9930990790556312,
        0.9930990790556312,
        0.9930990790556312,
        0.9930990790556312,
        0.9930990790556312,
        0.9930990790556312,
        0.9930990790556312,
        0.9930990790556312,
        0.9930990790556312,
        0.9930990790556312,
        0.9930990790556312,
        0.9930990790556312,
        0.9930990790556312,
        0.9930990790556312,
        0.9930990790556312,
        0.9930990790556312,
        0.9930990790556312,
        0.9930990790556312,
        0.9930990790556312,
        0.9930990790556312,
        0.9930990790556312,
        0.9930990790556312,
        0.9930990790556312,
        0.9930990790556312,
        0.9930990790556312,
        0.9930990790556312,
        0.9930990790556312
    ],