{
    "dimensions": [
        0,
        0,
        0,
        0,
        0,
        0,
        0,
        0,
        0,
        0,
        0,
        0,
        0,
        0,
        0,
        0,
        0,
        0,
        0,
        0,
        0,
        0,
        0,
        0,
        0,
        0,
        0,
        0,
        0,
        0,
        0,
        0,
        0,
        0,
        0,
        0,
        0,
        0,
        0,
        0,
        0,
        0,
        0,
        0,
        0,
        0,
        0,
        0,
        0,
        0,
        0,
        0,
        0,
        0,
        0,
        0,
        0,
        0,
        0,
        0,
        0,
        0,
        0,
        0,
        0,
        0,
        0,
        0,
        0,
        0,
        0,
        0,
        0,
        0,
        0,
        0,
        0,
        0,
        0,
        0,
        0,
        0,
        0,
        0,
        0,
        0,
        0,
        0,
        0,
        0,
        0,
        0,
        0,
        0,
        0,
        0,
        0,
        0,
        0,
        0,
        0,
        0,
        0,
        0,
        0,
        0,
        0,
        0,
        0,
        0,
        0,
        0,
        0,
        0,
        0,
        0,
        0,
        0,
        0,
        0,
        0,
        0,
        0,
        0,
        0,
        0,
        0,
        0,
        0,
        0,
        0,
        0,
        0,
        0,
        0,
        0,
        0,
        0,
        0,
        0,
        0,
        0,
        0,
        0,
        0,
        0,
        0,
        0,
        0,
        0,
        0,
        0,
        0,
        0,
        0,
        0,
        0,
        0,
        0,
        0,
        0,
        0,
        0,
        0,
        0,
        0,
        0,
        0
    ],
    "creation_values": [
        0.9937421742088235,
        0.9937421742088235,
        0.9937421742088235,
        0.9937421742088235,
        0.9937421742088235,
        0.9937421742088235,
        0.9937421742088235,
        0.9937421742088235,
        0.9937421742088235,
        0.9937421742088235,
        0.9937421742088235,
        0.9937421742088235,
        0.9937421742088235,
        0.9937421742088235,
        0.9937421742088235,
        0.9937421742088235,
        0.9937421742088235,
        0.9937421742088235,
        0.9937421742088235,
        0.9937421742088235,
        0.9937421742088235,
        0.9937421742088235,
        0.9937421742088235,
        0.9937421742088235,
        0.9937421742088235,
        0.9937421742088235,
        0.9937421742088235,
        0.9937421742088235,
        0.9937421742088235,
        0.9937421742088235,
        0.9937421742088235,
        0.9937421742088235,
        0.9937421742088235,
        0.9937421742088235,
        0.9937421742088235,
        0.9937421742088235,
        0.9937421742088235,
        0.9937421742088235,
        0.9937421742088235,
        0.9937421742088235,
        0.9937421742088235,
        0.9937421742088235,
        0.9937421742088235,
        0.9937421742088235,
        0.9937421742088235,
        0.9937421742088235,
        0.9937421742088235,
        0.9937421742088235,
        0.9937421742088235,
        0.9937421742088235,
        0.9937421742088235,
        0.9937421742088235,
        0.9937421742088235,
        0.9937421742088235,
        0.9937421742088235,
        0.9937421742088235,
        0.9937421742088235,
        0.9937421742088235,
        0.9937421742088235,
        0.9937421742088235,
        0.9937421742088235,
        0.9937421742088235,
        0.9937421742088235,
        0.9937421742088235,
        0.9937421742088235,
        0.9937421742088235,
        0.9937421742088235,
        0.9937421742088235,
        0.9937421742088235,
        0.9937421742088235,
        0.9937421742088235,
        0.9937421742088235,
        0.9937421742088235,
        0.9937421742088235,
        0.9937421742088235,
        0.9937421742088235,
        0.9937421742088235,
        0.9937421742088235,
        0.9937421742088235,
        0.9937421742088235,
        0.9937421742088235,
        0.9937421742088235,
        0.9937421742088235,
        0.9937421742088235,
        0.9937421742088235,
        0.9937421742088235,
        0.9937421742088235,
        0.9937421742088235,
        0.9937421742088235,
        0.9937421742088235,
        0.9937421742088235,
        0.9937421742088235,
        0.9937421742088235,
        0.9937421742088235,
        0.9937421742088235,
        0.9937421742088235,
        0.9937421742088235,
        0.9937421742088235,
        0.9937421742088235,
        0.9937421742088235,
        0.9937421742088235,
        0.9937421742088235,
        0.9937421742088235,
        0.9937421742088235,
        0.9937421742088235,
        0.9937421742088235,
        0.9937421742088235,
        0.9937421742088235,
        0.9937421742088235,
        0.9937421742088235,
        0.9937421742088235,
        0.9937421742088235,
        0.9937421742088235,
        0.9937421742088235,
        0.9937421742088235,
        0.9937421742088235,
        0.9937421742088235,
        0.9937421742088235,
        0.9937421742088235,
        0.9937421742088235,
        0.9937421742088235,
        0.9937421742088235,
        0.9937421742088235,
        0.9937421742088235,
        0.9937421742088235,
        0.9937421742088235,
        0.9937421742088235,
        0.9937421742088235,
        0.9937421742088235,
        0.9937421742088235,
        0.9937421742088235,
        0.9937421742088235,
        0.9937421742088235,
        0.9937421742088235,
        0.9937421742088235,
        0.9937421742088235,
        0.9937421742088235,
        0.9937421742088235,
        0.9937421742088235,
        0.9937421742088235,
        0.9937421742088235,
        0.9937421742088235,
        0.9937421742088235,
        0.9937421742088235,
        0.9937421742088235,
        0.9937421742088235,
        0.9937421742088235,
        0.9937421742088235,
        0.9937421742088235,
        0.9937421742088235,
        0.9937421742088235,
        0.9937421742088235,
        0.9937421742088235,
        0.9937421742088235,
        0.9937421742088235,
        0.9937421742088235,
        0.9937421742088235,
        0.9937421742088235,
        0.9937421742088235,
        0.9937421742088235,
        0.9937421742088235,
        0.9937421742088235,
        0.9937421742088235,
        0.9937421742088235,
        0.9937421742088235,
        0.9937421742088235,
        0.9937421742088235,
        0.9937421742088235
    ],