{
    "dimensions": [
        0,
        0,
        0,
        0,
        0,
        0,
        0,
        0,
        0,
        0,
        0,
        0,
        0,
        0,
        0,
        0,
        0,
        0,
        0,
        0,
        0,
        0,
        0,
        0,
        0,
        0,
        0,
        0,
        0,
        0,
        0,
        0,
        0,
        0,
        0,
        0,
        0,
        0,
        0,
        0,
        0,
        0,
        0,
        0,
        0,
        0,
        0,
        0,
        0,
        0,
        0,
        0,
        0,
        0,
        0,
        0,
        0,
        0,
        0,
        0,
        0,
        0,
        0,
        0,
        0,
        0,
        0,
        0,
        0,
        0,
        0,
        0,
        0,
        0,
        0,
        0,
        0,
        0,
        0,
        0,
        0,
        0,
        0,
        0,
        0,
        0,
        0,
        0,
        0,
        0,
        0,
        0,
        0,
        0,
        0,
        0,
        0,
        0,
        0,
        0,
        0,
        0,
        0,
        0,
        0,
        0,
        0,
        0,
        0,
        0,
        0,
        0,
        0,
        0,
        0,
        0,
        0,
        0,
        0,
        0,
        0,
        0,
        0,
        0,
        0,
        0,
        0,
        0,
        0,
        0,
        0,
        0,
        0,
        0,
        0,
        0,
        0,
        0,
        0,
        0,
        0,
        0,
        0,
        0,
        0,
        0,
        0,
        0,
        0,
        0,
        0,
        0,
        0,
        0,
        0,
        0,
        0,
        0,
        0,
        0,
        0,
        0,
        0,
        0,
        0,
        0,
        0,
        0
    ],
    "creation_values": [
        0.9882601274173338,
        0.9882601274173338,
        0.9882601274173338,
        0.9882601274173338,
        0.9882601274173338,
        0.9882601274173338,
        0.9882601274173338,
        0.9882601274173338,
        0.9882601274173338,
        0.9882601274173338,
        0.9882601274173338,
        0.9882601274173338,
        0.9882601274173338,
        0.9882601274173338,
        0.9882601274173338,
        0.9882601274173338,
        0.9882601274173338,
        0.9882601274173338,
        0.9882601274173338,
        0.9882601274173338,
        0.9882601274173338,
        0.9882601274173338,
        0.9882601274173338,
        0.9882601274173338,
        0.9882601274173338,
        0.9882601274173338,
        0.9882601274173338,
        0.9882601274173338,
        0.9882601274173338,
        0.9882601274173338,
        0.9882601274173338,
        0.9882601274173338,
        0.9882601274173338,
        0.9882601274173338,
        0.9882601274173338,
        0.9882601274173338,
        0.9882601274173338,
        0.9882601274173338,
        0.9882601274173338,
        0.9882601274173338,
        0.9882601274173338,
        0.9882601274173338,
        0.9882601274173338,
        0.9882601274173338,
        0.9882601274173338,
        0.9882601274173338,
        0.9882601274173338,
        0.9882601274173338,
        0.9882601274173338,
        0.9882601274173338,
        0.9882601274173338,
        0.9882601274173338,
        0.9882601274173338,
        0.9882601274173338,
        0.9882601274173338,
        0.9882601274173338,
        0.9882601274173338,
        0.9882601274173338,
        0.9882601274173338,
        0.9882601274173338,
        0.9882601274173338,
        0.9882601274173338,
        0.9882601274173338,
        0.9882601274173338,
        0.9882601274173338,
        0.9882601274173338,
        0.9882601274173338,
        0.9882601274173338,
        0.9882601274173338,
        0.9882601274173338,
        0.9882601274173338,
        0.9882601274173338,
        0.9882601274173338,
        0.9882601274173338,
        0.9882601274173338,
        0.9882601274173338,
        0.9882601274173338,
        0.9882601274173338,
        0.9882601274173338,
        0.9882601274173338,
        0.9882601274173338,
        0.9882601274173338,
        0.9882601274173338,
        0.9882601274173338,
        0.9882601274173338,
        0.9882601274173338,
        0.9882601274173338,
        0.9882601274173338,
        0.9882601274173338,
        0.9882601274173338,
        0.9882601274173338,
        0.9882601274173338,
        0.9882601274173338,
        0.9882601274173338,
        0.9882601274173338,
        0.9882601274173338,
        0.9882601274173338,
        0.9882601274173338,
        0.9882601274173338,
        0.9882601274173338,
        0.9882601274173338,
        0.9882601274173338,
        0.9882601274173338,
        0.9882601274173338,
        0.9882601274173338,
        0.9882601274173338,
        0.9882601274173338,
        0.9882601274173338,
        0.9882601274173338,
        0.9882601274173338,
        0.9882601274173338,
        0.9882601274173338,
        0.9882601274173338,
        0.9882601274173338,
        0.9882601274173338,
        0.9882601274173338,
        0.9882601274173338,
        0.9882601274173338,
        0.9882601274173338,
        0.9882601274173338,
        0.9882601274173338,
        0.9882601274173338,
        0.9882601274173338,
        0.9882601274173338,
        0.9882601274173338,
        0.9882601274173338,
        0.9882601274173338,
        0.9882601274173338,
        0.9882601274173338,
        0.9882601274173338,
        0.9882601274173338,
        0.9882601274173338,
        0.9882601274173338,
        0.9882601274173338,
        0.9882601274173338,
        0.9882601274173338,
        0.9882601274173338,
        0.9882601274173338,
        0.9882601274173338,
        0.9882601274173338,
        0.9882601274173338,
        0.9882601274173338,
        0.9882601274173338,
        0.9882601274173338,
        0.9882601274173338,
        0.9882601274173338,
        0.9882601274173338,
        0.9882601274173338,
        0.9882601274173338,
        0.9882601274173338,
        0.9882601274173338,
        0.9882601274173338,
        0.9882601274173338,
        0.9882601274173338,
        0.9882601274173338,
        0.9882601274173338,
        0.9882601274173338,
        0.9882601274173338,
        0.9882601274173338,
        0.9882601274173338,
        0.9882601274173338,
        0.9882601274173338,
        0.9882601274173338,
        0.9882601274173338,
        0.9882601274173338,
        0.9882601274173338,
        0.9882601274173338,
        0.9882601274173338
    ],