{
    "dimensions": [
        0,
        0,
        0,
        0,
        0,
        0,
        0,
        0,
        0,
        0,
        0,
        0,
        0,
        0,
        0,
        0,
        0,
        0,
        0,
        0,
        0,
        0,
        0,
        0,
        0,
        0,
        0,
        0,
        0,
        0,
        0,
        0,
        0,
        0,
        0,
        0,
        0,
        0,
        0,
        0,
        0,
        0,
        0,
        0,
        0,
        0,
        0,
        0,
        0,
        0,
        0,
        0,
        0,
        0,
        0,
        0,
        0,
        0,
        0,
        0,
        0,
        0,
        0,
        0,
        0,
        0,
        0,
        0,
        0,
        0,
        0,
        0,
        0,
        0,
        0,
        0,
        0,
        0,
        0,
        0,
        0,
        0,
        0,
        0,
        0,
        0,
        0,
        0,
        0,
        0,
        0,
        0,
        0,
        0,
        0,
        0,
        0,
        0,
        0,
        0,
        0,
        0,
        0,
        0,
        0,
        0,
        0,
        0,
        0,
        0,
        0,
        0,
        0,
        0,
        0,
        0,
        0,
        0,
        0,
        0,
        0,
        0,
        0,
        0,
        0,
        0,
        0,
        0,
        0,
        0,
        0,
        0,
        0,
        0,
        0,
        0,
        0,
        0,
        0,
        0,
        0,
        0,
        0,
        0,
        0,
        0,
        0,
        0,
        0,
        0,
        0,
        0,
        0,
        0,
        0,
        0,
        0,
        0,
        0,
        0,
        0,
        0,
        0,
        0,
        0,
        0,
        0,
        0
    ],
    "creation_values": [
        0.9500483155950764,
        0.9500483155950764,
        0.9500483155950764,
        0.9500483155950764,
        0.9500483155950764,
        0.9500483155950764,
        0.9500483155950764,
        0.9500483155950764,
        0.9500483155950764,
        0.9500483155950764,
        0.9500483155950764,
        0.9500483155950764,
        0.9500483155950764,
        0.9500483155950764,
        0.9500483155950764,
        0.9500483155950764,
        0.9500483155950764,
        0.9500483155950764,
        0.9500483155950764,
        0.9500483155950764,
        0.9500483155950764,
        0.9500483155950764,
        0.9500483155950764,
        0.9500483155950764,
        0.9500483155950764,
        0.9500483155950764,
        0.9500483155950764,
        0.9500483155950764,
        0.9500483155950764,
        0.9500483155950764,
        0.9500483155950764,
        0.9500483155950764,
        0.9500483155950764,
        0.9500483155950764,
        0.9500483155950764,
        0.9500483155950764,
        0.9500483155950764,
        0.9500483155950764,
        0.9500483155950764,
        0.9500483155950764,
        0.9500483155950764,
        0.9500483155950764,
        0.9500483155950764,
        0.9500483155950764,
        0.9500483155950764,
        0.9500483155950764,
        0.9500483155950764,
        0.9500483155950764,
        0.9500483155950764,
        0.9500483155950764,
        0.9500483155950764,
        0.9500483155950764,
        0.9500483155950764,
        0.9500483155950764,
        0.9500483155950764,
        0.9500483155950764,
        0.9500483155950764,
        0.9500483155950764,
        0.9500483155950764,
        0.9500483155950764,
        0.9500483155950764,
        0.9500483155950764,
        0.9500483155950764,
        0.9500483155950764,
        0.9500483155950764,
        0.9500483155950764,
        0.9500483155950764,
        0.9500483155950764,
        0.9500483155950764,
        0.9500483155950764,
        0.9500483155950764,
        0.9500483155950764,
        0.9500483155950764,
        0.9500483155950764,
        0.9500483155950764,
        0.9500483155950764,
        0.9500483155950764,
        0.9500483155950764,
        0.9500483155950764,
        0.9500483155950764,
        0.9500483155950764,
        0.9500483155950764,
        0.9500483155950764,
        0.9500483155950764,
        0.9500483155950764,
        0.9500483155950764,
        0.9500483155950764,
        0.9500483155950764,
        0.9500483155950764,
        0.9500483155950764,
        0.9500483155950764,
        0.9500483155950764,
        0.9500483155950764,
        0.9500483155950764,
        0.9500483155950764,
        0.9500483155950764,
        0.9500483155950764,
        0.9500483155950764,
        0.9500483155950764,
        0.9500483155950764,
        0.9500483155950764,
        0.9500483155950764,
        0.9500483155950764,
        0.9500483155950764,
        0.9500483155950764,
        0.9500483155950764,
        0.9500483155950764,
        0.9500483155950764,
        0.9500483155950764,
        0.9500483155950764,
        0.9500483155950764,
        0.9500483155950764,
        0.9500483155950764,
        0.9500483155950764,
        0.9500483155950764,
        0.9500483155950764,
        0.9500483155950764,
        0.9500483155950764,
        0.9500483155950764,
        0.9500483155950764,
        0.9500483155950764,
        0.9500483155950764,
        0.9500483155950764,
        0.9500483155950764,
        0.9500483155950764,
        0.9500483155950764,
        0.9500483155950764,
        0.9500483155950764,
        0.9500483155950764,
        0.9500483155950764,
        0.9500483155950764,
        0.9500483155950764,
        0.9500483155950764,
        0.9500483155950764,
        0.9500483155950764,
        0.9500483155950764,
        0.9500483155950764,
        0.9500483155950764,
        0.9500483155950764,
        0.9500483155950764,
        0.9500483155950764,
        0.9500483155950764,
        0.9500483155950764,
        0.9500483155950764,
        0.9500483155950764,
        0.9500483155950764,
        0.9500483155950764,
        0.9500483155950764,
        0.9500483155950764,
        0.9500483155950764,
        0.9500483155950764,
        0.9500483155950764,
        0.9500483155950764,
        0.9500483155950764,
        0.9500483155950764,
        0.9500483155950764,
        0.9500483155950764,
        0.9500483155950764,
        0.9500483155950764,
        0.9500483155950764,
        0.9500483155950764,
        0.9500483155950764,
        0.9500483155950764,
        0.9500483155950764,
        0.9500483155950764,
        0.9500483155950764,
        0.9500483155950764,
        0.9500483155950764
    ],