{
    "dimensions": [
        0,
        0,
        0,
        0,
        0,
        0,
        0,
        0,
        0,
        0,
        0,
        0,
        0,
        0,
        0,
        0,
        0,
        0,
        0,
        0,
        0,
        0,
        0,
        0,
        0,
        0,
        0,
        0,
        0,
        0,
        0,
        0,
        0,
        0,
        0,
        0,
        0,
        0,
        0,
        0,
        0,
        0,
        0,
        0,
        0,
        0,
        0,
        0,
        0,
        0,
        0,
        0,
        0,
        0,
        0,
        0,
        0,
        0,
        0,
        0,
        0,
        0,
        0,
        0,
        0,
        0,
        0,
        0,
        0,
        0,
        0,
        0,
        0,
        0,
        0,
        0,
        0,
        0,
        0,
        0,
        0,
        0,
        0,
        0,
        0,
        0,
        0,
        0,
        0,
        0,
        0,
        0,
        0,
        0,
        0,
        0,
        0,
        0,
        0,
        0,
        0,
        0,
        0,
        0,
        0,
        0,
        0,
        0,
        0,
        0,
        0,
        0,
        0,
        0,
        0,
        0,
        0,
        0,
        0,
        0,
        0,
        0,
        0,
        0,
        0,
        0,
        0,
        0,
        0,
        0,
        0,
        0,
        0,
        0,
        0,
        0,
        0,
        0,
        0,
        0,
        0,
        0,
        0,
        0,
        0,
        0,
        0,
        0,
        0,
        0,
        0,
        0,
        0,
        0,
        0,
        0,
        0,
        0,
        0,
        0,
        0,
        0,
        0,
        0,
        0,
        0,
        0,
        0
    ],
    "creation_values": [
        0.9851067396274492,
        0.9851067396274492,
        0.9851067396274492,
        0.9851067396274492,
        0.9851067396274492,
        0.9851067396274492,
        0.9851067396274492,
        0.9851067396274492,
        0.9851067396274492,
        0.9851067396274492,
        0.9851067396274492,
        0.9851067396274492,
        0.9851067396274492,
        0.9851067396274492,
        0.9851067396274492,
        0.9851067396274492,
        0.9851067396274492,
        0.9851067396274492,
        0.9851067396274492,
        0.9851067396274492,
        0.9851067396274492,
        0.9851067396274492,
        0.9851067396274492,
        0.9851067396274492,
        0.9851067396274492,
        0.9851067396274492,
        0.9851067396274492,
        0.9851067396274492,
        0.9851067396274492,
        0.9851067396274492,
        0.9851067396274492,
        0.9851067396274492,
        0.9851067396274492,
        0.9851067396274492,
        0.9851067396274492,
        0.9851067396274492,
        0.9851067396274492,
        0.9851067396274492,
        0.9851067396274492,
        0.9851067396274492,
        0.9851067396274492,
        0.9851067396274492,
        0.9851067396274492,
        0.9851067396274492,
        0.9851067396274492,
        0.9851067396274492,
        0.9851067396274492,
        0.9851067396274492,
        0.9851067396274492,
        0.9851067396274492,
        0.9851067396274492,
        0.9851067396274492,
        0.9851067396274492,
        0.9851067396274492,
        0.9851067396274492,
        0.9851067396274492,
        0.9851067396274492,
        0.9851067396274492,
        0.9851067396274492,
        0.9851067396274492,
        0.9851067396274492,
        0.9851067396274492,
        0.9851067396274492,
        0.9851067396274492,
        0.9851067396274492,
        0.9851067396274492,
        0.9851067396274492,
        0.9851067396274492,
        0.9851067396274492,
        0.9851067396274492,
        0.9851067396274492,
        0.9851067396274492,
        0.9851067396274492,
        0.9851067396274492,
        0.9851067396274492,
        0.9851067396274492,
        0.9851067396274492,
        0.9851067396274492,
        0.9851067396274492,
        0.9851067396274492,
        0.9851067396274492,
        0.9851067396274492,
        0.9851067396274492,
        0.9851067396274492,
        0.9851067396274492,
        0.9851067396274492,
        0.9851067396274492,
        0.9851067396274492,
        0.9851067396274492,
        0.9851067396274492,
        0.9851067396274492,
        0.9851067396274492,
        0.9851067396274492,
        0.9851067396274492,
        0.9851067396274492,
        0.9851067396274492,
        0.9851067396274492,
        0.9851067396274492,
        0.9851067396274492,
        0.9851067396274492,
        0.9851067396274492,
        0.9851067396274492,
        0.9851067396274492,
        0.9851067396274492,
        0.9851067396274492,
        0.9851067396274492,
        0.9851067396274492,
        0.9851067396274492,
        0.9851067396274492,
        0.9851067396274492,
        0.9851067396274492,
        0.9851067396274492,
        0.9851067396274492,
        0.9851067396274492,
        0.9851067396274492,
        0.9851067396274492,
        0.9851067396274492,
        0.9851067396274492,
        0.9851067396274492,
        0.9851067396274492,
        0.9851067396274492,
        0.9851067396274492,
        0.9851067396274492,
        0.9851067396274492,
        0.9851067396274492,
        0.9851067396274492,
        0.9851067396274492,
        0.9851067396274492,
        0.9851067396274492,
        0.9851067396274492,
        0.9851067396274492,
        0.9851067396274492,
        0.9851067396274492,
        0.9851067396274492,
        0.9851067396274492,
        0.9851067396274492,
        0.9851067396274492,
        0.9851067396274492,
        0.9851067396274492,
        0.9851067396274492,
        0.9851067396274492,
        0.9851067396274492,
        0.9851067396274492,
        0.9851067396274492,
        0.9851067396274492,
        0.9851067396274492,
        0.9851067396274492,
        0.9851067396274492,
        0.9851067396274492,
        0.9851067396274492,
        0.9851067396274492,
        0.9851067396274492,
        0.9851067396274492,
        0.9851067396274492,
        0.9851067396274492,
        0.9851067396274492,
        0.9851067396274492,
        0.9851067396274492,
        0.9851067396274492,
        0.9851067396274492,
        0.9851067396274492,
        0.9851067396274492,
        0.9851067396274492,
        0.9851067396274492,
        0.9851067396274492,
        0.9851067396274492,
        0.9851067396274492,
        0.9851067396274492
    ],