{
    "dimensions": [
        0,
        0,
        0,
        0,
        0,
        0,
        0,
        0,
        0,
        0,
        0,
        0,
        0,
        0,
        0,
        0,
        0,
        0,
        0,
        0,
        0,
        0,
        0,
        0,
        0,
        0,
        0,
        0,
        0,
        0,
        0,
        0,
        0,
        0,
        0,
        0,
        0,
        0,
        0,
        0,
        0,
        0,
        0,
        0,
        0,
        0,
        0,
        0,
        0,
        0,
        0,
        0,
        0,
        0,
        0,
        0,
        0,
        0,
        0,
        0,
        0,
        0,
        0,
        0,
        0,
        0,
        0,
        0,
        0,
        0,
        0,
        0,
        0,
        0,
        0,
        0,
        0,
        0,
        0,
        0,
        0,
        0,
        0,
        0,
        0,
        0,
        0,
        0,
        0,
        0,
        0,
        0,
        0,
        0,
        0,
        0,
        0,
        0,
        0,
        0,
        0,
        0,
        0,
        0,
        0,
        0,
        0,
        0,
        0,
        0,
        0,
        0,
        0,
        0,
        0,
        0,
        0,
        0,
        0,
        0,
        0,
        0,
        0,
        0,
        0,
        0,
        0,
        0,
        0,
        0,
        0,
        0,
        0,
        0,
        0,
        0,
        0,
        0,
        0,
        0,
        0,
        0,
        0,
        0,
        0,
        0,
        0,
        0,
        0,
        0,
        0,
        0,
        0,
        0,
        0,
        0,
        0,
        0,
        0,
        0,
        0,
        0,
        0,
        0,
        0,
        0,
        0,
        0
    ],
    "creation_values": [
        0.9967854373129338,
        0.9967854373129338,
        0.9967854373129338,
        0.9967854373129338,
        0.9967854373129338,
        0.9967854373129338,
        0.9967854373129338,
        0.9967854373129338,
        0.9967854373129338,
        0.9967854373129338,
        0.9967854373129338,
        0.9967854373129338,
        0.9967854373129338,
        0.9967854373129338,
        0.9967854373129338,
        0.9967854373129338,
        0.9967854373129338,
        0.9967854373129338,
        0.9967854373129338,
        0.9967854373129338,
        0.9967854373129338,
        0.9967854373129338,
        0.9967854373129338,
        0.9967854373129338,
        0.9967854373129338,
        0.9967854373129338,
        0.9967854373129338,
        0.9967854373129338,
        0.9967854373129338,
        0.9967854373129338,
        0.9967854373129338,
        0.9967854373129338,
        0.9967854373129338,
        0.9967854373129338,
        0.9967854373129338,
        0.9967854373129338,
        0.9967854373129338,
        0.9967854373129338,
        0.9967854373129338,
        0.9967854373129338,
        0.9967854373129338,
        0.9967854373129338,
        0.9967854373129338,
        0.9967854373129338,
        0.9967854373129338,
        0.9967854373129338,
        0.9967854373129338,
        0.9967854373129338,
        0.9967854373129338,
        0.9967854373129338,
        0.9967854373129338,
        0.9967854373129338,
        0.9967854373129338,
        0.9967854373129338,
        0.9967854373129338,
        0.9967854373129338,
        0.9967854373129338,
        0.9967854373129338,
        0.9967854373129338,
        0.9967854373129338,
        0.9967854373129338,
        0.9967854373129338,
        0.9967854373129338,
        0.9967854373129338,
        0.9967854373129338,
        0.9967854373129338,
        0.9967854373129338,
        0.9967854373129338,
        0.9967854373129338,
        0.9967854373129338,
        0.9967854373129338,
        0.9967854373129338,
        0.9967854373129338,
        0.9967854373129338,
        0.9967854373129338,
        0.9967854373129338,
        0.9967854373129338,
        0.9967854373129338,
        0.9967854373129338,
        0.9967854373129338,
        0.9967854373129338,
        0.9967854373129338,
        0.9967854373129338,
        0.9967854373129338,
        0.9967854373129338,
        0.9967854373129338,
        0.9967854373129338,
        0.9967854373129338,
        0.9967854373129338,
        0.9967854373129338,
        0.9967854373129338,
        0.9967854373129338,
        0.9967854373129338,
        0.9967854373129338,
        0.9967854373129338,
        0.9967854373129338,
        0.9967854373129338,
        0.9967854373129338,
        0.9967854373129338,
        0.9967854373129338,
        0.9967854373129338,
        0.9967854373129338,
        0.9967854373129338,
        0.9967854373129338,
        0.9967854373129338,
        0.9967854373129338,
        0.9967854373129338,
        0.9967854373129338,
        0.9967854373129338,
        0.9967854373129338,
        0.9967854373129338,
        0.9967854373129338,
        0.9967854373129338,
        0.9967854373129338,
        0.9967854373129338,
        0.9967854373129338,
        0.9967854373129338,
        0.9967854373129338,
        0.9967854373129338,
        0.9967854373129338,
        0.9967854373129338,
        0.9967854373129338,
        0.9967854373129338,
        0.9967854373129338,
        0.9967854373129338,
        0.9967854373129338,
        0.9967854373129338,
        0.9967854373129338,
        0.9967854373129338,
        0.9967854373129338,
        0.9967854373129338,
        0.9967854373129338,
        0.9967854373129338,
        0.9967854373129338,
        0.9967854373129338,
        0.9967854373129338,
        0.9967854373129338,
        0.9967854373129338,
        0.9967854373129338,
        0.9967854373129338,
        0.9967854373129338,
        0.9967854373129338,
        0.9967854373129338,
        0.9967854373129338,
        0.9967854373129338,
        0.9967854373129338,
        0.9967854373129338,
        0.9967854373129338,
        0.9967854373129338,
        0.9967854373129338,
        0.9967854373129338,
        0.9967854373129338,
        0.9967854373129338,
        0.9967854373129338,
        0.9967854373129338,
        0.9967854373129338,
        0.9967854373129338,
        0.9967854373129338,
        0.9967854373129338,
        0.9967854373129338,
        0.9967854373129338,
        0.9967854373129338,
        0.9967854373129338,
        0.9967854373129338,
        0.9967854373129338,
        0.9967854373129338,
        0.9967854373129338,
        0.9967854373129338
    ],