{
    "dimensions": [
        0,
        0,
        0,
        0,
        0,
        0,
        0,
        0,
        0,
        0,
        0,
        0,
        0,
        0,
        0,
        0,
        0,
        0,
        0,
        0,
        0,
        0,
        0,
        0,
        0,
        0,
        0,
        0,
        0,
        0,
        0,
        0,
        0,
        0,
        0,
        0,
        0,
        0,
        0,
        0,
        0,
        0,
        0,
        0,
        0,
        0,
        0,
        0,
        0,
        0,
        0,
        0,
        0,
        0,
        0,
        0,
        0,
        0,
        0,
        0,
        0,
        0,
        0,
        0,
        0,
        0,
        0,
        0,
        0,
        0,
        0,
        0,
        0,
        0,
        0,
        0,
        0,
        0,
        0,
        0,
        0,
        0,
        0,
        0,
        0,
        0,
        0,
        0,
        0,
        0,
        0,
        0,
        0,
        0,
        0,
        0,
        0,
        0,
        0,
        0,
        0,
        0,
        0,
        0,
        0,
        0,
        0,
        0,
        0,
        0,
        0,
        0,
        0,
        0,
        0,
        0,
        0,
        0,
        0,
        0,
        0,
        0,
        0,
        0,
        0,
        0,
        0,
        0,
        0,
        0,
        0,
        0,
        0,
        0,
        0,
        0,
        0,
        0,
        0,
        0,
        0,
        0,
        0,
        0,
        0,
        0,
        0,
        0,
        0,
        0,
        0,
        0,
        0,
        0,
        0,
        0,
        0,
        0,
        0,
        0,
        0,
        0,
        0,
        0,
        0,
        0,
        0,
        0
    ],
    "creation_values": [
        0.9672659241240709,
        0.9672659241240709,
        0.9672659241240709,
        0.9672659241240709,
        0.9672659241240709,
        0.9672659241240709,
        0.9672659241240709,
        0.9672659241240709,
        0.9672659241240709,
        0.9672659241240709,
        0.9672659241240709,
        0.9672659241240709,
        0.9672659241240709,
        0.9672659241240709,
        0.9672659241240709,
        0.9672659241240709,
        0.9672659241240709,
        0.9672659241240709,
        0.9672659241240709,
        0.9672659241240709,
        0.9672659241240709,
        0.9672659241240709,
        0.9672659241240709,
        0.9672659241240709,
        0.9672659241240709,
        0.9672659241240709,
        0.9672659241240709,
        0.9672659241240709,
        0.9672659241240709,
        0.9672659241240709,
        0.9672659241240709,
        0.9672659241240709,
        0.9672659241240709,
        0.9672659241240709,
        0.9672659241240709,
        0.9672659241240709,
        0.9672659241240709,
        0.9672659241240709,
        0.9672659241240709,
        0.9672659241240709,
        0.9672659241240709,
        0.9672659241240709,
        0.9672659241240709,
        0.9672659241240709,
        0.9672659241240709,
        0.9672659241240709,
        0.9672659241240709,
        0.9672659241240709,
        0.9672659241240709,
        0.9672659241240709,
        0.9672659241240709,
        0.9672659241240709,
        0.9672659241240709,
        0.9672659241240709,
        0.9672659241240709,
        0.9672659241240709,
        0.9672659241240709,
        0.9672659241240709,
        0.9672659241240709,
        0.9672659241240709,
        0.9672659241240709,
        0.9672659241240709,
        0.9672659241240709,
        0.9672659241240709,
        0.9672659241240709,
        0.9672659241240709,
        0.9672659241240709,
        0.9672659241240709,
        0.9672659241240709,
        0.9672659241240709,
        0.9672659241240709,
        0.9672659241240709,
        0.9672659241240709,
        0.9672659241240709,
        0.9672659241240709,
        0.9672659241240709,
        0.9672659241240709,
        0.9672659241240709,
        0.9672659241240709,
        0.9672659241240709,
        0.9672659241240709,
        0.9672659241240709,
        0.9672659241240709,
        0.9672659241240709,
        0.9672659241240709,
        0.9672659241240709,
        0.9672659241240709,
        0.9672659241240709,
        0.9672659241240709,
        0.9672659241240709,
        0.9672659241240709,
        0.9672659241240709,
        0.9672659241240709,
        0.9672659241240709,
        0.9672659241240709,
        0.9672659241240709,
        0.9672659241240709,
        0.9672659241240709,
        0.9672659241240709,
        0.9672659241240709,
        0.9672659241240709,
        0.9672659241240709,
        0.9672659241240709,
        0.9672659241240709,
        0.9672659241240709,
        0.9672659241240709,
        0.9672659241240709,
        0.9672659241240709,
        0.9672659241240709,
        0.9672659241240709,
        0.9672659241240709,
        0.9672659241240709,
        0.9672659241240709,
        0.9672659241240709,
        0.9672659241240709,
        0.9672659241240709,
        0.9672659241240709,
        0.9672659241240709,
        0.9672659241240709,
        0.9672659241240709,
        0.9672659241240709,
        0.9672659241240709,
        0.9672659241240709,
        0.9672659241240709,
        0.9672659241240709,
        0.9672659241240709,
        0.9672659241240709,
        0.9672659241240709,
        0.9672659241240709,
        0.9672659241240709,
        0.9672659241240709,
        0.9672659241240709,
        0.9672659241240709,
        0.9672659241240709,
        0.9672659241240709,
        0.9672659241240709,
        0.9672659241240709,
        0.9672659241240709,
        0.9672659241240709,
        0.9672659241240709,
        0.9672659241240709,
        0.9672659241240709,
        0.9672659241240709,
        0.9672659241240709,
        0.9672659241240709,
        0.9672659241240709,
        0.9672659241240709,
        0.9672659241240709,
        0.9672659241240709,
        0.9672659241240709,
        0.9672659241240709,
        0.9672659241240709,
        0.9672659241240709,
        0.9672659241240709,
        0.9672659241240709,
        0.9672659241240709,
        0.9672659241240709,
        0.9672659241240709,
        0.9672659241240709,
        0.9672659241240709,
        0.9672659241240709,
        0.9672659241240709,
        0.9672659241240709,
        0.9672659241240709,
        0.9672659241240709,
        0.9672659241240709,
        0.9672659241240709,
        0.9672659241240709
    ],