{
    "dimensions": [
        0,
        0,
        0,
        0,
        0,
        0,
        0,
        0,
        0,
        0,
        0,
        0,
        0,
        0,
        0,
        0,
        0,
        0,
        0,
        0,
        0,
        0,
        0,
        0,
        0,
        0,
        0,
        0,
        0,
        0,
        0,
        0,
        0,
        0,
        0,
        0,
        0,
        0,
        0,
        0,
        0,
        0,
        0,
        0,
        0,
        0,
        0,
        0,
        0,
        0,
        0,
        0,
        0,
        0,
        0,
        0,
        0,
        0,
        0,
        0,
        0,
        0,
        0,
        0,
        0,
        0,
        0,
        0,
        0,
        0,
        0,
        0,
        0,
        0,
        0,
        0,
        0,
        0,
        0,
        0,
        0,
        0,
        0,
        0,
        0,
        0,
        0,
        0,
        0,
        0,
        0,
        0,
        0,
        0,
        0,
        0,
        0,
        0,
        0,
        0,
        0,
        0,
        0,
        0,
        0,
        0,
        0,
        0,
        0,
        0,
        0,
        0,
        0,
        0,
        0,
        0,
        0,
        0,
        0,
        0,
        0,
        0,
        0,
        0,
        0,
        0,
        0,
        0,
        0,
        0,
        0,
        0,
        0,
        0,
        0,
        0,
        0,
        0,
        0,
        0,
        0,
        0,
        0,
        0,
        0,
        0,
        0,
        0,
        0,
        0,
        0,
        0,
        0,
        0,
        0,
        0,
        0,
        0,
        0,
        0,
        0,
        0,
        0,
        0,
        0,
        0,
        0,
        0
    ],
    "creation_values": [
        0.996779506458556,
        0.996779506458556,
        0.996779506458556,
        0.996779506458556,
        0.996779506458556,
        0.996779506458556,
        0.996779506458556,
        0.996779506458556,
        0.996779506458556,
        0.996779506458556,
        0.996779506458556,
        0.996779506458556,
        0.996779506458556,
        0.996779506458556,
        0.996779506458556,
        0.996779506458556,
        0.996779506458556,
        0.996779506458556,
        0.996779506458556,
        0.996779506458556,
        0.996779506458556,
        0.996779506458556,
        0.996779506458556,
        0.996779506458556,
        0.996779506458556,
        0.996779506458556,
        0.996779506458556,
        0.996779506458556,
        0.996779506458556,
        0.996779506458556,
        0.996779506458556,
        0.996779506458556,
        0.996779506458556,
        0.996779506458556,
        0.996779506458556,
        0.996779506458556,
        0.996779506458556,
        0.996779506458556,
        0.996779506458556,
        0.996779506458556,
        0.996779506458556,
        0.996779506458556,
        0.996779506458556,
        0.996779506458556,
        0.996779506458556,
        0.996779506458556,
        0.996779506458556,
        0.996779506458556,
        0.996779506458556,
        0.996779506458556,
        0.996779506458556,
        0.996779506458556,
        0.996779506458556,
        0.996779506458556,
        0.996779506458556,
        0.996779506458556,
        0.996779506458556,
        0.996779506458556,
        0.996779506458556,
        0.996779506458556,
        0.996779506458556,
        0.996779506458556,
        0.996779506458556,
        0.996779506458556,
        0.996779506458556,
        0.996779506458556,
        0.996779506458556,
        0.996779506458556,
        0.996779506458556,
        0.996779506458556,
        0.996779506458556,
        0.996779506458556,
        0.996779506458556,
        0.996779506458556,
        0.996779506458556,
        0.996779506458556,
        0.996779506458556,
        0.996779506458556,
        0.996779506458556,
        0.996779506458556,
        0.996779506458556,
        0.996779506458556,
        0.996779506458556,
        0.996779506458556,
        0.996779506458556,
        0.996779506458556,
        0.996779506458556,
        0.996779506458556,
        0.996779506458556,
        0.996779506458556,
        0.996779506458556,
        0.996779506458556,
        0.996779506458556,
        0.996779506458556,
        0.996779506458556,
        0.996779506458556,
        0.996779506458556,
        0.996779506458556,
        0.996779506458556,
        0.996779506458556,
        0.996779506458556,
        0.996779506458556,
        0.996779506458556,
        0.996779506458556,
        0.996779506458556,
        0.996779506458556,
        0.996779506458556,
        0.996779506458556,
        0.996779506458556,
        0.996779506458556,
        0.996779506458556,
        0.996779506458556,
        0.996779506458556,
        0.996779506458556,
        0.996779506458556,
        0.996779506458556,
        0.996779506458556,
        0.996779506458556,
        0.996779506458556,
        0.996779506458556,
        0.996779506458556,
        0.996779506458556,
        0.996779506458556,
        0.996779506458556,
        0.996779506458556,
        0.996779506458556,
        0.996779506458556,
        0.996779506458556,
        0.996779506458556,
        0.996779506458556,
        0.996779506458556,
        0.996779506458556,
        0.996779506458556,
        0.996779506458556,
        0.996779506458556,
        0.996779506458556,
        0.996779506458556,
        0.996779506458556,
        0.996779506458556,
        0.996779506458556,
        0.996779506458556,
        0.996779506458556,
        0.996779506458556,
        0.996779506458556,
        0.996779506458556,
        0.996779506458556,
        0.996779506458556,
        0.996779506458556,
        0.996779506458556,
        0.996779506458556,
        0.996779506458556,
        0.996779506458556,
        0.996779506458556,
        0.996779506458556,
        0.996779506458556,
        0.996779506458556,
        0.996779506458556,
        0.996779506458556,
        0.996779506458556,
        0.996779506458556,
        0.996779506458556,
        0.996779506458556,
        0.996779506458556,
        0.996779506458556,
        0.996779506458556,
        0.996779506458556,
        0.996779506458556,
        0.996779506458556
    ],