{
    "dimensions": [
        0,
        0,
        0,
        0,
        0,
        0,
        0,
        0,
        0,
        0,
        0,
        0,
        0,
        0,
        0,
        0,
        0,
        0,
        0,
        0,
        0,
        0,
        0,
        0,
        0,
        0,
        0,
        0,
        0,
        0,
        0,
        0,
        0,
        0,
        0,
        0,
        0,
        0,
        0,
        0,
        0,
        0,
        0,
        0,
        0,
        0,
        0,
        0,
        0,
        0,
        0,
        0,
        0,
        0,
        0,
        0,
        0,
        0,
        0,
        0,
        0,
        0,
        0,
        0,
        0,
        0,
        0,
        0,
        0,
        0,
        0,
        0,
        0,
        0,
        0,
        0,
        0,
        0,
        0,
        0,
        0,
        0,
        0,
        0,
        0,
        0,
        0,
        0,
        0,
        0,
        0,
        0,
        0,
        0,
        0,
        0,
        0,
        0,
        0,
        0,
        0,
        0,
        0,
        0,
        0,
        0,
        0,
        0,
        0,
        0,
        0,
        0,
        0,
        0,
        0,
        0,
        0,
        0,
        0,
        0,
        0,
        0,
        0,
        0,
        0,
        0,
        0,
        0,
        0,
        0,
        0,
        0,
        0,
        0,
        0,
        0,
        0,
        0,
        0,
        0,
        0,
        0,
        0,
        0,
        0,
        0,
        0,
        0,
        0,
        0,
        0,
        0,
        0,
        0,
        0,
        0,
        0,
        0,
        0,
        0,
        0,
        0,
        0,
        0,
        0,
        0,
        0,
        0
    ],
    "creation_values": [
        0.9944989172471025,
        0.9944989172471025,
        0.9944989172471025,
        0.9944989172471025,
        0.9944989172471025,
        0.9944989172471025,
        0.9944989172471025,
        0.9944989172471025,
        0.9944989172471025,
        0.9944989172471025,
        0.9944989172471025,
        0.9944989172471025,
        0.9944989172471025,
        0.9944989172471025,
        0.9944989172471025,
        0.9944989172471025,
        0.9944989172471025,
        0.9944989172471025,
        0.9944989172471025,
        0.9944989172471025,
        0.9944989172471025,
        0.9944989172471025,
        0.9944989172471025,
        0.9944989172471025,
        0.9944989172471025,
        0.9944989172471025,
        0.9944989172471025,
        0.9944989172471025,
        0.9944989172471025,
        0.9944989172471025,
        0.9944989172471025,
        0.9944989172471025,
        0.9944989172471025,
        0.9944989172471025,
        0.9944989172471025,
        0.9944989172471025,
        0.9944989172471025,
        0.9944989172471025,
        0.9944989172471025,
        0.9944989172471025,
        0.9944989172471025,
        0.9944989172471025,
        0.9944989172471025,
        0.9944989172471025,
        0.9944989172471025,
        0.9944989172471025,
        0.9944989172471025,
        0.9944989172471025,
        0.9944989172471025,
        0.9944989172471025,
        0.9944989172471025,
        0.9944989172471025,
        0.9944989172471025,
        0.9944989172471025,
        0.9944989172471025,
        0.9944989172471025,
        0.9944989172471025,
        0.9944989172471025,
        0.9944989172471025,
        0.9944989172471025,
        0.9944989172471025,
        0.9944989172471025,
        0.9944989172471025,
        0.9944989172471025,
        0.9944989172471025,
        0.9944989172471025,
        0.9944989172471025,
        0.9944989172471025,
        0.9944989172471025,
        0.9944989172471025,
        0.9944989172471025,
        0.9944989172471025,
        0.9944989172471025,
        0.9944989172471025,
        0.9944989172471025,
        0.9944989172471025,
        0.9944989172471025,
        0.9944989172471025,
        0.9944989172471025,
        0.9944989172471025,
        0.9944989172471025,
        0.9944989172471025,
        0.9944989172471025,
        0.9944989172471025,
        0.9944989172471025,
        0.9944989172471025,
        0.9944989172471025,
        0.9944989172471025,
        0.9944989172471025,
        0.9944989172471025,
        0.9944989172471025,
        0.9944989172471025,
        0.9944989172471025,
        0.9944989172471025,
        0.9944989172471025,
        0.9944989172471025,
        0.9944989172471025,
        0.9944989172471025,
        0.9944989172471025,
        0.9944989172471025,
        0.9944989172471025,
        0.9944989172471025,
        0.9944989172471025,
        0.9944989172471025,
        0.9944989172471025,
        0.9944989172471025,
        0.9944989172471025,
        0.9944989172471025,
        0.9944989172471025,
        0.9944989172471025,
        0.9944989172471025,
        0.9944989172471025,
        0.9944989172471025,
        0.9944989172471025,
        0.9944989172471025,
        0.9944989172471025,
        0.9944989172471025,
        0.9944989172471025,
        0.9944989172471025,
        0.9944989172471025,
        0.9944989172471025,
        0.9944989172471025,
        0.9944989172471025,
        0.9944989172471025,
        0.9944989172471025,
        0.9944989172471025,
        0.9944989172471025,
        0.9944989172471025,
        0.9944989172471025,
        0.9944989172471025,
        0.9944989172471025,
        0.9944989172471025,
        0.9944989172471025,
        0.9944989172471025,
        0.9944989172471025,
        0.9944989172471025,
        0.9944989172471025,
        0.9944989172471025,
        0.9944989172471025,
        0.9944989172471025,
        0.9944989172471025,
        0.9944989172471025,
        0.9944989172471025,
        0.9944989172471025,
        0.9944989172471025,
        0.9944989172471025,
        0.9944989172471025,
        0.9944989172471025,
        0.9944989172471025,
        0.9944989172471025,
        0.9944989172471025,
        0.9944989172471025,
        0.9944989172471025,
        0.9944989172471025,
        0.9944989172471025,
        0.9944989172471025,
        0.9944989172471025,
        0.9944989172471025,
        0.9944989172471025,
        0.9944989172471025,
        0.9944989172471025,
        0.9944989172471025,
        0.9944989172471025,
        0.9944989172471025,
        0.9944989172471025,
        0.9944989172471025,
        0.9944989172471025,
        0.9944989172471025
    ],