{
    "dimensions": [
        0,
        0,
        0,
        0,
        0,
        0,
        0,
        0,
        0,
        0,
        0,
        0,
        0,
        0,
        0,
        0,
        0,
        0,
        0,
        0,
        0,
        0,
        0,
        0,
        0,
        0,
        0,
        0,
        0,
        0,
        0,
        0,
        0,
        0,
        0,
        0,
        0,
        0,
        0,
        0,
        0,
        0,
        0,
        0,
        0,
        0,
        0,
        0,
        0,
        0,
        0,
        0,
        0,
        0,
        0,
        0,
        0,
        0,
        0,
        0,
        0,
        0,
        0,
        0,
        0,
        0,
        0,
        0,
        0,
        0,
        0,
        0,
        0,
        0,
        0,
        0,
        0,
        0,
        0,
        0,
        0,
        0,
        0,
        0,
        0,
        0,
        0,
        0,
        0,
        0,
        0,
        0,
        0,
        0,
        0,
        0,
        0,
        0,
        0,
        0,
        0,
        0,
        0,
        0,
        0,
        0,
        0,
        0,
        0,
        0,
        0,
        0,
        0,
        0,
        0,
        0,
        0,
        0,
        0,
        0,
        0,
        0,
        0,
        0,
        0,
        0,
        0,
        0,
        0,
        0,
        0,
        0,
        0,
        0,
        0,
        0,
        0,
        0,
        0,
        0,
        0,
        0,
        0,
        0,
        0,
        0,
        0,
        0,
        0,
        0,
        0,
        0,
        0,
        0,
        0,
        0,
        0,
        0,
        0,
        0,
        0,
        0,
        0,
        0,
        0,
        0,
        0,
        0
    ],
    "creation_values": [
        0.9957394091311754,
        0.9957394091311754,
        0.9957394091311754,
        0.9957394091311754,
        0.9957394091311754,
        0.9957394091311754,
        0.9957394091311754,
        0.9957394091311754,
        0.9957394091311754,
        0.9957394091311754,
        0.9957394091311754,
        0.9957394091311754,
        0.9957394091311754,
        0.9957394091311754,
        0.9957394091311754,
        0.9957394091311754,
        0.9957394091311754,
        0.9957394091311754,
        0.9957394091311754,
        0.9957394091311754,
        0.9957394091311754,
        0.9957394091311754,
        0.9957394091311754,
        0.9957394091311754,
        0.9957394091311754,
        0.9957394091311754,
        0.9957394091311754,
        0.9957394091311754,
        0.9957394091311754,
        0.9957394091311754,
        0.9957394091311754,
        0.9957394091311754,
        0.9957394091311754,
        0.9957394091311754,
        0.9957394091311754,
        0.9957394091311754,
        0.9957394091311754,
        0.9957394091311754,
        0.9957394091311754,
        0.9957394091311754,
        0.9957394091311754,
        0.9957394091311754,
        0.9957394091311754,
        0.9957394091311754,
        0.9957394091311754,
        0.9957394091311754,
        0.9957394091311754,
        0.9957394091311754,
        0.9957394091311754,
        0.9957394091311754,
        0.9957394091311754,
        0.9957394091311754,
        0.9957394091311754,
        0.9957394091311754,
        0.9957394091311754,
        0.9957394091311754,
        0.9957394091311754,
        0.9957394091311754,
        0.9957394091311754,
        0.9957394091311754,
        0.9957394091311754,
        0.9957394091311754,
        0.9957394091311754,
        0.9957394091311754,
        0.9957394091311754,
        0.9957394091311754,
        0.9957394091311754,
        0.9957394091311754,
        0.9957394091311754,
        0.9957394091311754,
        0.9957394091311754,
        0.9957394091311754,
        0.9957394091311754,
        0.9957394091311754,
        0.9957394091311754,
        0.9957394091311754,
        0.9957394091311754,
        0.9957394091311754,
        0.9957394091311754,
        0.9957394091311754,
        0.9957394091311754,
        0.9957394091311754,
        0.9957394091311754,
        0.9957394091311754,
        0.9957394091311754,
        0.9957394091311754,
        0.9957394091311754,
        0.9957394091311754,
        0.9957394091311754,
        0.9957394091311754,
        0.9957394091311754,
        0.9957394091311754,
        0.9957394091311754,
        0.9957394091311754,
        0.9957394091311754,
        0.9957394091311754,
        0.9957394091311754,
        0.9957394091311754,
        0.9957394091311754,
        0.9957394091311754,
        0.9957394091311754,
        0.9957394091311754,
        0.9957394091311754,
        0.9957394091311754,
        0.9957394091311754,
        0.9957394091311754,
        0.9957394091311754,
        0.9957394091311754,
        0.9957394091311754,
        0.9957394091311754,
        0.9957394091311754,
        0.9957394091311754,
        0.9957394091311754,
        0.9957394091311754,
        0.9957394091311754,
        0.9957394091311754,
        0.9957394091311754,
        0.9957394091311754,
        0.9957394091311754,
        0.9957394091311754,
        0.9957394091311754,
        0.9957394091311754,
        0.9957394091311754,
        0.9957394091311754,
        0.9957394091311754,
        0.9957394091311754,
        0.9957394091311754,
        0.9957394091311754,
        0.9957394091311754,
        0.9957394091311754,
        0.9957394091311754,
        0.9957394091311754,
        0.9957394091311754,
        0.9957394091311754,
        0.9957394091311754,
        0.9957394091311754,
        0.9957394091311754,
        0.9957394091311754,
        0.9957394091311754,
        0.9957394091311754,
        0.9957394091311754,
        0.9957394091311754,
        0.9957394091311754,
        0.9957394091311754,
        0.9957394091311754,
        0.9957394091311754,
        0.9957394091311754,
        0.9957394091311754,
        0.9957394091311754,
        0.9957394091311754,
        0.9957394091311754,
        0.9957394091311754,
        0.9957394091311754,
        0.9957394091311754,
        0.9957394091311754,
        0.9957394091311754,
        0.9957394091311754,
        0.9957394091311754,
        0.9957394091311754,
        0.9957394091311754,
        0.9957394091311754,
        0.9957394091311754,
        0.9957394091311754,
        0.9957394091311754,
        0.9957394091311754,
        0.9957394091311754,
        0.9957394091311754,
        0.9957394091311754
    ],