{
    "dimensions": [
        0,
        0,
        0,
        0,
        0,
        0,
        0,
        0,
        0,
        0,
        0,
        0,
        0,
        0,
        0,
        0,
        0,
        0,
        0,
        0,
        0,
        0,
        0,
        0,
        0,
        0,
        0,
        0,
        0,
        0,
        0,
        0,
        0,
        0,
        0,
        0,
        0,
        0,
        0,
        0,
        0,
        0,
        0,
        0,
        0,
        0,
        0,
        0,
        0,
        0,
        0,
        0,
        0,
        0,
        0,
        0,
        0,
        0,
        0,
        0,
        0,
        0,
        0,
        0,
        0,
        0,
        0,
        0,
        0,
        0,
        0,
        0,
        0,
        0,
        0,
        0,
        0,
        0,
        0,
        0,
        0,
        0,
        0,
        0,
        0,
        0,
        0,
        0,
        0,
        0,
        0,
        0,
        0,
        0,
        0,
        0,
        0,
        0,
        0,
        0,
        0,
        0,
        0,
        0,
        0,
        0,
        0,
        0,
        0,
        0,
        0,
        0,
        0,
        0,
        0,
        0,
        0,
        0,
        0,
        0,
        0,
        0,
        0,
        0,
        0,
        0,
        0,
        0,
        0,
        0,
        0,
        0,
        0,
        0,
        0,
        0,
        0,
        0,
        0,
        0,
        0,
        0,
        0,
        0,
        0,
        0,
        0,
        0,
        0,
        0,
        0,
        0,
        0,
        0,
        0,
        0,
        0,
        0,
        0,
        0,
        0,
        0,
        0,
        0,
        0,
        0,
        0,
        0
    ],
    "creation_values": [
        0.9890233735277407,
        0.9890233735277407,
        0.9890233735277407,
        0.9890233735277407,
        0.9890233735277407,
        0.9890233735277407,
        0.9890233735277407,
        0.9890233735277407,
        0.9890233735277407,
        0.9890233735277407,
        0.9890233735277407,
        0.9890233735277407,
        0.9890233735277407,
        0.9890233735277407,
        0.9890233735277407,
        0.9890233735277407,
        0.9890233735277407,
        0.9890233735277407,
        0.9890233735277407,
        0.9890233735277407,
        0.9890233735277407,
        0.9890233735277407,
        0.9890233735277407,
        0.9890233735277407,
        0.9890233735277407,
        0.9890233735277407,
        0.9890233735277407,
        0.9890233735277407,
        0.9890233735277407,
        0.9890233735277407,
        0.9890233735277407,
        0.9890233735277407,
        0.9890233735277407,
        0.9890233735277407,
        0.9890233735277407,
        0.9890233735277407,
        0.9890233735277407,
        0.9890233735277407,
        0.9890233735277407,
        0.9890233735277407,
        0.9890233735277407,
        0.9890233735277407,
        0.9890233735277407,
        0.9890233735277407,
        0.9890233735277407,
        0.9890233735277407,
        0.9890233735277407,
        0.9890233735277407,
        0.9890233735277407,
        0.9890233735277407,
        0.9890233735277407,
        0.9890233735277407,
        0.9890233735277407,
        0.9890233735277407,
        0.9890233735277407,
        0.9890233735277407,
        0.9890233735277407,
        0.9890233735277407,
        0.9890233735277407,
        0.9890233735277407,
        0.9890233735277407,
        0.9890233735277407,
        0.9890233735277407,
        0.9890233735277407,
        0.9890233735277407,
        0.9890233735277407,
        0.9890233735277407,
        0.9890233735277407,
        0.9890233735277407,
        0.9890233735277407,
        0.9890233735277407,
        0.9890233735277407,
        0.9890233735277407,
        0.9890233735277407,
        0.9890233735277407,
        0.9890233735277407,
        0.9890233735277407,
        0.9890233735277407,
        0.9890233735277407,
        0.9890233735277407,
        0.9890233735277407,
        0.9890233735277407,
        0.9890233735277407,
        0.9890233735277407,
        0.9890233735277407,
        0.9890233735277407,
        0.9890233735277407,
        0.9890233735277407,
        0.9890233735277407,
        0.9890233735277407,
        0.9890233735277407,
        0.9890233735277407,
        0.9890233735277407,
        0.9890233735277407,
        0.9890233735277407,
        0.9890233735277407,
        0.9890233735277407,
        0.9890233735277407,
        0.9890233735277407,
        0.9890233735277407,
        0.9890233735277407,
        0.9890233735277407,
        0.9890233735277407,
        0.9890233735277407,
        0.9890233735277407,
        0.9890233735277407,
        0.9890233735277407,
        0.9890233735277407,
        0.9890233735277407,
        0.9890233735277407,
        0.9890233735277407,
        0.9890233735277407,
        0.9890233735277407,
        0.9890233735277407,
        0.9890233735277407,
        0.9890233735277407,
        0.9890233735277407,
        0.9890233735277407,
        0.9890233735277407,
        0.9890233735277407,
        0.9890233735277407,
        0.9890233735277407,
        0.9890233735277407,
        0.9890233735277407,
        0.9890233735277407,
        0.9890233735277407,
        0.9890233735277407,
        0.9890233735277407,
        0.9890233735277407,
        0.9890233735277407,
        0.9890233735277407,
        0.9890233735277407,
        0.9890233735277407,
        0.9890233735277407,
        0.9890233735277407,
        0.9890233735277407,
        0.9890233735277407,
        0.9890233735277407,
        0.9890233735277407,
        0.9890233735277407,
        0.9890233735277407,
        0.9890233735277407,
        0.9890233735277407,
        0.9890233735277407,
        0.9890233735277407,
        0.9890233735277407,
        0.9890233735277407,
        0.9890233735277407,
        0.9890233735277407,
        0.9890233735277407,
        0.9890233735277407,
        0.9890233735277407,
        0.9890233735277407,
        0.9890233735277407,
        0.9890233735277407,
        0.9890233735277407,
        0.9890233735277407,
        0.9890233735277407,
        0.9890233735277407,
        0.9890233735277407,
        0.9890233735277407,
        0.9890233735277407,
        0.9890233735277407,
        0.9890233735277407,
        0.9890233735277407,
        0.9890233735277407,
        0.9890233735277407,
        0.9890233735277407
    ],