{
    "dimensions": [
        0,
        0,
        0,
        0,
        0,
        0,
        0,
        0,
        0,
        0,
        0,
        0,
        0,
        0,
        0,
        0,
        0,
        0,
        0,
        0,
        0,
        0,
        0,
        0,
        0,
        0,
        0,
        0,
        0,
        0,
        0,
        0,
        0,
        0,
        0,
        0,
        0,
        0,
        0,
        0,
        0,
        0,
        0,
        0,
        0,
        0,
        0,
        0,
        0,
        0,
        0,
        0,
        0,
        0,
        0,
        0,
        0,
        0,
        0,
        0,
        0,
        0,
        0,
        0,
        0,
        0,
        0,
        0,
        0,
        0,
        0,
        0,
        0,
        0,
        0,
        0,
        0,
        0,
        0,
        0,
        0,
        0,
        0,
        0,
        0,
        0,
        0,
        0,
        0,
        0,
        0,
        0,
        0,
        0,
        0,
        0,
        0,
        0,
        0,
        0,
        0,
        0,
        0,
        0,
        0,
        0,
        0,
        0,
        0,
        0,
        0,
        0,
        0,
        0,
        0,
        0,
        0,
        0,
        0,
        0,
        0,
        0,
        0,
        0,
        0,
        0,
        0,
        0,
        0,
        0,
        0,
        0,
        0,
        0,
        0,
        0,
        0,
        0,
        0,
        0,
        0,
        0,
        0,
        0,
        0,
        0,
        0,
        0,
        0,
        0,
        0,
        0,
        0,
        0,
        0,
        0,
        0,
        0,
        0,
        0,
        0,
        0,
        0,
        0,
        0,
        0,
        0,
        0
    ],
    "creation_values": [
        0.8259082811546442,
        0.8259082811546442,
        0.8259082811546442,
        0.8259082811546442,
        0.8259082811546442,
        0.8259082811546442,
        0.8259082811546442,
        0.8259082811546442,
        0.8259082811546442,
        0.8259082811546442,
        0.8259082811546442,
        0.8259082811546442,
        0.8259082811546442,
        0.8259082811546442,
        0.8259082811546442,
        0.8259082811546442,
        0.8259082811546442,
        0.8259082811546442,
        0.8259082811546442,
        0.8259082811546442,
        0.8259082811546442,
        0.8259082811546442,
        0.8259082811546442,
        0.8259082811546442,
        0.8259082811546442,
        0.8259082811546442,
        0.8259082811546442,
        0.8259082811546442,
        0.8259082811546442,
        0.8259082811546442,
        0.8259082811546442,
        0.8259082811546442,
        0.8259082811546442,
        0.8259082811546442,
        0.8259082811546442,
        0.8259082811546442,
        0.8259082811546442,
        0.8259082811546442,
        0.8259082811546442,
        0.8259082811546442,
        0.8259082811546442,
        0.8259082811546442,
        0.8259082811546442,
        0.8259082811546442,
        0.8259082811546442,
        0.8259082811546442,
        0.8259082811546442,
        0.8259082811546442,
        0.8259082811546442,
        0.8259082811546442,
        0.8259082811546442,
        0.8259082811546442,
        0.8259082811546442,
        0.8259082811546442,
        0.8259082811546442,
        0.8259082811546442,
        0.8259082811546442,
        0.8259082811546442,
        0.8259082811546442,
        0.8259082811546442,
        0.8259082811546442,
        0.8259082811546442,
        0.8259082811546442,
        0.8259082811546442,
        0.8259082811546442,
        0.8259082811546442,
        0.8259082811546442,
        0.8259082811546442,
        0.8259082811546442,
        0.8259082811546442,
        0.8259082811546442,
        0.8259082811546442,
        0.8259082811546442,
        0.8259082811546442,
        0.8259082811546442,
        0.8259082811546442,
        0.8259082811546442,
        0.8259082811546442,
        0.8259082811546442,
        0.8259082811546442,
        0.8259082811546442,
        0.8259082811546442,
        0.8259082811546442,
        0.8259082811546442,
        0.8259082811546442,
        0.8259082811546442,
        0.8259082811546442,
        0.8259082811546442,
        0.8259082811546442,
        0.8259082811546442,
        0.8259082811546442,
        0.8259082811546442,
        0.8259082811546442,
        0.8259082811546442,
        0.8259082811546442,
        0.8259082811546442,
        0.8259082811546442,
        0.8259082811546442,
        0.8259082811546442,
        0.8259082811546442,
        0.8259082811546442,
        0.8259082811546442,
        0.8259082811546442,
        0.8259082811546442,
        0.8259082811546442,
        0.8259082811546442,
        0.8259082811546442,
        0.8259082811546442,
        0.8259082811546442,
        0.8259082811546442,
        0.8259082811546442,
        0.8259082811546442,
        0.8259082811546442,
        0.8259082811546442,
        0.8259082811546442,
        0.8259082811546442,
        0.8259082811546442,
        0.8259082811546442,
        0.8259082811546442,
        0.8259082811546442,
        0.8259082811546442,
        0.8259082811546442,
        0.8259082811546442,
        0.8259082811546442,
        0.8259082811546442,
        0.8259082811546442,
        0.8259082811546442,
        0.8259082811546442,
        0.8259082811546442,
        0.8259082811546442,
        0.8259082811546442,
        0.8259082811546442,
        0.8259082811546442,
        0.8259082811546442,
        0.8259082811546442,
        0.8259082811546442,
        0.8259082811546442,
        0.8259082811546442,
        0.8259082811546442,
        0.8259082811546442,
        0.8259082811546442,
        0.8259082811546442,
        0.8259082811546442,
        0.8259082811546442,
        0.8259082811546442,
        0.8259082811546442,
        0.8259082811546442,
        0.8259082811546442,
        0.8259082811546442,
        0.8259082811546442,
        0.8259082811546442,
        0.8259082811546442,
        0.8259082811546442,
        0.8259082811546442,
        0.8259082811546442,
        0.8259082811546442,
        0.8259082811546442,
        0.8259082811546442,
        0.8259082811546442,
        0.8259082811546442,
        0.8259082811546442,
        0.8259082811546442,
        0.8259082811546442,
        0.8259082811546442,
        0.8259082811546442,
        0.8259082811546442,
        0.8259082811546442,
        0.8259082811546442
    ],