{
    "dimensions": [
        0,
        0,
        0,
        0,
        0,
        0,
        0,
        0,
        0,
        0,
        0,
        0,
        0,
        0,
        0,
        0,
        0,
        0,
        0,
        0,
        0,
        0,
        0,
        0,
        0,
        0,
        0,
        0,
        0,
        0,
        0,
        0,
        0,
        0,
        0,
        0,
        0,
        0,
        0,
        0,
        0,
        0,
        0,
        0,
        0,
        0,
        0,
        0,
        0,
        0,
        0,
        0,
        0,
        0,
        0,
        0,
        0,
        0,
        0,
        0,
        0,
        0,
        0,
        0,
        0,
        0,
        0,
        0,
        0,
        0,
        0,
        0,
        0,
        0,
        0,
        0,
        0,
        0,
        0,
        0,
        0,
        0,
        0,
        0,
        0,
        0,
        0,
        0,
        0,
        0,
        0,
        0,
        0,
        0,
        0,
        0,
        0,
        0,
        0,
        0,
        0,
        0,
        0,
        0,
        0,
        0,
        0,
        0,
        0,
        0,
        0,
        0,
        0,
        0,
        0,
        0,
        0,
        0,
        0,
        0,
        0,
        0,
        0,
        0,
        0,
        0,
        0,
        0,
        0,
        0,
        0,
        0,
        0,
        0,
        0,
        0,
        0,
        0,
        0,
        0,
        0,
        0,
        0,
        0,
        0,
        0,
        0,
        0,
        0,
        0,
        0,
        0,
        0,
        0,
        0,
        0,
        0,
        0,
        0,
        0,
        0,
        0,
        0,
        0,
        0,
        0,
        0,
        0
    ],
    "creation_values": [
        0.8664860023050791,
        0.8664860023050791,
        0.8664860023050791,
        0.8664860023050791,
        0.8664860023050791,
        0.8664860023050791,
        0.8664860023050791,
        0.8664860023050791,
        0.8664860023050791,
        0.8664860023050791,
        0.8664860023050791,
        0.8664860023050791,
        0.8664860023050791,
        0.8664860023050791,
        0.8664860023050791,
        0.8664860023050791,
        0.8664860023050791,
        0.8664860023050791,
        0.8664860023050791,
        0.8664860023050791,
        0.8664860023050791,
        0.8664860023050791,
        0.8664860023050791,
        0.8664860023050791,
        0.8664860023050791,
        0.8664860023050791,
        0.8664860023050791,
        0.8664860023050791,
        0.8664860023050791,
        0.8664860023050791,
        0.8664860023050791,
        0.8664860023050791,
        0.8664860023050791,
        0.8664860023050791,
        0.8664860023050791,
        0.8664860023050791,
        0.8664860023050791,
        0.8664860023050791,
        0.8664860023050791,
        0.8664860023050791,
        0.8664860023050791,
        0.8664860023050791,
        0.8664860023050791,
        0.8664860023050791,
        0.8664860023050791,
        0.8664860023050791,
        0.8664860023050791,
        0.8664860023050791,
        0.8664860023050791,
        0.8664860023050791,
        0.8664860023050791,
        0.8664860023050791,
        0.8664860023050791,
        0.8664860023050791,
        0.8664860023050791,
        0.8664860023050791,
        0.8664860023050791,
        0.8664860023050791,
        0.8664860023050791,
        0.8664860023050791,
        0.8664860023050791,
        0.8664860023050791,
        0.8664860023050791,
        0.8664860023050791,
        0.8664860023050791,
        0.8664860023050791,
        0.8664860023050791,
        0.8664860023050791,
        0.8664860023050791,
        0.8664860023050791,
        0.8664860023050791,
        0.8664860023050791,
        0.8664860023050791,
        0.8664860023050791,
        0.8664860023050791,
        0.8664860023050791,
        0.8664860023050791,
        0.8664860023050791,
        0.8664860023050791,
        0.8664860023050791,
        0.8664860023050791,
        0.8664860023050791,
        0.8664860023050791,
        0.8664860023050791,
        0.8664860023050791,
        0.8664860023050791,
        0.8664860023050791,
        0.8664860023050791,
        0.8664860023050791,
        0.8664860023050791,
        0.8664860023050791,
        0.8664860023050791,
        0.8664860023050791,
        0.8664860023050791,
        0.8664860023050791,
        0.8664860023050791,
        0.8664860023050791,
        0.8664860023050791,
        0.8664860023050791,
        0.8664860023050791,
        0.8664860023050791,
        0.8664860023050791,
        0.8664860023050791,
        0.8664860023050791,
        0.8664860023050791,
        0.8664860023050791,
        0.8664860023050791,
        0.8664860023050791,
        0.8664860023050791,
        0.8664860023050791,
        0.8664860023050791,
        0.8664860023050791,
        0.8664860023050791,
        0.8664860023050791,
        0.8664860023050791,
        0.8664860023050791,
        0.8664860023050791,
        0.8664860023050791,
        0.8664860023050791,
        0.8664860023050791,
        0.8664860023050791,
        0.8664860023050791,
        0.8664860023050791,
        0.8664860023050791,
        0.8664860023050791,
        0.8664860023050791,
        0.8664860023050791,
        0.8664860023050791,
        0.8664860023050791,
        0.8664860023050791,
        0.8664860023050791,
        0.8664860023050791,
        0.8664860023050791,
        0.8664860023050791,
        0.8664860023050791,
        0.8664860023050791,
        0.8664860023050791,
        0.8664860023050791,
        0.8664860023050791,
        0.8664860023050791,
        0.8664860023050791,
        0.8664860023050791,
        0.8664860023050791,
        0.8664860023050791,
        0.8664860023050791,
        0.8664860023050791,
        0.8664860023050791,
        0.8664860023050791,
        0.8664860023050791,
        0.8664860023050791,
        0.8664860023050791,
        0.8664860023050791,
        0.8664860023050791,
        0.8664860023050791,
        0.8664860023050791,
        0.8664860023050791,
        0.8664860023050791,
        0.8664860023050791,
        0.8664860023050791,
        0.8664860023050791,
        0.8664860023050791,
        0.8664860023050791,
        0.8664860023050791,
        0.8664860023050791,
        0.8664860023050791,
        0.8664860023050791,
        0.8664860023050791,
        0.8664860023050791
    ],