{
    "dimensions": [
        0,
        0,
        0,
        0,
        0,
        0,
        0,
        0,
        0,
        0,
        0,
        0,
        0,
        0,
        0,
        0,
        0,
        0,
        0,
        0,
        0,
        0,
        0,
        0,
        0,
        0,
        0,
        0,
        0,
        0,
        0,
        0,
        0,
        0,
        0,
        0,
        0,
        0,
        0,
        0,
        0,
        0,
        0,
        0,
        0,
        0,
        0,
        0,
        0,
        0,
        0,
        0,
        0,
        0,
        0,
        0,
        0,
        0,
        0,
        0,
        0,
        0,
        0,
        0,
        0,
        0,
        0,
        0,
        0,
        0,
        0,
        0,
        0,
        0,
        0,
        0,
        0,
        0,
        0,
        0,
        0,
        0,
        0,
        0,
        0,
        0,
        0,
        0,
        0,
        0,
        0,
        0,
        0,
        0,
        0,
        0,
        0,
        0,
        0,
        0,
        0,
        0,
        0,
        0,
        0,
        0,
        0,
        0,
        0,
        0,
        0,
        0,
        0,
        0,
        0,
        0,
        0,
        0,
        0,
        0,
        0,
        0,
        0,
        0,
        0,
        0,
        0,
        0,
        0,
        0,
        0,
        0,
        0,
        0,
        0,
        0,
        0,
        0,
        0,
        0,
        0,
        0,
        0,
        0,
        0,
        0,
        0,
        0,
        0,
        0,
        0,
        0,
        0,
        0,
        0,
        0,
        0,
        0,
        0,
        0,
        0,
        0,
        0,
        0,
        0,
        0,
        0,
        0
    ],
    "creation_values": [
        0.922070581431713,
        0.922070581431713,
        0.922070581431713,
        0.922070581431713,
        0.922070581431713,
        0.922070581431713,
        0.922070581431713,
        0.922070581431713,
        0.922070581431713,
        0.922070581431713,
        0.922070581431713,
        0.922070581431713,
        0.922070581431713,
        0.922070581431713,
        0.922070581431713,
        0.922070581431713,
        0.922070581431713,
        0.922070581431713,
        0.922070581431713,
        0.922070581431713,
        0.922070581431713,
        0.922070581431713,
        0.922070581431713,
        0.922070581431713,
        0.922070581431713,
        0.922070581431713,
        0.922070581431713,
        0.922070581431713,
        0.922070581431713,
        0.922070581431713,
        0.922070581431713,
        0.922070581431713,
        0.922070581431713,
        0.922070581431713,
        0.922070581431713,
        0.922070581431713,
        0.922070581431713,
        0.922070581431713,
        0.922070581431713,
        0.922070581431713,
        0.922070581431713,
        0.922070581431713,
        0.922070581431713,
        0.922070581431713,
        0.922070581431713,
        0.922070581431713,
        0.922070581431713,
        0.922070581431713,
        0.922070581431713,
        0.922070581431713,
        0.922070581431713,
        0.922070581431713,
        0.922070581431713,
        0.922070581431713,
        0.922070581431713,
        0.922070581431713,
        0.922070581431713,
        0.922070581431713,
        0.922070581431713,
        0.922070581431713,
        0.922070581431713,
        0.922070581431713,
        0.922070581431713,
        0.922070581431713,
        0.922070581431713,
        0.922070581431713,
        0.922070581431713,
        0.922070581431713,
        0.922070581431713,
        0.922070581431713,
        0.922070581431713,
        0.922070581431713,
        0.922070581431713,
        0.922070581431713,
        0.922070581431713,
        0.922070581431713,
        0.922070581431713,
        0.922070581431713,
        0.922070581431713,
        0.922070581431713,
        0.922070581431713,
        0.922070581431713,
        0.922070581431713,
        0.922070581431713,
        0.922070581431713,
        0.922070581431713,
        0.922070581431713,
        0.922070581431713,
        0.922070581431713,
        0.922070581431713,
        0.922070581431713,
        0.922070581431713,
        0.922070581431713,
        0.922070581431713,
        0.922070581431713,
        0.922070581431713,
        0.922070581431713,
        0.922070581431713,
        0.922070581431713,
        0.922070581431713,
        0.922070581431713,
        0.922070581431713,
        0.922070581431713,
        0.922070581431713,
        0.922070581431713,
        0.922070581431713,
        0.922070581431713,
        0.922070581431713,
        0.922070581431713,
        0.922070581431713,
        0.922070581431713,
        0.922070581431713,
        0.922070581431713,
        0.922070581431713,
        0.922070581431713,
        0.922070581431713,
        0.922070581431713,
        0.922070581431713,
        0.922070581431713,
        0.922070581431713,
        0.922070581431713,
        0.922070581431713,
        0.922070581431713,
        0.922070581431713,
        0.922070581431713,
        0.922070581431713,
        0.922070581431713,
        0.922070581431713,
        0.922070581431713,
        0.922070581431713,
        0.922070581431713,
        0.922070581431713,
        0.922070581431713,
        0.922070581431713,
        0.922070581431713,
        0.922070581431713,
        0.922070581431713,
        0.922070581431713,
        0.922070581431713,
        0.922070581431713,
        0.922070581431713,
        0.922070581431713,
        0.922070581431713,
        0.922070581431713,
        0.922070581431713,
        0.922070581431713,
        0.922070581431713,
        0.922070581431713,
        0.922070581431713,
        0.922070581431713,
        0.922070581431713,
        0.922070581431713,
        0.922070581431713,
        0.922070581431713,
        0.922070581431713,
        0.922070581431713,
        0.922070581431713,
        0.922070581431713,
        0.922070581431713,
        0.922070581431713,
        0.922070581431713,
        0.922070581431713,
        0.922070581431713,
        0.922070581431713,
        0.922070581431713,
        0.922070581431713,
        0.922070581431713,
        0.922070581431713
    ],