{
    "dimensions": [
        0,
        0,
        0,
        0,
        0,
        0,
        0,
        0,
        0,
        0,
        0,
        0,
        0,
        0,
        0,
        0,
        0,
        0,
        0,
        0,
        0,
        0,
        0,
        0,
        0,
        0,
        0,
        0,
        0,
        0,
        0,
        0,
        0,
        0,
        0,
        0,
        0,
        0,
        0,
        0,
        0,
        0,
        0,
        0,
        0,
        0,
        0,
        0,
        0,
        0,
        0,
        0,
        0,
        0,
        0,
        0,
        0,
        0,
        0,
        0,
        0,
        0,
        0,
        0,
        0,
        0,
        0,
        0,
        0,
        0,
        0,
        0,
        0,
        0,
        0,
        0,
        0,
        0,
        0,
        0,
        0,
        0,
        0,
        0,
        0,
        0,
        0,
        0,
        0,
        0,
        0,
        0,
        0,
        0,
        0,
        0,
        0,
        0,
        0,
        0,
        0,
        0,
        0,
        0,
        0,
        0,
        0,
        0,
        0,
        0,
        0,
        0,
        0,
        0,
        0,
        0,
        0,
        0,
        0,
        0,
        0,
        0,
        0,
        0,
        0,
        0,
        0,
        0,
        0,
        0,
        0,
        0,
        0,
        0,
        0,
        0,
        0,
        0,
        0,
        0,
        0,
        0,
        0,
        0,
        0,
        0,
        0,
        0,
        0,
        0,
        0,
        0,
        0,
        0,
        0,
        0,
        0,
        0,
        0,
        0,
        0,
        0,
        0,
        0,
        0,
        0,
        0,
        0
    ],
    "creation_values": [
        0.9582144261779938,
        0.9582144261779938,
        0.9582144261779938,
        0.9582144261779938,
        0.9582144261779938,
        0.9582144261779938,
        0.9582144261779938,
        0.9582144261779938,
        0.9582144261779938,
        0.9582144261779938,
        0.9582144261779938,
        0.9582144261779938,
        0.9582144261779938,
        0.9582144261779938,
        0.9582144261779938,
        0.9582144261779938,
        0.9582144261779938,
        0.9582144261779938,
        0.9582144261779938,
        0.9582144261779938,
        0.9582144261779938,
        0.9582144261779938,
        0.9582144261779938,
        0.9582144261779938,
        0.9582144261779938,
        0.9582144261779938,
        0.9582144261779938,
        0.9582144261779938,
        0.9582144261779938,
        0.9582144261779938,
        0.9582144261779938,
        0.9582144261779938,
        0.9582144261779938,
        0.9582144261779938,
        0.9582144261779938,
        0.9582144261779938,
        0.9582144261779938,
        0.9582144261779938,
        0.9582144261779938,
        0.9582144261779938,
        0.9582144261779938,
        0.9582144261779938,
        0.9582144261779938,
        0.9582144261779938,
        0.9582144261779938,
        0.9582144261779938,
        0.9582144261779938,
        0.9582144261779938,
        0.9582144261779938,
        0.9582144261779938,
        0.9582144261779938,
        0.9582144261779938,
        0.9582144261779938,
        0.9582144261779938,
        0.9582144261779938,
        0.9582144261779938,
        0.9582144261779938,
        0.9582144261779938,
        0.9582144261779938,
        0.9582144261779938,
        0.9582144261779938,
        0.9582144261779938,
        0.9582144261779938,
        0.9582144261779938,
        0.9582144261779938,
        0.9582144261779938,
        0.9582144261779938,
        0.9582144261779938,
        0.9582144261779938,
        0.9582144261779938,
        0.9582144261779938,
        0.9582144261779938,
        0.9582144261779938,
        0.9582144261779938,
        0.9582144261779938,
        0.9582144261779938,
        0.9582144261779938,
        0.9582144261779938,
        0.9582144261779938,
        0.9582144261779938,
        0.9582144261779938,
        0.9582144261779938,
        0.9582144261779938,
        0.9582144261779938,
        0.9582144261779938,
        0.9582144261779938,
        0.9582144261779938,
        0.9582144261779938,
        0.9582144261779938,
        0.9582144261779938,
        0.9582144261779938,
        0.9582144261779938,
        0.9582144261779938,
        0.9582144261779938,
        0.9582144261779938,
        0.9582144261779938,
        0.9582144261779938,
        0.9582144261779938,
        0.9582144261779938,
        0.9582144261779938,
        0.9582144261779938,
        0.9582144261779938,
        0.9582144261779938,
        0.9582144261779938,
        0.9582144261779938,
        0.9582144261779938,
        0.9582144261779938,
        0.9582144261779938,
        0.9582144261779938,
        0.9582144261779938,
        0.9582144261779938,
        0.9582144261779938,
        0.9582144261779938,
        0.9582144261779938,
        0.9582144261779938,
        0.9582144261779938,
        0.9582144261779938,
        0.9582144261779938,
        0.9582144261779938,
        0.9582144261779938,
        0.9582144261779938,
        0.9582144261779938,
        0.9582144261779938,
        0.9582144261779938,
        0.9582144261779938,
        0.9582144261779938,
        0.9582144261779938,
        0.9582144261779938,
        0.9582144261779938,
        0.9582144261779938,
        0.9582144261779938,
        0.9582144261779938,
        0.9582144261779938,
        0.9582144261779938,
        0.9582144261779938,
        0.9582144261779938,
        0.9582144261779938,
        0.9582144261779938,
        0.9582144261779938,
        0.9582144261779938,
        0.9582144261779938,
        0.9582144261779938,
        0.9582144261779938,
        0.9582144261779938,
        0.9582144261779938,
        0.9582144261779938,
        0.9582144261779938,
        0.9582144261779938,
        0.9582144261779938,
        0.9582144261779938,
        0.9582144261779938,
        0.9582144261779938,
        0.9582144261779938,
        0.9582144261779938,
        0.9582144261779938,
        0.9582144261779938,
        0.9582144261779938,
        0.9582144261779938,
        0.9582144261779938,
        0.9582144261779938,
        0.9582144261779938,
        0.9582144261779938,
        0.9582144261779938,
        0.9582144261779938,
        0.9582144261779938,
        0.9582144261779938,
        0.9582144261779938,
        0.9582144261779938
    ],