{
    "dimensions": [
        0,
        0,
        0,
        0,
        0,
        0,
        0,
        0,
        0,
        0,
        0,
        0,
        0,
        0,
        0,
        0,
        0,
        0,
        0,
        0,
        0,
        0,
        0,
        0,
        0,
        0,
        0,
        0,
        0,
        0,
        0,
        0,
        0,
        0,
        0,
        0,
        0,
        0,
        0,
        0,
        0,
        0,
        0,
        0,
        0,
        0,
        0,
        0,
        0,
        0,
        0,
        0,
        0,
        0,
        0,
        0,
        0,
        0,
        0,
        0,
        0,
        0,
        0,
        0,
        0,
        0,
        0,
        0,
        0,
        0,
        0,
        0,
        0,
        0,
        0,
        0,
        0,
        0,
        0,
        0,
        0,
        0,
        0,
        0,
        0,
        0,
        0,
        0,
        0,
        0,
        0,
        0,
        0,
        0,
        0,
        0,
        0,
        0,
        0,
        0,
        0,
        0,
        0,
        0,
        0,
        0,
        0,
        0,
        0,
        0,
        0,
        0,
        0,
        0,
        0,
        0,
        0,
        0,
        0,
        0,
        0,
        0,
        0,
        0,
        0,
        0,
        0,
        0,
        0,
        0,
        0,
        0,
        0,
        0,
        0,
        0,
        0,
        0,
        0,
        0,
        0,
        0,
        0,
        0,
        0,
        0,
        0,
        0,
        0,
        0,
        0,
        0,
        0,
        0,
        0,
        0,
        0,
        0,
        0,
        0,
        0,
        0,
        0,
        0,
        0,
        0,
        0,
        0
    ],
    "creation_values": [
        0.9444467771727683,
        0.9444467771727683,
        0.9444467771727683,
        0.9444467771727683,
        0.9444467771727683,
        0.9444467771727683,
        0.9444467771727683,
        0.9444467771727683,
        0.9444467771727683,
        0.9444467771727683,
        0.9444467771727683,
        0.9444467771727683,
        0.9444467771727683,
        0.9444467771727683,
        0.9444467771727683,
        0.9444467771727683,
        0.9444467771727683,
        0.9444467771727683,
        0.9444467771727683,
        0.9444467771727683,
        0.9444467771727683,
        0.9444467771727683,
        0.9444467771727683,
        0.9444467771727683,
        0.9444467771727683,
        0.9444467771727683,
        0.9444467771727683,
        0.9444467771727683,
        0.9444467771727683,
        0.9444467771727683,
        0.9444467771727683,
        0.9444467771727683,
        0.9444467771727683,
        0.9444467771727683,
        0.9444467771727683,
        0.9444467771727683,
        0.9444467771727683,
        0.9444467771727683,
        0.9444467771727683,
        0.9444467771727683,
        0.9444467771727683,
        0.9444467771727683,
        0.9444467771727683,
        0.9444467771727683,
        0.9444467771727683,
        0.9444467771727683,
        0.9444467771727683,
        0.9444467771727683,
        0.9444467771727683,
        0.9444467771727683,
        0.9444467771727683,
        0.9444467771727683,
        0.9444467771727683,
        0.9444467771727683,
        0.9444467771727683,
        0.9444467771727683,
        0.9444467771727683,
        0.9444467771727683,
        0.9444467771727683,
        0.9444467771727683,
        0.9444467771727683,
        0.9444467771727683,
        0.9444467771727683,
        0.9444467771727683,
        0.9444467771727683,
        0.9444467771727683,
        0.9444467771727683,
        0.9444467771727683,
        0.9444467771727683,
        0.9444467771727683,
        0.9444467771727683,
        0.9444467771727683,
        0.9444467771727683,
        0.9444467771727683,
        0.9444467771727683,
        0.9444467771727683,
        0.9444467771727683,
        0.9444467771727683,
        0.9444467771727683,
        0.9444467771727683,
        0.9444467771727683,
        0.9444467771727683,
        0.9444467771727683,
        0.9444467771727683,
        0.9444467771727683,
        0.9444467771727683,
        0.9444467771727683,
        0.9444467771727683,
        0.9444467771727683,
        0.9444467771727683,
        0.9444467771727683,
        0.9444467771727683,
        0.9444467771727683,
        0.9444467771727683,
        0.9444467771727683,
        0.9444467771727683,
        0.9444467771727683,
        0.9444467771727683,
        0.9444467771727683,
        0.9444467771727683,
        0.9444467771727683,
        0.9444467771727683,
        0.9444467771727683,
        0.9444467771727683,
        0.9444467771727683,
        0.9444467771727683,
        0.9444467771727683,
        0.9444467771727683,
        0.9444467771727683,
        0.9444467771727683,
        0.9444467771727683,
        0.9444467771727683,
        0.9444467771727683,
        0.9444467771727683,
        0.9444467771727683,
        0.9444467771727683,
        0.9444467771727683,
        0.9444467771727683,
        0.9444467771727683,
        0.9444467771727683,
        0.9444467771727683,
        0.9444467771727683,
        0.9444467771727683,
        0.9444467771727683,
        0.9444467771727683,
        0.9444467771727683,
        0.9444467771727683,
        0.9444467771727683,
        0.9444467771727683,
        0.9444467771727683,
        0.9444467771727683,
        0.9444467771727683,
        0.9444467771727683,
        0.9444467771727683,
        0.9444467771727683,
        0.9444467771727683,
        0.9444467771727683,
        0.9444467771727683,
        0.9444467771727683,
        0.9444467771727683,
        0.9444467771727683,
        0.9444467771727683,
        0.9444467771727683,
        0.9444467771727683,
        0.9444467771727683,
        0.9444467771727683,
        0.9444467771727683,
        0.9444467771727683,
        0.9444467771727683,
        0.9444467771727683,
        0.9444467771727683,
        0.9444467771727683,
        0.9444467771727683,
        0.9444467771727683,
        0.9444467771727683,
        0.9444467771727683,
        0.9444467771727683,
        0.9444467771727683,
        0.9444467771727683,
        0.9444467771727683,
        0.9444467771727683,
        0.9444467771727683,
        0.9444467771727683,
        0.9444467771727683,
        0.9444467771727683,
        0.9444467771727683,
        0.9444467771727683,
        0.9444467771727683
    ],