{
    "dimensions": [
        0,
        0,
        0,
        0,
        0,
        0,
        0,
        0,
        0,
        0,
        0,
        0,
        0,
        0,
        0,
        0,
        0,
        0,
        0,
        0,
        0,
        0,
        0,
        0,
        0,
        0,
        0,
        0,
        0,
        0,
        0,
        0,
        0,
        0,
        0,
        0,
        0,
        0,
        0,
        0,
        0,
        0,
        0,
        0,
        0,
        0,
        0,
        0,
        0,
        0,
        0,
        0,
        0,
        0,
        0,
        0,
        0,
        0,
        0,
        0,
        0,
        0,
        0,
        0,
        0,
        0,
        0,
        0,
        0,
        0,
        0,
        0,
        0,
        0,
        0,
        0,
        0,
        0,
        0,
        0,
        0,
        0,
        0,
        0,
        0,
        0,
        0,
        0,
        0,
        0,
        0,
        0,
        0,
        0,
        0,
        0,
        0,
        0,
        0,
        0,
        0,
        0,
        0,
        0,
        0,
        0,
        0,
        0,
        0,
        0,
        0,
        0,
        0,
        0,
        0,
        0,
        0,
        0,
        0,
        0,
        0,
        0,
        0,
        0,
        0,
        0,
        0,
        0,
        0,
        0,
        0,
        0,
        0,
        0,
        0,
        0,
        0,
        0,
        0,
        0,
        0,
        0,
        0,
        0,
        0,
        0,
        0,
        0,
        0,
        0,
        0,
        0,
        0,
        0,
        0,
        0,
        0,
        0,
        0,
        0,
        0,
        0,
        0,
        0,
        0,
        0,
        0,
        0
    ],
    "creation_values": [
        0.9277991753991174,
        0.9277991753991174,
        0.9277991753991174,
        0.9277991753991174,
        0.9277991753991174,
        0.9277991753991174,
        0.9277991753991174,
        0.9277991753991174,
        0.9277991753991174,
        0.9277991753991174,
        0.9277991753991174,
        0.9277991753991174,
        0.9277991753991174,
        0.9277991753991174,
        0.9277991753991174,
        0.9277991753991174,
        0.9277991753991174,
        0.9277991753991174,
        0.9277991753991174,
        0.9277991753991174,
        0.9277991753991174,
        0.9277991753991174,
        0.9277991753991174,
        0.9277991753991174,
        0.9277991753991174,
        0.9277991753991174,
        0.9277991753991174,
        0.9277991753991174,
        0.9277991753991174,
        0.9277991753991174,
        0.9277991753991174,
        0.9277991753991174,
        0.9277991753991174,
        0.9277991753991174,
        0.9277991753991174,
        0.9277991753991174,
        0.9277991753991174,
        0.9277991753991174,
        0.9277991753991174,
        0.9277991753991174,
        0.9277991753991174,
        0.9277991753991174,
        0.9277991753991174,
        0.9277991753991174,
        0.9277991753991174,
        0.9277991753991174,
        0.9277991753991174,
        0.9277991753991174,
        0.9277991753991174,
        0.9277991753991174,
        0.9277991753991174,
        0.9277991753991174,
        0.9277991753991174,
        0.9277991753991174,
        0.9277991753991174,
        0.9277991753991174,
        0.9277991753991174,
        0.9277991753991174,
        0.9277991753991174,
        0.9277991753991174,
        0.9277991753991174,
        0.9277991753991174,
        0.9277991753991174,
        0.9277991753991174,
        0.9277991753991174,
        0.9277991753991174,
        0.9277991753991174,
        0.9277991753991174,
        0.9277991753991174,
        0.9277991753991174,
        0.9277991753991174,
        0.9277991753991174,
        0.9277991753991174,
        0.9277991753991174,
        0.9277991753991174,
        0.9277991753991174,
        0.9277991753991174,
        0.9277991753991174,
        0.9277991753991174,
        0.9277991753991174,
        0.9277991753991174,
        0.9277991753991174,
        0.9277991753991174,
        0.9277991753991174,
        0.9277991753991174,
        0.9277991753991174,
        0.9277991753991174,
        0.9277991753991174,
        0.9277991753991174,
        0.9277991753991174,
        0.9277991753991174,
        0.9277991753991174,
        0.9277991753991174,
        0.9277991753991174,
        0.9277991753991174,
        0.9277991753991174,
        0.9277991753991174,
        0.9277991753991174,
        0.9277991753991174,
        0.9277991753991174,
        0.9277991753991174,
        0.9277991753991174,
        0.9277991753991174,
        0.9277991753991174,
        0.9277991753991174,
        0.9277991753991174,
        0.9277991753991174,
        0.9277991753991174,
        0.9277991753991174,
        0.9277991753991174,
        0.9277991753991174,
        0.9277991753991174,
        0.9277991753991174,
        0.9277991753991174,
        0.9277991753991174,
        0.9277991753991174,
        0.9277991753991174,
        0.9277991753991174,
        0.9277991753991174,
        0.9277991753991174,
        0.9277991753991174,
        0.9277991753991174,
        0.9277991753991174,
        0.9277991753991174,
        0.9277991753991174,
        0.9277991753991174,
        0.9277991753991174,
        0.9277991753991174,
        0.9277991753991174,
        0.9277991753991174,
        0.9277991753991174,
        0.9277991753991174,
        0.9277991753991174,
        0.9277991753991174,
        0.9277991753991174,
        0.9277991753991174,
        0.9277991753991174,
        0.9277991753991174,
        0.9277991753991174,
        0.9277991753991174,
        0.9277991753991174,
        0.9277991753991174,
        0.9277991753991174,
        0.9277991753991174,
        0.9277991753991174,
        0.9277991753991174,
        0.9277991753991174,
        0.9277991753991174,
        0.9277991753991174,
        0.9277991753991174,
        0.9277991753991174,
        0.9277991753991174,
        0.9277991753991174,
        0.9277991753991174,
        0.9277991753991174,
        0.9277991753991174,
        0.9277991753991174,
        0.9277991753991174,
        0.9277991753991174,
        0.9277991753991174,
        0.9277991753991174,
        0.9277991753991174,
        0.9277991753991174,
        0.9277991753991174,
        0.9277991753991174,
        0.9277991753991174,
        0.9277991753991174,
        0.9277991753991174
    ],