{
    "dimensions": [
        0,
        0,
        0,
        0,
        0,
        0,
        0,
        0,
        0,
        0,
        0,
        0,
        0,
        0,
        0,
        0,
        0,
        0,
        0,
        0,
        0,
        0,
        0,
        0,
        0,
        0,
        0,
        0,
        0,
        0,
        0,
        0,
        0,
        0,
        0,
        0,
        0,
        0,
        0,
        0,
        0,
        0,
        0,
        0,
        0,
        0,
        0,
        0,
        0,
        0,
        0,
        0,
        0,
        0,
        0,
        0,
        0,
        0,
        0,
        0,
        0,
        0,
        0,
        0,
        0,
        0,
        0,
        0,
        0,
        0,
        0,
        0,
        0,
        0,
        0,
        0,
        0,
        0,
        0,
        0,
        0,
        0,
        0,
        0,
        0,
        0,
        0,
        0,
        0,
        0,
        0,
        0,
        0,
        0,
        0,
        0,
        0,
        0,
        0,
        0,
        0,
        0,
        0,
        0,
        0,
        0,
        0,
        0,
        0,
        0,
        0,
        0,
        0,
        0,
        0,
        0,
        0,
        0,
        0,
        0,
        0,
        0,
        0,
        0,
        0,
        0,
        0,
        0,
        0,
        0,
        0,
        0,
        0,
        0,
        0,
        0,
        0,
        0,
        0,
        0,
        0,
        0,
        0,
        0,
        0,
        0,
        0,
        0,
        0,
        0,
        0,
        0,
        0,
        0,
        0,
        0,
        0,
        0,
        0,
        0,
        0,
        0,
        0,
        0,
        0,
        0,
        0,
        0
    ],
    "creation_values": [
        0.9574569093780636,
        0.9574569093780636,
        0.9574569093780636,
        0.9574569093780636,
        0.9574569093780636,
        0.9574569093780636,
        0.9574569093780636,
        0.9574569093780636,
        0.9574569093780636,
        0.9574569093780636,
        0.9574569093780636,
        0.9574569093780636,
        0.9574569093780636,
        0.9574569093780636,
        0.9574569093780636,
        0.9574569093780636,
        0.9574569093780636,
        0.9574569093780636,
        0.9574569093780636,
        0.9574569093780636,
        0.9574569093780636,
        0.9574569093780636,
        0.9574569093780636,
        0.9574569093780636,
        0.9574569093780636,
        0.9574569093780636,
        0.9574569093780636,
        0.9574569093780636,
        0.9574569093780636,
        0.9574569093780636,
        0.9574569093780636,
        0.9574569093780636,
        0.9574569093780636,
        0.9574569093780636,
        0.9574569093780636,
        0.9574569093780636,
        0.9574569093780636,
        0.9574569093780636,
        0.9574569093780636,
        0.9574569093780636,
        0.9574569093780636,
        0.9574569093780636,
        0.9574569093780636,
        0.9574569093780636,
        0.9574569093780636,
        0.9574569093780636,
        0.9574569093780636,
        0.9574569093780636,
        0.9574569093780636,
        0.9574569093780636,
        0.9574569093780636,
        0.9574569093780636,
        0.9574569093780636,
        0.9574569093780636,
        0.9574569093780636,
        0.9574569093780636,
        0.9574569093780636,
        0.9574569093780636,
        0.9574569093780636,
        0.9574569093780636,
        0.9574569093780636,
        0.9574569093780636,
        0.9574569093780636,
        0.9574569093780636,
        0.9574569093780636,
        0.9574569093780636,
        0.9574569093780636,
        0.9574569093780636,
        0.9574569093780636,
        0.9574569093780636,
        0.9574569093780636,
        0.9574569093780636,
        0.9574569093780636,
        0.9574569093780636,
        0.9574569093780636,
        0.9574569093780636,
        0.9574569093780636,
        0.9574569093780636,
        0.9574569093780636,
        0.9574569093780636,
        0.9574569093780636,
        0.9574569093780636,
        0.9574569093780636,
        0.9574569093780636,
        0.9574569093780636,
        0.9574569093780636,
        0.9574569093780636,
        0.9574569093780636,
        0.9574569093780636,
        0.9574569093780636,
        0.9574569093780636,
        0.9574569093780636,
        0.9574569093780636,
        0.9574569093780636,
        0.9574569093780636,
        0.9574569093780636,
        0.9574569093780636,
        0.9574569093780636,
        0.9574569093780636,
        0.9574569093780636,
        0.9574569093780636,
        0.9574569093780636,
        0.9574569093780636,
        0.9574569093780636,
        0.9574569093780636,
        0.9574569093780636,
        0.9574569093780636,
        0.9574569093780636,
        0.9574569093780636,
        0.9574569093780636,
        0.9574569093780636,
        0.9574569093780636,
        0.9574569093780636,
        0.9574569093780636,
        0.9574569093780636,
        0.9574569093780636,
        0.9574569093780636,
        0.9574569093780636,
        0.9574569093780636,
        0.9574569093780636,
        0.9574569093780636,
        0.9574569093780636,
        0.9574569093780636,
        0.9574569093780636,
        0.9574569093780636,
        0.9574569093780636,
        0.9574569093780636,
        0.9574569093780636,
        0.9574569093780636,
        0.9574569093780636,
        0.9574569093780636,
        0.9574569093780636,
        0.9574569093780636,
        0.9574569093780636,
        0.9574569093780636,
        0.9574569093780636,
        0.9574569093780636,
        0.9574569093780636,
        0.9574569093780636,
        0.9574569093780636,
        0.9574569093780636,
        0.9574569093780636,
        0.9574569093780636,
        0.9574569093780636,
        0.9574569093780636,
        0.9574569093780636,
        0.9574569093780636,
        0.9574569093780636,
        0.9574569093780636,
        0.9574569093780636,
        0.9574569093780636,
        0.9574569093780636,
        0.9574569093780636,
        0.9574569093780636,
        0.9574569093780636,
        0.9574569093780636,
        0.9574569093780636,
        0.9574569093780636,
        0.9574569093780636,
        0.9574569093780636,
        0.9574569093780636,
        0.9574569093780636,
        0.9574569093780636,
        0.9574569093780636,
        0.9574569093780636,
        0.9574569093780636,
        0.9574569093780636,
        0.9574569093780636
    ],