{
    "dimensions": [
        0,
        0,
        0,
        0,
        0,
        0,
        0,
        0,
        0,
        0,
        0,
        0,
        0,
        0,
        0,
        0,
        0,
        0,
        0,
        0,
        0,
        0,
        0,
        0,
        0,
        0,
        0,
        0,
        0,
        0,
        0,
        0,
        0,
        0,
        0,
        0,
        0,
        0,
        0,
        0,
        0,
        0,
        0,
        0,
        0,
        0,
        0,
        0,
        0,
        0,
        0,
        0,
        0,
        0,
        0,
        0,
        0,
        0,
        0,
        0,
        0,
        0,
        0,
        0,
        0,
        0,
        0,
        0,
        0,
        0,
        0,
        0,
        0,
        0,
        0,
        0,
        0,
        0,
        0,
        0,
        0,
        0,
        0,
        0,
        0,
        0,
        0,
        0,
        0,
        0,
        0,
        0,
        0,
        0,
        0,
        0,
        0,
        0,
        0,
        0,
        0,
        0,
        0,
        0,
        0,
        0,
        0,
        0,
        0,
        0,
        0,
        0,
        0,
        0,
        0,
        0,
        0,
        0,
        0,
        0,
        0,
        0,
        0,
        0,
        0,
        0,
        0,
        0,
        0,
        0,
        0,
        0,
        0,
        0,
        0,
        0,
        0,
        0,
        0,
        0,
        0,
        0,
        0,
        0,
        0,
        0,
        0,
        0,
        0,
        0,
        0,
        0,
        0,
        0,
        0,
        0,
        0,
        0,
        0,
        0,
        0,
        0,
        0,
        0,
        0,
        0,
        0,
        0
    ],
    "creation_values": [
        0.9908942906317947,
        0.9908942906317947,
        0.9908942906317947,
        0.9908942906317947,
        0.9908942906317947,
        0.9908942906317947,
        0.9908942906317947,
        0.9908942906317947,
        0.9908942906317947,
        0.9908942906317947,
        0.9908942906317947,
        0.9908942906317947,
        0.9908942906317947,
        0.9908942906317947,
        0.9908942906317947,
        0.9908942906317947,
        0.9908942906317947,
        0.9908942906317947,
        0.9908942906317947,
        0.9908942906317947,
        0.9908942906317947,
        0.9908942906317947,
        0.9908942906317947,
        0.9908942906317947,
        0.9908942906317947,
        0.9908942906317947,
        0.9908942906317947,
        0.9908942906317947,
        0.9908942906317947,
        0.9908942906317947,
        0.9908942906317947,
        0.9908942906317947,
        0.9908942906317947,
        0.9908942906317947,
        0.9908942906317947,
        0.9908942906317947,
        0.9908942906317947,
        0.9908942906317947,
        0.9908942906317947,
        0.9908942906317947,
        0.9908942906317947,
        0.9908942906317947,
        0.9908942906317947,
        0.9908942906317947,
        0.9908942906317947,
        0.9908942906317947,
        0.9908942906317947,
        0.9908942906317947,
        0.9908942906317947,
        0.9908942906317947,
        0.9908942906317947,
        0.9908942906317947,
        0.9908942906317947,
        0.9908942906317947,
        0.9908942906317947,
        0.9908942906317947,
        0.9908942906317947,
        0.9908942906317947,
        0.9908942906317947,
        0.9908942906317947,
        0.9908942906317947,
        0.9908942906317947,
        0.9908942906317947,
        0.9908942906317947,
        0.9908942906317947,
        0.9908942906317947,
        0.9908942906317947,
        0.9908942906317947,
        0.9908942906317947,
        0.9908942906317947,
        0.9908942906317947,
        0.9908942906317947,
        0.9908942906317947,
        0.9908942906317947,
        0.9908942906317947,
        0.9908942906317947,
        0.9908942906317947,
        0.9908942906317947,
        0.9908942906317947,
        0.9908942906317947,
        0.9908942906317947,
        0.9908942906317947,
        0.9908942906317947,
        0.9908942906317947,
        0.9908942906317947,
        0.9908942906317947,
        0.9908942906317947,
        0.9908942906317947,
        0.9908942906317947,
        0.9908942906317947,
        0.9908942906317947,
        0.9908942906317947,
        0.9908942906317947,
        0.9908942906317947,
        0.9908942906317947,
        0.9908942906317947,
        0.9908942906317947,
        0.9908942906317947,
        0.9908942906317947,
        0.9908942906317947,
        0.9908942906317947,
        0.9908942906317947,
        0.9908942906317947,
        0.9908942906317947,
        0.9908942906317947,
        0.9908942906317947,
        0.9908942906317947,
        0.9908942906317947,
        0.9908942906317947,
        0.9908942906317947,
        0.9908942906317947,
        0.9908942906317947,
        0.9908942906317947,
        0.9908942906317947,
        0.9908942906317947,
        0.9908942906317947,
        0.9908942906317947,
        0.9908942906317947,
        0.9908942906317947,
        0.9908942906317947,
        0.9908942906317947,
        0.9908942906317947,
        0.9908942906317947,
        0.9908942906317947,
        0.9908942906317947,
        0.9908942906317947,
        0.9908942906317947,
        0.9908942906317947,
        0.9908942906317947,
        0.9908942906317947,
        0.9908942906317947,
        0.9908942906317947,
        0.9908942906317947,
        0.9908942906317947,
        0.9908942906317947,
        0.9908942906317947,
        0.9908942906317947,
        0.9908942906317947,
        0.9908942906317947,
        0.9908942906317947,
        0.9908942906317947,
        0.9908942906317947,
        0.9908942906317947,
        0.9908942906317947,
        0.9908942906317947,
        0.9908942906317947,
        0.9908942906317947,
        0.9908942906317947,
        0.9908942906317947,
        0.9908942906317947,
        0.9908942906317947,
        0.9908942906317947,
        0.9908942906317947,
        0.9908942906317947,
        0.9908942906317947,
        0.9908942906317947,
        0.9908942906317947,
        0.9908942906317947,
        0.9908942906317947,
        0.9908942906317947,
        0.9908942906317947,
        0.9908942906317947,
        0.9908942906317947,
        0.9908942906317947,
        0.9908942906317947,
        0.9908942906317947,
        0.9908942906317947,
        0.9908942906317947
    ],