{
    "dimensions": [
        0,
        0,
        0,
        0,
        0,
        0,
        0,
        0,
        0,
        0,
        0,
        0,
        0,
        0,
        0,
        0,
        0,
        0,
        0,
        0,
        0,
        0,
        0,
        0,
        0,
        0,
        0,
        0,
        0,
        0,
        0,
        0,
        0,
        0,
        0,
        0,
        0,
        0,
        0,
        0,
        0,
        0,
        0,
        0,
        0,
        0,
        0,
        0,
        0,
        0,
        0,
        0,
        0,
        0,
        0,
        0,
        0,
        0,
        0,
        0,
        0,
        0,
        0,
        0,
        0,
        0,
        0,
        0,
        0,
        0,
        0,
        0,
        0,
        0,
        0,
        0,
        0,
        0,
        0,
        0,
        0,
        0,
        0,
        0,
        0,
        0,
        0,
        0,
        0,
        0,
        0,
        0,
        0,
        0,
        0,
        0,
        0,
        0,
        0,
        0,
        0,
        0,
        0,
        0,
        0,
        0,
        0,
        0,
        0,
        0,
        0,
        0,
        0,
        0,
        0,
        0,
        0,
        0,
        0,
        0,
        0,
        0,
        0,
        0,
        0,
        0,
        0,
        0,
        0,
        0,
        0,
        0,
        0,
        0,
        0,
        0,
        0,
        0,
        0,
        0,
        0,
        0,
        0,
        0,
        0,
        0,
        0,
        0,
        0,
        0,
        0,
        0,
        0,
        0,
        0,
        0,
        0,
        0,
        0,
        0,
        0,
        0,
        0,
        0,
        0,
        0,
        0,
        0
    ],
    "creation_values": [
        0.9694901953128955,
        0.9694901953128955,
        0.9694901953128955,
        0.9694901953128955,
        0.9694901953128955,
        0.9694901953128955,
        0.9694901953128955,
        0.9694901953128955,
        0.9694901953128955,
        0.9694901953128955,
        0.9694901953128955,
        0.9694901953128955,
        0.9694901953128955,
        0.9694901953128955,
        0.9694901953128955,
        0.9694901953128955,
        0.9694901953128955,
        0.9694901953128955,
        0.9694901953128955,
        0.9694901953128955,
        0.9694901953128955,
        0.9694901953128955,
        0.9694901953128955,
        0.9694901953128955,
        0.9694901953128955,
        0.9694901953128955,
        0.9694901953128955,
        0.9694901953128955,
        0.9694901953128955,
        0.9694901953128955,
        0.9694901953128955,
        0.9694901953128955,
        0.9694901953128955,
        0.9694901953128955,
        0.9694901953128955,
        0.9694901953128955,
        0.9694901953128955,
        0.9694901953128955,
        0.9694901953128955,
        0.9694901953128955,
        0.9694901953128955,
        0.9694901953128955,
        0.9694901953128955,
        0.9694901953128955,
        0.9694901953128955,
        0.9694901953128955,
        0.9694901953128955,
        0.9694901953128955,
        0.9694901953128955,
        0.9694901953128955,
        0.9694901953128955,
        0.9694901953128955,
        0.9694901953128955,
        0.9694901953128955,
        0.9694901953128955,
        0.9694901953128955,
        0.9694901953128955,
        0.9694901953128955,
        0.9694901953128955,
        0.9694901953128955,
        0.9694901953128955,
        0.9694901953128955,
        0.9694901953128955,
        0.9694901953128955,
        0.9694901953128955,
        0.9694901953128955,
        0.9694901953128955,
        0.9694901953128955,
        0.9694901953128955,
        0.9694901953128955,
        0.9694901953128955,
        0.9694901953128955,
        0.9694901953128955,
        0.9694901953128955,
        0.9694901953128955,
        0.9694901953128955,
        0.9694901953128955,
        0.9694901953128955,
        0.9694901953128955,
        0.9694901953128955,
        0.9694901953128955,
        0.9694901953128955,
        0.9694901953128955,
        0.9694901953128955,
        0.9694901953128955,
        0.9694901953128955,
        0.9694901953128955,
        0.9694901953128955,
        0.9694901953128955,
        0.9694901953128955,
        0.9694901953128955,
        0.9694901953128955,
        0.9694901953128955,
        0.9694901953128955,
        0.9694901953128955,
        0.9694901953128955,
        0.9694901953128955,
        0.9694901953128955,
        0.9694901953128955,
        0.9694901953128955,
        0.9694901953128955,
        0.9694901953128955,
        0.9694901953128955,
        0.9694901953128955,
        0.9694901953128955,
        0.9694901953128955,
        0.9694901953128955,
        0.9694901953128955,
        0.9694901953128955,
        0.9694901953128955,
        0.9694901953128955,
        0.9694901953128955,
        0.9694901953128955,
        0.9694901953128955,
        0.9694901953128955,
        0.9694901953128955,
        0.9694901953128955,
        0.9694901953128955,
        0.9694901953128955,
        0.9694901953128955,
        0.9694901953128955,
        0.9694901953128955,
        0.9694901953128955,
        0.9694901953128955,
        0.9694901953128955,
        0.9694901953128955,
        0.9694901953128955,
        0.9694901953128955,
        0.9694901953128955,
        0.9694901953128955,
        0.9694901953128955,
        0.9694901953128955,
        0.9694901953128955,
        0.9694901953128955,
        0.9694901953128955,
        0.9694901953128955,
        0.9694901953128955,
        0.9694901953128955,
        0.9694901953128955,
        0.9694901953128955,
        0.9694901953128955,
        0.9694901953128955,
        0.9694901953128955,
        0.9694901953128955,
        0.9694901953128955,
        0.9694901953128955,
        0.9694901953128955,
        0.9694901953128955,
        0.9694901953128955,
        0.9694901953128955,
        0.9694901953128955,
        0.9694901953128955,
        0.9694901953128955,
        0.9694901953128955,
        0.9694901953128955,
        0.9694901953128955,
        0.9694901953128955,
        0.9694901953128955,
        0.9694901953128955,
        0.9694901953128955,
        0.9694901953128955,
        0.9694901953128955,
        0.9694901953128955,
        0.9694901953128955,
        0.9694901953128955,
        0.9694901953128955,
        0.9694901953128955,
        0.9694901953128955
    ],