{
    "dimensions": [
        0,
        0,
        0,
        0,
        0,
        0,
        0,
        0,
        0,
        0,
        0,
        0,
        0,
        0,
        0,
        0,
        0,
        0,
        0,
        0,
        0,
        0,
        0,
        0,
        0,
        0,
        0,
        0,
        0,
        0,
        0,
        0,
        0,
        0,
        0,
        0,
        0,
        0,
        0,
        0,
        0,
        0,
        0,
        0,
        0,
        0,
        0,
        0,
        0,
        0,
        0,
        0,
        0,
        0,
        0,
        0,
        0,
        0,
        0,
        0,
        0,
        0,
        0,
        0,
        0,
        0,
        0,
        0,
        0,
        0,
        0,
        0,
        0,
        0,
        0,
        0,
        0,
        0,
        0,
        0,
        0,
        0,
        0,
        0,
        0,
        0,
        0,
        0,
        0,
        0,
        0,
        0,
        0,
        0,
        0,
        0,
        0,
        0,
        0,
        0,
        0,
        0,
        0,
        0,
        0,
        0,
        0,
        0,
        0,
        0,
        0,
        0,
        0,
        0,
        0,
        0,
        0,
        0,
        0,
        0,
        0,
        0,
        0,
        0,
        0,
        0,
        0,
        0,
        0,
        0,
        0,
        0,
        0,
        0,
        0,
        0,
        0,
        0,
        0,
        0,
        0,
        0,
        0,
        0,
        0,
        0,
        0,
        0,
        0,
        0,
        0,
        0,
        0,
        0,
        0,
        0,
        0,
        0,
        0,
        0,
        0,
        0,
        0,
        0,
        0,
        0,
        0,
        0
    ],
    "creation_values": [
        0.958745068271306,
        0.958745068271306,
        0.958745068271306,
        0.958745068271306,
        0.958745068271306,
        0.958745068271306,
        0.958745068271306,
        0.958745068271306,
        0.958745068271306,
        0.958745068271306,
        0.958745068271306,
        0.958745068271306,
        0.958745068271306,
        0.958745068271306,
        0.958745068271306,
        0.958745068271306,
        0.958745068271306,
        0.958745068271306,
        0.958745068271306,
        0.958745068271306,
        0.958745068271306,
        0.958745068271306,
        0.958745068271306,
        0.958745068271306,
        0.958745068271306,
        0.958745068271306,
        0.958745068271306,
        0.958745068271306,
        0.958745068271306,
        0.958745068271306,
        0.958745068271306,
        0.958745068271306,
        0.958745068271306,
        0.958745068271306,
        0.958745068271306,
        0.958745068271306,
        0.958745068271306,
        0.958745068271306,
        0.958745068271306,
        0.958745068271306,
        0.958745068271306,
        0.958745068271306,
        0.958745068271306,
        0.958745068271306,
        0.958745068271306,
        0.958745068271306,
        0.958745068271306,
        0.958745068271306,
        0.958745068271306,
        0.958745068271306,
        0.958745068271306,
        0.958745068271306,
        0.958745068271306,
        0.958745068271306,
        0.958745068271306,
        0.958745068271306,
        0.958745068271306,
        0.958745068271306,
        0.958745068271306,
        0.958745068271306,
        0.958745068271306,
        0.958745068271306,
        0.958745068271306,
        0.958745068271306,
        0.958745068271306,
        0.958745068271306,
        0.958745068271306,
        0.958745068271306,
        0.958745068271306,
        0.958745068271306,
        0.958745068271306,
        0.958745068271306,
        0.958745068271306,
        0.958745068271306,
        0.958745068271306,
        0.958745068271306,
        0.958745068271306,
        0.958745068271306,
        0.958745068271306,
        0.958745068271306,
        0.958745068271306,
        0.958745068271306,
        0.958745068271306,
        0.958745068271306,
        0.958745068271306,
        0.958745068271306,
        0.958745068271306,
        0.958745068271306,
        0.958745068271306,
        0.958745068271306,
        0.958745068271306,
        0.958745068271306,
        0.958745068271306,
        0.958745068271306,
        0.958745068271306,
        0.958745068271306,
        0.958745068271306,
        0.958745068271306,
        0.958745068271306,
        0.958745068271306,
        0.958745068271306,
        0.958745068271306,
        0.958745068271306,
        0.958745068271306,
        0.958745068271306,
        0.958745068271306,
        0.958745068271306,
        0.958745068271306,
        0.958745068271306,
        0.958745068271306,
        0.958745068271306,
        0.958745068271306,
        0.958745068271306,
        0.958745068271306,
        0.958745068271306,
        0.958745068271306,
        0.958745068271306,
        0.958745068271306,
        0.958745068271306,
        0.958745068271306,
        0.958745068271306,
        0.958745068271306,
        0.958745068271306,
        0.958745068271306,
        0.958745068271306,
        0.958745068271306,
        0.958745068271306,
        0.958745068271306,
        0.958745068271306,
        0.958745068271306,
        0.958745068271306,
        0.958745068271306,
        0.958745068271306,
        0.958745068271306,
        0.958745068271306,
        0.958745068271306,
        0.958745068271306,
        0.958745068271306,
        0.958745068271306,
        0.958745068271306,
        0.958745068271306,
        0.958745068271306,
        0.958745068271306,
        0.958745068271306,
        0.958745068271306,
        0.958745068271306,
        0.958745068271306,
        0.958745068271306,
        0.958745068271306,
        0.958745068271306,
        0.958745068271306,
        0.958745068271306,
        0.958745068271306,
        0.958745068271306,
        0.958745068271306,
        0.958745068271306,
        0.958745068271306,
        0.958745068271306,
        0.958745068271306,
        0.958745068271306,
        0.958745068271306,
        0.958745068271306,
        0.958745068271306,
        0.958745068271306,
        0.958745068271306,
        0.958745068271306,
        0.958745068271306,
        0.958745068271306
    ],