{
    "dimensions": [
        0,
        0,
        0,
        0,
        0,
        0,
        0,
        0,
        0,
        0,
        0,
        0,
        0,
        0,
        0,
        0,
        0,
        0,
        0,
        0,
        0,
        0,
        0,
        0,
        0,
        0,
        0,
        0,
        0,
        0,
        0,
        0,
        0,
        0,
        0,
        0,
        0,
        0,
        0,
        0,
        0,
        0,
        0,
        0,
        0,
        0,
        0,
        0,
        0,
        0,
        0,
        0,
        0,
        0,
        0,
        0,
        0,
        0,
        0,
        0,
        0,
        0,
        0,
        0,
        0,
        0,
        0,
        0,
        0,
        0,
        0,
        0,
        0,
        0,
        0,
        0,
        0,
        0,
        0,
        0,
        0,
        0,
        0,
        0,
        0,
        0,
        0,
        0,
        0,
        0,
        0,
        0,
        0,
        0,
        0,
        0,
        0,
        0,
        0,
        0,
        0,
        0,
        0,
        0,
        0,
        0,
        0,
        0,
        0,
        0,
        0,
        0,
        0,
        0,
        0,
        0,
        0,
        0,
        0,
        0,
        0,
        0,
        0,
        0,
        0,
        0,
        0,
        0,
        0,
        0,
        0,
        0,
        0,
        0,
        0,
        0,
        0,
        0,
        0,
        0,
        0,
        0,
        0,
        0,
        0,
        0,
        0,
        0,
        0,
        0,
        0,
        0,
        0,
        0,
        0,
        0,
        0,
        0,
        0,
        0,
        0,
        0,
        0,
        0,
        0,
        0,
        0,
        0
    ],
    "creation_values": [
        0.985967949436442,
        0.985967949436442,
        0.985967949436442,
        0.985967949436442,
        0.985967949436442,
        0.985967949436442,
        0.985967949436442,
        0.985967949436442,
        0.985967949436442,
        0.985967949436442,
        0.985967949436442,
        0.985967949436442,
        0.985967949436442,
        0.985967949436442,
        0.985967949436442,
        0.985967949436442,
        0.985967949436442,
        0.985967949436442,
        0.985967949436442,
        0.985967949436442,
        0.985967949436442,
        0.985967949436442,
        0.985967949436442,
        0.985967949436442,
        0.985967949436442,
        0.985967949436442,
        0.985967949436442,
        0.985967949436442,
        0.985967949436442,
        0.985967949436442,
        0.985967949436442,
        0.985967949436442,
        0.985967949436442,
        0.985967949436442,
        0.985967949436442,
        0.985967949436442,
        0.985967949436442,
        0.985967949436442,
        0.985967949436442,
        0.985967949436442,
        0.985967949436442,
        0.985967949436442,
        0.985967949436442,
        0.985967949436442,
        0.985967949436442,
        0.985967949436442,
        0.985967949436442,
        0.985967949436442,
        0.985967949436442,
        0.985967949436442,
        0.985967949436442,
        0.985967949436442,
        0.985967949436442,
        0.985967949436442,
        0.985967949436442,
        0.985967949436442,
        0.985967949436442,
        0.985967949436442,
        0.985967949436442,
        0.985967949436442,
        0.985967949436442,
        0.985967949436442,
        0.985967949436442,
        0.985967949436442,
        0.985967949436442,
        0.985967949436442,
        0.985967949436442,
        0.985967949436442,
        0.985967949436442,
        0.985967949436442,
        0.985967949436442,
        0.985967949436442,
        0.985967949436442,
        0.985967949436442,
        0.985967949436442,
        0.985967949436442,
        0.985967949436442,
        0.985967949436442,
        0.985967949436442,
        0.985967949436442,
        0.985967949436442,
        0.985967949436442,
        0.985967949436442,
        0.985967949436442,
        0.985967949436442,
        0.985967949436442,
        0.985967949436442,
        0.985967949436442,
        0.985967949436442,
        0.985967949436442,
        0.985967949436442,
        0.985967949436442,
        0.985967949436442,
        0.985967949436442,
        0.985967949436442,
        0.985967949436442,
        0.985967949436442,
        0.985967949436442,
        0.985967949436442,
        0.985967949436442,
        0.985967949436442,
        0.985967949436442,
        0.985967949436442,
        0.985967949436442,
        0.985967949436442,
        0.985967949436442,
        0.985967949436442,
        0.985967949436442,
        0.985967949436442,
        0.985967949436442,
        0.985967949436442,
        0.985967949436442,
        0.985967949436442,
        0.985967949436442,
        0.985967949436442,
        0.985967949436442,
        0.985967949436442,
        0.985967949436442,
        0.985967949436442,
        0.985967949436442,
        0.985967949436442,
        0.985967949436442,
        0.985967949436442,
        0.985967949436442,
        0.985967949436442,
        0.985967949436442,
        0.985967949436442,
        0.985967949436442,
        0.985967949436442,
        0.985967949436442,
        0.985967949436442,
        0.985967949436442,
        0.985967949436442,
        0.985967949436442,
        0.985967949436442,
        0.985967949436442,
        0.985967949436442,
        0.985967949436442,
        0.985967949436442,
        0.985967949436442,
        0.985967949436442,
        0.985967949436442,
        0.985967949436442,
        0.985967949436442,
        0.985967949436442,
        0.985967949436442,
        0.985967949436442,
        0.985967949436442,
        0.985967949436442,
        0.985967949436442,
        0.985967949436442,
        0.985967949436442,
        0.985967949436442,
        0.985967949436442,
        0.985967949436442,
        0.985967949436442,
        0.985967949436442,
        0.985967949436442,
        0.985967949436442,
        0.985967949436442,
        0.985967949436442,
        0.985967949436442,
        0.985967949436442,
        0.985967949436442,
        0.985967949436442,
        0.985967949436442,
        0.985967949436442,
        0.985967949436442
    ],