{
    "dimensions": [
        0,
        0,
        0,
        0,
        0,
        0,
        0,
        0,
        0,
        0,
        0,
        0,
        0,
        0,
        0,
        0,
        0,
        0,
        0,
        0,
        0,
        0,
        0,
        0,
        0,
        0,
        0,
        0,
        0,
        0,
        0,
        0,
        0,
        0,
        0,
        0,
        0,
        0,
        0,
        0,
        0,
        0,
        0,
        0,
        0,
        0,
        0,
        0,
        0,
        0,
        0,
        0,
        0,
        0,
        0,
        0,
        0,
        0,
        0,
        0,
        0,
        0,
        0,
        0,
        0,
        0,
        0,
        0,
        0,
        0,
        0,
        0,
        0,
        0,
        0,
        0,
        0,
        0,
        0,
        0,
        0,
        0,
        0,
        0,
        0,
        0,
        0,
        0,
        0,
        0,
        0,
        0,
        0,
        0,
        0,
        0,
        0,
        0,
        0,
        0,
        0,
        0,
        0,
        0,
        0,
        0,
        0,
        0,
        0,
        0,
        0,
        0,
        0,
        0,
        0,
        0,
        0,
        0,
        0,
        0,
        0,
        0,
        0,
        0,
        0,
        0,
        0,
        0,
        0,
        0,
        0,
        0,
        0,
        0,
        0,
        0,
        0,
        0,
        0,
        0,
        0,
        0,
        0,
        0,
        0,
        0,
        0,
        0,
        0,
        0,
        0,
        0,
        0,
        0,
        0,
        0,
        0,
        0,
        0,
        0,
        0,
        0,
        0,
        0,
        0,
        0,
        0,
        0
    ],
    "creation_values": [
        0.9982859429951799,
        0.9982859429951799,
        0.9982859429951799,
        0.9982859429951799,
        0.9982859429951799,
        0.9982859429951799,
        0.9982859429951799,
        0.9982859429951799,
        0.9982859429951799,
        0.9982859429951799,
        0.9982859429951799,
        0.9982859429951799,
        0.9982859429951799,
        0.9982859429951799,
        0.9982859429951799,
        0.9982859429951799,
        0.9982859429951799,
        0.9982859429951799,
        0.9982859429951799,
        0.9982859429951799,
        0.9982859429951799,
        0.9982859429951799,
        0.9982859429951799,
        0.9982859429951799,
        0.9982859429951799,
        0.9982859429951799,
        0.9982859429951799,
        0.9982859429951799,
        0.9982859429951799,
        0.9982859429951799,
        0.9982859429951799,
        0.9982859429951799,
        0.9982859429951799,
        0.9982859429951799,
        0.9982859429951799,
        0.9982859429951799,
        0.9982859429951799,
        0.9982859429951799,
        0.9982859429951799,
        0.9982859429951799,
        0.9982859429951799,
        0.9982859429951799,
        0.9982859429951799,
        0.9982859429951799,
        0.9982859429951799,
        0.9982859429951799,
        0.9982859429951799,
        0.9982859429951799,
        0.9982859429951799,
        0.9982859429951799,
        0.9982859429951799,
        0.9982859429951799,
        0.9982859429951799,
        0.9982859429951799,
        0.9982859429951799,
        0.9982859429951799,
        0.9982859429951799,
        0.9982859429951799,
        0.9982859429951799,
        0.9982859429951799,
        0.9982859429951799,
        0.9982859429951799,
        0.9982859429951799,
        0.9982859429951799,
        0.9982859429951799,
        0.9982859429951799,
        0.9982859429951799,
        0.9982859429951799,
        0.9982859429951799,
        0.9982859429951799,
        0.9982859429951799,
        0.9982859429951799,
        0.9982859429951799,
        0.9982859429951799,
        0.9982859429951799,
        0.9982859429951799,
        0.9982859429951799,
        0.9982859429951799,
        0.9982859429951799,
        0.9982859429951799,
        0.9982859429951799,
        0.9982859429951799,
        0.9982859429951799,
        0.9982859429951799,
        0.9982859429951799,
        0.9982859429951799,
        0.9982859429951799,
        0.9982859429951799,
        0.9982859429951799,
        0.9982859429951799,
        0.9982859429951799,
        0.9982859429951799,
        0.9982859429951799,
        0.9982859429951799,
        0.9982859429951799,
        0.9982859429951799,
        0.9982859429951799,
        0.9982859429951799,
        0.9982859429951799,
        0.9982859429951799,
        0.9982859429951799,
        0.9982859429951799,
        0.9982859429951799,
        0.9982859429951799,
        0.9982859429951799,
        0.9982859429951799,
        0.9982859429951799,
        0.9982859429951799,
        0.9982859429951799,
        0.9982859429951799,
        0.9982859429951799,
        0.9982859429951799,
        0.9982859429951799,
        0.9982859429951799,
        0.9982859429951799,
        0.9982859429951799,
        0.9982859429951799,
        0.9982859429951799,
        0.9982859429951799,
        0.9982859429951799,
        0.9982859429951799,
        0.9982859429951799,
        0.9982859429951799,
        0.9982859429951799,
        0.9982859429951799,
        0.9982859429951799,
        0.9982859429951799,
        0.9982859429951799,
        0.9982859429951799,
        0.9982859429951799,
        0.9982859429951799,
        0.9982859429951799,
        0.9982859429951799,
        0.9982859429951799,
        0.9982859429951799,
        0.9982859429951799,
        0.9982859429951799,
        0.9982859429951799,
        0.9982859429951799,
        0.9982859429951799,
        0.9982859429951799,
        0.9982859429951799,
        0.9982859429951799,
        0.9982859429951799,
        0.9982859429951799,
        0.9982859429951799,
        0.9982859429951799,
        0.9982859429951799,
        0.9982859429951799,
        0.9982859429951799,
        0.9982859429951799,
        0.9982859429951799,
        0.9982859429951799,
        0.9982859429951799,
        0.9982859429951799,
        0.9982859429951799,
        0.9982859429951799,
        0.9982859429951799,
        0.9982859429951799,
        0.9982859429951799,
        0.9982859429951799,
        0.9982859429951799,
        0.9982859429951799,
        0.9982859429951799,
        0.9982859429951799,
        0.9982859429951799,
        0.9982859429951799,
        0.9982859429951799
    ],