{
    "dimensions": [
        0,
        0,
        0,
        0,
        0,
        0,
        0,
        0,
        0,
        0,
        0,
        0,
        0,
        0,
        0,
        0,
        0,
        0,
        0,
        0,
        0,
        0,
        0,
        0,
        0,
        0,
        0,
        0,
        0,
        0,
        0,
        0,
        0,
        0,
        0,
        0,
        0,
        0,
        0,
        0,
        0,
        0,
        0,
        0,
        0,
        0,
        0,
        0,
        0,
        0,
        0,
        0,
        0,
        0,
        0,
        0,
        0,
        0,
        0,
        0,
        0,
        0,
        0,
        0,
        0,
        0,
        0,
        0,
        0,
        0,
        0,
        0,
        0,
        0,
        0,
        0,
        0,
        0,
        0,
        0,
        0,
        0,
        0,
        0,
        0,
        0,
        0,
        0,
        0,
        0,
        0,
        0,
        0,
        0,
        0,
        0,
        0,
        0,
        0,
        0,
        0,
        0,
        0,
        0,
        0,
        0,
        0,
        0,
        0,
        0,
        0,
        0,
        0,
        0,
        0,
        0,
        0,
        0,
        0,
        0,
        0,
        0,
        0,
        0,
        0,
        0,
        0,
        0,
        0,
        0,
        0,
        0,
        0,
        0,
        0,
        0,
        0,
        0,
        0,
        0,
        0,
        0,
        0,
        0,
        0,
        0,
        0,
        0,
        0,
        0,
        0,
        0,
        0,
        0,
        0,
        0,
        0,
        0,
        0,
        0,
        0,
        0,
        0,
        0,
        0,
        0,
        0,
        0
    ],
    "creation_values": [
        0.991277137353632,
        0.991277137353632,
        0.991277137353632,
        0.991277137353632,
        0.991277137353632,
        0.991277137353632,
        0.991277137353632,
        0.991277137353632,
        0.991277137353632,
        0.991277137353632,
        0.991277137353632,
        0.991277137353632,
        0.991277137353632,
        0.991277137353632,
        0.991277137353632,
        0.991277137353632,
        0.991277137353632,
        0.991277137353632,
        0.991277137353632,
        0.991277137353632,
        0.991277137353632,
        0.991277137353632,
        0.991277137353632,
        0.991277137353632,
        0.991277137353632,
        0.991277137353632,
        0.991277137353632,
        0.991277137353632,
        0.991277137353632,
        0.991277137353632,
        0.991277137353632,
        0.991277137353632,
        0.991277137353632,
        0.991277137353632,
        0.991277137353632,
        0.991277137353632,
        0.991277137353632,
        0.991277137353632,
        0.991277137353632,
        0.991277137353632,
        0.991277137353632,
        0.991277137353632,
        0.991277137353632,
        0.991277137353632,
        0.991277137353632,
        0.991277137353632,
        0.991277137353632,
        0.991277137353632,
        0.991277137353632,
        0.991277137353632,
        0.991277137353632,
        0.991277137353632,
        0.991277137353632,
        0.991277137353632,
        0.991277137353632,
        0.991277137353632,
        0.991277137353632,
        0.991277137353632,
        0.991277137353632,
        0.991277137353632,
        0.991277137353632,
        0.991277137353632,
        0.991277137353632,
        0.991277137353632,
        0.991277137353632,
        0.991277137353632,
        0.991277137353632,
        0.991277137353632,
        0.991277137353632,
        0.991277137353632,
        0.991277137353632,
        0.991277137353632,
        0.991277137353632,
        0.991277137353632,
        0.991277137353632,
        0.991277137353632,
        0.991277137353632,
        0.991277137353632,
        0.991277137353632,
        0.991277137353632,
        0.991277137353632,
        0.991277137353632,
        0.991277137353632,
        0.991277137353632,
        0.991277137353632,
        0.991277137353632,
        0.991277137353632,
        0.991277137353632,
        0.991277137353632,
        0.991277137353632,
        0.991277137353632,
        0.991277137353632,
        0.991277137353632,
        0.991277137353632,
        0.991277137353632,
        0.991277137353632,
        0.991277137353632,
        0.991277137353632,
        0.991277137353632,
        0.991277137353632,
        0.991277137353632,
        0.991277137353632,
        0.991277137353632,
        0.991277137353632,
        0.991277137353632,
        0.991277137353632,
        0.991277137353632,
        0.991277137353632,
        0.991277137353632,
        0.991277137353632,
        0.991277137353632,
        0.991277137353632,
        0.991277137353632,
        0.991277137353632,
        0.991277137353632,
        0.991277137353632,
        0.991277137353632,
        0.991277137353632,
        0.991277137353632,
        0.991277137353632,
        0.991277137353632,
        0.991277137353632,
        0.991277137353632,
        0.991277137353632,
        0.991277137353632,
        0.991277137353632,
        0.991277137353632,
        0.991277137353632,
        0.991277137353632,
        0.991277137353632,
        0.991277137353632,
        0.991277137353632,
        0.991277137353632,
        0.991277137353632,
        0.991277137353632,
        0.991277137353632,
        0.991277137353632,
        0.991277137353632,
        0.991277137353632,
        0.991277137353632,
        0.991277137353632,
        0.991277137353632,
        0.991277137353632,
        0.991277137353632,
        0.991277137353632,
        0.991277137353632,
        0.991277137353632,
        0.991277137353632,
        0.991277137353632,
        0.991277137353632,
        0.991277137353632,
        0.991277137353632,
        0.991277137353632,
        0.991277137353632,
        0.991277137353632,
        0.991277137353632,
        0.991277137353632,
        0.991277137353632,
        0.991277137353632,
        0.991277137353632,
        0.991277137353632,
        0.991277137353632,
        0.991277137353632,
        0.991277137353632,
        0.991277137353632,
        0.991277137353632,
        0.991277137353632,
        0.991277137353632
    ],