{
    "dimensions": [
        0,
        0,
        0,
        0,
        0,
        0,
        0,
        0,
        0,
        0,
        0,
        0,
        0,
        0,
        0,
        0,
        0,
        0,
        0,
        0,
        0,
        0,
        0,
        0,
        0,
        0,
        0,
        0,
        0,
        0,
        0,
        0,
        0,
        0,
        0,
        0,
        0,
        0,
        0,
        0,
        0,
        0,
        0,
        0,
        0,
        0,
        0,
        0,
        0,
        0,
        0,
        0,
        0,
        0,
        0,
        0,
        0,
        0,
        0,
        0,
        0,
        0,
        0,
        0,
        0,
        0,
        0,
        0,
        0,
        0,
        0,
        0,
        0,
        0,
        0,
        0,
        0,
        0,
        0,
        0,
        0,
        0,
        0,
        0,
        0,
        0,
        0,
        0,
        0,
        0,
        0,
        0,
        0,
        0,
        0,
        0,
        0,
        0,
        0,
        0,
        0,
        0,
        0,
        0,
        0,
        0,
        0,
        0,
        0,
        0,
        0,
        0,
        0,
        0,
        0,
        0,
        0,
        0,
        0,
        0,
        0,
        0,
        0,
        0,
        0,
        0,
        0,
        0,
        0,
        0,
        0,
        0,
        0,
        0,
        0,
        0,
        0,
        0,
        0,
        0,
        0,
        0,
        0,
        0,
        0,
        0,
        0,
        0,
        0,
        0,
        0,
        0,
        0,
        0,
        0,
        0,
        0,
        0,
        0,
        0,
        0,
        0,
        0,
        0,
        0,
        0,
        0,
        0
    ],
    "creation_values": [
        0.9851341000862844,
        0.9851341000862844,
        0.9851341000862844,
        0.9851341000862844,
        0.9851341000862844,
        0.9851341000862844,
        0.9851341000862844,
        0.9851341000862844,
        0.9851341000862844,
        0.9851341000862844,
        0.9851341000862844,
        0.9851341000862844,
        0.9851341000862844,
        0.9851341000862844,
        0.9851341000862844,
        0.9851341000862844,
        0.9851341000862844,
        0.9851341000862844,
        0.9851341000862844,
        0.9851341000862844,
        0.9851341000862844,
        0.9851341000862844,
        0.9851341000862844,
        0.9851341000862844,
        0.9851341000862844,
        0.9851341000862844,
        0.9851341000862844,
        0.9851341000862844,
        0.9851341000862844,
        0.9851341000862844,
        0.9851341000862844,
        0.9851341000862844,
        0.9851341000862844,
        0.9851341000862844,
        0.9851341000862844,
        0.9851341000862844,
        0.9851341000862844,
        0.9851341000862844,
        0.9851341000862844,
        0.9851341000862844,
        0.9851341000862844,
        0.9851341000862844,
        0.9851341000862844,
        0.9851341000862844,
        0.9851341000862844,
        0.9851341000862844,
        0.9851341000862844,
        0.9851341000862844,
        0.9851341000862844,
        0.9851341000862844,
        0.9851341000862844,
        0.9851341000862844,
        0.9851341000862844,
        0.9851341000862844,
        0.9851341000862844,
        0.9851341000862844,
        0.9851341000862844,
        0.9851341000862844,
        0.9851341000862844,
        0.9851341000862844,
        0.9851341000862844,
        0.9851341000862844,
        0.9851341000862844,
        0.9851341000862844,
        0.9851341000862844,
        0.9851341000862844,
        0.9851341000862844,
        0.9851341000862844,
        0.9851341000862844,
        0.9851341000862844,
        0.9851341000862844,
        0.9851341000862844,
        0.9851341000862844,
        0.9851341000862844,
        0.9851341000862844,
        0.9851341000862844,
        0.9851341000862844,
        0.9851341000862844,
        0.9851341000862844,
        0.9851341000862844,
        0.9851341000862844,
        0.9851341000862844,
        0.9851341000862844,
        0.9851341000862844,
        0.9851341000862844,
        0.9851341000862844,
        0.9851341000862844,
        0.9851341000862844,
        0.9851341000862844,
        0.9851341000862844,
        0.9851341000862844,
        0.9851341000862844,
        0.9851341000862844,
        0.9851341000862844,
        0.9851341000862844,
        0.9851341000862844,
        0.9851341000862844,
        0.9851341000862844,
        0.9851341000862844,
        0.9851341000862844,
        0.9851341000862844,
        0.9851341000862844,
        0.9851341000862844,
        0.9851341000862844,
        0.9851341000862844,
        0.9851341000862844,
        0.9851341000862844,
        0.9851341000862844,
        0.9851341000862844,
        0.9851341000862844,
        0.9851341000862844,
        0.9851341000862844,
        0.9851341000862844,
        0.9851341000862844,
        0.9851341000862844,
        0.9851341000862844,
        0.9851341000862844,
        0.9851341000862844,
        0.9851341000862844,
        0.9851341000862844,
        0.9851341000862844,
        0.9851341000862844,
        0.9851341000862844,
        0.9851341000862844,
        0.9851341000862844,
        0.9851341000862844,
        0.9851341000862844,
        0.9851341000862844,
        0.9851341000862844,
        0.9851341000862844,
        0.9851341000862844,
        0.9851341000862844,
        0.9851341000862844,
        0.9851341000862844,
        0.9851341000862844,
        0.9851341000862844,
        0.9851341000862844,
        0.9851341000862844,
        0.9851341000862844,
        0.9851341000862844,
        0.9851341000862844,
        0.9851341000862844,
        0.9851341000862844,
        0.9851341000862844,
        0.9851341000862844,
        0.9851341000862844,
        0.9851341000862844,
        0.9851341000862844,
        0.9851341000862844,
        0.9851341000862844,
        0.9851341000862844,
        0.9851341000862844,
        0.9851341000862844,
        0.9851341000862844,
        0.9851341000862844,
        0.9851341000862844,
        0.9851341000862844,
        0.9851341000862844,
        0.9851341000862844,
        0.9851341000862844,
        0.9851341000862844,
        0.9851341000862844,
        0.9851341000862844,
        0.9851341000862844,
        0.9851341000862844,
        0.9851341000862844,
        0.9851341000862844,
        0.9851341000862844
    ],