{
    "dimensions": [
        0,
        0,
        0,
        0,
        0,
        0,
        0,
        0,
        0,
        0,
        0,
        0,
        0,
        0,
        0,
        0,
        0,
        0,
        0,
        0,
        0,
        0,
        0,
        0,
        0,
        0,
        0,
        0,
        0,
        0,
        0,
        0,
        0,
        0,
        0,
        0,
        0,
        0,
        0,
        0,
        0,
        0,
        0,
        0,
        0,
        0,
        0,
        0,
        0,
        0,
        0,
        0,
        0,
        0,
        0,
        0,
        0,
        0,
        0,
        0,
        0,
        0,
        0,
        0,
        0,
        0,
        0,
        0,
        0,
        0,
        0,
        0,
        0,
        0,
        0,
        0,
        0,
        0,
        0,
        0,
        0,
        0,
        0,
        0,
        0,
        0,
        0,
        0,
        0,
        0,
        0,
        0,
        0,
        0,
        0,
        0,
        0,
        0,
        0,
        0,
        0,
        0,
        0,
        0,
        0,
        0,
        0,
        0,
        0,
        0,
        0,
        0,
        0,
        0,
        0,
        0,
        0,
        0,
        0,
        0,
        0,
        0,
        0,
        0,
        0,
        0,
        0,
        0,
        0,
        0,
        0,
        0,
        0,
        0,
        0,
        0,
        0,
        0,
        0,
        0,
        0,
        0,
        0,
        0,
        0,
        0,
        0,
        0,
        0,
        0,
        0,
        0,
        0,
        0,
        0,
        0,
        0,
        0,
        0,
        0,
        0,
        0,
        0,
        0,
        0,
        0,
        0,
        0
    ],
    "creation_values": [
        0.9235946886167072,
        0.9235946886167072,
        0.9235946886167072,
        0.9235946886167072,
        0.9235946886167072,
        0.9235946886167072,
        0.9235946886167072,
        0.9235946886167072,
        0.9235946886167072,
        0.9235946886167072,
        0.9235946886167072,
        0.9235946886167072,
        0.9235946886167072,
        0.9235946886167072,
        0.9235946886167072,
        0.9235946886167072,
        0.9235946886167072,
        0.9235946886167072,
        0.9235946886167072,
        0.9235946886167072,
        0.9235946886167072,
        0.9235946886167072,
        0.9235946886167072,
        0.9235946886167072,
        0.9235946886167072,
        0.9235946886167072,
        0.9235946886167072,
        0.9235946886167072,
        0.9235946886167072,
        0.9235946886167072,
        0.9235946886167072,
        0.9235946886167072,
        0.9235946886167072,
        0.9235946886167072,
        0.9235946886167072,
        0.9235946886167072,
        0.9235946886167072,
        0.9235946886167072,
        0.9235946886167072,
        0.9235946886167072,
        0.9235946886167072,
        0.9235946886167072,
        0.9235946886167072,
        0.9235946886167072,
        0.9235946886167072,
        0.9235946886167072,
        0.9235946886167072,
        0.9235946886167072,
        0.9235946886167072,
        0.9235946886167072,
        0.9235946886167072,
        0.9235946886167072,
        0.9235946886167072,
        0.9235946886167072,
        0.9235946886167072,
        0.9235946886167072,
        0.9235946886167072,
        0.9235946886167072,
        0.9235946886167072,
        0.9235946886167072,
        0.9235946886167072,
        0.9235946886167072,
        0.9235946886167072,
        0.9235946886167072,
        0.9235946886167072,
        0.9235946886167072,
        0.9235946886167072,
        0.9235946886167072,
        0.9235946886167072,
        0.9235946886167072,
        0.9235946886167072,
        0.9235946886167072,
        0.9235946886167072,
        0.9235946886167072,
        0.9235946886167072,
        0.9235946886167072,
        0.9235946886167072,
        0.9235946886167072,
        0.9235946886167072,
        0.9235946886167072,
        0.9235946886167072,
        0.9235946886167072,
        0.9235946886167072,
        0.9235946886167072,
        0.9235946886167072,
        0.9235946886167072,
        0.9235946886167072,
        0.9235946886167072,
        0.9235946886167072,
        0.9235946886167072,
        0.9235946886167072,
        0.9235946886167072,
        0.9235946886167072,
        0.9235946886167072,
        0.9235946886167072,
        0.9235946886167072,
        0.9235946886167072,
        0.9235946886167072,
        0.9235946886167072,
        0.9235946886167072,
        0.9235946886167072,
        0.9235946886167072,
        0.9235946886167072,
        0.9235946886167072,
        0.9235946886167072,
        0.9235946886167072,
        0.9235946886167072,
        0.9235946886167072,
        0.9235946886167072,
        0.9235946886167072,
        0.9235946886167072,
        0.9235946886167072,
        0.9235946886167072,
        0.9235946886167072,
        0.9235946886167072,
        0.9235946886167072,
        0.9235946886167072,
        0.9235946886167072,
        0.9235946886167072,
        0.9235946886167072,
        0.9235946886167072,
        0.9235946886167072,
        0.9235946886167072,
        0.9235946886167072,
        0.9235946886167072,
        0.9235946886167072,
        0.9235946886167072,
        0.9235946886167072,
        0.9235946886167072,
        0.9235946886167072,
        0.9235946886167072,
        0.9235946886167072,
        0.9235946886167072,
        0.9235946886167072,
        0.9235946886167072,
        0.9235946886167072,
        0.9235946886167072,
        0.9235946886167072,
        0.9235946886167072,
        0.9235946886167072,
        0.9235946886167072,
        0.9235946886167072,
        0.9235946886167072,
        0.9235946886167072,
        0.9235946886167072,
        0.9235946886167072,
        0.9235946886167072,
        0.9235946886167072,
        0.9235946886167072,
        0.9235946886167072,
        0.9235946886167072,
        0.9235946886167072,
        0.9235946886167072,
        0.9235946886167072,
        0.9235946886167072,
        0.9235946886167072,
        0.9235946886167072,
        0.9235946886167072,
        0.9235946886167072,
        0.9235946886167072,
        0.9235946886167072,
        0.9235946886167072,
        0.9235946886167072,
        0.9235946886167072,
        0.9235946886167072,
        0.9235946886167072,
        0.9235946886167072,
        0.9235946886167072
    ],