{
    "dimensions": [
        0,
        0,
        0,
        0,
        0,
        0,
        0,
        0,
        0,
        0,
        0,
        0,
        0,
        0,
        0,
        0,
        0,
        0,
        0,
        0,
        0,
        0,
        0,
        0,
        0,
        0,
        0,
        0,
        0,
        0,
        0,
        0,
        0,
        0,
        0,
        0,
        0,
        0,
        0,
        0,
        0,
        0,
        0,
        0,
        0,
        0,
        0,
        0,
        0,
        0,
        0,
        0,
        0,
        0,
        0,
        0,
        0,
        0,
        0,
        0,
        0,
        0,
        0,
        0,
        0,
        0,
        0,
        0,
        0,
        0,
        0,
        0,
        0,
        0,
        0,
        0,
        0,
        0,
        0,
        0,
        0,
        0,
        0,
        0,
        0,
        0,
        0,
        0,
        0,
        0,
        0,
        0,
        0,
        0,
        0,
        0,
        0,
        0,
        0,
        0,
        0,
        0,
        0,
        0,
        0,
        0,
        0,
        0,
        0,
        0,
        0,
        0,
        0,
        0,
        0,
        0,
        0,
        0,
        0,
        0,
        0,
        0,
        0,
        0,
        0,
        0,
        0,
        0,
        0,
        0,
        0,
        0,
        0,
        0,
        0,
        0,
        0,
        0,
        0,
        0,
        0,
        0,
        0,
        0,
        0,
        0,
        0,
        0,
        0,
        0,
        0,
        0,
        0,
        0,
        0,
        0,
        0,
        0,
        0,
        0,
        0,
        0,
        0,
        0,
        0,
        0,
        0,
        0
    ],
    "creation_values": [
        0.9974515941664696,
        0.9974515941664696,
        0.9974515941664696,
        0.9974515941664696,
        0.9974515941664696,
        0.9974515941664696,
        0.9974515941664696,
        0.9974515941664696,
        0.9974515941664696,
        0.9974515941664696,
        0.9974515941664696,
        0.9974515941664696,
        0.9974515941664696,
        0.9974515941664696,
        0.9974515941664696,
        0.9974515941664696,
        0.9974515941664696,
        0.9974515941664696,
        0.9974515941664696,
        0.9974515941664696,
        0.9974515941664696,
        0.9974515941664696,
        0.9974515941664696,
        0.9974515941664696,
        0.9974515941664696,
        0.9974515941664696,
        0.9974515941664696,
        0.9974515941664696,
        0.9974515941664696,
        0.9974515941664696,
        0.9974515941664696,
        0.9974515941664696,
        0.9974515941664696,
        0.9974515941664696,
        0.9974515941664696,
        0.9974515941664696,
        0.9974515941664696,
        0.9974515941664696,
        0.9974515941664696,
        0.9974515941664696,
        0.9974515941664696,
        0.9974515941664696,
        0.9974515941664696,
        0.9974515941664696,
        0.9974515941664696,
        0.9974515941664696,
        0.9974515941664696,
        0.9974515941664696,
        0.9974515941664696,
        0.9974515941664696,
        0.9974515941664696,
        0.9974515941664696,
        0.9974515941664696,
        0.9974515941664696,
        0.9974515941664696,
        0.9974515941664696,
        0.9974515941664696,
        0.9974515941664696,
        0.9974515941664696,
        0.9974515941664696,
        0.9974515941664696,
        0.9974515941664696,
        0.9974515941664696,
        0.9974515941664696,
        0.9974515941664696,
        0.9974515941664696,
        0.9974515941664696,
        0.9974515941664696,
        0.9974515941664696,
        0.9974515941664696,
        0.9974515941664696,
        0.9974515941664696,
        0.9974515941664696,
        0.9974515941664696,
        0.9974515941664696,
        0.9974515941664696,
        0.9974515941664696,
        0.9974515941664696,
        0.9974515941664696,
        0.9974515941664696,
        0.9974515941664696,
        0.9974515941664696,
        0.9974515941664696,
        0.9974515941664696,
        0.9974515941664696,
        0.9974515941664696,
        0.9974515941664696,
        0.9974515941664696,
        0.9974515941664696,
        0.9974515941664696,
        0.9974515941664696,
        0.9974515941664696,
        0.9974515941664696,
        0.9974515941664696,
        0.9974515941664696,
        0.9974515941664696,
        0.9974515941664696,
        0.9974515941664696,
        0.9974515941664696,
        0.9974515941664696,
        0.9974515941664696,
        0.9974515941664696,
        0.9974515941664696,
        0.9974515941664696,
        0.9974515941664696,
        0.9974515941664696,
        0.9974515941664696,
        0.9974515941664696,
        0.9974515941664696,
        0.9974515941664696,
        0.9974515941664696,
        0.9974515941664696,
        0.9974515941664696,
        0.9974515941664696,
        0.9974515941664696,
        0.9974515941664696,
        0.9974515941664696,
        0.9974515941664696,
        0.9974515941664696,
        0.9974515941664696,
        0.9974515941664696,
        0.9974515941664696,
        0.9974515941664696,
        0.9974515941664696,
        0.9974515941664696,
        0.9974515941664696,
        0.9974515941664696,
        0.9974515941664696,
        0.9974515941664696,
        0.9974515941664696,
        0.9974515941664696,
        0.9974515941664696,
        0.9974515941664696,
        0.9974515941664696,
        0.9974515941664696,
        0.9974515941664696,
        0.9974515941664696,
        0.9974515941664696,
        0.9974515941664696,
        0.9974515941664696,
        0.9974515941664696,
        0.9974515941664696,
        0.9974515941664696,
        0.9974515941664696,
        0.9974515941664696,
        0.9974515941664696,
        0.9974515941664696,
        0.9974515941664696,
        0.9974515941664696,
        0.9974515941664696,
        0.9974515941664696,
        0.9974515941664696,
        0.9974515941664696,
        0.9974515941664696,
        0.9974515941664696,
        0.9974515941664696,
        0.9974515941664696,
        0.9974515941664696,
        0.9974515941664696,
        0.9974515941664696,
        0.9974515941664696,
        0.9974515941664696,
        0.9974515941664696,
        0.9974515941664696,
        0.9974515941664696,
        0.9974515941664696,
        0.9974515941664696,
        0.9974515941664696
    ],