{
    "dimensions": [
        0,
        0,
        0,
        0,
        0,
        0,
        0,
        0,
        0,
        0,
        0,
        0,
        0,
        0,
        0,
        0,
        0,
        0,
        0,
        0,
        0,
        0,
        0,
        0,
        0,
        0,
        0,
        0,
        0,
        0,
        0,
        0,
        0,
        0,
        0,
        0,
        0,
        0,
        0,
        0,
        0,
        0,
        0,
        0,
        0,
        0,
        0,
        0,
        0,
        0,
        0,
        0,
        0,
        0,
        0,
        0,
        0,
        0,
        0,
        0,
        0,
        0,
        0,
        0,
        0,
        0,
        0,
        0,
        0,
        0,
        0,
        0,
        0,
        0,
        0,
        0,
        0,
        0,
        0,
        0,
        0,
        0,
        0,
        0,
        0,
        0,
        0,
        0,
        0,
        0,
        0,
        0,
        0,
        0,
        0,
        0,
        0,
        0,
        0,
        0,
        0,
        0,
        0,
        0,
        0,
        0,
        0,
        0,
        0,
        0,
        0,
        0,
        0,
        0,
        0,
        0,
        0,
        0,
        0,
        0,
        0,
        0,
        0,
        0,
        0,
        0,
        0,
        0,
        0,
        0,
        0,
        0,
        0,
        0,
        0,
        0,
        0,
        0,
        0,
        0,
        0,
        0,
        0,
        0,
        0,
        0,
        0,
        0,
        0,
        0,
        0,
        0,
        0,
        0,
        0,
        0,
        0,
        0,
        0,
        0,
        0,
        0,
        0,
        0,
        0,
        0,
        0,
        0
    ],
    "creation_values": [
        0.9885751291186907,
        0.9885751291186907,
        0.9885751291186907,
        0.9885751291186907,
        0.9885751291186907,
        0.9885751291186907,
        0.9885751291186907,
        0.9885751291186907,
        0.9885751291186907,
        0.9885751291186907,
        0.9885751291186907,
        0.9885751291186907,
        0.9885751291186907,
        0.9885751291186907,
        0.9885751291186907,
        0.9885751291186907,
        0.9885751291186907,
        0.9885751291186907,
        0.9885751291186907,
        0.9885751291186907,
        0.9885751291186907,
        0.9885751291186907,
        0.9885751291186907,
        0.9885751291186907,
        0.9885751291186907,
        0.9885751291186907,
        0.9885751291186907,
        0.9885751291186907,
        0.9885751291186907,
        0.9885751291186907,
        0.9885751291186907,
        0.9885751291186907,
        0.9885751291186907,
        0.9885751291186907,
        0.9885751291186907,
        0.9885751291186907,
        0.9885751291186907,
        0.9885751291186907,
        0.9885751291186907,
        0.9885751291186907,
        0.9885751291186907,
        0.9885751291186907,
        0.9885751291186907,
        0.9885751291186907,
        0.9885751291186907,
        0.9885751291186907,
        0.9885751291186907,
        0.9885751291186907,
        0.9885751291186907,
        0.9885751291186907,
        0.9885751291186907,
        0.9885751291186907,
        0.9885751291186907,
        0.9885751291186907,
        0.9885751291186907,
        0.9885751291186907,
        0.9885751291186907,
        0.9885751291186907,
        0.9885751291186907,
        0.9885751291186907,
        0.9885751291186907,
        0.9885751291186907,
        0.9885751291186907,
        0.9885751291186907,
        0.9885751291186907,
        0.9885751291186907,
        0.9885751291186907,
        0.9885751291186907,
        0.9885751291186907,
        0.9885751291186907,
        0.9885751291186907,
        0.9885751291186907,
        0.9885751291186907,
        0.9885751291186907,
        0.9885751291186907,
        0.9885751291186907,
        0.9885751291186907,
        0.9885751291186907,
        0.9885751291186907,
        0.9885751291186907,
        0.9885751291186907,
        0.9885751291186907,
        0.9885751291186907,
        0.9885751291186907,
        0.9885751291186907,
        0.9885751291186907,
        0.9885751291186907,
        0.9885751291186907,
        0.9885751291186907,
        0.9885751291186907,
        0.9885751291186907,
        0.9885751291186907,
        0.9885751291186907,
        0.9885751291186907,
        0.9885751291186907,
        0.9885751291186907,
        0.9885751291186907,
        0.9885751291186907,
        0.9885751291186907,
        0.9885751291186907,
        0.9885751291186907,
        0.9885751291186907,
        0.9885751291186907,
        0.9885751291186907,
        0.9885751291186907,
        0.9885751291186907,
        0.9885751291186907,
        0.9885751291186907,
        0.9885751291186907,
        0.9885751291186907,
        0.9885751291186907,
        0.9885751291186907,
        0.9885751291186907,
        0.9885751291186907,
        0.9885751291186907,
        0.9885751291186907,
        0.9885751291186907,
        0.9885751291186907,
        0.9885751291186907,
        0.9885751291186907,
        0.9885751291186907,
        0.9885751291186907,
        0.9885751291186907,
        0.9885751291186907,
        0.9885751291186907,
        0.9885751291186907,
        0.9885751291186907,
        0.9885751291186907,
        0.9885751291186907,
        0.9885751291186907,
        0.9885751291186907,
        0.9885751291186907,
        0.9885751291186907,
        0.9885751291186907,
        0.9885751291186907,
        0.9885751291186907,
        0.9885751291186907,
        0.9885751291186907,
        0.9885751291186907,
        0.9885751291186907,
        0.9885751291186907,
        0.9885751291186907,
        0.9885751291186907,
        0.9885751291186907,
        0.9885751291186907,
        0.9885751291186907,
        0.9885751291186907,
        0.9885751291186907,
        0.9885751291186907,
        0.9885751291186907,
        0.9885751291186907,
        0.9885751291186907,
        0.9885751291186907,
        0.9885751291186907,
        0.9885751291186907,
        0.9885751291186907,
        0.9885751291186907,
        0.9885751291186907,
        0.9885751291186907,
        0.9885751291186907,
        0.9885751291186907,
        0.9885751291186907,
        0.9885751291186907,
        0.9885751291186907,
        0.9885751291186907,
        0.9885751291186907,
        0.9885751291186907,
        0.9885751291186907
    ],