{
    "dimensions": [
        0,
        0,
        0,
        0,
        0,
        0,
        0,
        0,
        0,
        0,
        0,
        0,
        0,
        0,
        0,
        0,
        0,
        0,
        0,
        0,
        0,
        0,
        0,
        0,
        0,
        0,
        0,
        0,
        0,
        0,
        0,
        0,
        0,
        0,
        0,
        0,
        0,
        0,
        0,
        0,
        0,
        0,
        0,
        0,
        0,
        0,
        0,
        0,
        0,
        0,
        0,
        0,
        0,
        0,
        0,
        0,
        0,
        0,
        0,
        0,
        0,
        0,
        0,
        0,
        0,
        0,
        0,
        0,
        0,
        0,
        0,
        0,
        0,
        0,
        0,
        0,
        0,
        0,
        0,
        0,
        0,
        0,
        0,
        0,
        0,
        0,
        0,
        0,
        0,
        0,
        0,
        0,
        0,
        0,
        0,
        0,
        0,
        0,
        0,
        0,
        0,
        0,
        0,
        0,
        0,
        0,
        0,
        0,
        0,
        0,
        0,
        0,
        0,
        0,
        0,
        0,
        0,
        0,
        0,
        0,
        0,
        0,
        0,
        0,
        0,
        0,
        0,
        0,
        0,
        0,
        0,
        0,
        0,
        0,
        0,
        0,
        0,
        0,
        0,
        0,
        0,
        0,
        0,
        0,
        0,
        0,
        0,
        0,
        0,
        0,
        0,
        0,
        0,
        0,
        0,
        0,
        0,
        0,
        0,
        0,
        0,
        0,
        0,
        0,
        0,
        0,
        0,
        0
    ],
    "creation_values": [
        0.9504313754578393,
        0.9504313754578393,
        0.9504313754578393,
        0.9504313754578393,
        0.9504313754578393,
        0.9504313754578393,
        0.9504313754578393,
        0.9504313754578393,
        0.9504313754578393,
        0.9504313754578393,
        0.9504313754578393,
        0.9504313754578393,
        0.9504313754578393,
        0.9504313754578393,
        0.9504313754578393,
        0.9504313754578393,
        0.9504313754578393,
        0.9504313754578393,
        0.9504313754578393,
        0.9504313754578393,
        0.9504313754578393,
        0.9504313754578393,
        0.9504313754578393,
        0.9504313754578393,
        0.9504313754578393,
        0.9504313754578393,
        0.9504313754578393,
        0.9504313754578393,
        0.9504313754578393,
        0.9504313754578393,
        0.9504313754578393,
        0.9504313754578393,
        0.9504313754578393,
        0.9504313754578393,
        0.9504313754578393,
        0.9504313754578393,
        0.9504313754578393,
        0.9504313754578393,
        0.9504313754578393,
        0.9504313754578393,
        0.9504313754578393,
        0.9504313754578393,
        0.9504313754578393,
        0.9504313754578393,
        0.9504313754578393,
        0.9504313754578393,
        0.9504313754578393,
        0.9504313754578393,
        0.9504313754578393,
        0.9504313754578393,
        0.9504313754578393,
        0.9504313754578393,
        0.9504313754578393,
        0.9504313754578393,
        0.9504313754578393,
        0.9504313754578393,
        0.9504313754578393,
        0.9504313754578393,
        0.9504313754578393,
        0.9504313754578393,
        0.9504313754578393,
        0.9504313754578393,
        0.9504313754578393,
        0.9504313754578393,
        0.9504313754578393,
        0.9504313754578393,
        0.9504313754578393,
        0.9504313754578393,
        0.9504313754578393,
        0.9504313754578393,
        0.9504313754578393,
        0.9504313754578393,
        0.9504313754578393,
        0.9504313754578393,
        0.9504313754578393,
        0.9504313754578393,
        0.9504313754578393,
        0.9504313754578393,
        0.9504313754578393,
        0.9504313754578393,
        0.9504313754578393,
        0.9504313754578393,
        0.9504313754578393,
        0.9504313754578393,
        0.9504313754578393,
        0.9504313754578393,
        0.9504313754578393,
        0.9504313754578393,
        0.9504313754578393,
        0.9504313754578393,
        0.9504313754578393,
        0.9504313754578393,
        0.9504313754578393,
        0.9504313754578393,
        0.9504313754578393,
        0.9504313754578393,
        0.9504313754578393,
        0.9504313754578393,
        0.9504313754578393,
        0.9504313754578393,
        0.9504313754578393,
        0.9504313754578393,
        0.9504313754578393,
        0.9504313754578393,
        0.9504313754578393,
        0.9504313754578393,
        0.9504313754578393,
        0.9504313754578393,
        0.9504313754578393,
        0.9504313754578393,
        0.9504313754578393,
        0.9504313754578393,
        0.9504313754578393,
        0.9504313754578393,
        0.9504313754578393,
        0.9504313754578393,
        0.9504313754578393,
        0.9504313754578393,
        0.9504313754578393,
        0.9504313754578393,
        0.9504313754578393,
        0.9504313754578393,
        0.9504313754578393,
        0.9504313754578393,
        0.9504313754578393,
        0.9504313754578393,
        0.9504313754578393,
        0.9504313754578393,
        0.9504313754578393,
        0.9504313754578393,
        0.9504313754578393,
        0.9504313754578393,
        0.9504313754578393,
        0.9504313754578393,
        0.9504313754578393,
        0.9504313754578393,
        0.9504313754578393,
        0.9504313754578393,
        0.9504313754578393,
        0.9504313754578393,
        0.9504313754578393,
        0.9504313754578393,
        0.9504313754578393,
        0.9504313754578393,
        0.9504313754578393,
        0.9504313754578393,
        0.9504313754578393,
        0.9504313754578393,
        0.9504313754578393,
        0.9504313754578393,
        0.9504313754578393,
        0.9504313754578393,
        0.9504313754578393,
        0.9504313754578393,
        0.9504313754578393,
        0.9504313754578393,
        0.9504313754578393,
        0.9504313754578393,
        0.9504313754578393,
        0.9504313754578393,
        0.9504313754578393,
        0.9504313754578393,
        0.9504313754578393,
        0.9504313754578393,
        0.9504313754578393,
        0.9504313754578393,
        0.9504313754578393,
        0.9504313754578393
    ],