{
    "dimensions": [
        0,
        0,
        0,
        0,
        0,
        0,
        0,
        0,
        0,
        0,
        0,
        0,
        0,
        0,
        0,
        0,
        0,
        0,
        0,
        0,
        0,
        0,
        0,
        0,
        0,
        0,
        0,
        0,
        0,
        0,
        0,
        0,
        0,
        0,
        0,
        0,
        0,
        0,
        0,
        0,
        0,
        0,
        0,
        0,
        0,
        0,
        0,
        0,
        0,
        0,
        0,
        0,
        0,
        0,
        0,
        0,
        0,
        0,
        0,
        0,
        0,
        0,
        0,
        0,
        0,
        0,
        0,
        0,
        0,
        0,
        0,
        0,
        0,
        0,
        0,
        0,
        0,
        0,
        0,
        0,
        0,
        0,
        0,
        0,
        0,
        0,
        0,
        0,
        0,
        0,
        0,
        0,
        0,
        0,
        0,
        0,
        0,
        0,
        0,
        0,
        0,
        0,
        0,
        0,
        0,
        0,
        0,
        0,
        0,
        0,
        0,
        0,
        0,
        0,
        0,
        0,
        0,
        0,
        0,
        0,
        0,
        0,
        0,
        0,
        0,
        0,
        0,
        0,
        0,
        0,
        0,
        0,
        0,
        0,
        0,
        0,
        0,
        0,
        0,
        0,
        0,
        0,
        0,
        0,
        0,
        0,
        0,
        0,
        0,
        0,
        0,
        0,
        0,
        0,
        0,
        0,
        0,
        0,
        0,
        0,
        0,
        0,
        0,
        0,
        0,
        0,
        0,
        0
    ],
    "creation_values": [
        0.9725802709787531,
        0.9725802709787531,
        0.9725802709787531,
        0.9725802709787531,
        0.9725802709787531,
        0.9725802709787531,
        0.9725802709787531,
        0.9725802709787531,
        0.9725802709787531,
        0.9725802709787531,
        0.9725802709787531,
        0.9725802709787531,
        0.9725802709787531,
        0.9725802709787531,
        0.9725802709787531,
        0.9725802709787531,
        0.9725802709787531,
        0.9725802709787531,
        0.9725802709787531,
        0.9725802709787531,
        0.9725802709787531,
        0.9725802709787531,
        0.9725802709787531,
        0.9725802709787531,
        0.9725802709787531,
        0.9725802709787531,
        0.9725802709787531,
        0.9725802709787531,
        0.9725802709787531,
        0.9725802709787531,
        0.9725802709787531,
        0.9725802709787531,
        0.9725802709787531,
        0.9725802709787531,
        0.9725802709787531,
        0.9725802709787531,
        0.9725802709787531,
        0.9725802709787531,
        0.9725802709787531,
        0.9725802709787531,
        0.9725802709787531,
        0.9725802709787531,
        0.9725802709787531,
        0.9725802709787531,
        0.9725802709787531,
        0.9725802709787531,
        0.9725802709787531,
        0.9725802709787531,
        0.9725802709787531,
        0.9725802709787531,
        0.9725802709787531,
        0.9725802709787531,
        0.9725802709787531,
        0.9725802709787531,
        0.9725802709787531,
        0.9725802709787531,
        0.9725802709787531,
        0.9725802709787531,
        0.9725802709787531,
        0.9725802709787531,
        0.9725802709787531,
        0.9725802709787531,
        0.9725802709787531,
        0.9725802709787531,
        0.9725802709787531,
        0.9725802709787531,
        0.9725802709787531,
        0.9725802709787531,
        0.9725802709787531,
        0.9725802709787531,
        0.9725802709787531,
        0.9725802709787531,
        0.9725802709787531,
        0.9725802709787531,
        0.9725802709787531,
        0.9725802709787531,
        0.9725802709787531,
        0.9725802709787531,
        0.9725802709787531,
        0.9725802709787531,
        0.9725802709787531,
        0.9725802709787531,
        0.9725802709787531,
        0.9725802709787531,
        0.9725802709787531,
        0.9725802709787531,
        0.9725802709787531,
        0.9725802709787531,
        0.9725802709787531,
        0.9725802709787531,
        0.9725802709787531,
        0.9725802709787531,
        0.9725802709787531,
        0.9725802709787531,
        0.9725802709787531,
        0.9725802709787531,
        0.9725802709787531,
        0.9725802709787531,
        0.9725802709787531,
        0.9725802709787531,
        0.9725802709787531,
        0.9725802709787531,
        0.9725802709787531,
        0.9725802709787531,
        0.9725802709787531,
        0.9725802709787531,
        0.9725802709787531,
        0.9725802709787531,
        0.9725802709787531,
        0.9725802709787531,
        0.9725802709787531,
        0.9725802709787531,
        0.9725802709787531,
        0.9725802709787531,
        0.9725802709787531,
        0.9725802709787531,
        0.9725802709787531,
        0.9725802709787531,
        0.9725802709787531,
        0.9725802709787531,
        0.9725802709787531,
        0.9725802709787531,
        0.9725802709787531,
        0.9725802709787531,
        0.9725802709787531,
        0.9725802709787531,
        0.9725802709787531,
        0.9725802709787531,
        0.9725802709787531,
        0.9725802709787531,
        0.9725802709787531,
        0.9725802709787531,
        0.9725802709787531,
        0.9725802709787531,
        0.9725802709787531,
        0.9725802709787531,
        0.9725802709787531,
        0.9725802709787531,
        0.9725802709787531,
        0.9725802709787531,
        0.9725802709787531,
        0.9725802709787531,
        0.9725802709787531,
        0.9725802709787531,
        0.9725802709787531,
        0.9725802709787531,
        0.9725802709787531,
        0.9725802709787531,
        0.9725802709787531,
        0.9725802709787531,
        0.9725802709787531,
        0.9725802709787531,
        0.9725802709787531,
        0.9725802709787531,
        0.9725802709787531,
        0.9725802709787531,
        0.9725802709787531,
        0.9725802709787531,
        0.9725802709787531,
        0.9725802709787531,
        0.9725802709787531,
        0.9725802709787531,
        0.9725802709787531,
        0.9725802709787531,
        0.9725802709787531,
        0.9725802709787531,
        0.9725802709787531,
        0.9725802709787531
    ],