{
    "dimensions": [
        0,
        0,
        0,
        0,
        0,
        0,
        0,
        0,
        0,
        0,
        0,
        0,
        0,
        0,
        0,
        0,
        0,
        0,
        0,
        0,
        0,
        0,
        0,
        0,
        0,
        0,
        0,
        0,
        0,
        0,
        0,
        0,
        0,
        0,
        0,
        0,
        0,
        0,
        0,
        0,
        0,
        0,
        0,
        0,
        0,
        0,
        0,
        0,
        0,
        0,
        0,
        0,
        0,
        0,
        0,
        0,
        0,
        0,
        0,
        0,
        0,
        0,
        0,
        0,
        0,
        0,
        0,
        0,
        0,
        0,
        0,
        0,
        0,
        0,
        0,
        0,
        0,
        0,
        0,
        0,
        0,
        0,
        0,
        0,
        0,
        0,
        0,
        0,
        0,
        0,
        0,
        0,
        0,
        0,
        0,
        0,
        0,
        0,
        0,
        0,
        0,
        0,
        0,
        0,
        0,
        0,
        0,
        0,
        0,
        0,
        0,
        0,
        0,
        0,
        0,
        0,
        0,
        0,
        0,
        0,
        0,
        0,
        0,
        0,
        0,
        0,
        0,
        0,
        0,
        0,
        0,
        0,
        0,
        0,
        0,
        0,
        0,
        0,
        0,
        0,
        0,
        0,
        0,
        0,
        0,
        0,
        0,
        0,
        0,
        0,
        0,
        0,
        0,
        0,
        0,
        0,
        0,
        0,
        0,
        0,
        0,
        0,
        0,
        0,
        0,
        0,
        0,
        0
    ],
    "creation_values": [
        0.9833662268545561,
        0.9833662268545561,
        0.9833662268545561,
        0.9833662268545561,
        0.9833662268545561,
        0.9833662268545561,
        0.9833662268545561,
        0.9833662268545561,
        0.9833662268545561,
        0.9833662268545561,
        0.9833662268545561,
        0.9833662268545561,
        0.9833662268545561,
        0.9833662268545561,
        0.9833662268545561,
        0.9833662268545561,
        0.9833662268545561,
        0.9833662268545561,
        0.9833662268545561,
        0.9833662268545561,
        0.9833662268545561,
        0.9833662268545561,
        0.9833662268545561,
        0.9833662268545561,
        0.9833662268545561,
        0.9833662268545561,
        0.9833662268545561,
        0.9833662268545561,
        0.9833662268545561,
        0.9833662268545561,
        0.9833662268545561,
        0.9833662268545561,
        0.9833662268545561,
        0.9833662268545561,
        0.9833662268545561,
        0.9833662268545561,
        0.9833662268545561,
        0.9833662268545561,
        0.9833662268545561,
        0.9833662268545561,
        0.9833662268545561,
        0.9833662268545561,
        0.9833662268545561,
        0.9833662268545561,
        0.9833662268545561,
        0.9833662268545561,
        0.9833662268545561,
        0.9833662268545561,
        0.9833662268545561,
        0.9833662268545561,
        0.9833662268545561,
        0.9833662268545561,
        0.9833662268545561,
        0.9833662268545561,
        0.9833662268545561,
        0.9833662268545561,
        0.9833662268545561,
        0.9833662268545561,
        0.9833662268545561,
        0.9833662268545561,
        0.9833662268545561,
        0.9833662268545561,
        0.9833662268545561,
        0.9833662268545561,
        0.9833662268545561,
        0.9833662268545561,
        0.9833662268545561,
        0.9833662268545561,
        0.9833662268545561,
        0.9833662268545561,
        0.9833662268545561,
        0.9833662268545561,
        0.9833662268545561,
        0.9833662268545561,
        0.9833662268545561,
        0.9833662268545561,
        0.9833662268545561,
        0.9833662268545561,
        0.9833662268545561,
        0.9833662268545561,
        0.9833662268545561,
        0.9833662268545561,
        0.9833662268545561,
        0.9833662268545561,
        0.9833662268545561,
        0.9833662268545561,
        0.9833662268545561,
        0.9833662268545561,
        0.9833662268545561,
        0.9833662268545561,
        0.9833662268545561,
        0.9833662268545561,
        0.9833662268545561,
        0.9833662268545561,
        0.9833662268545561,
        0.9833662268545561,
        0.9833662268545561,
        0.9833662268545561,
        0.9833662268545561,
        0.9833662268545561,
        0.9833662268545561,
        0.9833662268545561,
        0.9833662268545561,
        0.9833662268545561,
        0.9833662268545561,
        0.9833662268545561,
        0.9833662268545561,
        0.9833662268545561,
        0.9833662268545561,
        0.9833662268545561,
        0.9833662268545561,
        0.9833662268545561,
        0.9833662268545561,
        0.9833662268545561,
        0.9833662268545561,
        0.9833662268545561,
        0.9833662268545561,
        0.9833662268545561,
        0.9833662268545561,
        0.9833662268545561,
        0.9833662268545561,
        0.9833662268545561,
        0.9833662268545561,
        0.9833662268545561,
        0.9833662268545561,
        0.9833662268545561,
        0.9833662268545561,
        0.9833662268545561,
        0.9833662268545561,
        0.9833662268545561,
        0.9833662268545561,
        0.9833662268545561,
        0.9833662268545561,
        0.9833662268545561,
        0.9833662268545561,
        0.9833662268545561,
        0.9833662268545561,
        0.9833662268545561,
        0.9833662268545561,
        0.9833662268545561,
        0.9833662268545561,
        0.9833662268545561,
        0.9833662268545561,
        0.9833662268545561,
        0.9833662268545561,
        0.9833662268545561,
        0.9833662268545561,
        0.9833662268545561,
        0.9833662268545561,
        0.9833662268545561,
        0.9833662268545561,
        0.9833662268545561,
        0.9833662268545561,
        0.9833662268545561,
        0.9833662268545561,
        0.9833662268545561,
        0.9833662268545561,
        0.9833662268545561,
        0.9833662268545561,
        0.9833662268545561,
        0.9833662268545561,
        0.9833662268545561,
        0.9833662268545561,
        0.9833662268545561,
        0.9833662268545561,
        0.9833662268545561,
        0.9833662268545561,
        0.9833662268545561
    ],