{
    "dimensions": [
        0,
        0,
        0,
        0,
        0,
        0,
        0,
        0,
        0,
        0,
        0,
        0,
        0,
        0,
        0,
        0,
        0,
        0,
        0,
        0,
        0,
        0,
        0,
        0,
        0,
        0,
        0,
        0,
        0,
        0,
        0,
        0,
        0,
        0,
        0,
        0,
        0,
        0,
        0,
        0,
        0,
        0,
        0,
        0,
        0,
        0,
        0,
        0,
        0,
        0,
        0,
        0,
        0,
        0,
        0,
        0,
        0,
        0,
        0,
        0,
        0,
        0,
        0,
        0,
        0,
        0,
        0,
        0,
        0,
        0,
        0,
        0,
        0,
        0,
        0,
        0,
        0,
        0,
        0,
        0,
        0,
        0,
        0,
        0,
        0,
        0,
        0,
        0,
        0,
        0,
        0,
        0,
        0,
        0,
        0,
        0,
        0,
        0,
        0,
        0,
        0,
        0,
        0,
        0,
        0,
        0,
        0,
        0,
        0,
        0,
        0,
        0,
        0,
        0,
        0,
        0,
        0,
        0,
        0,
        0,
        0,
        0,
        0,
        0,
        0,
        0,
        0,
        0,
        0,
        0,
        0,
        0,
        0,
        0,
        0,
        0,
        0,
        0,
        0,
        0,
        0,
        0,
        0,
        0,
        0,
        0,
        0,
        0,
        0,
        0,
        0,
        0,
        0,
        0,
        0,
        0,
        0,
        0,
        0,
        0,
        0,
        0,
        0,
        0,
        0,
        0,
        0,
        0
    ],
    "creation_values": [
        0.992296276156542,
        0.992296276156542,
        0.992296276156542,
        0.992296276156542,
        0.992296276156542,
        0.992296276156542,
        0.992296276156542,
        0.992296276156542,
        0.992296276156542,
        0.992296276156542,
        0.992296276156542,
        0.992296276156542,
        0.992296276156542,
        0.992296276156542,
        0.992296276156542,
        0.992296276156542,
        0.992296276156542,
        0.992296276156542,
        0.992296276156542,
        0.992296276156542,
        0.992296276156542,
        0.992296276156542,
        0.992296276156542,
        0.992296276156542,
        0.992296276156542,
        0.992296276156542,
        0.992296276156542,
        0.992296276156542,
        0.992296276156542,
        0.992296276156542,
        0.992296276156542,
        0.992296276156542,
        0.992296276156542,
        0.992296276156542,
        0.992296276156542,
        0.992296276156542,
        0.992296276156542,
        0.992296276156542,
        0.992296276156542,
        0.992296276156542,
        0.992296276156542,
        0.992296276156542,
        0.992296276156542,
        0.992296276156542,
        0.992296276156542,
        0.992296276156542,
        0.992296276156542,
        0.992296276156542,
        0.992296276156542,
        0.992296276156542,
        0.992296276156542,
        0.992296276156542,
        0.992296276156542,
        0.992296276156542,
        0.992296276156542,
        0.992296276156542,
        0.992296276156542,
        0.992296276156542,
        0.992296276156542,
        0.992296276156542,
        0.992296276156542,
        0.992296276156542,
        0.992296276156542,
        0.992296276156542,
        0.992296276156542,
        0.992296276156542,
        0.992296276156542,
        0.992296276156542,
        0.992296276156542,
        0.992296276156542,
        0.992296276156542,
        0.992296276156542,
        0.992296276156542,
        0.992296276156542,
        0.992296276156542,
        0.992296276156542,
        0.992296276156542,
        0.992296276156542,
        0.992296276156542,
        0.992296276156542,
        0.992296276156542,
        0.992296276156542,
        0.992296276156542,
        0.992296276156542,
        0.992296276156542,
        0.992296276156542,
        0.992296276156542,
        0.992296276156542,
        0.992296276156542,
        0.992296276156542,
        0.992296276156542,
        0.992296276156542,
        0.992296276156542,
        0.992296276156542,
        0.992296276156542,
        0.992296276156542,
        0.992296276156542,
        0.992296276156542,
        0.992296276156542,
        0.992296276156542,
        0.992296276156542,
        0.992296276156542,
        0.992296276156542,
        0.992296276156542,
        0.992296276156542,
        0.992296276156542,
        0.992296276156542,
        0.992296276156542,
        0.992296276156542,
        0.992296276156542,
        0.992296276156542,
        0.992296276156542,
        0.992296276156542,
        0.992296276156542,
        0.992296276156542,
        0.992296276156542,
        0.992296276156542,
        0.992296276156542,
        0.992296276156542,
        0.992296276156542,
        0.992296276156542,
        0.992296276156542,
        0.992296276156542,
        0.992296276156542,
        0.992296276156542,
        0.992296276156542,
        0.992296276156542,
        0.992296276156542,
        0.992296276156542,
        0.992296276156542,
        0.992296276156542,
        0.992296276156542,
        0.992296276156542,
        0.992296276156542,
        0.992296276156542,
        0.992296276156542,
        0.992296276156542,
        0.992296276156542,
        0.992296276156542,
        0.992296276156542,
        0.992296276156542,
        0.992296276156542,
        0.992296276156542,
        0.992296276156542,
        0.992296276156542,
        0.992296276156542,
        0.992296276156542,
        0.992296276156542,
        0.992296276156542,
        0.992296276156542,
        0.992296276156542,
        0.992296276156542,
        0.992296276156542,
        0.992296276156542,
        0.992296276156542,
        0.992296276156542,
        0.992296276156542,
        0.992296276156542,
        0.992296276156542,
        0.992296276156542,
        0.992296276156542,
        0.992296276156542,
        0.992296276156542,
        0.992296276156542,
        0.992296276156542,
        0.992296276156542,
        0.992296276156542,
        0.992296276156542
    ],