{
    "dimensions": [
        0,
        0,
        0,
        0,
        0,
        0,
        0,
        0,
        0,
        0,
        0,
        0,
        0,
        0,
        0,
        0,
        0,
        0,
        0,
        0,
        0,
        0,
        0,
        0,
        0,
        0,
        0,
        0,
        0,
        0,
        0,
        0,
        0,
        0,
        0,
        0,
        0,
        0,
        0,
        0,
        0,
        0,
        0,
        0,
        0,
        0,
        0,
        0,
        0,
        0,
        0,
        0,
        0,
        0,
        0,
        0,
        0,
        0,
        0,
        0,
        0,
        0,
        0,
        0,
        0,
        0,
        0,
        0,
        0,
        0,
        0,
        0,
        0,
        0,
        0,
        0,
        0,
        0,
        0,
        0,
        0,
        0,
        0,
        0,
        0,
        0,
        0,
        0,
        0,
        0,
        0,
        0,
        0,
        0,
        0,
        0,
        0,
        0,
        0,
        0,
        0,
        0,
        0,
        0,
        0,
        0,
        0,
        0,
        0,
        0,
        0,
        0,
        0,
        0,
        0,
        0,
        0,
        0,
        0,
        0,
        0,
        0,
        0,
        0,
        0,
        0,
        0,
        0,
        0,
        0,
        0,
        0,
        0,
        0,
        0,
        0,
        0,
        0,
        0,
        0,
        0,
        0,
        0,
        0,
        0,
        0,
        0,
        0,
        0,
        0,
        0,
        0,
        0,
        0,
        0,
        0,
        0,
        0,
        0,
        0,
        0,
        0,
        0,
        0,
        0,
        0,
        0,
        0
    ],
    "creation_values": [
        0.9935287280333658,
        0.9935287280333658,
        0.9935287280333658,
        0.9935287280333658,
        0.9935287280333658,
        0.9935287280333658,
        0.9935287280333658,
        0.9935287280333658,
        0.9935287280333658,
        0.9935287280333658,
        0.9935287280333658,
        0.9935287280333658,
        0.9935287280333658,
        0.9935287280333658,
        0.9935287280333658,
        0.9935287280333658,
        0.9935287280333658,
        0.9935287280333658,
        0.9935287280333658,
        0.9935287280333658,
        0.9935287280333658,
        0.9935287280333658,
        0.9935287280333658,
        0.9935287280333658,
        0.9935287280333658,
        0.9935287280333658,
        0.9935287280333658,
        0.9935287280333658,
        0.9935287280333658,
        0.9935287280333658,
        0.9935287280333658,
        0.9935287280333658,
        0.9935287280333658,
        0.9935287280333658,
        0.9935287280333658,
        0.9935287280333658,
        0.9935287280333658,
        0.9935287280333658,
        0.9935287280333658,
        0.9935287280333658,
        0.9935287280333658,
        0.9935287280333658,
        0.9935287280333658,
        0.9935287280333658,
        0.9935287280333658,
        0.9935287280333658,
        0.9935287280333658,
        0.9935287280333658,
        0.9935287280333658,
        0.9935287280333658,
        0.9935287280333658,
        0.9935287280333658,
        0.9935287280333658,
        0.9935287280333658,
        0.9935287280333658,
        0.9935287280333658,
        0.9935287280333658,
        0.9935287280333658,
        0.9935287280333658,
        0.9935287280333658,
        0.9935287280333658,
        0.9935287280333658,
        0.9935287280333658,
        0.9935287280333658,
        0.9935287280333658,
        0.9935287280333658,
        0.9935287280333658,
        0.9935287280333658,
        0.9935287280333658,
        0.9935287280333658,
        0.9935287280333658,
        0.9935287280333658,
        0.9935287280333658,
        0.9935287280333658,
        0.9935287280333658,
        0.9935287280333658,
        0.9935287280333658,
        0.9935287280333658,
        0.9935287280333658,
        0.9935287280333658,
        0.9935287280333658,
        0.9935287280333658,
        0.9935287280333658,
        0.9935287280333658,
        0.9935287280333658,
        0.9935287280333658,
        0.9935287280333658,
        0.9935287280333658,
        0.9935287280333658,
        0.9935287280333658,
        0.9935287280333658,
        0.9935287280333658,
        0.9935287280333658,
        0.9935287280333658,
        0.9935287280333658,
        0.9935287280333658,
        0.9935287280333658,
        0.9935287280333658,
        0.9935287280333658,
        0.9935287280333658,
        0.9935287280333658,
        0.9935287280333658,
        0.9935287280333658,
        0.9935287280333658,
        0.9935287280333658,
        0.9935287280333658,
        0.9935287280333658,
        0.9935287280333658,
        0.9935287280333658,
        0.9935287280333658,
        0.9935287280333658,
        0.9935287280333658,
        0.9935287280333658,
        0.9935287280333658,
        0.9935287280333658,
        0.9935287280333658,
        0.9935287280333658,
        0.9935287280333658,
        0.9935287280333658,
        0.9935287280333658,
        0.9935287280333658,
        0.9935287280333658,
        0.9935287280333658,
        0.9935287280333658,
        0.9935287280333658,
        0.9935287280333658,
        0.9935287280333658,
        0.9935287280333658,
        0.9935287280333658,
        0.9935287280333658,
        0.9935287280333658,
        0.9935287280333658,
        0.9935287280333658,
        0.9935287280333658,
        0.9935287280333658,
        0.9935287280333658,
        0.9935287280333658,
        0.9935287280333658,
        0.9935287280333658,
        0.9935287280333658,
        0.9935287280333658,
        0.9935287280333658,
        0.9935287280333658,
        0.9935287280333658,
        0.9935287280333658,
        0.9935287280333658,
        0.9935287280333658,
        0.9935287280333658,
        0.9935287280333658,
        0.9935287280333658,
        0.9935287280333658,
        0.9935287280333658,
        0.9935287280333658,
        0.9935287280333658,
        0.9935287280333658,
        0.9935287280333658,
        0.9935287280333658,
        0.9935287280333658,
        0.9935287280333658,
        0.9935287280333658,
        0.9935287280333658,
        0.9935287280333658,
        0.9935287280333658,
        0.9935287280333658,
        0.9935287280333658,
        0.9935287280333658,
        0.9935287280333658,
        0.9935287280333658
    ],