{
    "dimensions": [
        0,
        0,
        0,
        0,
        0,
        0,
        0,
        0,
        0,
        0,
        0,
        0,
        0,
        0,
        0,
        0,
        0,
        0,
        0,
        0,
        0,
        0,
        0,
        0,
        0,
        0,
        0,
        0,
        0,
        0,
        0,
        0,
        0,
        0,
        0,
        0,
        0,
        0,
        0,
        0,
        0,
        0,
        0,
        0,
        0,
        0,
        0,
        0,
        0,
        0,
        0,
        0,
        0,
        0,
        0,
        0,
        0,
        0,
        0,
        0,
        0,
        0,
        0,
        0,
        0,
        0,
        0,
        0,
        0,
        0,
        0,
        0,
        0,
        0,
        0,
        0,
        0,
        0,
        0,
        0,
        0,
        0,
        0,
        0,
        0,
        0,
        0,
        0,
        0,
        0,
        0,
        0,
        0,
        0,
        0,
        0,
        0,
        0,
        0,
        0,
        0,
        0,
        0,
        0,
        0,
        0,
        0,
        0,
        0,
        0,
        0,
        0,
        0,
        0,
        0,
        0,
        0,
        0,
        0,
        0,
        0,
        0,
        0,
        0,
        0,
        0,
        0,
        0,
        0,
        0,
        0,
        0,
        0,
        0,
        0,
        0,
        0,
        0,
        0,
        0,
        0,
        0,
        0,
        0,
        0,
        0,
        0,
        0,
        0,
        0,
        0,
        0,
        0,
        0,
        0,
        0,
        0,
        0,
        0,
        0,
        0,
        0,
        0,
        0,
        0,
        0,
        0,
        0
    ],
    "creation_values": [
        0.9883608653681742,
        0.9883608653681742,
        0.9883608653681742,
        0.9883608653681742,
        0.9883608653681742,
        0.9883608653681742,
        0.9883608653681742,
        0.9883608653681742,
        0.9883608653681742,
        0.9883608653681742,
        0.9883608653681742,
        0.9883608653681742,
        0.9883608653681742,
        0.9883608653681742,
        0.9883608653681742,
        0.9883608653681742,
        0.9883608653681742,
        0.9883608653681742,
        0.9883608653681742,
        0.9883608653681742,
        0.9883608653681742,
        0.9883608653681742,
        0.9883608653681742,
        0.9883608653681742,
        0.9883608653681742,
        0.9883608653681742,
        0.9883608653681742,
        0.9883608653681742,
        0.9883608653681742,
        0.9883608653681742,
        0.9883608653681742,
        0.9883608653681742,
        0.9883608653681742,
        0.9883608653681742,
        0.9883608653681742,
        0.9883608653681742,
        0.9883608653681742,
        0.9883608653681742,
        0.9883608653681742,
        0.9883608653681742,
        0.9883608653681742,
        0.9883608653681742,
        0.9883608653681742,
        0.9883608653681742,
        0.9883608653681742,
        0.9883608653681742,
        0.9883608653681742,
        0.9883608653681742,
        0.9883608653681742,
        0.9883608653681742,
        0.9883608653681742,
        0.9883608653681742,
        0.9883608653681742,
        0.9883608653681742,
        0.9883608653681742,
        0.9883608653681742,
        0.9883608653681742,
        0.9883608653681742,
        0.9883608653681742,
        0.9883608653681742,
        0.9883608653681742,
        0.9883608653681742,
        0.9883608653681742,
        0.9883608653681742,
        0.9883608653681742,
        0.9883608653681742,
        0.9883608653681742,
        0.9883608653681742,
        0.9883608653681742,
        0.9883608653681742,
        0.9883608653681742,
        0.9883608653681742,
        0.9883608653681742,
        0.9883608653681742,
        0.9883608653681742,
        0.9883608653681742,
        0.9883608653681742,
        0.9883608653681742,
        0.9883608653681742,
        0.9883608653681742,
        0.9883608653681742,
        0.9883608653681742,
        0.9883608653681742,
        0.9883608653681742,
        0.9883608653681742,
        0.9883608653681742,
        0.9883608653681742,
        0.9883608653681742,
        0.9883608653681742,
        0.9883608653681742,
        0.9883608653681742,
        0.9883608653681742,
        0.9883608653681742,
        0.9883608653681742,
        0.9883608653681742,
        0.9883608653681742,
        0.9883608653681742,
        0.9883608653681742,
        0.9883608653681742,
        0.9883608653681742,
        0.9883608653681742,
        0.9883608653681742,
        0.9883608653681742,
        0.9883608653681742,
        0.9883608653681742,
        0.9883608653681742,
        0.9883608653681742,
        0.9883608653681742,
        0.9883608653681742,
        0.9883608653681742,
        0.9883608653681742,
        0.9883608653681742,
        0.9883608653681742,
        0.9883608653681742,
        0.9883608653681742,
        0.9883608653681742,
        0.9883608653681742,
        0.9883608653681742,
        0.9883608653681742,
        0.9883608653681742,
        0.9883608653681742,
        0.9883608653681742,
        0.9883608653681742,
        0.9883608653681742,
        0.9883608653681742,
        0.9883608653681742,
        0.9883608653681742,
        0.9883608653681742,
        0.9883608653681742,
        0.9883608653681742,
        0.9883608653681742,
        0.9883608653681742,
        0.9883608653681742,
        0.9883608653681742,
        0.9883608653681742,
        0.9883608653681742,
        0.9883608653681742,
        0.9883608653681742,
        0.9883608653681742,
        0.9883608653681742,
        0.9883608653681742,
        0.9883608653681742,
        0.9883608653681742,
        0.9883608653681742,
        0.9883608653681742,
        0.9883608653681742,
        0.9883608653681742,
        0.9883608653681742,
        0.9883608653681742,
        0.9883608653681742,
        0.9883608653681742,
        0.9883608653681742,
        0.9883608653681742,
        0.9883608653681742,
        0.9883608653681742,
        0.9883608653681742,
        0.9883608653681742,
        0.9883608653681742,
        0.9883608653681742,
        0.9883608653681742,
        0.9883608653681742,
        0.9883608653681742,
        0.9883608653681742,
        0.9883608653681742,
        0.9883608653681742,
        0.9883608653681742,
        0.9883608653681742,
        0.9883608653681742
    ],