{
    "dimensions": [
        0,
        0,
        0,
        0,
        0,
        0,
        0,
        0,
        0,
        0,
        0,
        0,
        0,
        0,
        0,
        0,
        0,
        0,
        0,
        0,
        0,
        0,
        0,
        0,
        0,
        0,
        0,
        0,
        0,
        0,
        0,
        0,
        0,
        0,
        0,
        0,
        0,
        0,
        0,
        0,
        0,
        0,
        0,
        0,
        0,
        0,
        0,
        0,
        0,
        0,
        0,
        0,
        0,
        0,
        0,
        0,
        0,
        0,
        0,
        0,
        0,
        0,
        0,
        0,
        0,
        0,
        0,
        0,
        0,
        0,
        0,
        0,
        0,
        0,
        0,
        0,
        0,
        0,
        0,
        0,
        0,
        0,
        0,
        0,
        0,
        0,
        0,
        0,
        0,
        0,
        0,
        0,
        0,
        0,
        0,
        0,
        0,
        0,
        0,
        0,
        0,
        0,
        0,
        0,
        0,
        0,
        0,
        0,
        0,
        0,
        0,
        0,
        0,
        0,
        0,
        0,
        0,
        0,
        0,
        0,
        0,
        0,
        0,
        0,
        0,
        0,
        0,
        0,
        0,
        0,
        0,
        0,
        0,
        0,
        0,
        0,
        0,
        0,
        0,
        0,
        0,
        0,
        0,
        0,
        0,
        0,
        0,
        0,
        0,
        0,
        0,
        0,
        0,
        0,
        0,
        0,
        0,
        0,
        0,
        0,
        0,
        0,
        0,
        0,
        0,
        0,
        0,
        0
    ],
    "creation_values": [
        0.9726181153645947,
        0.9726181153645947,
        0.9726181153645947,
        0.9726181153645947,
        0.9726181153645947,
        0.9726181153645947,
        0.9726181153645947,
        0.9726181153645947,
        0.9726181153645947,
        0.9726181153645947,
        0.9726181153645947,
        0.9726181153645947,
        0.9726181153645947,
        0.9726181153645947,
        0.9726181153645947,
        0.9726181153645947,
        0.9726181153645947,
        0.9726181153645947,
        0.9726181153645947,
        0.9726181153645947,
        0.9726181153645947,
        0.9726181153645947,
        0.9726181153645947,
        0.9726181153645947,
        0.9726181153645947,
        0.9726181153645947,
        0.9726181153645947,
        0.9726181153645947,
        0.9726181153645947,
        0.9726181153645947,
        0.9726181153645947,
        0.9726181153645947,
        0.9726181153645947,
        0.9726181153645947,
        0.9726181153645947,
        0.9726181153645947,
        0.9726181153645947,
        0.9726181153645947,
        0.9726181153645947,
        0.9726181153645947,
        0.9726181153645947,
        0.9726181153645947,
        0.9726181153645947,
        0.9726181153645947,
        0.9726181153645947,
        0.9726181153645947,
        0.9726181153645947,
        0.9726181153645947,
        0.9726181153645947,
        0.9726181153645947,
        0.9726181153645947,
        0.9726181153645947,
        0.9726181153645947,
        0.9726181153645947,
        0.9726181153645947,
        0.9726181153645947,
        0.9726181153645947,
        0.9726181153645947,
        0.9726181153645947,
        0.9726181153645947,
        0.9726181153645947,
        0.9726181153645947,
        0.9726181153645947,
        0.9726181153645947,
        0.9726181153645947,
        0.9726181153645947,
        0.9726181153645947,
        0.9726181153645947,
        0.9726181153645947,
        0.9726181153645947,
        0.9726181153645947,
        0.9726181153645947,
        0.9726181153645947,
        0.9726181153645947,
        0.9726181153645947,
        0.9726181153645947,
        0.9726181153645947,
        0.9726181153645947,
        0.9726181153645947,
        0.9726181153645947,
        0.9726181153645947,
        0.9726181153645947,
        0.9726181153645947,
        0.9726181153645947,
        0.9726181153645947,
        0.9726181153645947,
        0.9726181153645947,
        0.9726181153645947,
        0.9726181153645947,
        0.9726181153645947,
        0.9726181153645947,
        0.9726181153645947,
        0.9726181153645947,
        0.9726181153645947,
        0.9726181153645947,
        0.9726181153645947,
        0.9726181153645947,
        0.9726181153645947,
        0.9726181153645947,
        0.9726181153645947,
        0.9726181153645947,
        0.9726181153645947,
        0.9726181153645947,
        0.9726181153645947,
        0.9726181153645947,
        0.9726181153645947,
        0.9726181153645947,
        0.9726181153645947,
        0.9726181153645947,
        0.9726181153645947,
        0.9726181153645947,
        0.9726181153645947,
        0.9726181153645947,
        0.9726181153645947,
        0.9726181153645947,
        0.9726181153645947,
        0.9726181153645947,
        0.9726181153645947,
        0.9726181153645947,
        0.9726181153645947,
        0.9726181153645947,
        0.9726181153645947,
        0.9726181153645947,
        0.9726181153645947,
        0.9726181153645947,
        0.9726181153645947,
        0.9726181153645947,
        0.9726181153645947,
        0.9726181153645947,
        0.9726181153645947,
        0.9726181153645947,
        0.9726181153645947,
        0.9726181153645947,
        0.9726181153645947,
        0.9726181153645947,
        0.9726181153645947,
        0.9726181153645947,
        0.9726181153645947,
        0.9726181153645947,
        0.9726181153645947,
        0.9726181153645947,
        0.9726181153645947,
        0.9726181153645947,
        0.9726181153645947,
        0.9726181153645947,
        0.9726181153645947,
        0.9726181153645947,
        0.9726181153645947,
        0.9726181153645947,
        0.9726181153645947,
        0.9726181153645947,
        0.9726181153645947,
        0.9726181153645947,
        0.9726181153645947,
        0.9726181153645947,
        0.9726181153645947,
        0.9726181153645947,
        0.9726181153645947,
        0.9726181153645947,
        0.9726181153645947,
        0.9726181153645947,
        0.9726181153645947,
        0.9726181153645947,
        0.9726181153645947,
        0.9726181153645947,
        0.9726181153645947,
        0.9726181153645947,
        0.9726181153645947
    ],