{
    "dimensions": [
        0,
        0,
        0,
        0,
        0,
        0,
        0,
        0,
        0,
        0,
        0,
        0,
        0,
        0,
        0,
        0,
        0,
        0,
        0,
        0,
        0,
        0,
        0,
        0,
        0,
        0,
        0,
        0,
        0,
        0,
        0,
        0,
        0,
        0,
        0,
        0,
        0,
        0,
        0,
        0,
        0,
        0,
        0,
        0,
        0,
        0,
        0,
        0,
        0,
        0,
        0,
        0,
        0,
        0,
        0,
        0,
        0,
        0,
        0,
        0,
        0,
        0,
        0,
        0,
        0,
        0,
        0,
        0,
        0,
        0,
        0,
        0,
        0,
        0,
        0,
        0,
        0,
        0,
        0,
        0,
        0,
        0,
        0,
        0,
        0,
        0,
        0,
        0,
        0,
        0,
        0,
        0,
        0,
        0,
        0,
        0,
        0,
        0,
        0,
        0,
        0,
        0,
        0,
        0,
        0,
        0,
        0,
        0,
        0,
        0,
        0,
        0,
        0,
        0,
        0,
        0,
        0,
        0,
        0,
        0,
        0,
        0,
        0,
        0,
        0,
        0,
        0,
        0,
        0,
        0,
        0,
        0,
        0,
        0,
        0,
        0,
        0,
        0,
        0,
        0,
        0,
        0,
        0,
        0,
        0,
        0,
        0,
        0,
        0,
        0,
        0,
        0,
        0,
        0,
        0,
        0,
        0,
        0,
        0,
        0,
        0,
        0,
        0,
        0,
        0,
        0,
        0,
        0
    ],
    "creation_values": [
        0.995592529002518,
        0.995592529002518,
        0.995592529002518,
        0.995592529002518,
        0.995592529002518,
        0.995592529002518,
        0.995592529002518,
        0.995592529002518,
        0.995592529002518,
        0.995592529002518,
        0.995592529002518,
        0.995592529002518,
        0.995592529002518,
        0.995592529002518,
        0.995592529002518,
        0.995592529002518,
        0.995592529002518,
        0.995592529002518,
        0.995592529002518,
        0.995592529002518,
        0.995592529002518,
        0.995592529002518,
        0.995592529002518,
        0.995592529002518,
        0.995592529002518,
        0.995592529002518,
        0.995592529002518,
        0.995592529002518,
        0.995592529002518,
        0.995592529002518,
        0.995592529002518,
        0.995592529002518,
        0.995592529002518,
        0.995592529002518,
        0.995592529002518,
        0.995592529002518,
        0.995592529002518,
        0.995592529002518,
        0.995592529002518,
        0.995592529002518,
        0.995592529002518,
        0.995592529002518,
        0.995592529002518,
        0.995592529002518,
        0.995592529002518,
        0.995592529002518,
        0.995592529002518,
        0.995592529002518,
        0.995592529002518,
        0.995592529002518,
        0.995592529002518,
        0.995592529002518,
        0.995592529002518,
        0.995592529002518,
        0.995592529002518,
        0.995592529002518,
        0.995592529002518,
        0.995592529002518,
        0.995592529002518,
        0.995592529002518,
        0.995592529002518,
        0.995592529002518,
        0.995592529002518,
        0.995592529002518,
        0.995592529002518,
        0.995592529002518,
        0.995592529002518,
        0.995592529002518,
        0.995592529002518,
        0.995592529002518,
        0.995592529002518,
        0.995592529002518,
        0.995592529002518,
        0.995592529002518,
        0.995592529002518,
        0.995592529002518,
        0.995592529002518,
        0.995592529002518,
        0.995592529002518,
        0.995592529002518,
        0.995592529002518,
        0.995592529002518,
        0.995592529002518,
        0.995592529002518,
        0.995592529002518,
        0.995592529002518,
        0.995592529002518,
        0.995592529002518,
        0.995592529002518,
        0.995592529002518,
        0.995592529002518,
        0.995592529002518,
        0.995592529002518,
        0.995592529002518,
        0.995592529002518,
        0.995592529002518,
        0.995592529002518,
        0.995592529002518,
        0.995592529002518,
        0.995592529002518,
        0.995592529002518,
        0.995592529002518,
        0.995592529002518,
        0.995592529002518,
        0.995592529002518,
        0.995592529002518,
        0.995592529002518,
        0.995592529002518,
        0.995592529002518,
        0.995592529002518,
        0.995592529002518,
        0.995592529002518,
        0.995592529002518,
        0.995592529002518,
        0.995592529002518,
        0.995592529002518,
        0.995592529002518,
        0.995592529002518,
        0.995592529002518,
        0.995592529002518,
        0.995592529002518,
        0.995592529002518,
        0.995592529002518,
        0.995592529002518,
        0.995592529002518,
        0.995592529002518,
        0.995592529002518,
        0.995592529002518,
        0.995592529002518,
        0.995592529002518,
        0.995592529002518,
        0.995592529002518,
        0.995592529002518,
        0.995592529002518,
        0.995592529002518,
        0.995592529002518,
        0.995592529002518,
        0.995592529002518,
        0.995592529002518,
        0.995592529002518,
        0.995592529002518,
        0.995592529002518,
        0.995592529002518,
        0.995592529002518,
        0.995592529002518,
        0.995592529002518,
        0.995592529002518,
        0.995592529002518,
        0.995592529002518,
        0.995592529002518,
        0.995592529002518,
        0.995592529002518,
        0.995592529002518,
        0.995592529002518,
        0.995592529002518,
        0.995592529002518,
        0.995592529002518,
        0.995592529002518,
        0.995592529002518,
        0.995592529002518,
        0.995592529002518,
        0.995592529002518,
        0.995592529002518,
        0.995592529002518,
        0.995592529002518,
        0.995592529002518,
        0.995592529002518,
        0.995592529002518
    ],