{
    "dimensions": [
        0,
        0,
        0,
        0,
        0,
        0,
        0,
        0,
        0,
        0,
        0,
        0,
        0,
        0,
        0,
        0,
        0,
        0,
        0,
        0,
        0,
        0,
        0,
        0,
        0,
        0,
        0,
        0,
        0,
        0,
        0,
        0,
        0,
        0,
        0,
        0,
        0,
        0,
        0,
        0,
        0,
        0,
        0,
        0,
        0,
        0,
        0,
        0,
        0,
        0,
        0,
        0,
        0,
        0,
        0,
        0,
        0,
        0,
        0,
        0,
        0,
        0,
        0,
        0,
        0,
        0,
        0,
        0,
        0,
        0,
        0,
        0,
        0,
        0,
        0,
        0,
        0,
        0,
        0,
        0,
        0,
        0,
        0,
        0,
        0,
        0,
        0,
        0,
        0,
        0,
        0,
        0,
        0,
        0,
        0,
        0,
        0,
        0,
        0,
        0,
        0,
        0,
        0,
        0,
        0,
        0,
        0,
        0,
        0,
        0,
        0,
        0,
        0,
        0,
        0,
        0,
        0,
        0,
        0,
        0,
        0,
        0,
        0,
        0,
        0,
        0,
        0,
        0,
        0,
        0,
        0,
        0,
        0,
        0,
        0,
        0,
        0,
        0,
        0,
        0,
        0,
        0,
        0,
        0,
        0,
        0,
        0,
        0,
        0,
        0,
        0,
        0,
        0,
        0,
        0,
        0,
        0,
        0,
        0,
        0,
        0,
        0,
        0,
        0,
        0,
        0,
        0,
        0
    ],
    "creation_values": [
        0.9888677257536311,
        0.9888677257536311,
        0.9888677257536311,
        0.9888677257536311,
        0.9888677257536311,
        0.9888677257536311,
        0.9888677257536311,
        0.9888677257536311,
        0.9888677257536311,
        0.9888677257536311,
        0.9888677257536311,
        0.9888677257536311,
        0.9888677257536311,
        0.9888677257536311,
        0.9888677257536311,
        0.9888677257536311,
        0.9888677257536311,
        0.9888677257536311,
        0.9888677257536311,
        0.9888677257536311,
        0.9888677257536311,
        0.9888677257536311,
        0.9888677257536311,
        0.9888677257536311,
        0.9888677257536311,
        0.9888677257536311,
        0.9888677257536311,
        0.9888677257536311,
        0.9888677257536311,
        0.9888677257536311,
        0.9888677257536311,
        0.9888677257536311,
        0.9888677257536311,
        0.9888677257536311,
        0.9888677257536311,
        0.9888677257536311,
        0.9888677257536311,
        0.9888677257536311,
        0.9888677257536311,
        0.9888677257536311,
        0.9888677257536311,
        0.9888677257536311,
        0.9888677257536311,
        0.9888677257536311,
        0.9888677257536311,
        0.9888677257536311,
        0.9888677257536311,
        0.9888677257536311,
        0.9888677257536311,
        0.9888677257536311,
        0.9888677257536311,
        0.9888677257536311,
        0.9888677257536311,
        0.9888677257536311,
        0.9888677257536311,
        0.9888677257536311,
        0.9888677257536311,
        0.9888677257536311,
        0.9888677257536311,
        0.9888677257536311,
        0.9888677257536311,
        0.9888677257536311,
        0.9888677257536311,
        0.9888677257536311,
        0.9888677257536311,
        0.9888677257536311,
        0.9888677257536311,
        0.9888677257536311,
        0.9888677257536311,
        0.9888677257536311,
        0.9888677257536311,
        0.9888677257536311,
        0.9888677257536311,
        0.9888677257536311,
        0.9888677257536311,
        0.9888677257536311,
        0.9888677257536311,
        0.9888677257536311,
        0.9888677257536311,
        0.9888677257536311,
        0.9888677257536311,
        0.9888677257536311,
        0.9888677257536311,
        0.9888677257536311,
        0.9888677257536311,
        0.9888677257536311,
        0.9888677257536311,
        0.9888677257536311,
        0.9888677257536311,
        0.9888677257536311,
        0.9888677257536311,
        0.9888677257536311,
        0.9888677257536311,
        0.9888677257536311,
        0.9888677257536311,
        0.9888677257536311,
        0.9888677257536311,
        0.9888677257536311,
        0.9888677257536311,
        0.9888677257536311,
        0.9888677257536311,
        0.9888677257536311,
        0.9888677257536311,
        0.9888677257536311,
        0.9888677257536311,
        0.9888677257536311,
        0.9888677257536311,
        0.9888677257536311,
        0.9888677257536311,
        0.9888677257536311,
        0.9888677257536311,
        0.9888677257536311,
        0.9888677257536311,
        0.9888677257536311,
        0.9888677257536311,
        0.9888677257536311,
        0.9888677257536311,
        0.9888677257536311,
        0.9888677257536311,
        0.9888677257536311,
        0.9888677257536311,
        0.9888677257536311,
        0.9888677257536311,
        0.9888677257536311,
        0.9888677257536311,
        0.9888677257536311,
        0.9888677257536311,
        0.9888677257536311,
        0.9888677257536311,
        0.9888677257536311,
        0.9888677257536311,
        0.9888677257536311,
        0.9888677257536311,
        0.9888677257536311,
        0.9888677257536311,
        0.9888677257536311,
        0.9888677257536311,
        0.9888677257536311,
        0.9888677257536311,
        0.9888677257536311,
        0.9888677257536311,
        0.9888677257536311,
        0.9888677257536311,
        0.9888677257536311,
        0.9888677257536311,
        0.9888677257536311,
        0.9888677257536311,
        0.9888677257536311,
        0.9888677257536311,
        0.9888677257536311,
        0.9888677257536311,
        0.9888677257536311,
        0.9888677257536311,
        0.9888677257536311,
        0.9888677257536311,
        0.9888677257536311,
        0.9888677257536311,
        0.9888677257536311,
        0.9888677257536311,
        0.9888677257536311,
        0.9888677257536311,
        0.9888677257536311,
        0.9888677257536311,
        0.9888677257536311,
        0.9888677257536311,
        0.9888677257536311,
        0.9888677257536311,
        0.9888677257536311
    ],