{
    "dimensions": [
        0,
        0,
        0,
        0,
        0,
        0,
        0,
        0,
        0,
        0,
        0,
        0,
        0,
        0,
        0,
        0,
        0,
        0,
        0,
        0,
        0,
        0,
        0,
        0,
        0,
        0,
        0,
        0,
        0,
        0,
        0,
        0,
        0,
        0,
        0,
        0,
        0,
        0,
        0,
        0,
        0,
        0,
        0,
        0,
        0,
        0,
        0,
        0,
        0,
        0,
        0,
        0,
        0,
        0,
        0,
        0,
        0,
        0,
        0,
        0,
        0,
        0,
        0,
        0,
        0,
        0,
        0,
        0,
        0,
        0,
        0,
        0,
        0,
        0,
        0,
        0,
        0,
        0,
        0,
        0,
        0,
        0,
        0,
        0,
        0,
        0,
        0,
        0,
        0,
        0,
        0,
        0,
        0,
        0,
        0,
        0,
        0,
        0,
        0,
        0,
        0,
        0,
        0,
        0,
        0,
        0,
        0,
        0,
        0,
        0,
        0,
        0,
        0,
        0,
        0,
        0,
        0,
        0,
        0,
        0,
        0,
        0,
        0,
        0,
        0,
        0,
        0,
        0,
        0,
        0,
        0,
        0,
        0,
        0,
        0,
        0,
        0,
        0,
        0,
        0,
        0,
        0,
        0,
        0,
        0,
        0,
        0,
        0,
        0,
        0,
        0,
        0,
        0,
        0,
        0,
        0,
        0,
        0,
        0,
        0,
        0,
        0,
        0,
        0,
        0,
        0,
        0,
        0
    ],
    "creation_values": [
        0.9810306466348194,
        0.9810306466348194,
        0.9810306466348194,
        0.9810306466348194,
        0.9810306466348194,
        0.9810306466348194,
        0.9810306466348194,
        0.9810306466348194,
        0.9810306466348194,
        0.9810306466348194,
        0.9810306466348194,
        0.9810306466348194,
        0.9810306466348194,
        0.9810306466348194,
        0.9810306466348194,
        0.9810306466348194,
        0.9810306466348194,
        0.9810306466348194,
        0.9810306466348194,
        0.9810306466348194,
        0.9810306466348194,
        0.9810306466348194,
        0.9810306466348194,
        0.9810306466348194,
        0.9810306466348194,
        0.9810306466348194,
        0.9810306466348194,
        0.9810306466348194,
        0.9810306466348194,
        0.9810306466348194,
        0.9810306466348194,
        0.9810306466348194,
        0.9810306466348194,
        0.9810306466348194,
        0.9810306466348194,
        0.9810306466348194,
        0.9810306466348194,
        0.9810306466348194,
        0.9810306466348194,
        0.9810306466348194,
        0.9810306466348194,
        0.9810306466348194,
        0.9810306466348194,
        0.9810306466348194,
        0.9810306466348194,
        0.9810306466348194,
        0.9810306466348194,
        0.9810306466348194,
        0.9810306466348194,
        0.9810306466348194,
        0.9810306466348194,
        0.9810306466348194,
        0.9810306466348194,
        0.9810306466348194,
        0.9810306466348194,
        0.9810306466348194,
        0.9810306466348194,
        0.9810306466348194,
        0.9810306466348194,
        0.9810306466348194,
        0.9810306466348194,
        0.9810306466348194,
        0.9810306466348194,
        0.9810306466348194,
        0.9810306466348194,
        0.9810306466348194,
        0.9810306466348194,
        0.9810306466348194,
        0.9810306466348194,
        0.9810306466348194,
        0.9810306466348194,
        0.9810306466348194,
        0.9810306466348194,
        0.9810306466348194,
        0.9810306466348194,
        0.9810306466348194,
        0.9810306466348194,
        0.9810306466348194,
        0.9810306466348194,
        0.9810306466348194,
        0.9810306466348194,
        0.9810306466348194,
        0.9810306466348194,
        0.9810306466348194,
        0.9810306466348194,
        0.9810306466348194,
        0.9810306466348194,
        0.9810306466348194,
        0.9810306466348194,
        0.9810306466348194,
        0.9810306466348194,
        0.9810306466348194,
        0.9810306466348194,
        0.9810306466348194,
        0.9810306466348194,
        0.9810306466348194,
        0.9810306466348194,
        0.9810306466348194,
        0.9810306466348194,
        0.9810306466348194,
        0.9810306466348194,
        0.9810306466348194,
        0.9810306466348194,
        0.9810306466348194,
        0.9810306466348194,
        0.9810306466348194,
        0.9810306466348194,
        0.9810306466348194,
        0.9810306466348194,
        0.9810306466348194,
        0.9810306466348194,
        0.9810306466348194,
        0.9810306466348194,
        0.9810306466348194,
        0.9810306466348194,
        0.9810306466348194,
        0.9810306466348194,
        0.9810306466348194,
        0.9810306466348194,
        0.9810306466348194,
        0.9810306466348194,
        0.9810306466348194,
        0.9810306466348194,
        0.9810306466348194,
        0.9810306466348194,
        0.9810306466348194,
        0.9810306466348194,
        0.9810306466348194,
        0.9810306466348194,
        0.9810306466348194,
        0.9810306466348194,
        0.9810306466348194,
        0.9810306466348194,
        0.9810306466348194,
        0.9810306466348194,
        0.9810306466348194,
        0.9810306466348194,
        0.9810306466348194,
        0.9810306466348194,
        0.9810306466348194,
        0.9810306466348194,
        0.9810306466348194,
        0.9810306466348194,
        0.9810306466348194,
        0.9810306466348194,
        0.9810306466348194,
        0.9810306466348194,
        0.9810306466348194,
        0.9810306466348194,
        0.9810306466348194,
        0.9810306466348194,
        0.9810306466348194,
        0.9810306466348194,
        0.9810306466348194,
        0.9810306466348194,
        0.9810306466348194,
        0.9810306466348194,
        0.9810306466348194,
        0.9810306466348194,
        0.9810306466348194,
        0.9810306466348194,
        0.9810306466348194,
        0.9810306466348194,
        0.9810306466348194,
        0.9810306466348194,
        0.9810306466348194,
        0.9810306466348194,
        0.9810306466348194
    ],