{
    "dimensions": [
        0,
        0,
        0,
        0,
        0,
        0,
        0,
        0,
        0,
        0,
        0,
        0,
        0,
        0,
        0,
        0,
        0,
        0,
        0,
        0,
        0,
        0,
        0,
        0,
        0,
        0,
        0,
        0,
        0,
        0,
        0,
        0,
        0,
        0,
        0,
        0,
        0,
        0,
        0,
        0,
        0,
        0,
        0,
        0,
        0,
        0,
        0,
        0,
        0,
        0,
        0,
        0,
        0,
        0,
        0,
        0,
        0,
        0,
        0,
        0,
        0,
        0,
        0,
        0,
        0,
        0,
        0,
        0,
        0,
        0,
        0,
        0,
        0,
        0,
        0,
        0,
        0,
        0,
        0,
        0,
        0,
        0,
        0,
        0,
        0,
        0,
        0,
        0,
        0,
        0,
        0,
        0,
        0,
        0,
        0,
        0,
        0,
        0,
        0,
        0,
        0,
        0,
        0,
        0,
        0,
        0,
        0,
        0,
        0,
        0,
        0,
        0,
        0,
        0,
        0,
        0,
        0,
        0,
        0,
        0,
        0,
        0,
        0,
        0,
        0,
        0,
        0,
        0,
        0,
        0,
        0,
        0,
        0,
        0,
        0,
        0,
        0,
        0,
        0,
        0,
        0,
        0,
        0,
        0,
        0,
        0,
        0,
        0,
        0,
        0,
        0,
        0,
        0,
        0,
        0,
        0,
        0,
        0,
        0,
        0,
        0,
        0,
        0,
        0,
        0,
        0,
        0,
        0
    ],
    "creation_values": [
        0.9621277160420962,
        0.9621277160420962,
        0.9621277160420962,
        0.9621277160420962,
        0.9621277160420962,
        0.9621277160420962,
        0.9621277160420962,
        0.9621277160420962,
        0.9621277160420962,
        0.9621277160420962,
        0.9621277160420962,
        0.9621277160420962,
        0.9621277160420962,
        0.9621277160420962,
        0.9621277160420962,
        0.9621277160420962,
        0.9621277160420962,
        0.9621277160420962,
        0.9621277160420962,
        0.9621277160420962,
        0.9621277160420962,
        0.9621277160420962,
        0.9621277160420962,
        0.9621277160420962,
        0.9621277160420962,
        0.9621277160420962,
        0.9621277160420962,
        0.9621277160420962,
        0.9621277160420962,
        0.9621277160420962,
        0.9621277160420962,
        0.9621277160420962,
        0.9621277160420962,
        0.9621277160420962,
        0.9621277160420962,
        0.9621277160420962,
        0.9621277160420962,
        0.9621277160420962,
        0.9621277160420962,
        0.9621277160420962,
        0.9621277160420962,
        0.9621277160420962,
        0.9621277160420962,
        0.9621277160420962,
        0.9621277160420962,
        0.9621277160420962,
        0.9621277160420962,
        0.9621277160420962,
        0.9621277160420962,
        0.9621277160420962,
        0.9621277160420962,
        0.9621277160420962,
        0.9621277160420962,
        0.9621277160420962,
        0.9621277160420962,
        0.9621277160420962,
        0.9621277160420962,
        0.9621277160420962,
        0.9621277160420962,
        0.9621277160420962,
        0.9621277160420962,
        0.9621277160420962,
        0.9621277160420962,
        0.9621277160420962,
        0.9621277160420962,
        0.9621277160420962,
        0.9621277160420962,
        0.9621277160420962,
        0.9621277160420962,
        0.9621277160420962,
        0.9621277160420962,
        0.9621277160420962,
        0.9621277160420962,
        0.9621277160420962,
        0.9621277160420962,
        0.9621277160420962,
        0.9621277160420962,
        0.9621277160420962,
        0.9621277160420962,
        0.9621277160420962,
        0.9621277160420962,
        0.9621277160420962,
        0.9621277160420962,
        0.9621277160420962,
        0.9621277160420962,
        0.9621277160420962,
        0.9621277160420962,
        0.9621277160420962,
        0.9621277160420962,
        0.9621277160420962,
        0.9621277160420962,
        0.9621277160420962,
        0.9621277160420962,
        0.9621277160420962,
        0.9621277160420962,
        0.9621277160420962,
        0.9621277160420962,
        0.9621277160420962,
        0.9621277160420962,
        0.9621277160420962,
        0.9621277160420962,
        0.9621277160420962,
        0.9621277160420962,
        0.9621277160420962,
        0.9621277160420962,
        0.9621277160420962,
        0.9621277160420962,
        0.9621277160420962,
        0.9621277160420962,
        0.9621277160420962,
        0.9621277160420962,
        0.9621277160420962,
        0.9621277160420962,
        0.9621277160420962,
        0.9621277160420962,
        0.9621277160420962,
        0.9621277160420962,
        0.9621277160420962,
        0.9621277160420962,
        0.9621277160420962,
        0.9621277160420962,
        0.9621277160420962,
        0.9621277160420962,
        0.9621277160420962,
        0.9621277160420962,
        0.9621277160420962,
        0.9621277160420962,
        0.9621277160420962,
        0.9621277160420962,
        0.9621277160420962,
        0.9621277160420962,
        0.9621277160420962,
        0.9621277160420962,
        0.9621277160420962,
        0.9621277160420962,
        0.9621277160420962,
        0.9621277160420962,
        0.9621277160420962,
        0.9621277160420962,
        0.9621277160420962,
        0.9621277160420962,
        0.9621277160420962,
        0.9621277160420962,
        0.9621277160420962,
        0.9621277160420962,
        0.9621277160420962,
        0.9621277160420962,
        0.9621277160420962,
        0.9621277160420962,
        0.9621277160420962,
        0.9621277160420962,
        0.9621277160420962,
        0.9621277160420962,
        0.9621277160420962,
        0.9621277160420962,
        0.9621277160420962,
        0.9621277160420962,
        0.9621277160420962,
        0.9621277160420962,
        0.9621277160420962,
        0.9621277160420962,
        0.9621277160420962,
        0.9621277160420962,
        0.9621277160420962,
        0.9621277160420962,
        0.9621277160420962,
        0.9621277160420962,
        0.9621277160420962
    ],