{
    "dimensions": [
        0,
        0,
        0,
        0,
        0,
        0,
        0,
        0,
        0,
        0,
        0,
        0,
        0,
        0,
        0,
        0,
        0,
        0,
        0,
        0,
        0,
        0,
        0,
        0,
        0,
        0,
        0,
        0,
        0,
        0,
        0,
        0,
        0,
        0,
        0,
        0,
        0,
        0,
        0,
        0,
        0,
        0,
        0,
        0,
        0,
        0,
        0,
        0,
        0,
        0,
        0,
        0,
        0,
        0,
        0,
        0,
        0,
        0,
        0,
        0,
        0,
        0,
        0,
        0,
        0,
        0,
        0,
        0,
        0,
        0,
        0,
        0,
        0,
        0,
        0,
        0,
        0,
        0,
        0,
        0,
        0,
        0,
        0,
        0,
        0,
        0,
        0,
        0,
        0,
        0,
        0,
        0,
        0,
        0,
        0,
        0,
        0,
        0,
        0,
        0,
        0,
        0,
        0,
        0,
        0,
        0,
        0,
        0,
        0,
        0,
        0,
        0,
        0,
        0,
        0,
        0,
        0,
        0,
        0,
        0,
        0,
        0,
        0,
        0,
        0,
        0,
        0,
        0,
        0,
        0,
        0,
        0,
        0,
        0,
        0,
        0,
        0,
        0,
        0,
        0,
        0,
        0,
        0,
        0,
        0,
        0,
        0,
        0,
        0,
        0,
        0,
        0,
        0,
        0,
        0,
        0,
        0,
        0,
        0,
        0,
        0,
        0,
        0,
        0,
        0,
        0,
        0,
        0
    ],
    "creation_values": [
        0.9456445246487888,
        0.9456445246487888,
        0.9456445246487888,
        0.9456445246487888,
        0.9456445246487888,
        0.9456445246487888,
        0.9456445246487888,
        0.9456445246487888,
        0.9456445246487888,
        0.9456445246487888,
        0.9456445246487888,
        0.9456445246487888,
        0.9456445246487888,
        0.9456445246487888,
        0.9456445246487888,
        0.9456445246487888,
        0.9456445246487888,
        0.9456445246487888,
        0.9456445246487888,
        0.9456445246487888,
        0.9456445246487888,
        0.9456445246487888,
        0.9456445246487888,
        0.9456445246487888,
        0.9456445246487888,
        0.9456445246487888,
        0.9456445246487888,
        0.9456445246487888,
        0.9456445246487888,
        0.9456445246487888,
        0.9456445246487888,
        0.9456445246487888,
        0.9456445246487888,
        0.9456445246487888,
        0.9456445246487888,
        0.9456445246487888,
        0.9456445246487888,
        0.9456445246487888,
        0.9456445246487888,
        0.9456445246487888,
        0.9456445246487888,
        0.9456445246487888,
        0.9456445246487888,
        0.9456445246487888,
        0.9456445246487888,
        0.9456445246487888,
        0.9456445246487888,
        0.9456445246487888,
        0.9456445246487888,
        0.9456445246487888,
        0.9456445246487888,
        0.9456445246487888,
        0.9456445246487888,
        0.9456445246487888,
        0.9456445246487888,
        0.9456445246487888,
        0.9456445246487888,
        0.9456445246487888,
        0.9456445246487888,
        0.9456445246487888,
        0.9456445246487888,
        0.9456445246487888,
        0.9456445246487888,
        0.9456445246487888,
        0.9456445246487888,
        0.9456445246487888,
        0.9456445246487888,
        0.9456445246487888,
        0.9456445246487888,
        0.9456445246487888,
        0.9456445246487888,
        0.9456445246487888,
        0.9456445246487888,
        0.9456445246487888,
        0.9456445246487888,
        0.9456445246487888,
        0.9456445246487888,
        0.9456445246487888,
        0.9456445246487888,
        0.9456445246487888,
        0.9456445246487888,
        0.9456445246487888,
        0.9456445246487888,
        0.9456445246487888,
        0.9456445246487888,
        0.9456445246487888,
        0.9456445246487888,
        0.9456445246487888,
        0.9456445246487888,
        0.9456445246487888,
        0.9456445246487888,
        0.9456445246487888,
        0.9456445246487888,
        0.9456445246487888,
        0.9456445246487888,
        0.9456445246487888,
        0.9456445246487888,
        0.9456445246487888,
        0.9456445246487888,
        0.9456445246487888,
        0.9456445246487888,
        0.9456445246487888,
        0.9456445246487888,
        0.9456445246487888,
        0.9456445246487888,
        0.9456445246487888,
        0.9456445246487888,
        0.9456445246487888,
        0.9456445246487888,
        0.9456445246487888,
        0.9456445246487888,
        0.9456445246487888,
        0.9456445246487888,
        0.9456445246487888,
        0.9456445246487888,
        0.9456445246487888,
        0.9456445246487888,
        0.9456445246487888,
        0.9456445246487888,
        0.9456445246487888,
        0.9456445246487888,
        0.9456445246487888,
        0.9456445246487888,
        0.9456445246487888,
        0.9456445246487888,
        0.9456445246487888,
        0.9456445246487888,
        0.9456445246487888,
        0.9456445246487888,
        0.9456445246487888,
        0.9456445246487888,
        0.9456445246487888,
        0.9456445246487888,
        0.9456445246487888,
        0.9456445246487888,
        0.9456445246487888,
        0.9456445246487888,
        0.9456445246487888,
        0.9456445246487888,
        0.9456445246487888,
        0.9456445246487888,
        0.9456445246487888,
        0.9456445246487888,
        0.9456445246487888,
        0.9456445246487888,
        0.9456445246487888,
        0.9456445246487888,
        0.9456445246487888,
        0.9456445246487888,
        0.9456445246487888,
        0.9456445246487888,
        0.9456445246487888,
        0.9456445246487888,
        0.9456445246487888,
        0.9456445246487888,
        0.9456445246487888,
        0.9456445246487888,
        0.9456445246487888,
        0.9456445246487888,
        0.9456445246487888,
        0.9456445246487888,
        0.9456445246487888,
        0.9456445246487888,
        0.9456445246487888,
        0.9456445246487888,
        0.9456445246487888,
        0.9456445246487888,
        0.9456445246487888
    ],