{
    "dimensions": [
        0,
        0,
        0,
        0,
        0,
        0,
        0,
        0,
        0,
        0,
        0,
        0,
        0,
        0,
        0,
        0,
        0,
        0,
        0,
        0,
        0,
        0,
        0,
        0,
        0,
        0,
        0,
        0,
        0,
        0,
        0,
        0,
        0,
        0,
        0,
        0,
        0,
        0,
        0,
        0,
        0,
        0,
        0,
        0,
        0,
        0,
        0,
        0,
        0,
        0,
        0,
        0,
        0,
        0,
        0,
        0,
        0,
        0,
        0,
        0,
        0,
        0,
        0,
        0,
        0,
        0,
        0,
        0,
        0,
        0,
        0,
        0,
        0,
        0,
        0,
        0,
        0,
        0,
        0,
        0,
        0,
        0,
        0,
        0,
        0,
        0,
        0,
        0,
        0,
        0,
        0,
        0,
        0,
        0,
        0,
        0,
        0,
        0,
        0,
        0,
        0,
        0,
        0,
        0,
        0,
        0,
        0,
        0,
        0,
        0,
        0,
        0,
        0,
        0,
        0,
        0,
        0,
        0,
        0,
        0,
        0,
        0,
        0,
        0,
        0,
        0,
        0,
        0,
        0,
        0,
        0,
        0,
        0,
        0,
        0,
        0,
        0,
        0,
        0,
        0,
        0,
        0,
        0,
        0,
        0,
        0,
        0,
        0,
        0,
        0,
        0,
        0,
        0,
        0,
        0,
        0,
        0,
        0,
        0,
        0,
        0,
        0,
        0,
        0,
        0,
        0,
        0,
        0
    ],
    "creation_values": [
        0.9977585274350419,
        0.9977585274350419,
        0.9977585274350419,
        0.9977585274350419,
        0.9977585274350419,
        0.9977585274350419,
        0.9977585274350419,
        0.9977585274350419,
        0.9977585274350419,
        0.9977585274350419,
        0.9977585274350419,
        0.9977585274350419,
        0.9977585274350419,
        0.9977585274350419,
        0.9977585274350419,
        0.9977585274350419,
        0.9977585274350419,
        0.9977585274350419,
        0.9977585274350419,
        0.9977585274350419,
        0.9977585274350419,
        0.9977585274350419,
        0.9977585274350419,
        0.9977585274350419,
        0.9977585274350419,
        0.9977585274350419,
        0.9977585274350419,
        0.9977585274350419,
        0.9977585274350419,
        0.9977585274350419,
        0.9977585274350419,
        0.9977585274350419,
        0.9977585274350419,
        0.9977585274350419,
        0.9977585274350419,
        0.9977585274350419,
        0.9977585274350419,
        0.9977585274350419,
        0.9977585274350419,
        0.9977585274350419,
        0.9977585274350419,
        0.9977585274350419,
        0.9977585274350419,
        0.9977585274350419,
        0.9977585274350419,
        0.9977585274350419,
        0.9977585274350419,
        0.9977585274350419,
        0.9977585274350419,
        0.9977585274350419,
        0.9977585274350419,
        0.9977585274350419,
        0.9977585274350419,
        0.9977585274350419,
        0.9977585274350419,
        0.9977585274350419,
        0.9977585274350419,
        0.9977585274350419,
        0.9977585274350419,
        0.9977585274350419,
        0.9977585274350419,
        0.9977585274350419,
        0.9977585274350419,
        0.9977585274350419,
        0.9977585274350419,
        0.9977585274350419,
        0.9977585274350419,
        0.9977585274350419,
        0.9977585274350419,
        0.9977585274350419,
        0.9977585274350419,
        0.9977585274350419,
        0.9977585274350419,
        0.9977585274350419,
        0.9977585274350419,
        0.9977585274350419,
        0.9977585274350419,
        0.9977585274350419,
        0.9977585274350419,
        0.9977585274350419,
        0.9977585274350419,
        0.9977585274350419,
        0.9977585274350419,
        0.9977585274350419,
        0.9977585274350419,
        0.9977585274350419,
        0.9977585274350419,
        0.9977585274350419,
        0.9977585274350419,
        0.9977585274350419,
        0.9977585274350419,
        0.9977585274350419,
        0.9977585274350419,
        0.9977585274350419,
        0.9977585274350419,
        0.9977585274350419,
        0.9977585274350419,
        0.9977585274350419,
        0.9977585274350419,
        0.9977585274350419,
        0.9977585274350419,
        0.9977585274350419,
        0.9977585274350419,
        0.9977585274350419,
        0.9977585274350419,
        0.9977585274350419,
        0.9977585274350419,
        0.9977585274350419,
        0.9977585274350419,
        0.9977585274350419,
        0.9977585274350419,
        0.9977585274350419,
        0.9977585274350419,
        0.9977585274350419,
        0.9977585274350419,
        0.9977585274350419,
        0.9977585274350419,
        0.9977585274350419,
        0.9977585274350419,
        0.9977585274350419,
        0.9977585274350419,
        0.9977585274350419,
        0.9977585274350419,
        0.9977585274350419,
        0.9977585274350419,
        0.9977585274350419,
        0.9977585274350419,
        0.9977585274350419,
        0.9977585274350419,
        0.9977585274350419,
        0.9977585274350419,
        0.9977585274350419,
        0.9977585274350419,
        0.9977585274350419,
        0.9977585274350419,
        0.9977585274350419,
        0.9977585274350419,
        0.9977585274350419,
        0.9977585274350419,
        0.9977585274350419,
        0.9977585274350419,
        0.9977585274350419,
        0.9977585274350419,
        0.9977585274350419,
        0.9977585274350419,
        0.9977585274350419,
        0.9977585274350419,
        0.9977585274350419,
        0.9977585274350419,
        0.9977585274350419,
        0.9977585274350419,
        0.9977585274350419,
        0.9977585274350419,
        0.9977585274350419,
        0.9977585274350419,
        0.9977585274350419,
        0.9977585274350419,
        0.9977585274350419,
        0.9977585274350419,
        0.9977585274350419,
        0.9977585274350419,
        0.9977585274350419,
        0.9977585274350419,
        0.9977585274350419,
        0.9977585274350419,
        0.9977585274350419,
        0.9977585274350419,
        0.9977585274350419
    ],