{
    "dimensions": [
        0,
        0,
        0,
        0,
        0,
        0,
        0,
        0,
        0,
        0,
        0,
        0,
        0,
        0,
        0,
        0,
        0,
        0,
        0,
        0,
        0,
        0,
        0,
        0,
        0,
        0,
        0,
        0,
        0,
        0,
        0,
        0,
        0,
        0,
        0,
        0,
        0,
        0,
        0,
        0,
        0,
        0,
        0,
        0,
        0,
        0,
        0,
        0,
        0,
        0,
        0,
        0,
        0,
        0,
        0,
        0,
        0,
        0,
        0,
        0,
        0,
        0,
        0,
        0,
        0,
        0,
        0,
        0,
        0,
        0,
        0,
        0,
        0,
        0,
        0,
        0,
        0,
        0,
        0,
        0,
        0,
        0,
        0,
        0,
        0,
        0,
        0,
        0,
        0,
        0,
        0,
        0,
        0,
        0,
        0,
        0,
        0,
        0,
        0,
        0,
        0,
        0,
        0,
        0,
        0,
        0,
        0,
        0,
        0,
        0,
        0,
        0,
        0,
        0,
        0,
        0,
        0,
        0,
        0,
        0,
        0,
        0,
        0,
        0,
        0,
        0,
        0,
        0,
        0,
        0,
        0,
        0,
        0,
        0,
        0,
        0,
        0,
        0,
        0,
        0,
        0,
        0,
        0,
        0,
        0,
        0,
        0,
        0,
        0,
        0,
        0,
        0,
        0,
        0,
        0,
        0,
        0,
        0,
        0,
        0,
        0,
        0,
        0,
        0,
        0,
        0,
        0,
        0
    ],
    "creation_values": [
        0.9827196634678765,
        0.9827196634678765,
        0.9827196634678765,
        0.9827196634678765,
        0.9827196634678765,
        0.9827196634678765,
        0.9827196634678765,
        0.9827196634678765,
        0.9827196634678765,
        0.9827196634678765,
        0.9827196634678765,
        0.9827196634678765,
        0.9827196634678765,
        0.9827196634678765,
        0.9827196634678765,
        0.9827196634678765,
        0.9827196634678765,
        0.9827196634678765,
        0.9827196634678765,
        0.9827196634678765,
        0.9827196634678765,
        0.9827196634678765,
        0.9827196634678765,
        0.9827196634678765,
        0.9827196634678765,
        0.9827196634678765,
        0.9827196634678765,
        0.9827196634678765,
        0.9827196634678765,
        0.9827196634678765,
        0.9827196634678765,
        0.9827196634678765,
        0.9827196634678765,
        0.9827196634678765,
        0.9827196634678765,
        0.9827196634678765,
        0.9827196634678765,
        0.9827196634678765,
        0.9827196634678765,
        0.9827196634678765,
        0.9827196634678765,
        0.9827196634678765,
        0.9827196634678765,
        0.9827196634678765,
        0.9827196634678765,
        0.9827196634678765,
        0.9827196634678765,
        0.9827196634678765,
        0.9827196634678765,
        0.9827196634678765,
        0.9827196634678765,
        0.9827196634678765,
        0.9827196634678765,
        0.9827196634678765,
        0.9827196634678765,
        0.9827196634678765,
        0.9827196634678765,
        0.9827196634678765,
        0.9827196634678765,
        0.9827196634678765,
        0.9827196634678765,
        0.9827196634678765,
        0.9827196634678765,
        0.9827196634678765,
        0.9827196634678765,
        0.9827196634678765,
        0.9827196634678765,
        0.9827196634678765,
        0.9827196634678765,
        0.9827196634678765,
        0.9827196634678765,
        0.9827196634678765,
        0.9827196634678765,
        0.9827196634678765,
        0.9827196634678765,
        0.9827196634678765,
        0.9827196634678765,
        0.9827196634678765,
        0.9827196634678765,
        0.9827196634678765,
        0.9827196634678765,
        0.9827196634678765,
        0.9827196634678765,
        0.9827196634678765,
        0.9827196634678765,
        0.9827196634678765,
        0.9827196634678765,
        0.9827196634678765,
        0.9827196634678765,
        0.9827196634678765,
        0.9827196634678765,
        0.9827196634678765,
        0.9827196634678765,
        0.9827196634678765,
        0.9827196634678765,
        0.9827196634678765,
        0.9827196634678765,
        0.9827196634678765,
        0.9827196634678765,
        0.9827196634678765,
        0.9827196634678765,
        0.9827196634678765,
        0.9827196634678765,
        0.9827196634678765,
        0.9827196634678765,
        0.9827196634678765,
        0.9827196634678765,
        0.9827196634678765,
        0.9827196634678765,
        0.9827196634678765,
        0.9827196634678765,
        0.9827196634678765,
        0.9827196634678765,
        0.9827196634678765,
        0.9827196634678765,
        0.9827196634678765,
        0.9827196634678765,
        0.9827196634678765,
        0.9827196634678765,
        0.9827196634678765,
        0.9827196634678765,
        0.9827196634678765,
        0.9827196634678765,
        0.9827196634678765,
        0.9827196634678765,
        0.9827196634678765,
        0.9827196634678765,
        0.9827196634678765,
        0.9827196634678765,
        0.9827196634678765,
        0.9827196634678765,
        0.9827196634678765,
        0.9827196634678765,
        0.9827196634678765,
        0.9827196634678765,
        0.9827196634678765,
        0.9827196634678765,
        0.9827196634678765,
        0.9827196634678765,
        0.9827196634678765,
        0.9827196634678765,
        0.9827196634678765,
        0.9827196634678765,
        0.9827196634678765,
        0.9827196634678765,
        0.9827196634678765,
        0.9827196634678765,
        0.9827196634678765,
        0.9827196634678765,
        0.9827196634678765,
        0.9827196634678765,
        0.9827196634678765,
        0.9827196634678765,
        0.9827196634678765,
        0.9827196634678765,
        0.9827196634678765,
        0.9827196634678765,
        0.9827196634678765,
        0.9827196634678765,
        0.9827196634678765,
        0.9827196634678765,
        0.9827196634678765,
        0.9827196634678765,
        0.9827196634678765,
        0.9827196634678765,
        0.9827196634678765,
        0.9827196634678765,
        0.9827196634678765
    ],