{
    "dimensions": [
        0,
        0,
        0,
        0,
        0,
        0,
        0,
        0,
        0,
        0,
        0,
        0,
        0,
        0,
        0,
        0,
        0,
        0,
        0,
        0,
        0,
        0,
        0,
        0,
        0,
        0,
        0,
        0,
        0,
        0,
        0,
        0,
        0,
        0,
        0,
        0,
        0,
        0,
        0,
        0,
        0,
        0,
        0,
        0,
        0,
        0,
        0,
        0,
        0,
        0,
        0,
        0,
        0,
        0,
        0,
        0,
        0,
        0,
        0,
        0,
        0,
        0,
        0,
        0,
        0,
        0,
        0,
        0,
        0,
        0,
        0,
        0,
        0,
        0,
        0,
        0,
        0,
        0,
        0,
        0,
        0,
        0,
        0,
        0,
        0,
        0,
        0,
        0,
        0,
        0,
        0,
        0,
        0,
        0,
        0,
        0,
        0,
        0,
        0,
        0,
        0,
        0,
        0,
        0,
        0,
        0,
        0,
        0,
        0,
        0,
        0,
        0,
        0,
        0,
        0,
        0,
        0,
        0,
        0,
        0,
        0,
        0,
        0,
        0,
        0,
        0,
        0,
        0,
        0,
        0,
        0,
        0,
        0,
        0,
        0,
        0,
        0,
        0,
        0,
        0,
        0,
        0,
        0,
        0,
        0,
        0,
        0,
        0,
        0,
        0,
        0,
        0,
        0,
        0,
        0,
        0,
        0,
        0,
        0,
        0,
        0,
        0,
        0,
        0,
        0,
        0,
        0,
        0
    ],
    "creation_values": [
        0.9586748279780473,
        0.9586748279780473,
        0.9586748279780473,
        0.9586748279780473,
        0.9586748279780473,
        0.9586748279780473,
        0.9586748279780473,
        0.9586748279780473,
        0.9586748279780473,
        0.9586748279780473,
        0.9586748279780473,
        0.9586748279780473,
        0.9586748279780473,
        0.9586748279780473,
        0.9586748279780473,
        0.9586748279780473,
        0.9586748279780473,
        0.9586748279780473,
        0.9586748279780473,
        0.9586748279780473,
        0.9586748279780473,
        0.9586748279780473,
        0.9586748279780473,
        0.9586748279780473,
        0.9586748279780473,
        0.9586748279780473,
        0.9586748279780473,
        0.9586748279780473,
        0.9586748279780473,
        0.9586748279780473,
        0.9586748279780473,
        0.9586748279780473,
        0.9586748279780473,
        0.9586748279780473,
        0.9586748279780473,
        0.9586748279780473,
        0.9586748279780473,
        0.9586748279780473,
        0.9586748279780473,
        0.9586748279780473,
        0.9586748279780473,
        0.9586748279780473,
        0.9586748279780473,
        0.9586748279780473,
        0.9586748279780473,
        0.9586748279780473,
        0.9586748279780473,
        0.9586748279780473,
        0.9586748279780473,
        0.9586748279780473,
        0.9586748279780473,
        0.9586748279780473,
        0.9586748279780473,
        0.9586748279780473,
        0.9586748279780473,
        0.9586748279780473,
        0.9586748279780473,
        0.9586748279780473,
        0.9586748279780473,
        0.9586748279780473,
        0.9586748279780473,
        0.9586748279780473,
        0.9586748279780473,
        0.9586748279780473,
        0.9586748279780473,
        0.9586748279780473,
        0.9586748279780473,
        0.9586748279780473,
        0.9586748279780473,
        0.9586748279780473,
        0.9586748279780473,
        0.9586748279780473,
        0.9586748279780473,
        0.9586748279780473,
        0.9586748279780473,
        0.9586748279780473,
        0.9586748279780473,
        0.9586748279780473,
        0.9586748279780473,
        0.9586748279780473,
        0.9586748279780473,
        0.9586748279780473,
        0.9586748279780473,
        0.9586748279780473,
        0.9586748279780473,
        0.9586748279780473,
        0.9586748279780473,
        0.9586748279780473,
        0.9586748279780473,
        0.9586748279780473,
        0.9586748279780473,
        0.9586748279780473,
        0.9586748279780473,
        0.9586748279780473,
        0.9586748279780473,
        0.9586748279780473,
        0.9586748279780473,
        0.9586748279780473,
        0.9586748279780473,
        0.9586748279780473,
        0.9586748279780473,
        0.9586748279780473,
        0.9586748279780473,
        0.9586748279780473,
        0.9586748279780473,
        0.9586748279780473,
        0.9586748279780473,
        0.9586748279780473,
        0.9586748279780473,
        0.9586748279780473,
        0.9586748279780473,
        0.9586748279780473,
        0.9586748279780473,
        0.9586748279780473,
        0.9586748279780473,
        0.9586748279780473,
        0.9586748279780473,
        0.9586748279780473,
        0.9586748279780473,
        0.9586748279780473,
        0.9586748279780473,
        0.9586748279780473,
        0.9586748279780473,
        0.9586748279780473,
        0.9586748279780473,
        0.9586748279780473,
        0.9586748279780473,
        0.9586748279780473,
        0.9586748279780473,
        0.9586748279780473,
        0.9586748279780473,
        0.9586748279780473,
        0.9586748279780473,
        0.9586748279780473,
        0.9586748279780473,
        0.9586748279780473,
        0.9586748279780473,
        0.9586748279780473,
        0.9586748279780473,
        0.9586748279780473,
        0.9586748279780473,
        0.9586748279780473,
        0.9586748279780473,
        0.9586748279780473,
        0.9586748279780473,
        0.9586748279780473,
        0.9586748279780473,
        0.9586748279780473,
        0.9586748279780473,
        0.9586748279780473,
        0.9586748279780473,
        0.9586748279780473,
        0.9586748279780473,
        0.9586748279780473,
        0.9586748279780473,
        0.9586748279780473,
        0.9586748279780473,
        0.9586748279780473,
        0.9586748279780473,
        0.9586748279780473,
        0.9586748279780473,
        0.9586748279780473,
        0.9586748279780473,
        0.9586748279780473,
        0.9586748279780473,
        0.9586748279780473,
        0.9586748279780473,
        0.9586748279780473
    ],