{
    "dimensions": [
        0,
        0,
        0,
        0,
        0,
        0,
        0,
        0,
        0,
        0,
        0,
        0,
        0,
        0,
        0,
        0,
        0,
        0,
        0,
        0,
        0,
        0,
        0,
        0,
        0,
        0,
        0,
        0,
        0,
        0,
        0,
        0,
        0,
        0,
        0,
        0,
        0,
        0,
        0,
        0,
        0,
        0,
        0,
        0,
        0,
        0,
        0,
        0,
        0,
        0,
        0,
        0,
        0,
        0,
        0,
        0,
        0,
        0,
        0,
        0,
        0,
        0,
        0,
        0,
        0,
        0,
        0,
        0,
        0,
        0,
        0,
        0,
        0,
        0,
        0,
        0,
        0,
        0,
        0,
        0,
        0,
        0,
        0,
        0,
        0,
        0,
        0,
        0,
        0,
        0,
        0,
        0,
        0,
        0,
        0,
        0,
        0,
        0,
        0,
        0,
        0,
        0,
        0,
        0,
        0,
        0,
        0,
        0,
        0,
        0,
        0,
        0,
        0,
        0,
        0,
        0,
        0,
        0,
        0,
        0,
        0,
        0,
        0,
        0,
        0,
        0,
        0,
        0,
        0,
        0,
        0,
        0,
        0,
        0,
        0,
        0,
        0,
        0,
        0,
        0,
        0,
        0,
        0,
        0,
        0,
        0,
        0,
        0,
        0,
        0,
        0,
        0,
        0,
        0,
        0,
        0,
        0,
        0,
        0,
        0,
        0,
        0,
        0,
        0,
        0,
        0,
        0,
        0
    ],
    "creation_values": [
        0.9894894336232443,
        0.9894894336232443,
        0.9894894336232443,
        0.9894894336232443,
        0.9894894336232443,
        0.9894894336232443,
        0.9894894336232443,
        0.9894894336232443,
        0.9894894336232443,
        0.9894894336232443,
        0.9894894336232443,
        0.9894894336232443,
        0.9894894336232443,
        0.9894894336232443,
        0.9894894336232443,
        0.9894894336232443,
        0.9894894336232443,
        0.9894894336232443,
        0.9894894336232443,
        0.9894894336232443,
        0.9894894336232443,
        0.9894894336232443,
        0.9894894336232443,
        0.9894894336232443,
        0.9894894336232443,
        0.9894894336232443,
        0.9894894336232443,
        0.9894894336232443,
        0.9894894336232443,
        0.9894894336232443,
        0.9894894336232443,
        0.9894894336232443,
        0.9894894336232443,
        0.9894894336232443,
        0.9894894336232443,
        0.9894894336232443,
        0.9894894336232443,
        0.9894894336232443,
        0.9894894336232443,
        0.9894894336232443,
        0.9894894336232443,
        0.9894894336232443,
        0.9894894336232443,
        0.9894894336232443,
        0.9894894336232443,
        0.9894894336232443,
        0.9894894336232443,
        0.9894894336232443,
        0.9894894336232443,
        0.9894894336232443,
        0.9894894336232443,
        0.9894894336232443,
        0.9894894336232443,
        0.9894894336232443,
        0.9894894336232443,
        0.9894894336232443,
        0.9894894336232443,
        0.9894894336232443,
        0.9894894336232443,
        0.9894894336232443,
        0.9894894336232443,
        0.9894894336232443,
        0.9894894336232443,
        0.9894894336232443,
        0.9894894336232443,
        0.9894894336232443,
        0.9894894336232443,
        0.9894894336232443,
        0.9894894336232443,
        0.9894894336232443,
        0.9894894336232443,
        0.9894894336232443,
        0.9894894336232443,
        0.9894894336232443,
        0.9894894336232443,
        0.9894894336232443,
        0.9894894336232443,
        0.9894894336232443,
        0.9894894336232443,
        0.9894894336232443,
        0.9894894336232443,
        0.9894894336232443,
        0.9894894336232443,
        0.9894894336232443,
        0.9894894336232443,
        0.9894894336232443,
        0.9894894336232443,
        0.9894894336232443,
        0.9894894336232443,
        0.9894894336232443,
        0.9894894336232443,
        0.9894894336232443,
        0.9894894336232443,
        0.9894894336232443,
        0.9894894336232443,
        0.9894894336232443,
        0.9894894336232443,
        0.9894894336232443,
        0.9894894336232443,
        0.9894894336232443,
        0.9894894336232443,
        0.9894894336232443,
        0.9894894336232443,
        0.9894894336232443,
        0.9894894336232443,
        0.9894894336232443,
        0.9894894336232443,
        0.9894894336232443,
        0.9894894336232443,
        0.9894894336232443,
        0.9894894336232443,
        0.9894894336232443,
        0.9894894336232443,
        0.9894894336232443,
        0.9894894336232443,
        0.9894894336232443,
        0.9894894336232443,
        0.9894894336232443,
        0.9894894336232443,
        0.9894894336232443,
        0.9894894336232443,
        0.9894894336232443,
        0.9894894336232443,
        0.9894894336232443,
        0.9894894336232443,
        0.9894894336232443,
        0.9894894336232443,
        0.9894894336232443,
        0.9894894336232443,
        0.9894894336232443,
        0.9894894336232443,
        0.9894894336232443,
        0.9894894336232443,
        0.9894894336232443,
        0.9894894336232443,
        0.9894894336232443,
        0.9894894336232443,
        0.9894894336232443,
        0.9894894336232443,
        0.9894894336232443,
        0.9894894336232443,
        0.9894894336232443,
        0.9894894336232443,
        0.9894894336232443,
        0.9894894336232443,
        0.9894894336232443,
        0.9894894336232443,
        0.9894894336232443,
        0.9894894336232443,
        0.9894894336232443,
        0.9894894336232443,
        0.9894894336232443,
        0.9894894336232443,
        0.9894894336232443,
        0.9894894336232443,
        0.9894894336232443,
        0.9894894336232443,
        0.9894894336232443,
        0.9894894336232443,
        0.9894894336232443,
        0.9894894336232443,
        0.9894894336232443,
        0.9894894336232443,
        0.9894894336232443,
        0.9894894336232443,
        0.9894894336232443,
        0.9894894336232443,
        0.9894894336232443
    ],