{
    "dimensions": [
        0,
        0,
        0,
        0,
        0,
        0,
        0,
        0,
        0,
        0,
        0,
        0,
        0,
        0,
        0,
        0,
        0,
        0,
        0,
        0,
        0,
        0,
        0,
        0,
        0,
        0,
        0,
        0,
        0,
        0,
        0,
        0,
        0,
        0,
        0,
        0,
        0,
        0,
        0,
        0,
        0,
        0,
        0,
        0,
        0,
        0,
        0,
        0,
        0,
        0,
        0,
        0,
        0,
        0,
        0,
        0,
        0,
        0,
        0,
        0,
        0,
        0,
        0,
        0,
        0,
        0,
        0,
        0,
        0,
        0,
        0,
        0,
        0,
        0,
        0,
        0,
        0,
        0,
        0,
        0,
        0,
        0,
        0,
        0,
        0,
        0,
        0,
        0,
        0,
        0,
        0,
        0,
        0,
        0,
        0,
        0,
        0,
        0,
        0,
        0,
        0,
        0,
        0,
        0,
        0,
        0,
        0,
        0,
        0,
        0,
        0,
        0,
        0,
        0,
        0,
        0,
        0,
        0,
        0,
        0,
        0,
        0,
        0,
        0,
        0,
        0,
        0,
        0,
        0,
        0,
        0,
        0,
        0,
        0,
        0,
        0,
        0,
        0,
        0,
        0,
        0,
        0,
        0,
        0,
        0,
        0,
        0,
        0,
        0,
        0,
        0,
        0,
        0,
        0,
        0,
        0,
        0,
        0,
        0,
        0,
        0,
        0,
        0,
        0,
        0,
        0,
        0,
        0
    ],
    "creation_values": [
        0.9286222166208329,
        0.9286222166208329,
        0.9286222166208329,
        0.9286222166208329,
        0.9286222166208329,
        0.9286222166208329,
        0.9286222166208329,
        0.9286222166208329,
        0.9286222166208329,
        0.9286222166208329,
        0.9286222166208329,
        0.9286222166208329,
        0.9286222166208329,
        0.9286222166208329,
        0.9286222166208329,
        0.9286222166208329,
        0.9286222166208329,
        0.9286222166208329,
        0.9286222166208329,
        0.9286222166208329,
        0.9286222166208329,
        0.9286222166208329,
        0.9286222166208329,
        0.9286222166208329,
        0.9286222166208329,
        0.9286222166208329,
        0.9286222166208329,
        0.9286222166208329,
        0.9286222166208329,
        0.9286222166208329,
        0.9286222166208329,
        0.9286222166208329,
        0.9286222166208329,
        0.9286222166208329,
        0.9286222166208329,
        0.9286222166208329,
        0.9286222166208329,
        0.9286222166208329,
        0.9286222166208329,
        0.9286222166208329,
        0.9286222166208329,
        0.9286222166208329,
        0.9286222166208329,
        0.9286222166208329,
        0.9286222166208329,
        0.9286222166208329,
        0.9286222166208329,
        0.9286222166208329,
        0.9286222166208329,
        0.9286222166208329,
        0.9286222166208329,
        0.9286222166208329,
        0.9286222166208329,
        0.9286222166208329,
        0.9286222166208329,
        0.9286222166208329,
        0.9286222166208329,
        0.9286222166208329,
        0.9286222166208329,
        0.9286222166208329,
        0.9286222166208329,
        0.9286222166208329,
        0.9286222166208329,
        0.9286222166208329,
        0.9286222166208329,
        0.9286222166208329,
        0.9286222166208329,
        0.9286222166208329,
        0.9286222166208329,
        0.9286222166208329,
        0.9286222166208329,
        0.9286222166208329,
        0.9286222166208329,
        0.9286222166208329,
        0.9286222166208329,
        0.9286222166208329,
        0.9286222166208329,
        0.9286222166208329,
        0.9286222166208329,
        0.9286222166208329,
        0.9286222166208329,
        0.9286222166208329,
        0.9286222166208329,
        0.9286222166208329,
        0.9286222166208329,
        0.9286222166208329,
        0.9286222166208329,
        0.9286222166208329,
        0.9286222166208329,
        0.9286222166208329,
        0.9286222166208329,
        0.9286222166208329,
        0.9286222166208329,
        0.9286222166208329,
        0.9286222166208329,
        0.9286222166208329,
        0.9286222166208329,
        0.9286222166208329,
        0.9286222166208329,
        0.9286222166208329,
        0.9286222166208329,
        0.9286222166208329,
        0.9286222166208329,
        0.9286222166208329,
        0.9286222166208329,
        0.9286222166208329,
        0.9286222166208329,
        0.9286222166208329,
        0.9286222166208329,
        0.9286222166208329,
        0.9286222166208329,
        0.9286222166208329,
        0.9286222166208329,
        0.9286222166208329,
        0.9286222166208329,
        0.9286222166208329,
        0.9286222166208329,
        0.9286222166208329,
        0.9286222166208329,
        0.9286222166208329,
        0.9286222166208329,
        0.9286222166208329,
        0.9286222166208329,
        0.9286222166208329,
        0.9286222166208329,
        0.9286222166208329,
        0.9286222166208329,
        0.9286222166208329,
        0.9286222166208329,
        0.9286222166208329,
        0.9286222166208329,
        0.9286222166208329,
        0.9286222166208329,
        0.9286222166208329,
        0.9286222166208329,
        0.9286222166208329,
        0.9286222166208329,
        0.9286222166208329,
        0.9286222166208329,
        0.9286222166208329,
        0.9286222166208329,
        0.9286222166208329,
        0.9286222166208329,
        0.9286222166208329,
        0.9286222166208329,
        0.9286222166208329,
        0.9286222166208329,
        0.9286222166208329,
        0.9286222166208329,
        0.9286222166208329,
        0.9286222166208329,
        0.9286222166208329,
        0.9286222166208329,
        0.9286222166208329,
        0.9286222166208329,
        0.9286222166208329,
        0.9286222166208329,
        0.9286222166208329,
        0.9286222166208329,
        0.9286222166208329,
        0.9286222166208329,
        0.9286222166208329,
        0.9286222166208329,
        0.9286222166208329,
        0.9286222166208329,
        0.9286222166208329,
        0.9286222166208329,
        0.9286222166208329
    ],