{
    "dimensions": [
        0,
        0,
        0,
        0,
        0,
        0,
        0,
        0,
        0,
        0,
        0,
        0,
        0,
        0,
        0,
        0,
        0,
        0,
        0,
        0,
        0,
        0,
        0,
        0,
        0,
        0,
        0,
        0,
        0,
        0,
        0,
        0,
        0,
        0,
        0,
        0,
        0,
        0,
        0,
        0,
        0,
        0,
        0,
        0,
        0,
        0,
        0,
        0,
        0,
        0,
        0,
        0,
        0,
        0,
        0,
        0,
        0,
        0,
        0,
        0,
        0,
        0,
        0,
        0,
        0,
        0,
        0,
        0,
        0,
        0,
        0,
        0,
        0,
        0,
        0,
        0,
        0,
        0,
        0,
        0,
        0,
        0,
        0,
        0,
        0,
        0,
        0,
        0,
        0,
        0,
        0,
        0,
        0,
        0,
        0,
        0,
        0,
        0,
        0,
        0,
        0,
        0,
        0,
        0,
        0,
        0,
        0,
        0,
        0,
        0,
        0,
        0,
        0,
        0,
        0,
        0,
        0,
        0,
        0,
        0,
        0,
        0,
        0,
        0,
        0,
        0,
        0,
        0,
        0,
        0,
        0,
        0,
        0,
        0,
        0,
        0,
        0,
        0,
        0,
        0,
        0,
        0,
        0,
        0,
        0,
        0,
        0,
        0,
        0,
        0,
        0,
        0,
        0,
        0,
        0,
        0,
        0,
        0,
        0,
        0,
        0,
        0,
        0,
        0,
        0,
        0,
        0,
        0
    ],
    "creation_values": [
        0.9860924062571926,
        0.9860924062571926,
        0.9860924062571926,
        0.9860924062571926,
        0.9860924062571926,
        0.9860924062571926,
        0.9860924062571926,
        0.9860924062571926,
        0.9860924062571926,
        0.9860924062571926,
        0.9860924062571926,
        0.9860924062571926,
        0.9860924062571926,
        0.9860924062571926,
        0.9860924062571926,
        0.9860924062571926,
        0.9860924062571926,
        0.9860924062571926,
        0.9860924062571926,
        0.9860924062571926,
        0.9860924062571926,
        0.9860924062571926,
        0.9860924062571926,
        0.9860924062571926,
        0.9860924062571926,
        0.9860924062571926,
        0.9860924062571926,
        0.9860924062571926,
        0.9860924062571926,
        0.9860924062571926,
        0.9860924062571926,
        0.9860924062571926,
        0.9860924062571926,
        0.9860924062571926,
        0.9860924062571926,
        0.9860924062571926,
        0.9860924062571926,
        0.9860924062571926,
        0.9860924062571926,
        0.9860924062571926,
        0.9860924062571926,
        0.9860924062571926,
        0.9860924062571926,
        0.9860924062571926,
        0.9860924062571926,
        0.9860924062571926,
        0.9860924062571926,
        0.9860924062571926,
        0.9860924062571926,
        0.9860924062571926,
        0.9860924062571926,
        0.9860924062571926,
        0.9860924062571926,
        0.9860924062571926,
        0.9860924062571926,
        0.9860924062571926,
        0.9860924062571926,
        0.9860924062571926,
        0.9860924062571926,
        0.9860924062571926,
        0.9860924062571926,
        0.9860924062571926,
        0.9860924062571926,
        0.9860924062571926,
        0.9860924062571926,
        0.9860924062571926,
        0.9860924062571926,
        0.9860924062571926,
        0.9860924062571926,
        0.9860924062571926,
        0.9860924062571926,
        0.9860924062571926,
        0.9860924062571926,
        0.9860924062571926,
        0.9860924062571926,
        0.9860924062571926,
        0.9860924062571926,
        0.9860924062571926,
        0.9860924062571926,
        0.9860924062571926,
        0.9860924062571926,
        0.9860924062571926,
        0.9860924062571926,
        0.9860924062571926,
        0.9860924062571926,
        0.9860924062571926,
        0.9860924062571926,
        0.9860924062571926,
        0.9860924062571926,
        0.9860924062571926,
        0.9860924062571926,
        0.9860924062571926,
        0.9860924062571926,
        0.9860924062571926,
        0.9860924062571926,
        0.9860924062571926,
        0.9860924062571926,
        0.9860924062571926,
        0.9860924062571926,
        0.9860924062571926,
        0.9860924062571926,
        0.9860924062571926,
        0.9860924062571926,
        0.9860924062571926,
        0.9860924062571926,
        0.9860924062571926,
        0.9860924062571926,
        0.9860924062571926,
        0.9860924062571926,
        0.9860924062571926,
        0.9860924062571926,
        0.9860924062571926,
        0.9860924062571926,
        0.9860924062571926,
        0.9860924062571926,
        0.9860924062571926,
        0.9860924062571926,
        0.9860924062571926,
        0.9860924062571926,
        0.9860924062571926,
        0.9860924062571926,
        0.9860924062571926,
        0.9860924062571926,
        0.9860924062571926,
        0.9860924062571926,
        0.9860924062571926,
        0.9860924062571926,
        0.9860924062571926,
        0.9860924062571926,
        0.9860924062571926,
        0.9860924062571926,
        0.9860924062571926,
        0.9860924062571926,
        0.9860924062571926,
        0.9860924062571926,
        0.9860924062571926,
        0.9860924062571926,
        0.9860924062571926,
        0.9860924062571926,
        0.9860924062571926,
        0.9860924062571926,
        0.9860924062571926,
        0.9860924062571926,
        0.9860924062571926,
        0.9860924062571926,
        0.9860924062571926,
        0.9860924062571926,
        0.9860924062571926,
        0.9860924062571926,
        0.9860924062571926,
        0.9860924062571926,
        0.9860924062571926,
        0.9860924062571926,
        0.9860924062571926,
        0.9860924062571926,
        0.9860924062571926,
        0.9860924062571926,
        0.9860924062571926,
        0.9860924062571926,
        0.9860924062571926,
        0.9860924062571926,
        0.9860924062571926,
        0.9860924062571926,
        0.9860924062571926,
        0.9860924062571926,
        0.9860924062571926,
        0.9860924062571926,
        0.9860924062571926
    ],