{
    "dimensions": [
        0,
        0,
        0,
        0,
        0,
        0,
        0,
        0,
        0,
        0,
        0,
        0,
        0,
        0,
        0,
        0,
        0,
        0,
        0,
        0,
        0,
        0,
        0,
        0,
        0,
        0,
        0,
        0,
        0,
        0,
        0,
        0,
        0,
        0,
        0,
        0,
        0,
        0,
        0,
        0,
        0,
        0,
        0,
        0,
        0,
        0,
        0,
        0,
        0,
        0,
        0,
        0,
        0,
        0,
        0,
        0,
        0,
        0,
        0,
        0,
        0,
        0,
        0,
        0,
        0,
        0,
        0,
        0,
        0,
        0,
        0,
        0,
        0,
        0,
        0,
        0,
        0,
        0,
        0,
        0,
        0,
        0,
        0,
        0,
        0,
        0,
        0,
        0,
        0,
        0,
        0,
        0,
        0,
        0,
        0,
        0,
        0,
        0,
        0,
        0,
        0,
        0,
        0,
        0,
        0,
        0,
        0,
        0,
        0,
        0,
        0,
        0,
        0,
        0,
        0,
        0,
        0,
        0,
        0,
        0,
        0,
        0,
        0,
        0,
        0,
        0,
        0,
        0,
        0,
        0,
        0,
        0,
        0,
        0,
        0,
        0,
        0,
        0,
        0,
        0,
        0,
        0,
        0,
        0,
        0,
        0,
        0,
        0,
        0,
        0,
        0,
        0,
        0,
        0,
        0,
        0,
        0,
        0,
        0,
        0,
        0,
        0,
        0,
        0,
        0,
        0,
        0,
        0
    ],
    "creation_values": [
        0.9814167242773992,
        0.9814167242773992,
        0.9814167242773992,
        0.9814167242773992,
        0.9814167242773992,
        0.9814167242773992,
        0.9814167242773992,
        0.9814167242773992,
        0.9814167242773992,
        0.9814167242773992,
        0.9814167242773992,
        0.9814167242773992,
        0.9814167242773992,
        0.9814167242773992,
        0.9814167242773992,
        0.9814167242773992,
        0.9814167242773992,
        0.9814167242773992,
        0.9814167242773992,
        0.9814167242773992,
        0.9814167242773992,
        0.9814167242773992,
        0.9814167242773992,
        0.9814167242773992,
        0.9814167242773992,
        0.9814167242773992,
        0.9814167242773992,
        0.9814167242773992,
        0.9814167242773992,
        0.9814167242773992,
        0.9814167242773992,
        0.9814167242773992,
        0.9814167242773992,
        0.9814167242773992,
        0.9814167242773992,
        0.9814167242773992,
        0.9814167242773992,
        0.9814167242773992,
        0.9814167242773992,
        0.9814167242773992,
        0.9814167242773992,
        0.9814167242773992,
        0.9814167242773992,
        0.9814167242773992,
        0.9814167242773992,
        0.9814167242773992,
        0.9814167242773992,
        0.9814167242773992,
        0.9814167242773992,
        0.9814167242773992,
        0.9814167242773992,
        0.9814167242773992,
        0.9814167242773992,
        0.9814167242773992,
        0.9814167242773992,
        0.9814167242773992,
        0.9814167242773992,
        0.9814167242773992,
        0.9814167242773992,
        0.9814167242773992,
        0.9814167242773992,
        0.9814167242773992,
        0.9814167242773992,
        0.9814167242773992,
        0.9814167242773992,
        0.9814167242773992,
        0.9814167242773992,
        0.9814167242773992,
        0.9814167242773992,
        0.9814167242773992,
        0.9814167242773992,
        0.9814167242773992,
        0.9814167242773992,
        0.9814167242773992,
        0.9814167242773992,
        0.9814167242773992,
        0.9814167242773992,
        0.9814167242773992,
        0.9814167242773992,
        0.9814167242773992,
        0.9814167242773992,
        0.9814167242773992,
        0.9814167242773992,
        0.9814167242773992,
        0.9814167242773992,
        0.9814167242773992,
        0.9814167242773992,
        0.9814167242773992,
        0.9814167242773992,
        0.9814167242773992,
        0.9814167242773992,
        0.9814167242773992,
        0.9814167242773992,
        0.9814167242773992,
        0.9814167242773992,
        0.9814167242773992,
        0.9814167242773992,
        0.9814167242773992,
        0.9814167242773992,
        0.9814167242773992,
        0.9814167242773992,
        0.9814167242773992,
        0.9814167242773992,
        0.9814167242773992,
        0.9814167242773992,
        0.9814167242773992,
        0.9814167242773992,
        0.9814167242773992,
        0.9814167242773992,
        0.9814167242773992,
        0.9814167242773992,
        0.9814167242773992,
        0.9814167242773992,
        0.9814167242773992,
        0.9814167242773992,
        0.9814167242773992,
        0.9814167242773992,
        0.9814167242773992,
        0.9814167242773992,
        0.9814167242773992,
        0.9814167242773992,
        0.9814167242773992,
        0.9814167242773992,
        0.9814167242773992,
        0.9814167242773992,
        0.9814167242773992,
        0.9814167242773992,
        0.9814167242773992,
        0.9814167242773992,
        0.9814167242773992,
        0.9814167242773992,
        0.9814167242773992,
        0.9814167242773992,
        0.9814167242773992,
        0.9814167242773992,
        0.9814167242773992,
        0.9814167242773992,
        0.9814167242773992,
        0.9814167242773992,
        0.9814167242773992,
        0.9814167242773992,
        0.9814167242773992,
        0.9814167242773992,
        0.9814167242773992,
        0.9814167242773992,
        0.9814167242773992,
        0.9814167242773992,
        0.9814167242773992,
        0.9814167242773992,
        0.9814167242773992,
        0.9814167242773992,
        0.9814167242773992,
        0.9814167242773992,
        0.9814167242773992,
        0.9814167242773992,
        0.9814167242773992,
        0.9814167242773992,
        0.9814167242773992,
        0.9814167242773992,
        0.9814167242773992,
        0.9814167242773992,
        0.9814167242773992,
        0.9814167242773992,
        0.9814167242773992,
        0.9814167242773992,
        0.9814167242773992,
        0.9814167242773992,
        0.9814167242773992
    ],