{
    "dimensions": [
        0,
        0,
        0,
        0,
        0,
        0,
        0,
        0,
        0,
        0,
        0,
        0,
        0,
        0,
        0,
        0,
        0,
        0,
        0,
        0,
        0,
        0,
        0,
        0,
        0,
        0,
        0,
        0,
        0,
        0,
        0,
        0,
        0,
        0,
        0,
        0,
        0,
        0,
        0,
        0,
        0,
        0,
        0,
        0,
        0,
        0,
        0,
        0,
        0,
        0,
        0,
        0,
        0,
        0,
        0,
        0,
        0,
        0,
        0,
        0,
        0,
        0,
        0,
        0,
        0,
        0,
        0,
        0,
        0,
        0,
        0,
        0,
        0,
        0,
        0,
        0,
        0,
        0,
        0,
        0,
        0,
        0,
        0,
        0,
        0,
        0,
        0,
        0,
        0,
        0,
        0,
        0,
        0,
        0,
        0,
        0,
        0,
        0,
        0,
        0,
        0,
        0,
        0,
        0,
        0,
        0,
        0,
        0,
        0,
        0,
        0,
        0,
        0,
        0,
        0,
        0,
        0,
        0,
        0,
        0,
        0,
        0,
        0,
        0,
        0,
        0,
        0,
        0,
        0,
        0,
        0,
        0,
        0,
        0,
        0,
        0,
        0,
        0,
        0,
        0,
        0,
        0,
        0,
        0,
        0,
        0,
        0,
        0,
        0,
        0,
        0,
        0,
        0,
        0,
        0,
        0,
        0,
        0,
        0,
        0,
        0,
        0,
        0,
        0,
        0,
        0,
        0,
        0
    ],
    "creation_values": [
        0.9910285886377739,
        0.9910285886377739,
        0.9910285886377739,
        0.9910285886377739,
        0.9910285886377739,
        0.9910285886377739,
        0.9910285886377739,
        0.9910285886377739,
        0.9910285886377739,
        0.9910285886377739,
        0.9910285886377739,
        0.9910285886377739,
        0.9910285886377739,
        0.9910285886377739,
        0.9910285886377739,
        0.9910285886377739,
        0.9910285886377739,
        0.9910285886377739,
        0.9910285886377739,
        0.9910285886377739,
        0.9910285886377739,
        0.9910285886377739,
        0.9910285886377739,
        0.9910285886377739,
        0.9910285886377739,
        0.9910285886377739,
        0.9910285886377739,
        0.9910285886377739,
        0.9910285886377739,
        0.9910285886377739,
        0.9910285886377739,
        0.9910285886377739,
        0.9910285886377739,
        0.9910285886377739,
        0.9910285886377739,
        0.9910285886377739,
        0.9910285886377739,
        0.9910285886377739,
        0.9910285886377739,
        0.9910285886377739,
        0.9910285886377739,
        0.9910285886377739,
        0.9910285886377739,
        0.9910285886377739,
        0.9910285886377739,
        0.9910285886377739,
        0.9910285886377739,
        0.9910285886377739,
        0.9910285886377739,
        0.9910285886377739,
        0.9910285886377739,
        0.9910285886377739,
        0.9910285886377739,
        0.9910285886377739,
        0.9910285886377739,
        0.9910285886377739,
        0.9910285886377739,
        0.9910285886377739,
        0.9910285886377739,
        0.9910285886377739,
        0.9910285886377739,
        0.9910285886377739,
        0.9910285886377739,
        0.9910285886377739,
        0.9910285886377739,
        0.9910285886377739,
        0.9910285886377739,
        0.9910285886377739,
        0.9910285886377739,
        0.9910285886377739,
        0.9910285886377739,
        0.9910285886377739,
        0.9910285886377739,
        0.9910285886377739,
        0.9910285886377739,
        0.9910285886377739,
        0.9910285886377739,
        0.9910285886377739,
        0.9910285886377739,
        0.9910285886377739,
        0.9910285886377739,
        0.9910285886377739,
        0.9910285886377739,
        0.9910285886377739,
        0.9910285886377739,
        0.9910285886377739,
        0.9910285886377739,
        0.9910285886377739,
        0.9910285886377739,
        0.9910285886377739,
        0.9910285886377739,
        0.9910285886377739,
        0.9910285886377739,
        0.9910285886377739,
        0.9910285886377739,
        0.9910285886377739,
        0.9910285886377739,
        0.9910285886377739,
        0.9910285886377739,
        0.9910285886377739,
        0.9910285886377739,
        0.9910285886377739,
        0.9910285886377739,
        0.9910285886377739,
        0.9910285886377739,
        0.9910285886377739,
        0.9910285886377739,
        0.9910285886377739,
        0.9910285886377739,
        0.9910285886377739,
        0.9910285886377739,
        0.9910285886377739,
        0.9910285886377739,
        0.9910285886377739,
        0.9910285886377739,
        0.9910285886377739,
        0.9910285886377739,
        0.9910285886377739,
        0.9910285886377739,
        0.9910285886377739,
        0.9910285886377739,
        0.9910285886377739,
        0.9910285886377739,
        0.9910285886377739,
        0.9910285886377739,
        0.9910285886377739,
        0.9910285886377739,
        0.9910285886377739,
        0.9910285886377739,
        0.9910285886377739,
        0.9910285886377739,
        0.9910285886377739,
        0.9910285886377739,
        0.9910285886377739,
        0.9910285886377739,
        0.9910285886377739,
        0.9910285886377739,
        0.9910285886377739,
        0.9910285886377739,
        0.9910285886377739,
        0.9910285886377739,
        0.9910285886377739,
        0.9910285886377739,
        0.9910285886377739,
        0.9910285886377739,
        0.9910285886377739,
        0.9910285886377739,
        0.9910285886377739,
        0.9910285886377739,
        0.9910285886377739,
        0.9910285886377739,
        0.9910285886377739,
        0.9910285886377739,
        0.9910285886377739,
        0.9910285886377739,
        0.9910285886377739,
        0.9910285886377739,
        0.9910285886377739,
        0.9910285886377739,
        0.9910285886377739,
        0.9910285886377739,
        0.9910285886377739,
        0.9910285886377739,
        0.9910285886377739,
        0.9910285886377739,
        0.9910285886377739,
        0.9910285886377739,
        0.9910285886377739
    ],