{
    "dimensions": [
        0,
        0,
        0,
        0,
        0,
        0,
        0,
        0,
        0,
        0,
        0,
        0,
        0,
        0,
        0,
        0,
        0,
        0,
        0,
        0,
        0,
        0,
        0,
        0,
        0,
        0,
        0,
        0,
        0,
        0,
        0,
        0,
        0,
        0,
        0,
        0,
        0,
        0,
        0,
        0,
        0,
        0,
        0,
        0,
        0,
        0,
        0,
        0,
        0,
        0,
        0,
        0,
        0,
        0,
        0,
        0,
        0,
        0,
        0,
        0,
        0,
        0,
        0,
        0,
        0,
        0,
        0,
        0,
        0,
        0,
        0,
        0,
        0,
        0,
        0,
        0,
        0,
        0,
        0,
        0,
        0,
        0,
        0,
        0,
        0,
        0,
        0,
        0,
        0,
        0,
        0,
        0,
        0,
        0,
        0,
        0,
        0,
        0,
        0,
        0,
        0,
        0,
        0,
        0,
        0,
        0,
        0,
        0,
        0,
        0,
        0,
        0,
        0,
        0,
        0,
        0,
        0,
        0,
        0,
        0,
        0,
        0,
        0,
        0,
        0,
        0,
        0,
        0,
        0,
        0,
        0,
        0,
        0,
        0,
        0,
        0,
        0,
        0,
        0,
        0,
        0,
        0,
        0,
        0,
        0,
        0,
        0,
        0,
        0,
        0,
        0,
        0,
        0,
        0,
        0,
        0,
        0,
        0,
        0,
        0,
        0,
        0,
        0,
        0,
        0,
        0,
        0,
        0
    ],
    "creation_values": [
        0.9298986805687558,
        0.9298986805687558,
        0.9298986805687558,
        0.9298986805687558,
        0.9298986805687558,
        0.9298986805687558,
        0.9298986805687558,
        0.9298986805687558,
        0.9298986805687558,
        0.9298986805687558,
        0.9298986805687558,
        0.9298986805687558,
        0.9298986805687558,
        0.9298986805687558,
        0.9298986805687558,
        0.9298986805687558,
        0.9298986805687558,
        0.9298986805687558,
        0.9298986805687558,
        0.9298986805687558,
        0.9298986805687558,
        0.9298986805687558,
        0.9298986805687558,
        0.9298986805687558,
        0.9298986805687558,
        0.9298986805687558,
        0.9298986805687558,
        0.9298986805687558,
        0.9298986805687558,
        0.9298986805687558,
        0.9298986805687558,
        0.9298986805687558,
        0.9298986805687558,
        0.9298986805687558,
        0.9298986805687558,
        0.9298986805687558,
        0.9298986805687558,
        0.9298986805687558,
        0.9298986805687558,
        0.9298986805687558,
        0.9298986805687558,
        0.9298986805687558,
        0.9298986805687558,
        0.9298986805687558,
        0.9298986805687558,
        0.9298986805687558,
        0.9298986805687558,
        0.9298986805687558,
        0.9298986805687558,
        0.9298986805687558,
        0.9298986805687558,
        0.9298986805687558,
        0.9298986805687558,
        0.9298986805687558,
        0.9298986805687558,
        0.9298986805687558,
        0.9298986805687558,
        0.9298986805687558,
        0.9298986805687558,
        0.9298986805687558,
        0.9298986805687558,
        0.9298986805687558,
        0.9298986805687558,
        0.9298986805687558,
        0.9298986805687558,
        0.9298986805687558,
        0.9298986805687558,
        0.9298986805687558,
        0.9298986805687558,
        0.9298986805687558,
        0.9298986805687558,
        0.9298986805687558,
        0.9298986805687558,
        0.9298986805687558,
        0.9298986805687558,
        0.9298986805687558,
        0.9298986805687558,
        0.9298986805687558,
        0.9298986805687558,
        0.9298986805687558,
        0.9298986805687558,
        0.9298986805687558,
        0.9298986805687558,
        0.9298986805687558,
        0.9298986805687558,
        0.9298986805687558,
        0.9298986805687558,
        0.9298986805687558,
        0.9298986805687558,
        0.9298986805687558,
        0.9298986805687558,
        0.9298986805687558,
        0.9298986805687558,
        0.9298986805687558,
        0.9298986805687558,
        0.9298986805687558,
        0.9298986805687558,
        0.9298986805687558,
        0.9298986805687558,
        0.9298986805687558,
        0.9298986805687558,
        0.9298986805687558,
        0.9298986805687558,
        0.9298986805687558,
        0.9298986805687558,
        0.9298986805687558,
        0.9298986805687558,
        0.9298986805687558,
        0.9298986805687558,
        0.9298986805687558,
        0.9298986805687558,
        0.9298986805687558,
        0.9298986805687558,
        0.9298986805687558,
        0.9298986805687558,
        0.9298986805687558,
        0.9298986805687558,
        0.9298986805687558,
        0.9298986805687558,
        0.9298986805687558,
        0.9298986805687558,
        0.9298986805687558,
        0.9298986805687558,
        0.9298986805687558,
        0.9298986805687558,
        0.9298986805687558,
        0.9298986805687558,
        0.9298986805687558,
        0.9298986805687558,
        0.9298986805687558,
        0.9298986805687558,
        0.9298986805687558,
        0.9298986805687558,
        0.9298986805687558,
        0.9298986805687558,
        0.9298986805687558,
        0.9298986805687558,
        0.9298986805687558,
        0.9298986805687558,
        0.9298986805687558,
        0.9298986805687558,
        0.9298986805687558,
        0.9298986805687558,
        0.9298986805687558,
        0.9298986805687558,
        0.9298986805687558,
        0.9298986805687558,
        0.9298986805687558,
        0.9298986805687558,
        0.9298986805687558,
        0.9298986805687558,
        0.9298986805687558,
        0.9298986805687558,
        0.9298986805687558,
        0.9298986805687558,
        0.9298986805687558,
        0.9298986805687558,
        0.9298986805687558,
        0.9298986805687558,
        0.9298986805687558,
        0.9298986805687558,
        0.9298986805687558,
        0.9298986805687558,
        0.9298986805687558,
        0.9298986805687558,
        0.9298986805687558,
        0.9298986805687558,
        0.9298986805687558
    ],