{
    "dimensions": [
        0,
        0,
        0,
        0,
        0,
        0,
        0,
        0,
        0,
        0,
        0,
        0,
        0,
        0,
        0,
        0,
        0,
        0,
        0,
        0,
        0,
        0,
        0,
        0,
        0,
        0,
        0,
        0,
        0,
        0,
        0,
        0,
        0,
        0,
        0,
        0,
        0,
        0,
        0,
        0,
        0,
        0,
        0,
        0,
        0,
        0,
        0,
        0,
        0,
        0,
        0,
        0,
        0,
        0,
        0,
        0,
        0,
        0,
        0,
        0,
        0,
        0,
        0,
        0,
        0,
        0,
        0,
        0,
        0,
        0,
        0,
        0,
        0,
        0,
        0,
        0,
        0,
        0,
        0,
        0,
        0,
        0,
        0,
        0,
        0,
        0,
        0,
        0,
        0,
        0,
        0,
        0,
        0,
        0,
        0,
        0,
        0,
        0,
        0,
        0,
        0,
        0,
        0,
        0,
        0,
        0,
        0,
        0,
        0,
        0,
        0,
        0,
        0,
        0,
        0,
        0,
        0,
        0,
        0,
        0,
        0,
        0,
        0,
        0,
        0,
        0,
        0,
        0,
        0,
        0,
        0,
        0,
        0,
        0,
        0,
        0,
        0,
        0,
        0,
        0,
        0,
        0,
        0,
        0,
        0,
        0,
        0,
        0,
        0,
        0,
        0,
        0,
        0,
        0,
        0,
        0,
        0,
        0,
        0,
        0,
        0,
        0,
        0,
        0,
        0,
        0,
        0,
        0
    ],
    "creation_values": [
        0.9403476761933549,
        0.9403476761933549,
        0.9403476761933549,
        0.9403476761933549,
        0.9403476761933549,
        0.9403476761933549,
        0.9403476761933549,
        0.9403476761933549,
        0.9403476761933549,
        0.9403476761933549,
        0.9403476761933549,
        0.9403476761933549,
        0.9403476761933549,
        0.9403476761933549,
        0.9403476761933549,
        0.9403476761933549,
        0.9403476761933549,
        0.9403476761933549,
        0.9403476761933549,
        0.9403476761933549,
        0.9403476761933549,
        0.9403476761933549,
        0.9403476761933549,
        0.9403476761933549,
        0.9403476761933549,
        0.9403476761933549,
        0.9403476761933549,
        0.9403476761933549,
        0.9403476761933549,
        0.9403476761933549,
        0.9403476761933549,
        0.9403476761933549,
        0.9403476761933549,
        0.9403476761933549,
        0.9403476761933549,
        0.9403476761933549,
        0.9403476761933549,
        0.9403476761933549,
        0.9403476761933549,
        0.9403476761933549,
        0.9403476761933549,
        0.9403476761933549,
        0.9403476761933549,
        0.9403476761933549,
        0.9403476761933549,
        0.9403476761933549,
        0.9403476761933549,
        0.9403476761933549,
        0.9403476761933549,
        0.9403476761933549,
        0.9403476761933549,
        0.9403476761933549,
        0.9403476761933549,
        0.9403476761933549,
        0.9403476761933549,
        0.9403476761933549,
        0.9403476761933549,
        0.9403476761933549,
        0.9403476761933549,
        0.9403476761933549,
        0.9403476761933549,
        0.9403476761933549,
        0.9403476761933549,
        0.9403476761933549,
        0.9403476761933549,
        0.9403476761933549,
        0.9403476761933549,
        0.9403476761933549,
        0.9403476761933549,
        0.9403476761933549,
        0.9403476761933549,
        0.9403476761933549,
        0.9403476761933549,
        0.9403476761933549,
        0.9403476761933549,
        0.9403476761933549,
        0.9403476761933549,
        0.9403476761933549,
        0.9403476761933549,
        0.9403476761933549,
        0.9403476761933549,
        0.9403476761933549,
        0.9403476761933549,
        0.9403476761933549,
        0.9403476761933549,
        0.9403476761933549,
        0.9403476761933549,
        0.9403476761933549,
        0.9403476761933549,
        0.9403476761933549,
        0.9403476761933549,
        0.9403476761933549,
        0.9403476761933549,
        0.9403476761933549,
        0.9403476761933549,
        0.9403476761933549,
        0.9403476761933549,
        0.9403476761933549,
        0.9403476761933549,
        0.9403476761933549,
        0.9403476761933549,
        0.9403476761933549,
        0.9403476761933549,
        0.9403476761933549,
        0.9403476761933549,
        0.9403476761933549,
        0.9403476761933549,
        0.9403476761933549,
        0.9403476761933549,
        0.9403476761933549,
        0.9403476761933549,
        0.9403476761933549,
        0.9403476761933549,
        0.9403476761933549,
        0.9403476761933549,
        0.9403476761933549,
        0.9403476761933549,
        0.9403476761933549,
        0.9403476761933549,
        0.9403476761933549,
        0.9403476761933549,
        0.9403476761933549,
        0.9403476761933549,
        0.9403476761933549,
        0.9403476761933549,
        0.9403476761933549,
        0.9403476761933549,
        0.9403476761933549,
        0.9403476761933549,
        0.9403476761933549,
        0.9403476761933549,
        0.9403476761933549,
        0.9403476761933549,
        0.9403476761933549,
        0.9403476761933549,
        0.9403476761933549,
        0.9403476761933549,
        0.9403476761933549,
        0.9403476761933549,
        0.9403476761933549,
        0.9403476761933549,
        0.9403476761933549,
        0.9403476761933549,
        0.9403476761933549,
        0.9403476761933549,
        0.9403476761933549,
        0.9403476761933549,
        0.9403476761933549,
        0.9403476761933549,
        0.9403476761933549,
        0.9403476761933549,
        0.9403476761933549,
        0.9403476761933549,
        0.9403476761933549,
        0.9403476761933549,
        0.9403476761933549,
        0.9403476761933549,
        0.9403476761933549,
        0.9403476761933549,
        0.9403476761933549,
        0.9403476761933549,
        0.9403476761933549,
        0.9403476761933549,
        0.9403476761933549,
        0.9403476761933549,
        0.9403476761933549,
        0.9403476761933549,
        0.9403476761933549
    ],