{
    "dimensions": [
        0,
        0,
        0,
        0,
        0,
        0,
        0,
        0,
        0,
        0,
        0,
        0,
        0,
        0,
        0,
        0,
        0,
        0,
        0,
        0,
        0,
        0,
        0,
        0,
        0,
        0,
        0,
        0,
        0,
        0,
        0,
        0,
        0,
        0,
        0,
        0,
        0,
        0,
        0,
        0,
        0,
        0,
        0,
        0,
        0,
        0,
        0,
        0,
        0,
        0,
        0,
        0,
        0,
        0,
        0,
        0,
        0,
        0,
        0,
        0,
        0,
        0,
        0,
        0,
        0,
        0,
        0,
        0,
        0,
        0,
        0,
        0,
        0,
        0,
        0,
        0,
        0,
        0,
        0,
        0,
        0,
        0,
        0,
        0,
        0,
        0,
        0,
        0,
        0,
        0,
        0,
        0,
        0,
        0,
        0,
        0,
        0,
        0,
        0,
        0,
        0,
        0,
        0,
        0,
        0,
        0,
        0,
        0,
        0,
        0,
        0,
        0,
        0,
        0,
        0,
        0,
        0,
        0,
        0,
        0,
        0,
        0,
        0,
        0,
        0,
        0,
        0,
        0,
        0,
        0,
        0,
        0,
        0,
        0,
        0,
        0,
        0,
        0,
        0,
        0,
        0,
        0,
        0,
        0,
        0,
        0,
        0,
        0,
        0,
        0,
        0,
        0,
        0,
        0,
        0,
        0,
        0,
        0,
        0,
        0,
        0,
        0,
        0,
        0,
        0,
        0,
        0,
        0
    ],
    "creation_values": [
        0.9389521718381091,
        0.9389521718381091,
        0.9389521718381091,
        0.9389521718381091,
        0.9389521718381091,
        0.9389521718381091,
        0.9389521718381091,
        0.9389521718381091,
        0.9389521718381091,
        0.9389521718381091,
        0.9389521718381091,
        0.9389521718381091,
        0.9389521718381091,
        0.9389521718381091,
        0.9389521718381091,
        0.9389521718381091,
        0.9389521718381091,
        0.9389521718381091,
        0.9389521718381091,
        0.9389521718381091,
        0.9389521718381091,
        0.9389521718381091,
        0.9389521718381091,
        0.9389521718381091,
        0.9389521718381091,
        0.9389521718381091,
        0.9389521718381091,
        0.9389521718381091,
        0.9389521718381091,
        0.9389521718381091,
        0.9389521718381091,
        0.9389521718381091,
        0.9389521718381091,
        0.9389521718381091,
        0.9389521718381091,
        0.9389521718381091,
        0.9389521718381091,
        0.9389521718381091,
        0.9389521718381091,
        0.9389521718381091,
        0.9389521718381091,
        0.9389521718381091,
        0.9389521718381091,
        0.9389521718381091,
        0.9389521718381091,
        0.9389521718381091,
        0.9389521718381091,
        0.9389521718381091,
        0.9389521718381091,
        0.9389521718381091,
        0.9389521718381091,
        0.9389521718381091,
        0.9389521718381091,
        0.9389521718381091,
        0.9389521718381091,
        0.9389521718381091,
        0.9389521718381091,
        0.9389521718381091,
        0.9389521718381091,
        0.9389521718381091,
        0.9389521718381091,
        0.9389521718381091,
        0.9389521718381091,
        0.9389521718381091,
        0.9389521718381091,
        0.9389521718381091,
        0.9389521718381091,
        0.9389521718381091,
        0.9389521718381091,
        0.9389521718381091,
        0.9389521718381091,
        0.9389521718381091,
        0.9389521718381091,
        0.9389521718381091,
        0.9389521718381091,
        0.9389521718381091,
        0.9389521718381091,
        0.9389521718381091,
        0.9389521718381091,
        0.9389521718381091,
        0.9389521718381091,
        0.9389521718381091,
        0.9389521718381091,
        0.9389521718381091,
        0.9389521718381091,
        0.9389521718381091,
        0.9389521718381091,
        0.9389521718381091,
        0.9389521718381091,
        0.9389521718381091,
        0.9389521718381091,
        0.9389521718381091,
        0.9389521718381091,
        0.9389521718381091,
        0.9389521718381091,
        0.9389521718381091,
        0.9389521718381091,
        0.9389521718381091,
        0.9389521718381091,
        0.9389521718381091,
        0.9389521718381091,
        0.9389521718381091,
        0.9389521718381091,
        0.9389521718381091,
        0.9389521718381091,
        0.9389521718381091,
        0.9389521718381091,
        0.9389521718381091,
        0.9389521718381091,
        0.9389521718381091,
        0.9389521718381091,
        0.9389521718381091,
        0.9389521718381091,
        0.9389521718381091,
        0.9389521718381091,
        0.9389521718381091,
        0.9389521718381091,
        0.9389521718381091,
        0.9389521718381091,
        0.9389521718381091,
        0.9389521718381091,
        0.9389521718381091,
        0.9389521718381091,
        0.9389521718381091,
        0.9389521718381091,
        0.9389521718381091,
        0.9389521718381091,
        0.9389521718381091,
        0.9389521718381091,
        0.9389521718381091,
        0.9389521718381091,
        0.9389521718381091,
        0.9389521718381091,
        0.9389521718381091,
        0.9389521718381091,
        0.9389521718381091,
        0.9389521718381091,
        0.9389521718381091,
        0.9389521718381091,
        0.9389521718381091,
        0.9389521718381091,
        0.9389521718381091,
        0.9389521718381091,
        0.9389521718381091,
        0.9389521718381091,
        0.9389521718381091,
        0.9389521718381091,
        0.9389521718381091,
        0.9389521718381091,
        0.9389521718381091,
        0.9389521718381091,
        0.9389521718381091,
        0.9389521718381091,
        0.9389521718381091,
        0.9389521718381091,
        0.9389521718381091,
        0.9389521718381091,
        0.9389521718381091,
        0.9389521718381091,
        0.9389521718381091,
        0.9389521718381091,
        0.9389521718381091,
        0.9389521718381091,
        0.9389521718381091,
        0.9389521718381091,
        0.9389521718381091,
        0.9389521718381091,
        0.9389521718381091
    ],