{
    "dimensions": [
        0,
        0,
        0,
        0,
        0,
        0,
        0,
        0,
        0,
        0,
        0,
        0,
        0,
        0,
        0,
        0,
        0,
        0,
        0,
        0,
        0,
        0,
        0,
        0,
        0,
        0,
        0,
        0,
        0,
        0,
        0,
        0,
        0,
        0,
        0,
        0,
        0,
        0,
        0,
        0,
        0,
        0,
        0,
        0,
        0,
        0,
        0,
        0,
        0,
        0,
        0,
        0,
        0,
        0,
        0,
        0,
        0,
        0,
        0,
        0,
        0,
        0,
        0,
        0,
        0,
        0,
        0,
        0,
        0,
        0,
        0,
        0,
        0,
        0,
        0,
        0,
        0,
        0,
        0,
        0,
        0,
        0,
        0,
        0,
        0,
        0,
        0,
        0,
        0,
        0,
        0,
        0,
        0,
        0,
        0,
        0,
        0,
        0,
        0,
        0,
        0,
        0,
        0,
        0,
        0,
        0,
        0,
        0,
        0,
        0,
        0,
        0,
        0,
        0,
        0,
        0,
        0,
        0,
        0,
        0,
        0,
        0,
        0,
        0,
        0,
        0,
        0,
        0,
        0,
        0,
        0,
        0,
        0,
        0,
        0,
        0,
        0,
        0,
        0,
        0,
        0,
        0,
        0,
        0,
        0,
        0,
        0,
        0,
        0,
        0,
        0,
        0,
        0,
        0,
        0,
        0,
        0,
        0,
        0,
        0,
        0,
        0,
        0,
        0,
        0,
        0,
        0,
        0
    ],
    "creation_values": [
        0.9886827933458406,
        0.9886827933458406,
        0.9886827933458406,
        0.9886827933458406,
        0.9886827933458406,
        0.9886827933458406,
        0.9886827933458406,
        0.9886827933458406,
        0.9886827933458406,
        0.9886827933458406,
        0.9886827933458406,
        0.9886827933458406,
        0.9886827933458406,
        0.9886827933458406,
        0.9886827933458406,
        0.9886827933458406,
        0.9886827933458406,
        0.9886827933458406,
        0.9886827933458406,
        0.9886827933458406,
        0.9886827933458406,
        0.9886827933458406,
        0.9886827933458406,
        0.9886827933458406,
        0.9886827933458406,
        0.9886827933458406,
        0.9886827933458406,
        0.9886827933458406,
        0.9886827933458406,
        0.9886827933458406,
        0.9886827933458406,
        0.9886827933458406,
        0.9886827933458406,
        0.9886827933458406,
        0.9886827933458406,
        0.9886827933458406,
        0.9886827933458406,
        0.9886827933458406,
        0.9886827933458406,
        0.9886827933458406,
        0.9886827933458406,
        0.9886827933458406,
        0.9886827933458406,
        0.9886827933458406,
        0.9886827933458406,
        0.9886827933458406,
        0.9886827933458406,
        0.9886827933458406,
        0.9886827933458406,
        0.9886827933458406,
        0.9886827933458406,
        0.9886827933458406,
        0.9886827933458406,
        0.9886827933458406,
        0.9886827933458406,
        0.9886827933458406,
        0.9886827933458406,
        0.9886827933458406,
        0.9886827933458406,
        0.9886827933458406,
        0.9886827933458406,
        0.9886827933458406,
        0.9886827933458406,
        0.9886827933458406,
        0.9886827933458406,
        0.9886827933458406,
        0.9886827933458406,
        0.9886827933458406,
        0.9886827933458406,
        0.9886827933458406,
        0.9886827933458406,
        0.9886827933458406,
        0.9886827933458406,
        0.9886827933458406,
        0.9886827933458406,
        0.9886827933458406,
        0.9886827933458406,
        0.9886827933458406,
        0.9886827933458406,
        0.9886827933458406,
        0.9886827933458406,
        0.9886827933458406,
        0.9886827933458406,
        0.9886827933458406,
        0.9886827933458406,
        0.9886827933458406,
        0.9886827933458406,
        0.9886827933458406,
        0.9886827933458406,
        0.9886827933458406,
        0.9886827933458406,
        0.9886827933458406,
        0.9886827933458406,
        0.9886827933458406,
        0.9886827933458406,
        0.9886827933458406,
        0.9886827933458406,
        0.9886827933458406,
        0.9886827933458406,
        0.9886827933458406,
        0.9886827933458406,
        0.9886827933458406,
        0.9886827933458406,
        0.9886827933458406,
        0.9886827933458406,
        0.9886827933458406,
        0.9886827933458406,
        0.9886827933458406,
        0.9886827933458406,
        0.9886827933458406,
        0.9886827933458406,
        0.9886827933458406,
        0.9886827933458406,
        0.9886827933458406,
        0.9886827933458406,
        0.9886827933458406,
        0.9886827933458406,
        0.9886827933458406,
        0.9886827933458406,
        0.9886827933458406,
        0.9886827933458406,
        0.9886827933458406,
        0.9886827933458406,
        0.9886827933458406,
        0.9886827933458406,
        0.9886827933458406,
        0.9886827933458406,
        0.9886827933458406,
        0.9886827933458406,
        0.9886827933458406,
        0.9886827933458406,
        0.9886827933458406,
        0.9886827933458406,
        0.9886827933458406,
        0.9886827933458406,
        0.9886827933458406,
        0.9886827933458406,
        0.9886827933458406,
        0.9886827933458406,
        0.9886827933458406,
        0.9886827933458406,
        0.9886827933458406,
        0.9886827933458406,
        0.9886827933458406,
        0.9886827933458406,
        0.9886827933458406,
        0.9886827933458406,
        0.9886827933458406,
        0.9886827933458406,
        0.9886827933458406,
        0.9886827933458406,
        0.9886827933458406,
        0.9886827933458406,
        0.9886827933458406,
        0.9886827933458406,
        0.9886827933458406,
        0.9886827933458406,
        0.9886827933458406,
        0.9886827933458406,
        0.9886827933458406,
        0.9886827933458406,
        0.9886827933458406,
        0.9886827933458406,
        0.9886827933458406,
        0.9886827933458406,
        0.9886827933458406,
        0.9886827933458406,
        0.9886827933458406
    ],