{
    "dimensions": [
        0,
        0,
        0,
        0,
        0,
        0,
        0,
        0,
        0,
        0,
        0,
        0,
        0,
        0,
        0,
        0,
        0,
        0,
        0,
        0,
        0,
        0,
        0,
        0,
        0,
        0,
        0,
        0,
        0,
        0,
        0,
        0,
        0,
        0,
        0,
        0,
        0,
        0,
        0,
        0,
        0,
        0,
        0,
        0,
        0,
        0,
        0,
        0,
        0,
        0,
        0,
        0,
        0,
        0,
        0,
        0,
        0,
        0,
        0,
        0,
        0,
        0,
        0,
        0,
        0,
        0,
        0,
        0,
        0,
        0,
        0,
        0,
        0,
        0,
        0,
        0,
        0,
        0,
        0,
        0,
        0,
        0,
        0,
        0,
        0,
        0,
        0,
        0,
        0,
        0,
        0,
        0,
        0,
        0,
        0,
        0,
        0,
        0,
        0,
        0,
        0,
        0,
        0,
        0,
        0,
        0,
        0,
        0,
        0,
        0,
        0,
        0,
        0,
        0,
        0,
        0,
        0,
        0,
        0,
        0,
        0,
        0,
        0,
        0,
        0,
        0,
        0,
        0,
        0,
        0,
        0,
        0,
        0,
        0,
        0,
        0,
        0,
        0,
        0,
        0,
        0,
        0,
        0,
        0,
        0,
        0,
        0,
        0,
        0,
        0,
        0,
        0,
        0,
        0,
        0,
        0,
        0,
        0,
        0,
        0,
        0,
        0,
        0,
        0,
        0,
        0,
        0,
        0
    ],
    "creation_values": [
        0.9930545320593924,
        0.9930545320593924,
        0.9930545320593924,
        0.9930545320593924,
        0.9930545320593924,
        0.9930545320593924,
        0.9930545320593924,
        0.9930545320593924,
        0.9930545320593924,
        0.9930545320593924,
        0.9930545320593924,
        0.9930545320593924,
        0.9930545320593924,
        0.9930545320593924,
        0.9930545320593924,
        0.9930545320593924,
        0.9930545320593924,
        0.9930545320593924,
        0.9930545320593924,
        0.9930545320593924,
        0.9930545320593924,
        0.9930545320593924,
        0.9930545320593924,
        0.9930545320593924,
        0.9930545320593924,
        0.9930545320593924,
        0.9930545320593924,
        0.9930545320593924,
        0.9930545320593924,
        0.9930545320593924,
        0.9930545320593924,
        0.9930545320593924,
        0.9930545320593924,
        0.9930545320593924,
        0.9930545320593924,
        0.9930545320593924,
        0.9930545320593924,
        0.9930545320593924,
        0.9930545320593924,
        0.9930545320593924,
        0.9930545320593924,
        0.9930545320593924,
        0.9930545320593924,
        0.9930545320593924,
        0.9930545320593924,
        0.9930545320593924,
        0.9930545320593924,
        0.9930545320593924,
        0.9930545320593924,
        0.9930545320593924,
        0.9930545320593924,
        0.9930545320593924,
        0.9930545320593924,
        0.9930545320593924,
        0.9930545320593924,
        0.9930545320593924,
        0.9930545320593924,
        0.9930545320593924,
        0.9930545320593924,
        0.9930545320593924,
        0.9930545320593924,
        0.9930545320593924,
        0.9930545320593924,
        0.9930545320593924,
        0.9930545320593924,
        0.9930545320593924,
        0.9930545320593924,
        0.9930545320593924,
        0.9930545320593924,
        0.9930545320593924,
        0.9930545320593924,
        0.9930545320593924,
        0.9930545320593924,
        0.9930545320593924,
        0.9930545320593924,
        0.9930545320593924,
        0.9930545320593924,
        0.9930545320593924,
        0.9930545320593924,
        0.9930545320593924,
        0.9930545320593924,
        0.9930545320593924,
        0.9930545320593924,
        0.9930545320593924,
        0.9930545320593924,
        0.9930545320593924,
        0.9930545320593924,
        0.9930545320593924,
        0.9930545320593924,
        0.9930545320593924,
        0.9930545320593924,
        0.9930545320593924,
        0.9930545320593924,
        0.9930545320593924,
        0.9930545320593924,
        0.9930545320593924,
        0.9930545320593924,
        0.9930545320593924,
        0.9930545320593924,
        0.9930545320593924,
        0.9930545320593924,
        0.9930545320593924,
        0.9930545320593924,
        0.9930545320593924,
        0.9930545320593924,
        0.9930545320593924,
        0.9930545320593924,
        0.9930545320593924,
        0.9930545320593924,
        0.9930545320593924,
        0.9930545320593924,
        0.9930545320593924,
        0.9930545320593924,
        0.9930545320593924,
        0.9930545320593924,
        0.9930545320593924,
        0.9930545320593924,
        0.9930545320593924,
        0.9930545320593924,
        0.9930545320593924,
        0.9930545320593924,
        0.9930545320593924,
        0.9930545320593924,
        0.9930545320593924,
        0.9930545320593924,
        0.9930545320593924,
        0.9930545320593924,
        0.9930545320593924,
        0.9930545320593924,
        0.9930545320593924,
        0.9930545320593924,
        0.9930545320593924,
        0.9930545320593924,
        0.9930545320593924,
        0.9930545320593924,
        0.9930545320593924,
        0.9930545320593924,
        0.9930545320593924,
        0.9930545320593924,
        0.9930545320593924,
        0.9930545320593924,
        0.9930545320593924,
        0.9930545320593924,
        0.9930545320593924,
        0.9930545320593924,
        0.9930545320593924,
        0.9930545320593924,
        0.9930545320593924,
        0.9930545320593924,
        0.9930545320593924,
        0.9930545320593924,
        0.9930545320593924,
        0.9930545320593924,
        0.9930545320593924,
        0.9930545320593924,
        0.9930545320593924,
        0.9930545320593924,
        0.9930545320593924,
        0.9930545320593924,
        0.9930545320593924,
        0.9930545320593924,
        0.9930545320593924,
        0.9930545320593924,
        0.9930545320593924,
        0.9930545320593924,
        0.9930545320593924,
        0.9930545320593924,
        0.9930545320593924
    ],