{
    "dimensions": [
        0,
        0,
        0,
        0,
        0,
        0,
        0,
        0,
        0,
        0,
        0,
        0,
        0,
        0,
        0,
        0,
        0,
        0,
        0,
        0,
        0,
        0,
        0,
        0,
        0,
        0,
        0,
        0,
        0,
        0,
        0,
        0,
        0,
        0,
        0,
        0,
        0,
        0,
        0,
        0,
        0,
        0,
        0,
        0,
        0,
        0,
        0,
        0,
        0,
        0,
        0,
        0,
        0,
        0,
        0,
        0,
        0,
        0,
        0,
        0,
        0,
        0,
        0,
        0,
        0,
        0,
        0,
        0,
        0,
        0,
        0,
        0,
        0,
        0,
        0,
        0,
        0,
        0,
        0,
        0,
        0,
        0,
        0,
        0,
        0,
        0,
        0,
        0,
        0,
        0,
        0,
        0,
        0,
        0,
        0,
        0,
        0,
        0,
        0,
        0,
        0,
        0,
        0,
        0,
        0,
        0,
        0,
        0,
        0,
        0,
        0,
        0,
        0,
        0,
        0,
        0,
        0,
        0,
        0,
        0,
        0,
        0,
        0,
        0,
        0,
        0,
        0,
        0,
        0,
        0,
        0,
        0,
        0,
        0,
        0,
        0,
        0,
        0,
        0,
        0,
        0,
        0,
        0,
        0,
        0,
        0,
        0,
        0,
        0,
        0,
        0,
        0,
        0,
        0,
        0,
        0,
        0,
        0,
        0,
        0,
        0,
        0,
        0,
        0,
        0,
        0,
        0,
        0
    ],
    "creation_values": [
        0.999124626023842,
        0.999124626023842,
        0.999124626023842,
        0.999124626023842,
        0.999124626023842,
        0.999124626023842,
        0.999124626023842,
        0.999124626023842,
        0.999124626023842,
        0.999124626023842,
        0.999124626023842,
        0.999124626023842,
        0.999124626023842,
        0.999124626023842,
        0.999124626023842,
        0.999124626023842,
        0.999124626023842,
        0.999124626023842,
        0.999124626023842,
        0.999124626023842,
        0.999124626023842,
        0.999124626023842,
        0.999124626023842,
        0.999124626023842,
        0.999124626023842,
        0.999124626023842,
        0.999124626023842,
        0.999124626023842,
        0.999124626023842,
        0.999124626023842,
        0.999124626023842,
        0.999124626023842,
        0.999124626023842,
        0.999124626023842,
        0.999124626023842,
        0.999124626023842,
        0.999124626023842,
        0.999124626023842,
        0.999124626023842,
        0.999124626023842,
        0.999124626023842,
        0.999124626023842,
        0.999124626023842,
        0.999124626023842,
        0.999124626023842,
        0.999124626023842,
        0.999124626023842,
        0.999124626023842,
        0.999124626023842,
        0.999124626023842,
        0.999124626023842,
        0.999124626023842,
        0.999124626023842,
        0.999124626023842,
        0.999124626023842,
        0.999124626023842,
        0.999124626023842,
        0.999124626023842,
        0.999124626023842,
        0.999124626023842,
        0.999124626023842,
        0.999124626023842,
        0.999124626023842,
        0.999124626023842,
        0.999124626023842,
        0.999124626023842,
        0.999124626023842,
        0.999124626023842,
        0.999124626023842,
        0.999124626023842,
        0.999124626023842,
        0.999124626023842,
        0.999124626023842,
        0.999124626023842,
        0.999124626023842,
        0.999124626023842,
        0.999124626023842,
        0.999124626023842,
        0.999124626023842,
        0.999124626023842,
        0.999124626023842,
        0.999124626023842,
        0.999124626023842,
        0.999124626023842,
        0.999124626023842,
        0.999124626023842,
        0.999124626023842,
        0.999124626023842,
        0.999124626023842,
        0.999124626023842,
        0.999124626023842,
        0.999124626023842,
        0.999124626023842,
        0.999124626023842,
        0.999124626023842,
        0.999124626023842,
        0.999124626023842,
        0.999124626023842,
        0.999124626023842,
        0.999124626023842,
        0.999124626023842,
        0.999124626023842,
        0.999124626023842,
        0.999124626023842,
        0.999124626023842,
        0.999124626023842,
        0.999124626023842,
        0.999124626023842,
        0.999124626023842,
        0.999124626023842,
        0.999124626023842,
        0.999124626023842,
        0.999124626023842,
        0.999124626023842,
        0.999124626023842,
        0.999124626023842,
        0.999124626023842,
        0.999124626023842,
        0.999124626023842,
        0.999124626023842,
        0.999124626023842,
        0.999124626023842,
        0.999124626023842,
        0.999124626023842,
        0.999124626023842,
        0.999124626023842,
        0.999124626023842,
        0.999124626023842,
        0.999124626023842,
        0.999124626023842,
        0.999124626023842,
        0.999124626023842,
        0.999124626023842,
        0.999124626023842,
        0.999124626023842,
        0.999124626023842,
        0.999124626023842,
        0.999124626023842,
        0.999124626023842,
        0.999124626023842,
        0.999124626023842,
        0.999124626023842,
        0.999124626023842,
        0.999124626023842,
        0.999124626023842,
        0.999124626023842,
        0.999124626023842,
        0.999124626023842,
        0.999124626023842,
        0.999124626023842,
        0.999124626023842,
        0.999124626023842,
        0.999124626023842,
        0.999124626023842,
        0.999124626023842,
        0.999124626023842,
        0.999124626023842,
        0.999124626023842,
        0.999124626023842,
        0.999124626023842,
        0.999124626023842,
        0.999124626023842,
        0.999124626023842,
        0.999124626023842,
        0.999124626023842,
        0.999124626023842,
        0.999124626023842,
        0.999124626023842
    ],