{
    "dimensions": [
        0,
        0,
        0,
        0,
        0,
        0,
        0,
        0,
        0,
        0,
        0,
        0,
        0,
        0,
        0,
        0,
        0,
        0,
        0,
        0,
        0,
        0,
        0,
        0,
        0,
        0,
        0,
        0,
        0,
        0,
        0,
        0,
        0,
        0,
        0,
        0,
        0,
        0,
        0,
        0,
        0,
        0,
        0,
        0,
        0,
        0,
        0,
        0,
        0,
        0,
        0,
        0,
        0,
        0,
        0,
        0,
        0,
        0,
        0,
        0,
        0,
        0,
        0,
        0,
        0,
        0,
        0,
        0,
        0,
        0,
        0,
        0,
        0,
        0,
        0,
        0,
        0,
        0,
        0,
        0,
        0,
        0,
        0,
        0,
        0,
        0,
        0,
        0,
        0,
        0,
        0,
        0,
        0,
        0,
        0,
        0,
        0,
        0,
        0,
        0,
        0,
        0,
        0,
        0,
        0,
        0,
        0,
        0,
        0,
        0,
        0,
        0,
        0,
        0,
        0,
        0,
        0,
        0,
        0,
        0,
        0,
        0,
        0,
        0,
        0,
        0,
        0,
        0,
        0,
        0,
        0,
        0,
        0,
        0,
        0,
        0,
        0,
        0,
        0,
        0,
        0,
        0,
        0,
        0,
        0,
        0,
        0,
        0,
        0,
        0,
        0,
        0,
        0,
        0,
        0,
        0,
        0,
        0,
        0,
        0,
        0,
        0,
        0,
        0,
        0,
        0,
        0,
        0
    ],
    "creation_values": [
        0.7700500664554771,
        0.7700500664554771,
        0.7700500664554771,
        0.7700500664554771,
        0.7700500664554771,
        0.7700500664554771,
        0.7700500664554771,
        0.7700500664554771,
        0.7700500664554771,
        0.7700500664554771,
        0.7700500664554771,
        0.7700500664554771,
        0.7700500664554771,
        0.7700500664554771,
        0.7700500664554771,
        0.7700500664554771,
        0.7700500664554771,
        0.7700500664554771,
        0.7700500664554771,
        0.7700500664554771,
        0.7700500664554771,
        0.7700500664554771,
        0.7700500664554771,
        0.7700500664554771,
        0.7700500664554771,
        0.7700500664554771,
        0.7700500664554771,
        0.7700500664554771,
        0.7700500664554771,
        0.7700500664554771,
        0.7700500664554771,
        0.7700500664554771,
        0.7700500664554771,
        0.7700500664554771,
        0.7700500664554771,
        0.7700500664554771,
        0.7700500664554771,
        0.7700500664554771,
        0.7700500664554771,
        0.7700500664554771,
        0.7700500664554771,
        0.7700500664554771,
        0.7700500664554771,
        0.7700500664554771,
        0.7700500664554771,
        0.7700500664554771,
        0.7700500664554771,
        0.7700500664554771,
        0.7700500664554771,
        0.7700500664554771,
        0.7700500664554771,
        0.7700500664554771,
        0.7700500664554771,
        0.7700500664554771,
        0.7700500664554771,
        0.7700500664554771,
        0.7700500664554771,
        0.7700500664554771,
        0.7700500664554771,
        0.7700500664554771,
        0.7700500664554771,
        0.7700500664554771,
        0.7700500664554771,
        0.7700500664554771,
        0.7700500664554771,
        0.7700500664554771,
        0.7700500664554771,
        0.7700500664554771,
        0.7700500664554771,
        0.7700500664554771,
        0.7700500664554771,
        0.7700500664554771,
        0.7700500664554771,
        0.7700500664554771,
        0.7700500664554771,
        0.7700500664554771,
        0.7700500664554771,
        0.7700500664554771,
        0.7700500664554771,
        0.7700500664554771,
        0.7700500664554771,
        0.7700500664554771,
        0.7700500664554771,
        0.7700500664554771,
        0.7700500664554771,
        0.7700500664554771,
        0.7700500664554771,
        0.7700500664554771,
        0.7700500664554771,
        0.7700500664554771,
        0.7700500664554771,
        0.7700500664554771,
        0.7700500664554771,
        0.7700500664554771,
        0.7700500664554771,
        0.7700500664554771,
        0.7700500664554771,
        0.7700500664554771,
        0.7700500664554771,
        0.7700500664554771,
        0.7700500664554771,
        0.7700500664554771,
        0.7700500664554771,
        0.7700500664554771,
        0.7700500664554771,
        0.7700500664554771,
        0.7700500664554771,
        0.7700500664554771,
        0.7700500664554771,
        0.7700500664554771,
        0.7700500664554771,
        0.7700500664554771,
        0.7700500664554771,
        0.7700500664554771,
        0.7700500664554771,
        0.7700500664554771,
        0.7700500664554771,
        0.7700500664554771,
        0.7700500664554771,
        0.7700500664554771,
        0.7700500664554771,
        0.7700500664554771,
        0.7700500664554771,
        0.7700500664554771,
        0.7700500664554771,
        0.7700500664554771,
        0.7700500664554771,
        0.7700500664554771,
        0.7700500664554771,
        0.7700500664554771,
        0.7700500664554771,
        0.7700500664554771,
        0.7700500664554771,
        0.7700500664554771,
        0.7700500664554771,
        0.7700500664554771,
        0.7700500664554771,
        0.7700500664554771,
        0.7700500664554771,
        0.7700500664554771,
        0.7700500664554771,
        0.7700500664554771,
        0.7700500664554771,
        0.7700500664554771,
        0.7700500664554771,
        0.7700500664554771,
        0.7700500664554771,
        0.7700500664554771,
        0.7700500664554771,
        0.7700500664554771,
        0.7700500664554771,
        0.7700500664554771,
        0.7700500664554771,
        0.7700500664554771,
        0.7700500664554771,
        0.7700500664554771,
        0.7700500664554771,
        0.7700500664554771,
        0.7700500664554771,
        0.7700500664554771,
        0.7700500664554771,
        0.7700500664554771,
        0.7700500664554771,
        0.7700500664554771,
        0.7700500664554771,
        0.7700500664554771,
        0.7700500664554771,
        0.7700500664554771
    ],