{
    "dimensions": [
        0,
        0,
        0,
        0,
        0,
        0,
        0,
        0,
        0,
        0,
        0,
        0,
        0,
        0,
        0,
        0,
        0,
        0,
        0,
        0,
        0,
        0,
        0,
        0,
        0,
        0,
        0,
        0,
        0,
        0,
        0,
        0,
        0,
        0,
        0,
        0,
        0,
        0,
        0,
        0,
        0,
        0,
        0,
        0,
        0,
        0,
        0,
        0,
        0,
        0,
        0,
        0,
        0,
        0,
        0,
        0,
        0,
        0,
        0,
        0,
        0,
        0,
        0,
        0,
        0,
        0,
        0,
        0,
        0,
        0,
        0,
        0,
        0,
        0,
        0,
        0,
        0,
        0,
        0,
        0,
        0,
        0,
        0,
        0,
        0,
        0,
        0,
        0,
        0,
        0,
        0,
        0,
        0,
        0,
        0,
        0,
        0,
        0,
        0,
        0,
        0,
        0,
        0,
        0,
        0,
        0,
        0,
        0,
        0,
        0,
        0,
        0,
        0,
        0,
        0,
        0,
        0,
        0,
        0,
        0,
        0,
        0,
        0,
        0,
        0,
        0,
        0,
        0,
        0,
        0,
        0,
        0,
        0,
        0,
        0,
        0,
        0,
        0,
        0,
        0,
        0,
        0,
        0,
        0,
        0,
        0,
        0,
        0,
        0,
        0,
        0,
        0,
        0,
        0,
        0,
        0,
        0,
        0,
        0,
        0,
        0,
        0,
        0,
        0,
        0,
        0,
        0,
        0
    ],
    "creation_values": [
        0.9797411059921228,
        0.9797411059921228,
        0.9797411059921228,
        0.9797411059921228,
        0.9797411059921228,
        0.9797411059921228,
        0.9797411059921228,
        0.9797411059921228,
        0.9797411059921228,
        0.9797411059921228,
        0.9797411059921228,
        0.9797411059921228,
        0.9797411059921228,
        0.9797411059921228,
        0.9797411059921228,
        0.9797411059921228,
        0.9797411059921228,
        0.9797411059921228,
        0.9797411059921228,
        0.9797411059921228,
        0.9797411059921228,
        0.9797411059921228,
        0.9797411059921228,
        0.9797411059921228,
        0.9797411059921228,
        0.9797411059921228,
        0.9797411059921228,
        0.9797411059921228,
        0.9797411059921228,
        0.9797411059921228,
        0.9797411059921228,
        0.9797411059921228,
        0.9797411059921228,
        0.9797411059921228,
        0.9797411059921228,
        0.9797411059921228,
        0.9797411059921228,
        0.9797411059921228,
        0.9797411059921228,
        0.9797411059921228,
        0.9797411059921228,
        0.9797411059921228,
        0.9797411059921228,
        0.9797411059921228,
        0.9797411059921228,
        0.9797411059921228,
        0.9797411059921228,
        0.9797411059921228,
        0.9797411059921228,
        0.9797411059921228,
        0.9797411059921228,
        0.9797411059921228,
        0.9797411059921228,
        0.9797411059921228,
        0.9797411059921228,
        0.9797411059921228,
        0.9797411059921228,
        0.9797411059921228,
        0.9797411059921228,
        0.9797411059921228,
        0.9797411059921228,
        0.9797411059921228,
        0.9797411059921228,
        0.9797411059921228,
        0.9797411059921228,
        0.9797411059921228,
        0.9797411059921228,
        0.9797411059921228,
        0.9797411059921228,
        0.9797411059921228,
        0.9797411059921228,
        0.9797411059921228,
        0.9797411059921228,
        0.9797411059921228,
        0.9797411059921228,
        0.9797411059921228,
        0.9797411059921228,
        0.9797411059921228,
        0.9797411059921228,
        0.9797411059921228,
        0.9797411059921228,
        0.9797411059921228,
        0.9797411059921228,
        0.9797411059921228,
        0.9797411059921228,
        0.9797411059921228,
        0.9797411059921228,
        0.9797411059921228,
        0.9797411059921228,
        0.9797411059921228,
        0.9797411059921228,
        0.9797411059921228,
        0.9797411059921228,
        0.9797411059921228,
        0.9797411059921228,
        0.9797411059921228,
        0.9797411059921228,
        0.9797411059921228,
        0.9797411059921228,
        0.9797411059921228,
        0.9797411059921228,
        0.9797411059921228,
        0.9797411059921228,
        0.9797411059921228,
        0.9797411059921228,
        0.9797411059921228,
        0.9797411059921228,
        0.9797411059921228,
        0.9797411059921228,
        0.9797411059921228,
        0.9797411059921228,
        0.9797411059921228,
        0.9797411059921228,
        0.9797411059921228,
        0.9797411059921228,
        0.9797411059921228,
        0.9797411059921228,
        0.9797411059921228,
        0.9797411059921228,
        0.9797411059921228,
        0.9797411059921228,
        0.9797411059921228,
        0.9797411059921228,
        0.9797411059921228,
        0.9797411059921228,
        0.9797411059921228,
        0.9797411059921228,
        0.9797411059921228,
        0.9797411059921228,
        0.9797411059921228,
        0.9797411059921228,
        0.9797411059921228,
        0.9797411059921228,
        0.9797411059921228,
        0.9797411059921228,
        0.9797411059921228,
        0.9797411059921228,
        0.9797411059921228,
        0.9797411059921228,
        0.9797411059921228,
        0.9797411059921228,
        0.9797411059921228,
        0.9797411059921228,
        0.9797411059921228,
        0.9797411059921228,
        0.9797411059921228,
        0.9797411059921228,
        0.9797411059921228,
        0.9797411059921228,
        0.9797411059921228,
        0.9797411059921228,
        0.9797411059921228,
        0.9797411059921228,
        0.9797411059921228,
        0.9797411059921228,
        0.9797411059921228,
        0.9797411059921228,
        0.9797411059921228,
        0.9797411059921228,
        0.9797411059921228,
        0.9797411059921228,
        0.9797411059921228,
        0.9797411059921228,
        0.9797411059921228,
        0.9797411059921228,
        0.9797411059921228,
        0.9797411059921228,
        0.9797411059921228
    ],