{
    "dimensions": [
        0,
        0,
        0,
        0,
        0,
        0,
        0,
        0,
        0,
        0,
        0,
        0,
        0,
        0,
        0,
        0,
        0,
        0,
        0,
        0,
        0,
        0,
        0,
        0,
        0,
        0,
        0,
        0,
        0,
        0,
        0,
        0,
        0,
        0,
        0,
        0,
        0,
        0,
        0,
        0,
        0,
        0,
        0,
        0,
        0,
        0,
        0,
        0,
        0,
        0,
        0,
        0,
        0,
        0,
        0,
        0,
        0,
        0,
        0,
        0,
        0,
        0,
        0,
        0,
        0,
        0,
        0,
        0,
        0,
        0,
        0,
        0,
        0,
        0,
        0,
        0,
        0,
        0,
        0,
        0,
        0,
        0,
        0,
        0,
        0,
        0,
        0,
        0,
        0,
        0,
        0,
        0,
        0,
        0,
        0,
        0,
        0,
        0,
        0,
        0,
        0,
        0,
        0,
        0,
        0,
        0,
        0,
        0,
        0,
        0,
        0,
        0,
        0,
        0,
        0,
        0,
        0,
        0,
        0,
        0,
        0,
        0,
        0,
        0,
        0,
        0,
        0,
        0,
        0,
        0,
        0,
        0,
        0,
        0,
        0,
        0,
        0,
        0,
        0,
        0,
        0,
        0,
        0,
        0,
        0,
        0,
        0,
        0,
        0,
        0,
        0,
        0,
        0,
        0,
        0,
        0,
        0,
        0,
        0,
        0,
        0,
        0,
        0,
        0,
        0,
        0,
        0,
        0
    ],
    "creation_values": [
        0.8255889534237001,
        0.8255889534237001,
        0.8255889534237001,
        0.8255889534237001,
        0.8255889534237001,
        0.8255889534237001,
        0.8255889534237001,
        0.8255889534237001,
        0.8255889534237001,
        0.8255889534237001,
        0.8255889534237001,
        0.8255889534237001,
        0.8255889534237001,
        0.8255889534237001,
        0.8255889534237001,
        0.8255889534237001,
        0.8255889534237001,
        0.8255889534237001,
        0.8255889534237001,
        0.8255889534237001,
        0.8255889534237001,
        0.8255889534237001,
        0.8255889534237001,
        0.8255889534237001,
        0.8255889534237001,
        0.8255889534237001,
        0.8255889534237001,
        0.8255889534237001,
        0.8255889534237001,
        0.8255889534237001,
        0.8255889534237001,
        0.8255889534237001,
        0.8255889534237001,
        0.8255889534237001,
        0.8255889534237001,
        0.8255889534237001,
        0.8255889534237001,
        0.8255889534237001,
        0.8255889534237001,
        0.8255889534237001,
        0.8255889534237001,
        0.8255889534237001,
        0.8255889534237001,
        0.8255889534237001,
        0.8255889534237001,
        0.8255889534237001,
        0.8255889534237001,
        0.8255889534237001,
        0.8255889534237001,
        0.8255889534237001,
        0.8255889534237001,
        0.8255889534237001,
        0.8255889534237001,
        0.8255889534237001,
        0.8255889534237001,
        0.8255889534237001,
        0.8255889534237001,
        0.8255889534237001,
        0.8255889534237001,
        0.8255889534237001,
        0.8255889534237001,
        0.8255889534237001,
        0.8255889534237001,
        0.8255889534237001,
        0.8255889534237001,
        0.8255889534237001,
        0.8255889534237001,
        0.8255889534237001,
        0.8255889534237001,
        0.8255889534237001,
        0.8255889534237001,
        0.8255889534237001,
        0.8255889534237001,
        0.8255889534237001,
        0.8255889534237001,
        0.8255889534237001,
        0.8255889534237001,
        0.8255889534237001,
        0.8255889534237001,
        0.8255889534237001,
        0.8255889534237001,
        0.8255889534237001,
        0.8255889534237001,
        0.8255889534237001,
        0.8255889534237001,
        0.8255889534237001,
        0.8255889534237001,
        0.8255889534237001,
        0.8255889534237001,
        0.8255889534237001,
        0.8255889534237001,
        0.8255889534237001,
        0.8255889534237001,
        0.8255889534237001,
        0.8255889534237001,
        0.8255889534237001,
        0.8255889534237001,
        0.8255889534237001,
        0.8255889534237001,
        0.8255889534237001,
        0.8255889534237001,
        0.8255889534237001,
        0.8255889534237001,
        0.8255889534237001,
        0.8255889534237001,
        0.8255889534237001,
        0.8255889534237001,
        0.8255889534237001,
        0.8255889534237001,
        0.8255889534237001,
        0.8255889534237001,
        0.8255889534237001,
        0.8255889534237001,
        0.8255889534237001,
        0.8255889534237001,
        0.8255889534237001,
        0.8255889534237001,
        0.8255889534237001,
        0.8255889534237001,
        0.8255889534237001,
        0.8255889534237001,
        0.8255889534237001,
        0.8255889534237001,
        0.8255889534237001,
        0.8255889534237001,
        0.8255889534237001,
        0.8255889534237001,
        0.8255889534237001,
        0.8255889534237001,
        0.8255889534237001,
        0.8255889534237001,
        0.8255889534237001,
        0.8255889534237001,
        0.8255889534237001,
        0.8255889534237001,
        0.8255889534237001,
        0.8255889534237001,
        0.8255889534237001,
        0.8255889534237001,
        0.8255889534237001,
        0.8255889534237001,
        0.8255889534237001,
        0.8255889534237001,
        0.8255889534237001,
        0.8255889534237001,
        0.8255889534237001,
        0.8255889534237001,
        0.8255889534237001,
        0.8255889534237001,
        0.8255889534237001,
        0.8255889534237001,
        0.8255889534237001,
        0.8255889534237001,
        0.8255889534237001,
        0.8255889534237001,
        0.8255889534237001,
        0.8255889534237001,
        0.8255889534237001,
        0.8255889534237001,
        0.8255889534237001,
        0.8255889534237001,
        0.8255889534237001,
        0.8255889534237001,
        0.8255889534237001,
        0.8255889534237001,
        0.8255889534237001,
        0.8255889534237001,
        0.8255889534237001
    ],