{
    "dimensions": [
        0,
        0,
        0,
        0,
        0,
        0,
        0,
        0,
        0,
        0,
        0,
        0,
        0,
        0,
        0,
        0,
        0,
        0,
        0,
        0,
        0,
        0,
        0,
        0,
        0,
        0,
        0,
        0,
        0,
        0,
        0,
        0,
        0,
        0,
        0,
        0,
        0,
        0,
        0,
        0,
        0,
        0,
        0,
        0,
        0,
        0,
        0,
        0,
        0,
        0,
        0,
        0,
        0,
        0,
        0,
        0,
        0,
        0,
        0,
        0,
        0,
        0,
        0,
        0,
        0,
        0,
        0,
        0,
        0,
        0,
        0,
        0,
        0,
        0,
        0,
        0,
        0,
        0,
        0,
        0,
        0,
        0,
        0,
        0,
        0,
        0,
        0,
        0,
        0,
        0,
        0,
        0,
        0,
        0,
        0,
        0,
        0,
        0,
        0,
        0,
        0,
        0,
        0,
        0,
        0,
        0,
        0,
        0,
        0,
        0,
        0,
        0,
        0,
        0,
        0,
        0,
        0,
        0,
        0,
        0,
        0,
        0,
        0,
        0,
        0,
        0,
        0,
        0,
        0,
        0,
        0,
        0,
        0,
        0,
        0,
        0,
        0,
        0,
        0,
        0,
        0,
        0,
        0,
        0,
        0,
        0,
        0,
        0,
        0,
        0,
        0,
        0,
        0,
        0,
        0,
        0,
        0,
        0,
        0,
        0,
        0,
        0,
        0,
        0,
        0,
        0,
        0,
        0
    ],
    "creation_values": [
        0.9743739407859755,
        0.9743739407859755,
        0.9743739407859755,
        0.9743739407859755,
        0.9743739407859755,
        0.9743739407859755,
        0.9743739407859755,
        0.9743739407859755,
        0.9743739407859755,
        0.9743739407859755,
        0.9743739407859755,
        0.9743739407859755,
        0.9743739407859755,
        0.9743739407859755,
        0.9743739407859755,
        0.9743739407859755,
        0.9743739407859755,
        0.9743739407859755,
        0.9743739407859755,
        0.9743739407859755,
        0.9743739407859755,
        0.9743739407859755,
        0.9743739407859755,
        0.9743739407859755,
        0.9743739407859755,
        0.9743739407859755,
        0.9743739407859755,
        0.9743739407859755,
        0.9743739407859755,
        0.9743739407859755,
        0.9743739407859755,
        0.9743739407859755,
        0.9743739407859755,
        0.9743739407859755,
        0.9743739407859755,
        0.9743739407859755,
        0.9743739407859755,
        0.9743739407859755,
        0.9743739407859755,
        0.9743739407859755,
        0.9743739407859755,
        0.9743739407859755,
        0.9743739407859755,
        0.9743739407859755,
        0.9743739407859755,
        0.9743739407859755,
        0.9743739407859755,
        0.9743739407859755,
        0.9743739407859755,
        0.9743739407859755,
        0.9743739407859755,
        0.9743739407859755,
        0.9743739407859755,
        0.9743739407859755,
        0.9743739407859755,
        0.9743739407859755,
        0.9743739407859755,
        0.9743739407859755,
        0.9743739407859755,
        0.9743739407859755,
        0.9743739407859755,
        0.9743739407859755,
        0.9743739407859755,
        0.9743739407859755,
        0.9743739407859755,
        0.9743739407859755,
        0.9743739407859755,
        0.9743739407859755,
        0.9743739407859755,
        0.9743739407859755,
        0.9743739407859755,
        0.9743739407859755,
        0.9743739407859755,
        0.9743739407859755,
        0.9743739407859755,
        0.9743739407859755,
        0.9743739407859755,
        0.9743739407859755,
        0.9743739407859755,
        0.9743739407859755,
        0.9743739407859755,
        0.9743739407859755,
        0.9743739407859755,
        0.9743739407859755,
        0.9743739407859755,
        0.9743739407859755,
        0.9743739407859755,
        0.9743739407859755,
        0.9743739407859755,
        0.9743739407859755,
        0.9743739407859755,
        0.9743739407859755,
        0.9743739407859755,
        0.9743739407859755,
        0.9743739407859755,
        0.9743739407859755,
        0.9743739407859755,
        0.9743739407859755,
        0.9743739407859755,
        0.9743739407859755,
        0.9743739407859755,
        0.9743739407859755,
        0.9743739407859755,
        0.9743739407859755,
        0.9743739407859755,
        0.9743739407859755,
        0.9743739407859755,
        0.9743739407859755,
        0.9743739407859755,
        0.9743739407859755,
        0.9743739407859755,
        0.9743739407859755,
        0.9743739407859755,
        0.9743739407859755,
        0.9743739407859755,
        0.9743739407859755,
        0.9743739407859755,
        0.9743739407859755,
        0.9743739407859755,
        0.9743739407859755,
        0.9743739407859755,
        0.9743739407859755,
        0.9743739407859755,
        0.9743739407859755,
        0.9743739407859755,
        0.9743739407859755,
        0.9743739407859755,
        0.9743739407859755,
        0.9743739407859755,
        0.9743739407859755,
        0.9743739407859755,
        0.9743739407859755,
        0.9743739407859755,
        0.9743739407859755,
        0.9743739407859755,
        0.9743739407859755,
        0.9743739407859755,
        0.9743739407859755,
        0.9743739407859755,
        0.9743739407859755,
        0.9743739407859755,
        0.9743739407859755,
        0.9743739407859755,
        0.9743739407859755,
        0.9743739407859755,
        0.9743739407859755,
        0.9743739407859755,
        0.9743739407859755,
        0.9743739407859755,
        0.9743739407859755,
        0.9743739407859755,
        0.9743739407859755,
        0.9743739407859755,
        0.9743739407859755,
        0.9743739407859755,
        0.9743739407859755,
        0.9743739407859755,
        0.9743739407859755,
        0.9743739407859755,
        0.9743739407859755,
        0.9743739407859755,
        0.9743739407859755,
        0.9743739407859755,
        0.9743739407859755,
        0.9743739407859755,
        0.9743739407859755,
        0.9743739407859755,
        0.9743739407859755
    ],