{
    "dimensions": [
        0,
        0,
        0,
        0,
        0,
        0,
        0,
        0,
        0,
        0,
        0,
        0,
        0,
        0,
        0,
        0,
        0,
        0,
        0,
        0,
        0,
        0,
        0,
        0,
        0,
        0,
        0,
        0,
        0,
        0,
        0,
        0,
        0,
        0,
        0,
        0,
        0,
        0,
        0,
        0,
        0,
        0,
        0,
        0,
        0,
        0,
        0,
        0,
        0,
        0,
        0,
        0,
        0,
        0,
        0,
        0,
        0,
        0,
        0,
        0,
        0,
        0,
        0,
        0,
        0,
        0,
        0,
        0,
        0,
        0,
        0,
        0,
        0,
        0,
        0,
        0,
        0,
        0,
        0,
        0,
        0,
        0,
        0,
        0,
        0,
        0,
        0,
        0,
        0,
        0,
        0,
        0,
        0,
        0,
        0,
        0,
        0,
        0,
        0,
        0,
        0,
        0,
        0,
        0,
        0,
        0,
        0,
        0,
        0,
        0,
        0,
        0,
        0,
        0,
        0,
        0,
        0,
        0,
        0,
        0,
        0,
        0,
        0,
        0,
        0,
        0,
        0,
        0,
        0,
        0,
        0,
        0,
        0,
        0,
        0,
        0,
        0,
        0,
        0,
        0,
        0,
        0,
        0,
        0,
        0,
        0,
        0,
        0,
        0,
        0,
        0,
        0,
        0,
        0,
        0,
        0,
        0,
        0,
        0,
        0,
        0,
        0,
        0,
        0,
        0,
        0,
        0,
        0
    ],
    "creation_values": [
        0.9967685298042993,
        0.9967685298042993,
        0.9967685298042993,
        0.9967685298042993,
        0.9967685298042993,
        0.9967685298042993,
        0.9967685298042993,
        0.9967685298042993,
        0.9967685298042993,
        0.9967685298042993,
        0.9967685298042993,
        0.9967685298042993,
        0.9967685298042993,
        0.9967685298042993,
        0.9967685298042993,
        0.9967685298042993,
        0.9967685298042993,
        0.9967685298042993,
        0.9967685298042993,
        0.9967685298042993,
        0.9967685298042993,
        0.9967685298042993,
        0.9967685298042993,
        0.9967685298042993,
        0.9967685298042993,
        0.9967685298042993,
        0.9967685298042993,
        0.9967685298042993,
        0.9967685298042993,
        0.9967685298042993,
        0.9967685298042993,
        0.9967685298042993,
        0.9967685298042993,
        0.9967685298042993,
        0.9967685298042993,
        0.9967685298042993,
        0.9967685298042993,
        0.9967685298042993,
        0.9967685298042993,
        0.9967685298042993,
        0.9967685298042993,
        0.9967685298042993,
        0.9967685298042993,
        0.9967685298042993,
        0.9967685298042993,
        0.9967685298042993,
        0.9967685298042993,
        0.9967685298042993,
        0.9967685298042993,
        0.9967685298042993,
        0.9967685298042993,
        0.9967685298042993,
        0.9967685298042993,
        0.9967685298042993,
        0.9967685298042993,
        0.9967685298042993,
        0.9967685298042993,
        0.9967685298042993,
        0.9967685298042993,
        0.9967685298042993,
        0.9967685298042993,
        0.9967685298042993,
        0.9967685298042993,
        0.9967685298042993,
        0.9967685298042993,
        0.9967685298042993,
        0.9967685298042993,
        0.9967685298042993,
        0.9967685298042993,
        0.9967685298042993,
        0.9967685298042993,
        0.9967685298042993,
        0.9967685298042993,
        0.9967685298042993,
        0.9967685298042993,
        0.9967685298042993,
        0.9967685298042993,
        0.9967685298042993,
        0.9967685298042993,
        0.9967685298042993,
        0.9967685298042993,
        0.9967685298042993,
        0.9967685298042993,
        0.9967685298042993,
        0.9967685298042993,
        0.9967685298042993,
        0.9967685298042993,
        0.9967685298042993,
        0.9967685298042993,
        0.9967685298042993,
        0.9967685298042993,
        0.9967685298042993,
        0.9967685298042993,
        0.9967685298042993,
        0.9967685298042993,
        0.9967685298042993,
        0.9967685298042993,
        0.9967685298042993,
        0.9967685298042993,
        0.9967685298042993,
        0.9967685298042993,
        0.9967685298042993,
        0.9967685298042993,
        0.9967685298042993,
        0.9967685298042993,
        0.9967685298042993,
        0.9967685298042993,
        0.9967685298042993,
        0.9967685298042993,
        0.9967685298042993,
        0.9967685298042993,
        0.9967685298042993,
        0.9967685298042993,
        0.9967685298042993,
        0.9967685298042993,
        0.9967685298042993,
        0.9967685298042993,
        0.9967685298042993,
        0.9967685298042993,
        0.9967685298042993,
        0.9967685298042993,
        0.9967685298042993,
        0.9967685298042993,
        0.9967685298042993,
        0.9967685298042993,
        0.9967685298042993,
        0.9967685298042993,
        0.9967685298042993,
        0.9967685298042993,
        0.9967685298042993,
        0.9967685298042993,
        0.9967685298042993,
        0.9967685298042993,
        0.9967685298042993,
        0.9967685298042993,
        0.9967685298042993,
        0.9967685298042993,
        0.9967685298042993,
        0.9967685298042993,
        0.9967685298042993,
        0.9967685298042993,
        0.9967685298042993,
        0.9967685298042993,
        0.9967685298042993,
        0.9967685298042993,
        0.9967685298042993,
        0.9967685298042993,
        0.9967685298042993,
        0.9967685298042993,
        0.9967685298042993,
        0.9967685298042993,
        0.9967685298042993,
        0.9967685298042993,
        0.9967685298042993,
        0.9967685298042993,
        0.9967685298042993,
        0.9967685298042993,
        0.9967685298042993,
        0.9967685298042993,
        0.9967685298042993,
        0.9967685298042993,
        0.9967685298042993,
        0.9967685298042993,
        0.9967685298042993,
        0.9967685298042993,
        0.9967685298042993,
        0.9967685298042993,
        0.9967685298042993
    ],