{
    "dimensions": [
        0,
        0,
        0,
        0,
        0,
        0,
        0,
        0,
        0,
        0,
        0,
        0,
        0,
        0,
        0,
        0,
        0,
        0,
        0,
        0,
        0,
        0,
        0,
        0,
        0,
        0,
        0,
        0,
        0,
        0,
        0,
        0,
        0,
        0,
        0,
        0,
        0,
        0,
        0,
        0,
        0,
        0,
        0,
        0,
        0,
        0,
        0,
        0,
        0,
        0,
        0,
        0,
        0,
        0,
        0,
        0,
        0,
        0,
        0,
        0,
        0,
        0,
        0,
        0,
        0,
        0,
        0,
        0,
        0,
        0,
        0,
        0,
        0,
        0,
        0,
        0,
        0,
        0,
        0,
        0,
        0,
        0,
        0,
        0,
        0,
        0,
        0,
        0,
        0,
        0,
        0,
        0,
        0,
        0,
        0,
        0,
        0,
        0,
        0,
        0,
        0,
        0,
        0,
        0,
        0,
        0,
        0,
        0,
        0,
        0,
        0,
        0,
        0,
        0,
        0,
        0,
        0,
        0,
        0,
        0,
        0,
        0,
        0,
        0,
        0,
        0,
        0,
        0,
        0,
        0,
        0,
        0,
        0,
        0,
        0,
        0,
        0,
        0,
        0,
        0,
        0,
        0,
        0,
        0,
        0,
        0,
        0,
        0,
        0,
        0,
        0,
        0,
        0,
        0,
        0,
        0,
        0,
        0,
        0,
        0,
        0,
        0,
        0,
        0,
        0,
        0,
        0,
        0
    ],
    "creation_values": [
        0.9841883380971646,
        0.9841883380971646,
        0.9841883380971646,
        0.9841883380971646,
        0.9841883380971646,
        0.9841883380971646,
        0.9841883380971646,
        0.9841883380971646,
        0.9841883380971646,
        0.9841883380971646,
        0.9841883380971646,
        0.9841883380971646,
        0.9841883380971646,
        0.9841883380971646,
        0.9841883380971646,
        0.9841883380971646,
        0.9841883380971646,
        0.9841883380971646,
        0.9841883380971646,
        0.9841883380971646,
        0.9841883380971646,
        0.9841883380971646,
        0.9841883380971646,
        0.9841883380971646,
        0.9841883380971646,
        0.9841883380971646,
        0.9841883380971646,
        0.9841883380971646,
        0.9841883380971646,
        0.9841883380971646,
        0.9841883380971646,
        0.9841883380971646,
        0.9841883380971646,
        0.9841883380971646,
        0.9841883380971646,
        0.9841883380971646,
        0.9841883380971646,
        0.9841883380971646,
        0.9841883380971646,
        0.9841883380971646,
        0.9841883380971646,
        0.9841883380971646,
        0.9841883380971646,
        0.9841883380971646,
        0.9841883380971646,
        0.9841883380971646,
        0.9841883380971646,
        0.9841883380971646,
        0.9841883380971646,
        0.9841883380971646,
        0.9841883380971646,
        0.9841883380971646,
        0.9841883380971646,
        0.9841883380971646,
        0.9841883380971646,
        0.9841883380971646,
        0.9841883380971646,
        0.9841883380971646,
        0.9841883380971646,
        0.9841883380971646,
        0.9841883380971646,
        0.9841883380971646,
        0.9841883380971646,
        0.9841883380971646,
        0.9841883380971646,
        0.9841883380971646,
        0.9841883380971646,
        0.9841883380971646,
        0.9841883380971646,
        0.9841883380971646,
        0.9841883380971646,
        0.9841883380971646,
        0.9841883380971646,
        0.9841883380971646,
        0.9841883380971646,
        0.9841883380971646,
        0.9841883380971646,
        0.9841883380971646,
        0.9841883380971646,
        0.9841883380971646,
        0.9841883380971646,
        0.9841883380971646,
        0.9841883380971646,
        0.9841883380971646,
        0.9841883380971646,
        0.9841883380971646,
        0.9841883380971646,
        0.9841883380971646,
        0.9841883380971646,
        0.9841883380971646,
        0.9841883380971646,
        0.9841883380971646,
        0.9841883380971646,
        0.9841883380971646,
        0.9841883380971646,
        0.9841883380971646,
        0.9841883380971646,
        0.9841883380971646,
        0.9841883380971646,
        0.9841883380971646,
        0.9841883380971646,
        0.9841883380971646,
        0.9841883380971646,
        0.9841883380971646,
        0.9841883380971646,
        0.9841883380971646,
        0.9841883380971646,
        0.9841883380971646,
        0.9841883380971646,
        0.9841883380971646,
        0.9841883380971646,
        0.9841883380971646,
        0.9841883380971646,
        0.9841883380971646,
        0.9841883380971646,
        0.9841883380971646,
        0.9841883380971646,
        0.9841883380971646,
        0.9841883380971646,
        0.9841883380971646,
        0.9841883380971646,
        0.9841883380971646,
        0.9841883380971646,
        0.9841883380971646,
        0.9841883380971646,
        0.9841883380971646,
        0.9841883380971646,
        0.9841883380971646,
        0.9841883380971646,
        0.9841883380971646,
        0.9841883380971646,
        0.9841883380971646,
        0.9841883380971646,
        0.9841883380971646,
        0.9841883380971646,
        0.9841883380971646,
        0.9841883380971646,
        0.9841883380971646,
        0.9841883380971646,
        0.9841883380971646,
        0.9841883380971646,
        0.9841883380971646,
        0.9841883380971646,
        0.9841883380971646,
        0.9841883380971646,
        0.9841883380971646,
        0.9841883380971646,
        0.9841883380971646,
        0.9841883380971646,
        0.9841883380971646,
        0.9841883380971646,
        0.9841883380971646,
        0.9841883380971646,
        0.9841883380971646,
        0.9841883380971646,
        0.9841883380971646,
        0.9841883380971646,
        0.9841883380971646,
        0.9841883380971646,
        0.9841883380971646,
        0.9841883380971646,
        0.9841883380971646,
        0.9841883380971646,
        0.9841883380971646,
        0.9841883380971646,
        0.9841883380971646,
        0.9841883380971646,
        0.9841883380971646
    ],