{
    "dimensions": [
        0,
        0,
        0,
        0,
        0,
        0,
        0,
        0,
        0,
        0,
        0,
        0,
        0,
        0,
        0,
        0,
        0,
        0,
        0,
        0,
        0,
        0,
        0,
        0,
        0,
        0,
        0,
        0,
        0,
        0,
        0,
        0,
        0,
        0,
        0,
        0,
        0,
        0,
        0,
        0,
        0,
        0,
        0,
        0,
        0,
        0,
        0,
        0,
        0,
        0,
        0,
        0,
        0,
        0,
        0,
        0,
        0,
        0,
        0,
        0,
        0,
        0,
        0,
        0,
        0,
        0,
        0,
        0,
        0,
        0,
        0,
        0,
        0,
        0,
        0,
        0,
        0,
        0,
        0,
        0,
        0,
        0,
        0,
        0,
        0,
        0,
        0,
        0,
        0,
        0,
        0,
        0,
        0,
        0,
        0,
        0,
        0,
        0,
        0,
        0,
        0,
        0,
        0,
        0,
        0,
        0,
        0,
        0,
        0,
        0,
        0,
        0,
        0,
        0,
        0,
        0,
        0,
        0,
        0,
        0,
        0,
        0,
        0,
        0,
        0,
        0,
        0,
        0,
        0,
        0,
        0,
        0,
        0,
        0,
        0,
        0,
        0,
        0,
        0,
        0,
        0,
        0,
        0,
        0,
        0,
        0,
        0,
        0,
        0,
        0,
        0,
        0,
        0,
        0,
        0,
        0,
        0,
        0,
        0,
        0,
        0,
        0,
        0,
        0,
        0,
        0,
        0,
        0
    ],
    "creation_values": [
        0.9968635128810788,
        0.9968635128810788,
        0.9968635128810788,
        0.9968635128810788,
        0.9968635128810788,
        0.9968635128810788,
        0.9968635128810788,
        0.9968635128810788,
        0.9968635128810788,
        0.9968635128810788,
        0.9968635128810788,
        0.9968635128810788,
        0.9968635128810788,
        0.9968635128810788,
        0.9968635128810788,
        0.9968635128810788,
        0.9968635128810788,
        0.9968635128810788,
        0.9968635128810788,
        0.9968635128810788,
        0.9968635128810788,
        0.9968635128810788,
        0.9968635128810788,
        0.9968635128810788,
        0.9968635128810788,
        0.9968635128810788,
        0.9968635128810788,
        0.9968635128810788,
        0.9968635128810788,
        0.9968635128810788,
        0.9968635128810788,
        0.9968635128810788,
        0.9968635128810788,
        0.9968635128810788,
        0.9968635128810788,
        0.9968635128810788,
        0.9968635128810788,
        0.9968635128810788,
        0.9968635128810788,
        0.9968635128810788,
        0.9968635128810788,
        0.9968635128810788,
        0.9968635128810788,
        0.9968635128810788,
        0.9968635128810788,
        0.9968635128810788,
        0.9968635128810788,
        0.9968635128810788,
        0.9968635128810788,
        0.9968635128810788,
        0.9968635128810788,
        0.9968635128810788,
        0.9968635128810788,
        0.9968635128810788,
        0.9968635128810788,
        0.9968635128810788,
        0.9968635128810788,
        0.9968635128810788,
        0.9968635128810788,
        0.9968635128810788,
        0.9968635128810788,
        0.9968635128810788,
        0.9968635128810788,
        0.9968635128810788,
        0.9968635128810788,
        0.9968635128810788,
        0.9968635128810788,
        0.9968635128810788,
        0.9968635128810788,
        0.9968635128810788,
        0.9968635128810788,
        0.9968635128810788,
        0.9968635128810788,
        0.9968635128810788,
        0.9968635128810788,
        0.9968635128810788,
        0.9968635128810788,
        0.9968635128810788,
        0.9968635128810788,
        0.9968635128810788,
        0.9968635128810788,
        0.9968635128810788,
        0.9968635128810788,
        0.9968635128810788,
        0.9968635128810788,
        0.9968635128810788,
        0.9968635128810788,
        0.9968635128810788,
        0.9968635128810788,
        0.9968635128810788,
        0.9968635128810788,
        0.9968635128810788,
        0.9968635128810788,
        0.9968635128810788,
        0.9968635128810788,
        0.9968635128810788,
        0.9968635128810788,
        0.9968635128810788,
        0.9968635128810788,
        0.9968635128810788,
        0.9968635128810788,
        0.9968635128810788,
        0.9968635128810788,
        0.9968635128810788,
        0.9968635128810788,
        0.9968635128810788,
        0.9968635128810788,
        0.9968635128810788,
        0.9968635128810788,
        0.9968635128810788,
        0.9968635128810788,
        0.9968635128810788,
        0.9968635128810788,
        0.9968635128810788,
        0.9968635128810788,
        0.9968635128810788,
        0.9968635128810788,
        0.9968635128810788,
        0.9968635128810788,
        0.9968635128810788,
        0.9968635128810788,
        0.9968635128810788,
        0.9968635128810788,
        0.9968635128810788,
        0.9968635128810788,
        0.9968635128810788,
        0.9968635128810788,
        0.9968635128810788,
        0.9968635128810788,
        0.9968635128810788,
        0.9968635128810788,
        0.9968635128810788,
        0.9968635128810788,
        0.9968635128810788,
        0.9968635128810788,
        0.9968635128810788,
        0.9968635128810788,
        0.9968635128810788,
        0.9968635128810788,
        0.9968635128810788,
        0.9968635128810788,
        0.9968635128810788,
        0.9968635128810788,
        0.9968635128810788,
        0.9968635128810788,
        0.9968635128810788,
        0.9968635128810788,
        0.9968635128810788,
        0.9968635128810788,
        0.9968635128810788,
        0.9968635128810788,
        0.9968635128810788,
        0.9968635128810788,
        0.9968635128810788,
        0.9968635128810788,
        0.9968635128810788,
        0.9968635128810788,
        0.9968635128810788,
        0.9968635128810788,
        0.9968635128810788,
        0.9968635128810788,
        0.9968635128810788,
        0.9968635128810788,
        0.9968635128810788,
        0.9968635128810788,
        0.9968635128810788,
        0.9968635128810788,
        0.9968635128810788
    ],