{
    "dimensions": [
        0,
        0,
        0,
        0,
        0,
        0,
        0,
        0,
        0,
        0,
        0,
        0,
        0,
        0,
        0,
        0,
        0,
        0,
        0,
        0,
        0,
        0,
        0,
        0,
        0,
        0,
        0,
        0,
        0,
        0,
        0,
        0,
        0,
        0,
        0,
        0,
        0,
        0,
        0,
        0,
        0,
        0,
        0,
        0,
        0,
        0,
        0,
        0,
        0,
        0,
        0,
        0,
        0,
        0,
        0,
        0,
        0,
        0,
        0,
        0,
        0,
        0,
        0,
        0,
        0,
        0,
        0,
        0,
        0,
        0,
        0,
        0,
        0,
        0,
        0,
        0,
        0,
        0,
        0,
        0,
        0,
        0,
        0,
        0,
        0,
        0,
        0,
        0,
        0,
        0,
        0,
        0,
        0,
        0,
        0,
        0,
        0,
        0,
        0,
        0,
        0,
        0,
        0,
        0,
        0,
        0,
        0,
        0,
        0,
        0,
        0,
        0,
        0,
        0,
        0,
        0,
        0,
        0,
        0,
        0,
        0,
        0,
        0,
        0,
        0,
        0,
        0,
        0,
        0,
        0,
        0,
        0,
        0,
        0,
        0,
        0,
        0,
        0,
        0,
        0,
        0,
        0,
        0,
        0,
        0,
        0,
        0,
        0,
        0,
        0,
        0,
        0,
        0,
        0,
        0,
        0,
        0,
        0,
        0,
        0,
        0,
        0,
        0,
        0,
        0,
        0,
        0,
        0
    ],
    "creation_values": [
        0.9696244748472839,
        0.9696244748472839,
        0.9696244748472839,
        0.9696244748472839,
        0.9696244748472839,
        0.9696244748472839,
        0.9696244748472839,
        0.9696244748472839,
        0.9696244748472839,
        0.9696244748472839,
        0.9696244748472839,
        0.9696244748472839,
        0.9696244748472839,
        0.9696244748472839,
        0.9696244748472839,
        0.9696244748472839,
        0.9696244748472839,
        0.9696244748472839,
        0.9696244748472839,
        0.9696244748472839,
        0.9696244748472839,
        0.9696244748472839,
        0.9696244748472839,
        0.9696244748472839,
        0.9696244748472839,
        0.9696244748472839,
        0.9696244748472839,
        0.9696244748472839,
        0.9696244748472839,
        0.9696244748472839,
        0.9696244748472839,
        0.9696244748472839,
        0.9696244748472839,
        0.9696244748472839,
        0.9696244748472839,
        0.9696244748472839,
        0.9696244748472839,
        0.9696244748472839,
        0.9696244748472839,
        0.9696244748472839,
        0.9696244748472839,
        0.9696244748472839,
        0.9696244748472839,
        0.9696244748472839,
        0.9696244748472839,
        0.9696244748472839,
        0.9696244748472839,
        0.9696244748472839,
        0.9696244748472839,
        0.9696244748472839,
        0.9696244748472839,
        0.9696244748472839,
        0.9696244748472839,
        0.9696244748472839,
        0.9696244748472839,
        0.9696244748472839,
        0.9696244748472839,
        0.9696244748472839,
        0.9696244748472839,
        0.9696244748472839,
        0.9696244748472839,
        0.9696244748472839,
        0.9696244748472839,
        0.9696244748472839,
        0.9696244748472839,
        0.9696244748472839,
        0.9696244748472839,
        0.9696244748472839,
        0.9696244748472839,
        0.9696244748472839,
        0.9696244748472839,
        0.9696244748472839,
        0.9696244748472839,
        0.9696244748472839,
        0.9696244748472839,
        0.9696244748472839,
        0.9696244748472839,
        0.9696244748472839,
        0.9696244748472839,
        0.9696244748472839,
        0.9696244748472839,
        0.9696244748472839,
        0.9696244748472839,
        0.9696244748472839,
        0.9696244748472839,
        0.9696244748472839,
        0.9696244748472839,
        0.9696244748472839,
        0.9696244748472839,
        0.9696244748472839,
        0.9696244748472839,
        0.9696244748472839,
        0.9696244748472839,
        0.9696244748472839,
        0.9696244748472839,
        0.9696244748472839,
        0.9696244748472839,
        0.9696244748472839,
        0.9696244748472839,
        0.9696244748472839,
        0.9696244748472839,
        0.9696244748472839,
        0.9696244748472839,
        0.9696244748472839,
        0.9696244748472839,
        0.9696244748472839,
        0.9696244748472839,
        0.9696244748472839,
        0.9696244748472839,
        0.9696244748472839,
        0.9696244748472839,
        0.9696244748472839,
        0.9696244748472839,
        0.9696244748472839,
        0.9696244748472839,
        0.9696244748472839,
        0.9696244748472839,
        0.9696244748472839,
        0.9696244748472839,
        0.9696244748472839,
        0.9696244748472839,
        0.9696244748472839,
        0.9696244748472839,
        0.9696244748472839,
        0.9696244748472839,
        0.9696244748472839,
        0.9696244748472839,
        0.9696244748472839,
        0.9696244748472839,
        0.9696244748472839,
        0.9696244748472839,
        0.9696244748472839,
        0.9696244748472839,
        0.9696244748472839,
        0.9696244748472839,
        0.9696244748472839,
        0.9696244748472839,
        0.9696244748472839,
        0.9696244748472839,
        0.9696244748472839,
        0.9696244748472839,
        0.9696244748472839,
        0.9696244748472839,
        0.9696244748472839,
        0.9696244748472839,
        0.9696244748472839,
        0.9696244748472839,
        0.9696244748472839,
        0.9696244748472839,
        0.9696244748472839,
        0.9696244748472839,
        0.9696244748472839,
        0.9696244748472839,
        0.9696244748472839,
        0.9696244748472839,
        0.9696244748472839,
        0.9696244748472839,
        0.9696244748472839,
        0.9696244748472839,
        0.9696244748472839,
        0.9696244748472839,
        0.9696244748472839,
        0.9696244748472839,
        0.9696244748472839,
        0.9696244748472839,
        0.9696244748472839,
        0.9696244748472839,
        0.9696244748472839
    ],