{
    "dimensions": [
        0,
        0,
        0,
        0,
        0,
        0,
        0,
        0,
        0,
        0,
        0,
        0,
        0,
        0,
        0,
        0,
        0,
        0,
        0,
        0,
        0,
        0,
        0,
        0,
        0,
        0,
        0,
        0,
        0,
        0,
        0,
        0,
        0,
        0,
        0,
        0,
        0,
        0,
        0,
        0,
        0,
        0,
        0,
        0,
        0,
        0,
        0,
        0,
        0,
        0,
        0,
        0,
        0,
        0,
        0,
        0,
        0,
        0,
        0,
        0,
        0,
        0,
        0,
        0,
        0,
        0,
        0,
        0,
        0,
        0,
        0,
        0,
        0,
        0,
        0,
        0,
        0,
        0,
        0,
        0,
        0,
        0,
        0,
        0,
        0,
        0,
        0,
        0,
        0,
        0,
        0,
        0,
        0,
        0,
        0,
        0,
        0,
        0,
        0,
        0,
        0,
        0,
        0,
        0,
        0,
        0,
        0,
        0,
        0,
        0,
        0,
        0,
        0,
        0,
        0,
        0,
        0,
        0,
        0,
        0,
        0,
        0,
        0,
        0,
        0,
        0,
        0,
        0,
        0,
        0,
        0,
        0,
        0,
        0,
        0,
        0,
        0,
        0,
        0,
        0,
        0,
        0,
        0,
        0,
        0,
        0,
        0,
        0,
        0,
        0,
        0,
        0,
        0,
        0,
        0,
        0,
        0,
        0,
        0,
        0,
        0,
        0,
        0,
        0,
        0,
        0,
        0,
        0
    ],
    "creation_values": [
        0.9791434961702598,
        0.9791434961702598,
        0.9791434961702598,
        0.9791434961702598,
        0.9791434961702598,
        0.9791434961702598,
        0.9791434961702598,
        0.9791434961702598,
        0.9791434961702598,
        0.9791434961702598,
        0.9791434961702598,
        0.9791434961702598,
        0.9791434961702598,
        0.9791434961702598,
        0.9791434961702598,
        0.9791434961702598,
        0.9791434961702598,
        0.9791434961702598,
        0.9791434961702598,
        0.9791434961702598,
        0.9791434961702598,
        0.9791434961702598,
        0.9791434961702598,
        0.9791434961702598,
        0.9791434961702598,
        0.9791434961702598,
        0.9791434961702598,
        0.9791434961702598,
        0.9791434961702598,
        0.9791434961702598,
        0.9791434961702598,
        0.9791434961702598,
        0.9791434961702598,
        0.9791434961702598,
        0.9791434961702598,
        0.9791434961702598,
        0.9791434961702598,
        0.9791434961702598,
        0.9791434961702598,
        0.9791434961702598,
        0.9791434961702598,
        0.9791434961702598,
        0.9791434961702598,
        0.9791434961702598,
        0.9791434961702598,
        0.9791434961702598,
        0.9791434961702598,
        0.9791434961702598,
        0.9791434961702598,
        0.9791434961702598,
        0.9791434961702598,
        0.9791434961702598,
        0.9791434961702598,
        0.9791434961702598,
        0.9791434961702598,
        0.9791434961702598,
        0.9791434961702598,
        0.9791434961702598,
        0.9791434961702598,
        0.9791434961702598,
        0.9791434961702598,
        0.9791434961702598,
        0.9791434961702598,
        0.9791434961702598,
        0.9791434961702598,
        0.9791434961702598,
        0.9791434961702598,
        0.9791434961702598,
        0.9791434961702598,
        0.9791434961702598,
        0.9791434961702598,
        0.9791434961702598,
        0.9791434961702598,
        0.9791434961702598,
        0.9791434961702598,
        0.9791434961702598,
        0.9791434961702598,
        0.9791434961702598,
        0.9791434961702598,
        0.9791434961702598,
        0.9791434961702598,
        0.9791434961702598,
        0.9791434961702598,
        0.9791434961702598,
        0.9791434961702598,
        0.9791434961702598,
        0.9791434961702598,
        0.9791434961702598,
        0.9791434961702598,
        0.9791434961702598,
        0.9791434961702598,
        0.9791434961702598,
        0.9791434961702598,
        0.9791434961702598,
        0.9791434961702598,
        0.9791434961702598,
        0.9791434961702598,
        0.9791434961702598,
        0.9791434961702598,
        0.9791434961702598,
        0.9791434961702598,
        0.9791434961702598,
        0.9791434961702598,
        0.9791434961702598,
        0.9791434961702598,
        0.9791434961702598,
        0.9791434961702598,
        0.9791434961702598,
        0.9791434961702598,
        0.9791434961702598,
        0.9791434961702598,
        0.9791434961702598,
        0.9791434961702598,
        0.9791434961702598,
        0.9791434961702598,
        0.9791434961702598,
        0.9791434961702598,
        0.9791434961702598,
        0.9791434961702598,
        0.9791434961702598,
        0.9791434961702598,
        0.9791434961702598,
        0.9791434961702598,
        0.9791434961702598,
        0.9791434961702598,
        0.9791434961702598,
        0.9791434961702598,
        0.9791434961702598,
        0.9791434961702598,
        0.9791434961702598,
        0.9791434961702598,
        0.9791434961702598,
        0.9791434961702598,
        0.9791434961702598,
        0.9791434961702598,
        0.9791434961702598,
        0.9791434961702598,
        0.9791434961702598,
        0.9791434961702598,
        0.9791434961702598,
        0.9791434961702598,
        0.9791434961702598,
        0.9791434961702598,
        0.9791434961702598,
        0.9791434961702598,
        0.9791434961702598,
        0.9791434961702598,
        0.9791434961702598,
        0.9791434961702598,
        0.9791434961702598,
        0.9791434961702598,
        0.9791434961702598,
        0.9791434961702598,
        0.9791434961702598,
        0.9791434961702598,
        0.9791434961702598,
        0.9791434961702598,
        0.9791434961702598,
        0.9791434961702598,
        0.9791434961702598,
        0.9791434961702598,
        0.9791434961702598,
        0.9791434961702598,
        0.9791434961702598,
        0.9791434961702598,
        0.9791434961702598,
        0.9791434961702598,
        0.9791434961702598
    ],