{
    "dimensions": [
        0,
        0,
        0,
        0,
        0,
        0,
        0,
        0,
        0,
        0,
        0,
        0,
        0,
        0,
        0,
        0,
        0,
        0,
        0,
        0,
        0,
        0,
        0,
        0,
        0,
        0,
        0,
        0,
        0,
        0,
        0,
        0,
        0,
        0,
        0,
        0,
        0,
        0,
        0,
        0,
        0,
        0,
        0,
        0,
        0,
        0,
        0,
        0,
        0,
        0,
        0,
        0,
        0,
        0,
        0,
        0,
        0,
        0,
        0,
        0,
        0,
        0,
        0,
        0,
        0,
        0,
        0,
        0,
        0,
        0,
        0,
        0,
        0,
        0,
        0,
        0,
        0,
        0,
        0,
        0,
        0,
        0,
        0,
        0,
        0,
        0,
        0,
        0,
        0,
        0,
        0,
        0,
        0,
        0,
        0,
        0,
        0,
        0,
        0,
        0,
        0,
        0,
        0,
        0,
        0,
        0,
        0,
        0,
        0,
        0,
        0,
        0,
        0,
        0,
        0,
        0,
        0,
        0,
        0,
        0,
        0,
        0,
        0,
        0,
        0,
        0,
        0,
        0,
        0,
        0,
        0,
        0,
        0,
        0,
        0,
        0,
        0,
        0,
        0,
        0,
        0,
        0,
        0,
        0,
        0,
        0,
        0,
        0,
        0,
        0,
        0,
        0,
        0,
        0,
        0,
        0,
        0,
        0,
        0,
        0,
        0,
        0,
        0,
        0,
        0,
        0,
        0,
        0
    ],
    "creation_values": [
        0.982804530181074,
        0.982804530181074,
        0.982804530181074,
        0.982804530181074,
        0.982804530181074,
        0.982804530181074,
        0.982804530181074,
        0.982804530181074,
        0.982804530181074,
        0.982804530181074,
        0.982804530181074,
        0.982804530181074,
        0.982804530181074,
        0.982804530181074,
        0.982804530181074,
        0.982804530181074,
        0.982804530181074,
        0.982804530181074,
        0.982804530181074,
        0.982804530181074,
        0.982804530181074,
        0.982804530181074,
        0.982804530181074,
        0.982804530181074,
        0.982804530181074,
        0.982804530181074,
        0.982804530181074,
        0.982804530181074,
        0.982804530181074,
        0.982804530181074,
        0.982804530181074,
        0.982804530181074,
        0.982804530181074,
        0.982804530181074,
        0.982804530181074,
        0.982804530181074,
        0.982804530181074,
        0.982804530181074,
        0.982804530181074,
        0.982804530181074,
        0.982804530181074,
        0.982804530181074,
        0.982804530181074,
        0.982804530181074,
        0.982804530181074,
        0.982804530181074,
        0.982804530181074,
        0.982804530181074,
        0.982804530181074,
        0.982804530181074,
        0.982804530181074,
        0.982804530181074,
        0.982804530181074,
        0.982804530181074,
        0.982804530181074,
        0.982804530181074,
        0.982804530181074,
        0.982804530181074,
        0.982804530181074,
        0.982804530181074,
        0.982804530181074,
        0.982804530181074,
        0.982804530181074,
        0.982804530181074,
        0.982804530181074,
        0.982804530181074,
        0.982804530181074,
        0.982804530181074,
        0.982804530181074,
        0.982804530181074,
        0.982804530181074,
        0.982804530181074,
        0.982804530181074,
        0.982804530181074,
        0.982804530181074,
        0.982804530181074,
        0.982804530181074,
        0.982804530181074,
        0.982804530181074,
        0.982804530181074,
        0.982804530181074,
        0.982804530181074,
        0.982804530181074,
        0.982804530181074,
        0.982804530181074,
        0.982804530181074,
        0.982804530181074,
        0.982804530181074,
        0.982804530181074,
        0.982804530181074,
        0.982804530181074,
        0.982804530181074,
        0.982804530181074,
        0.982804530181074,
        0.982804530181074,
        0.982804530181074,
        0.982804530181074,
        0.982804530181074,
        0.982804530181074,
        0.982804530181074,
        0.982804530181074,
        0.982804530181074,
        0.982804530181074,
        0.982804530181074,
        0.982804530181074,
        0.982804530181074,
        0.982804530181074,
        0.982804530181074,
        0.982804530181074,
        0.982804530181074,
        0.982804530181074,
        0.982804530181074,
        0.982804530181074,
        0.982804530181074,
        0.982804530181074,
        0.982804530181074,
        0.982804530181074,
        0.982804530181074,
        0.982804530181074,
        0.982804530181074,
        0.982804530181074,
        0.982804530181074,
        0.982804530181074,
        0.982804530181074,
        0.982804530181074,
        0.982804530181074,
        0.982804530181074,
        0.982804530181074,
        0.982804530181074,
        0.982804530181074,
        0.982804530181074,
        0.982804530181074,
        0.982804530181074,
        0.982804530181074,
        0.982804530181074,
        0.982804530181074,
        0.982804530181074,
        0.982804530181074,
        0.982804530181074,
        0.982804530181074,
        0.982804530181074,
        0.982804530181074,
        0.982804530181074,
        0.982804530181074,
        0.982804530181074,
        0.982804530181074,
        0.982804530181074,
        0.982804530181074,
        0.982804530181074,
        0.982804530181074,
        0.982804530181074,
        0.982804530181074,
        0.982804530181074,
        0.982804530181074,
        0.982804530181074,
        0.982804530181074,
        0.982804530181074,
        0.982804530181074,
        0.982804530181074,
        0.982804530181074,
        0.982804530181074,
        0.982804530181074,
        0.982804530181074,
        0.982804530181074,
        0.982804530181074,
        0.982804530181074,
        0.982804530181074,
        0.982804530181074
    ],