{
    "dimensions": [
        0,
        0,
        0,
        0,
        0,
        0,
        0,
        0,
        0,
        0,
        0,
        0,
        0,
        0,
        0,
        0,
        0,
        0,
        0,
        0,
        0,
        0,
        0,
        0,
        0,
        0,
        0,
        0,
        0,
        0,
        0,
        0,
        0,
        0,
        0,
        0,
        0,
        0,
        0,
        0,
        0,
        0,
        0,
        0,
        0,
        0,
        0,
        0,
        0,
        0,
        0,
        0,
        0,
        0,
        0,
        0,
        0,
        0,
        0,
        0,
        0,
        0,
        0,
        0,
        0,
        0,
        0,
        0,
        0,
        0,
        0,
        0,
        0,
        0,
        0,
        0,
        0,
        0,
        0,
        0,
        0,
        0,
        0,
        0,
        0,
        0,
        0,
        0,
        0,
        0,
        0,
        0,
        0,
        0,
        0,
        0,
        0,
        0,
        0,
        0,
        0,
        0,
        0,
        0,
        0,
        0,
        0,
        0,
        0,
        0,
        0,
        0,
        0,
        0,
        0,
        0,
        0,
        0,
        0,
        0,
        0,
        0,
        0,
        0,
        0,
        0,
        0,
        0,
        0,
        0,
        0,
        0,
        0,
        0,
        0,
        0,
        0,
        0,
        0,
        0,
        0,
        0,
        0,
        0,
        0,
        0,
        0,
        0,
        0,
        0,
        0,
        0,
        0,
        0,
        0,
        0,
        0,
        0,
        0,
        0,
        0,
        0,
        0,
        0,
        0,
        0,
        0,
        0
    ],
    "creation_values": [
        0.993751007060447,
        0.993751007060447,
        0.993751007060447,
        0.993751007060447,
        0.993751007060447,
        0.993751007060447,
        0.993751007060447,
        0.993751007060447,
        0.993751007060447,
        0.993751007060447,
        0.993751007060447,
        0.993751007060447,
        0.993751007060447,
        0.993751007060447,
        0.993751007060447,
        0.993751007060447,
        0.993751007060447,
        0.993751007060447,
        0.993751007060447,
        0.993751007060447,
        0.993751007060447,
        0.993751007060447,
        0.993751007060447,
        0.993751007060447,
        0.993751007060447,
        0.993751007060447,
        0.993751007060447,
        0.993751007060447,
        0.993751007060447,
        0.993751007060447,
        0.993751007060447,
        0.993751007060447,
        0.993751007060447,
        0.993751007060447,
        0.993751007060447,
        0.993751007060447,
        0.993751007060447,
        0.993751007060447,
        0.993751007060447,
        0.993751007060447,
        0.993751007060447,
        0.993751007060447,
        0.993751007060447,
        0.993751007060447,
        0.993751007060447,
        0.993751007060447,
        0.993751007060447,
        0.993751007060447,
        0.993751007060447,
        0.993751007060447,
        0.993751007060447,
        0.993751007060447,
        0.993751007060447,
        0.993751007060447,
        0.993751007060447,
        0.993751007060447,
        0.993751007060447,
        0.993751007060447,
        0.993751007060447,
        0.993751007060447,
        0.993751007060447,
        0.993751007060447,
        0.993751007060447,
        0.993751007060447,
        0.993751007060447,
        0.993751007060447,
        0.993751007060447,
        0.993751007060447,
        0.993751007060447,
        0.993751007060447,
        0.993751007060447,
        0.993751007060447,
        0.993751007060447,
        0.993751007060447,
        0.993751007060447,
        0.993751007060447,
        0.993751007060447,
        0.993751007060447,
        0.993751007060447,
        0.993751007060447,
        0.993751007060447,
        0.993751007060447,
        0.993751007060447,
        0.993751007060447,
        0.993751007060447,
        0.993751007060447,
        0.993751007060447,
        0.993751007060447,
        0.993751007060447,
        0.993751007060447,
        0.993751007060447,
        0.993751007060447,
        0.993751007060447,
        0.993751007060447,
        0.993751007060447,
        0.993751007060447,
        0.993751007060447,
        0.993751007060447,
        0.993751007060447,
        0.993751007060447,
        0.993751007060447,
        0.993751007060447,
        0.993751007060447,
        0.993751007060447,
        0.993751007060447,
        0.993751007060447,
        0.993751007060447,
        0.993751007060447,
        0.993751007060447,
        0.993751007060447,
        0.993751007060447,
        0.993751007060447,
        0.993751007060447,
        0.993751007060447,
        0.993751007060447,
        0.993751007060447,
        0.993751007060447,
        0.993751007060447,
        0.993751007060447,
        0.993751007060447,
        0.993751007060447,
        0.993751007060447,
        0.993751007060447,
        0.993751007060447,
        0.993751007060447,
        0.993751007060447,
        0.993751007060447,
        0.993751007060447,
        0.993751007060447,
        0.993751007060447,
        0.993751007060447,
        0.993751007060447,
        0.993751007060447,
        0.993751007060447,
        0.993751007060447,
        0.993751007060447,
        0.993751007060447,
        0.993751007060447,
        0.993751007060447,
        0.993751007060447,
        0.993751007060447,
        0.993751007060447,
        0.993751007060447,
        0.993751007060447,
        0.993751007060447,
        0.993751007060447,
        0.993751007060447,
        0.993751007060447,
        0.993751007060447,
        0.993751007060447,
        0.993751007060447,
        0.993751007060447,
        0.993751007060447,
        0.993751007060447,
        0.993751007060447,
        0.993751007060447,
        0.993751007060447,
        0.993751007060447,
        0.993751007060447,
        0.993751007060447,
        0.993751007060447,
        0.993751007060447,
        0.993751007060447,
        0.993751007060447,
        0.993751007060447,
        0.993751007060447,
        0.993751007060447,
        0.993751007060447
    ],