{
    "dimensions": [
        0,
        0,
        0,
        0,
        0,
        0,
        0,
        0,
        0,
        0,
        0,
        0,
        0,
        0,
        0,
        0,
        0,
        0,
        0,
        0,
        0,
        0,
        0,
        0,
        0,
        0,
        0,
        0,
        0,
        0,
        0,
        0,
        0,
        0,
        0,
        0,
        0,
        0,
        0,
        0,
        0,
        0,
        0,
        0,
        0,
        0,
        0,
        0,
        0,
        0,
        0,
        0,
        0,
        0,
        0,
        0,
        0,
        0,
        0,
        0,
        0,
        0,
        0,
        0,
        0,
        0,
        0,
        0,
        0,
        0,
        0,
        0,
        0,
        0,
        0,
        0,
        0,
        0,
        0,
        0,
        0,
        0,
        0,
        0,
        0,
        0,
        0,
        0,
        0,
        0,
        0,
        0,
        0,
        0,
        0,
        0,
        0,
        0,
        0,
        0,
        0,
        0,
        0,
        0,
        0,
        0,
        0,
        0,
        0,
        0,
        0,
        0,
        0,
        0,
        0,
        0,
        0,
        0,
        0,
        0,
        0,
        0,
        0,
        0,
        0,
        0,
        0,
        0,
        0,
        0,
        0,
        0,
        0,
        0,
        0,
        0,
        0,
        0,
        0,
        0,
        0,
        0,
        0,
        0,
        0,
        0,
        0,
        0,
        0,
        0,
        0,
        0,
        0,
        0,
        0,
        0,
        0,
        0,
        0,
        0,
        0,
        0,
        0,
        0,
        0,
        0,
        0,
        0
    ],
    "creation_values": [
        0.9425000077891909,
        0.9425000077891909,
        0.9425000077891909,
        0.9425000077891909,
        0.9425000077891909,
        0.9425000077891909,
        0.9425000077891909,
        0.9425000077891909,
        0.9425000077891909,
        0.9425000077891909,
        0.9425000077891909,
        0.9425000077891909,
        0.9425000077891909,
        0.9425000077891909,
        0.9425000077891909,
        0.9425000077891909,
        0.9425000077891909,
        0.9425000077891909,
        0.9425000077891909,
        0.9425000077891909,
        0.9425000077891909,
        0.9425000077891909,
        0.9425000077891909,
        0.9425000077891909,
        0.9425000077891909,
        0.9425000077891909,
        0.9425000077891909,
        0.9425000077891909,
        0.9425000077891909,
        0.9425000077891909,
        0.9425000077891909,
        0.9425000077891909,
        0.9425000077891909,
        0.9425000077891909,
        0.9425000077891909,
        0.9425000077891909,
        0.9425000077891909,
        0.9425000077891909,
        0.9425000077891909,
        0.9425000077891909,
        0.9425000077891909,
        0.9425000077891909,
        0.9425000077891909,
        0.9425000077891909,
        0.9425000077891909,
        0.9425000077891909,
        0.9425000077891909,
        0.9425000077891909,
        0.9425000077891909,
        0.9425000077891909,
        0.9425000077891909,
        0.9425000077891909,
        0.9425000077891909,
        0.9425000077891909,
        0.9425000077891909,
        0.9425000077891909,
        0.9425000077891909,
        0.9425000077891909,
        0.9425000077891909,
        0.9425000077891909,
        0.9425000077891909,
        0.9425000077891909,
        0.9425000077891909,
        0.9425000077891909,
        0.9425000077891909,
        0.9425000077891909,
        0.9425000077891909,
        0.9425000077891909,
        0.9425000077891909,
        0.9425000077891909,
        0.9425000077891909,
        0.9425000077891909,
        0.9425000077891909,
        0.9425000077891909,
        0.9425000077891909,
        0.9425000077891909,
        0.9425000077891909,
        0.9425000077891909,
        0.9425000077891909,
        0.9425000077891909,
        0.9425000077891909,
        0.9425000077891909,
        0.9425000077891909,
        0.9425000077891909,
        0.9425000077891909,
        0.9425000077891909,
        0.9425000077891909,
        0.9425000077891909,
        0.9425000077891909,
        0.9425000077891909,
        0.9425000077891909,
        0.9425000077891909,
        0.9425000077891909,
        0.9425000077891909,
        0.9425000077891909,
        0.9425000077891909,
        0.9425000077891909,
        0.9425000077891909,
        0.9425000077891909,
        0.9425000077891909,
        0.9425000077891909,
        0.9425000077891909,
        0.9425000077891909,
        0.9425000077891909,
        0.9425000077891909,
        0.9425000077891909,
        0.9425000077891909,
        0.9425000077891909,
        0.9425000077891909,
        0.9425000077891909,
        0.9425000077891909,
        0.9425000077891909,
        0.9425000077891909,
        0.9425000077891909,
        0.9425000077891909,
        0.9425000077891909,
        0.9425000077891909,
        0.9425000077891909,
        0.9425000077891909,
        0.9425000077891909,
        0.9425000077891909,
        0.9425000077891909,
        0.9425000077891909,
        0.9425000077891909,
        0.9425000077891909,
        0.9425000077891909,
        0.9425000077891909,
        0.9425000077891909,
        0.9425000077891909,
        0.9425000077891909,
        0.9425000077891909,
        0.9425000077891909,
        0.9425000077891909,
        0.9425000077891909,
        0.9425000077891909,
        0.9425000077891909,
        0.9425000077891909,
        0.9425000077891909,
        0.9425000077891909,
        0.9425000077891909,
        0.9425000077891909,
        0.9425000077891909,
        0.9425000077891909,
        0.9425000077891909,
        0.9425000077891909,
        0.9425000077891909,
        0.9425000077891909,
        0.9425000077891909,
        0.9425000077891909,
        0.9425000077891909,
        0.9425000077891909,
        0.9425000077891909,
        0.9425000077891909,
        0.9425000077891909,
        0.9425000077891909,
        0.9425000077891909,
        0.9425000077891909,
        0.9425000077891909,
        0.9425000077891909,
        0.9425000077891909,
        0.9425000077891909,
        0.9425000077891909,
        0.9425000077891909,
        0.9425000077891909,
        0.9425000077891909,
        0.9425000077891909,
        0.9425000077891909,
        0.9425000077891909
    ],