{
    "dimensions": [
        0,
        0,
        0,
        0,
        0,
        0,
        0,
        0,
        0,
        0,
        0,
        0,
        0,
        0,
        0,
        0,
        0,
        0,
        0,
        0,
        0,
        0,
        0,
        0,
        0,
        0,
        0,
        0,
        0,
        0,
        0,
        0,
        0,
        0,
        0,
        0,
        0,
        0,
        0,
        0,
        0,
        0,
        0,
        0,
        0,
        0,
        0,
        0,
        0,
        0,
        0,
        0,
        0,
        0,
        0,
        0,
        0,
        0,
        0,
        0,
        0,
        0,
        0,
        0,
        0,
        0,
        0,
        0,
        0,
        0,
        0,
        0,
        0,
        0,
        0,
        0,
        0,
        0,
        0,
        0,
        0,
        0,
        0,
        0,
        0,
        0,
        0,
        0,
        0,
        0,
        0,
        0,
        0,
        0,
        0,
        0,
        0,
        0,
        0,
        0,
        0,
        0,
        0,
        0,
        0,
        0,
        0,
        0,
        0,
        0,
        0,
        0,
        0,
        0,
        0,
        0,
        0,
        0,
        0,
        0,
        0,
        0,
        0,
        0,
        0,
        0,
        0,
        0,
        0,
        0,
        0,
        0,
        0,
        0,
        0,
        0,
        0,
        0,
        0,
        0,
        0,
        0,
        0,
        0,
        0,
        0,
        0,
        0,
        0,
        0,
        0,
        0,
        0,
        0,
        0,
        0,
        0,
        0,
        0,
        0,
        0,
        0,
        0,
        0,
        0,
        0,
        0,
        0
    ],
    "creation_values": [
        0.9820714957108562,
        0.9820714957108562,
        0.9820714957108562,
        0.9820714957108562,
        0.9820714957108562,
        0.9820714957108562,
        0.9820714957108562,
        0.9820714957108562,
        0.9820714957108562,
        0.9820714957108562,
        0.9820714957108562,
        0.9820714957108562,
        0.9820714957108562,
        0.9820714957108562,
        0.9820714957108562,
        0.9820714957108562,
        0.9820714957108562,
        0.9820714957108562,
        0.9820714957108562,
        0.9820714957108562,
        0.9820714957108562,
        0.9820714957108562,
        0.9820714957108562,
        0.9820714957108562,
        0.9820714957108562,
        0.9820714957108562,
        0.9820714957108562,
        0.9820714957108562,
        0.9820714957108562,
        0.9820714957108562,
        0.9820714957108562,
        0.9820714957108562,
        0.9820714957108562,
        0.9820714957108562,
        0.9820714957108562,
        0.9820714957108562,
        0.9820714957108562,
        0.9820714957108562,
        0.9820714957108562,
        0.9820714957108562,
        0.9820714957108562,
        0.9820714957108562,
        0.9820714957108562,
        0.9820714957108562,
        0.9820714957108562,
        0.9820714957108562,
        0.9820714957108562,
        0.9820714957108562,
        0.9820714957108562,
        0.9820714957108562,
        0.9820714957108562,
        0.9820714957108562,
        0.9820714957108562,
        0.9820714957108562,
        0.9820714957108562,
        0.9820714957108562,
        0.9820714957108562,
        0.9820714957108562,
        0.9820714957108562,
        0.9820714957108562,
        0.9820714957108562,
        0.9820714957108562,
        0.9820714957108562,
        0.9820714957108562,
        0.9820714957108562,
        0.9820714957108562,
        0.9820714957108562,
        0.9820714957108562,
        0.9820714957108562,
        0.9820714957108562,
        0.9820714957108562,
        0.9820714957108562,
        0.9820714957108562,
        0.9820714957108562,
        0.9820714957108562,
        0.9820714957108562,
        0.9820714957108562,
        0.9820714957108562,
        0.9820714957108562,
        0.9820714957108562,
        0.9820714957108562,
        0.9820714957108562,
        0.9820714957108562,
        0.9820714957108562,
        0.9820714957108562,
        0.9820714957108562,
        0.9820714957108562,
        0.9820714957108562,
        0.9820714957108562,
        0.9820714957108562,
        0.9820714957108562,
        0.9820714957108562,
        0.9820714957108562,
        0.9820714957108562,
        0.9820714957108562,
        0.9820714957108562,
        0.9820714957108562,
        0.9820714957108562,
        0.9820714957108562,
        0.9820714957108562,
        0.9820714957108562,
        0.9820714957108562,
        0.9820714957108562,
        0.9820714957108562,
        0.9820714957108562,
        0.9820714957108562,
        0.9820714957108562,
        0.9820714957108562,
        0.9820714957108562,
        0.9820714957108562,
        0.9820714957108562,
        0.9820714957108562,
        0.9820714957108562,
        0.9820714957108562,
        0.9820714957108562,
        0.9820714957108562,
        0.9820714957108562,
        0.9820714957108562,
        0.9820714957108562,
        0.9820714957108562,
        0.9820714957108562,
        0.9820714957108562,
        0.9820714957108562,
        0.9820714957108562,
        0.9820714957108562,
        0.9820714957108562,
        0.9820714957108562,
        0.9820714957108562,
        0.9820714957108562,
        0.9820714957108562,
        0.9820714957108562,
        0.9820714957108562,
        0.9820714957108562,
        0.9820714957108562,
        0.9820714957108562,
        0.9820714957108562,
        0.9820714957108562,
        0.9820714957108562,
        0.9820714957108562,
        0.9820714957108562,
        0.9820714957108562,
        0.9820714957108562,
        0.9820714957108562,
        0.9820714957108562,
        0.9820714957108562,
        0.9820714957108562,
        0.9820714957108562,
        0.9820714957108562,
        0.9820714957108562,
        0.9820714957108562,
        0.9820714957108562,
        0.9820714957108562,
        0.9820714957108562,
        0.9820714957108562,
        0.9820714957108562,
        0.9820714957108562,
        0.9820714957108562,
        0.9820714957108562,
        0.9820714957108562,
        0.9820714957108562,
        0.9820714957108562,
        0.9820714957108562,
        0.9820714957108562,
        0.9820714957108562,
        0.9820714957108562,
        0.9820714957108562,
        0.9820714957108562,
        0.9820714957108562
    ],