{
    "dimensions": [
        0,
        0,
        0,
        0,
        0,
        0,
        0,
        0,
        0,
        0,
        0,
        0,
        0,
        0,
        0,
        0,
        0,
        0,
        0,
        0,
        0,
        0,
        0,
        0,
        0,
        0,
        0,
        0,
        0,
        0,
        0,
        0,
        0,
        0,
        0,
        0,
        0,
        0,
        0,
        0,
        0,
        0,
        0,
        0,
        0,
        0,
        0,
        0,
        0,
        0,
        0,
        0,
        0,
        0,
        0,
        0,
        0,
        0,
        0,
        0,
        0,
        0,
        0,
        0,
        0,
        0,
        0,
        0,
        0,
        0,
        0,
        0,
        0,
        0,
        0,
        0,
        0,
        0,
        0,
        0,
        0,
        0,
        0,
        0,
        0,
        0,
        0,
        0,
        0,
        0,
        0,
        0,
        0,
        0,
        0,
        0,
        0,
        0,
        0,
        0,
        0,
        0,
        0,
        0,
        0,
        0,
        0,
        0,
        0,
        0,
        0,
        0,
        0,
        0,
        0,
        0,
        0,
        0,
        0,
        0,
        0,
        0,
        0,
        0,
        0,
        0,
        0,
        0,
        0,
        0,
        0,
        0,
        0,
        0,
        0,
        0,
        0,
        0,
        0,
        0,
        0,
        0,
        0,
        0,
        0,
        0,
        0,
        0,
        0,
        0,
        0,
        0,
        0,
        0,
        0,
        0,
        0,
        0,
        0,
        0,
        0,
        0,
        0,
        0,
        0,
        0,
        0,
        0
    ],
    "creation_values": [
        0.983602116877497,
        0.983602116877497,
        0.983602116877497,
        0.983602116877497,
        0.983602116877497,
        0.983602116877497,
        0.983602116877497,
        0.983602116877497,
        0.983602116877497,
        0.983602116877497,
        0.983602116877497,
        0.983602116877497,
        0.983602116877497,
        0.983602116877497,
        0.983602116877497,
        0.983602116877497,
        0.983602116877497,
        0.983602116877497,
        0.983602116877497,
        0.983602116877497,
        0.983602116877497,
        0.983602116877497,
        0.983602116877497,
        0.983602116877497,
        0.983602116877497,
        0.983602116877497,
        0.983602116877497,
        0.983602116877497,
        0.983602116877497,
        0.983602116877497,
        0.983602116877497,
        0.983602116877497,
        0.983602116877497,
        0.983602116877497,
        0.983602116877497,
        0.983602116877497,
        0.983602116877497,
        0.983602116877497,
        0.983602116877497,
        0.983602116877497,
        0.983602116877497,
        0.983602116877497,
        0.983602116877497,
        0.983602116877497,
        0.983602116877497,
        0.983602116877497,
        0.983602116877497,
        0.983602116877497,
        0.983602116877497,
        0.983602116877497,
        0.983602116877497,
        0.983602116877497,
        0.983602116877497,
        0.983602116877497,
        0.983602116877497,
        0.983602116877497,
        0.983602116877497,
        0.983602116877497,
        0.983602116877497,
        0.983602116877497,
        0.983602116877497,
        0.983602116877497,
        0.983602116877497,
        0.983602116877497,
        0.983602116877497,
        0.983602116877497,
        0.983602116877497,
        0.983602116877497,
        0.983602116877497,
        0.983602116877497,
        0.983602116877497,
        0.983602116877497,
        0.983602116877497,
        0.983602116877497,
        0.983602116877497,
        0.983602116877497,
        0.983602116877497,
        0.983602116877497,
        0.983602116877497,
        0.983602116877497,
        0.983602116877497,
        0.983602116877497,
        0.983602116877497,
        0.983602116877497,
        0.983602116877497,
        0.983602116877497,
        0.983602116877497,
        0.983602116877497,
        0.983602116877497,
        0.983602116877497,
        0.983602116877497,
        0.983602116877497,
        0.983602116877497,
        0.983602116877497,
        0.983602116877497,
        0.983602116877497,
        0.983602116877497,
        0.983602116877497,
        0.983602116877497,
        0.983602116877497,
        0.983602116877497,
        0.983602116877497,
        0.983602116877497,
        0.983602116877497,
        0.983602116877497,
        0.983602116877497,
        0.983602116877497,
        0.983602116877497,
        0.983602116877497,
        0.983602116877497,
        0.983602116877497,
        0.983602116877497,
        0.983602116877497,
        0.983602116877497,
        0.983602116877497,
        0.983602116877497,
        0.983602116877497,
        0.983602116877497,
        0.983602116877497,
        0.983602116877497,
        0.983602116877497,
        0.983602116877497,
        0.983602116877497,
        0.983602116877497,
        0.983602116877497,
        0.983602116877497,
        0.983602116877497,
        0.983602116877497,
        0.983602116877497,
        0.983602116877497,
        0.983602116877497,
        0.983602116877497,
        0.983602116877497,
        0.983602116877497,
        0.983602116877497,
        0.983602116877497,
        0.983602116877497,
        0.983602116877497,
        0.983602116877497,
        0.983602116877497,
        0.983602116877497,
        0.983602116877497,
        0.983602116877497,
        0.983602116877497,
        0.983602116877497,
        0.983602116877497,
        0.983602116877497,
        0.983602116877497,
        0.983602116877497,
        0.983602116877497,
        0.983602116877497,
        0.983602116877497,
        0.983602116877497,
        0.983602116877497,
        0.983602116877497,
        0.983602116877497,
        0.983602116877497,
        0.983602116877497,
        0.983602116877497,
        0.983602116877497,
        0.983602116877497,
        0.983602116877497,
        0.983602116877497,
        0.983602116877497,
        0.983602116877497,
        0.983602116877497,
        0.983602116877497,
        0.983602116877497
    ],