{
    "dimensions": [
        0,
        0,
        0,
        0,
        0,
        0,
        0,
        0,
        0,
        0,
        0,
        0,
        0,
        0,
        0,
        0,
        0,
        0,
        0,
        0,
        0,
        0,
        0,
        0,
        0,
        0,
        0,
        0,
        0,
        0,
        0,
        0,
        0,
        0,
        0,
        0,
        0,
        0,
        0,
        0,
        0,
        0,
        0,
        0,
        0,
        0,
        0,
        0,
        0,
        0,
        0,
        0,
        0,
        0,
        0,
        0,
        0,
        0,
        0,
        0,
        0,
        0,
        0,
        0,
        0,
        0,
        0,
        0,
        0,
        0,
        0,
        0,
        0,
        0,
        0,
        0,
        0,
        0,
        0,
        0,
        0,
        0,
        0,
        0,
        0,
        0,
        0,
        0,
        0,
        0,
        0,
        0,
        0,
        0,
        0,
        0,
        0,
        0,
        0,
        0,
        0,
        0,
        0,
        0,
        0,
        0,
        0,
        0,
        0,
        0,
        0,
        0,
        0,
        0,
        0,
        0,
        0,
        0,
        0,
        0,
        0,
        0,
        0,
        0,
        0,
        0,
        0,
        0,
        0,
        0,
        0,
        0,
        0,
        0,
        0,
        0,
        0,
        0,
        0,
        0,
        0,
        0,
        0,
        0,
        0,
        0,
        0,
        0,
        0,
        0,
        0,
        0,
        0,
        0,
        0,
        0,
        0,
        0,
        0,
        0,
        0,
        0,
        0,
        0,
        0,
        0,
        0,
        0
    ],
    "creation_values": [
        0.7415561564501059,
        0.7415561564501059,
        0.7415561564501059,
        0.7415561564501059,
        0.7415561564501059,
        0.7415561564501059,
        0.7415561564501059,
        0.7415561564501059,
        0.7415561564501059,
        0.7415561564501059,
        0.7415561564501059,
        0.7415561564501059,
        0.7415561564501059,
        0.7415561564501059,
        0.7415561564501059,
        0.7415561564501059,
        0.7415561564501059,
        0.7415561564501059,
        0.7415561564501059,
        0.7415561564501059,
        0.7415561564501059,
        0.7415561564501059,
        0.7415561564501059,
        0.7415561564501059,
        0.7415561564501059,
        0.7415561564501059,
        0.7415561564501059,
        0.7415561564501059,
        0.7415561564501059,
        0.7415561564501059,
        0.7415561564501059,
        0.7415561564501059,
        0.7415561564501059,
        0.7415561564501059,
        0.7415561564501059,
        0.7415561564501059,
        0.7415561564501059,
        0.7415561564501059,
        0.7415561564501059,
        0.7415561564501059,
        0.7415561564501059,
        0.7415561564501059,
        0.7415561564501059,
        0.7415561564501059,
        0.7415561564501059,
        0.7415561564501059,
        0.7415561564501059,
        0.7415561564501059,
        0.7415561564501059,
        0.7415561564501059,
        0.7415561564501059,
        0.7415561564501059,
        0.7415561564501059,
        0.7415561564501059,
        0.7415561564501059,
        0.7415561564501059,
        0.7415561564501059,
        0.7415561564501059,
        0.7415561564501059,
        0.7415561564501059,
        0.7415561564501059,
        0.7415561564501059,
        0.7415561564501059,
        0.7415561564501059,
        0.7415561564501059,
        0.7415561564501059,
        0.7415561564501059,
        0.7415561564501059,
        0.7415561564501059,
        0.7415561564501059,
        0.7415561564501059,
        0.7415561564501059,
        0.7415561564501059,
        0.7415561564501059,
        0.7415561564501059,
        0.7415561564501059,
        0.7415561564501059,
        0.7415561564501059,
        0.7415561564501059,
        0.7415561564501059,
        0.7415561564501059,
        0.7415561564501059,
        0.7415561564501059,
        0.7415561564501059,
        0.7415561564501059,
        0.7415561564501059,
        0.7415561564501059,
        0.7415561564501059,
        0.7415561564501059,
        0.7415561564501059,
        0.7415561564501059,
        0.7415561564501059,
        0.7415561564501059,
        0.7415561564501059,
        0.7415561564501059,
        0.7415561564501059,
        0.7415561564501059,
        0.7415561564501059,
        0.7415561564501059,
        0.7415561564501059,
        0.7415561564501059,
        0.7415561564501059,
        0.7415561564501059,
        0.7415561564501059,
        0.7415561564501059,
        0.7415561564501059,
        0.7415561564501059,
        0.7415561564501059,
        0.7415561564501059,
        0.7415561564501059,
        0.7415561564501059,
        0.7415561564501059,
        0.7415561564501059,
        0.7415561564501059,
        0.7415561564501059,
        0.7415561564501059,
        0.7415561564501059,
        0.7415561564501059,
        0.7415561564501059,
        0.7415561564501059,
        0.7415561564501059,
        0.7415561564501059,
        0.7415561564501059,
        0.7415561564501059,
        0.7415561564501059,
        0.7415561564501059,
        0.7415561564501059,
        0.7415561564501059,
        0.7415561564501059,
        0.7415561564501059,
        0.7415561564501059,
        0.7415561564501059,
        0.7415561564501059,
        0.7415561564501059,
        0.7415561564501059,
        0.7415561564501059,
        0.7415561564501059,
        0.7415561564501059,
        0.7415561564501059,
        0.7415561564501059,
        0.7415561564501059,
        0.7415561564501059,
        0.7415561564501059,
        0.7415561564501059,
        0.7415561564501059,
        0.7415561564501059,
        0.7415561564501059,
        0.7415561564501059,
        0.7415561564501059,
        0.7415561564501059,
        0.7415561564501059,
        0.7415561564501059,
        0.7415561564501059,
        0.7415561564501059,
        0.7415561564501059,
        0.7415561564501059,
        0.7415561564501059,
        0.7415561564501059,
        0.7415561564501059,
        0.7415561564501059,
        0.7415561564501059,
        0.7415561564501059,
        0.7415561564501059,
        0.7415561564501059,
        0.7415561564501059,
        0.7415561564501059,
        0.7415561564501059,
        0.7415561564501059
    ],