{
    "dimensions": [
        0,
        0,
        0,
        0,
        0,
        0,
        0,
        0,
        0,
        0,
        0,
        0,
        0,
        0,
        0,
        0,
        0,
        0,
        0,
        0,
        0,
        0,
        0,
        0,
        0,
        0,
        0,
        0,
        0,
        0,
        0,
        0,
        0,
        0,
        0,
        0,
        0,
        0,
        0,
        0,
        0,
        0,
        0,
        0,
        0,
        0,
        0,
        0,
        0,
        0,
        0,
        0,
        0,
        0,
        0,
        0,
        0,
        0,
        0,
        0,
        0,
        0,
        0,
        0,
        0,
        0,
        0,
        0,
        0,
        0,
        0,
        0,
        0,
        0,
        0,
        0,
        0,
        0,
        0,
        0,
        0,
        0,
        0,
        0,
        0,
        0,
        0,
        0,
        0,
        0,
        0,
        0,
        0,
        0,
        0,
        0,
        0,
        0,
        0,
        0,
        0,
        0,
        0,
        0,
        0,
        0,
        0,
        0,
        0,
        0,
        0,
        0,
        0,
        0,
        0,
        0,
        0,
        0,
        0,
        0,
        0,
        0,
        0,
        0,
        0,
        0,
        0,
        0,
        0,
        0,
        0,
        0,
        0,
        0,
        0,
        0,
        0,
        0,
        0,
        0,
        0,
        0,
        0,
        0,
        0,
        0,
        0,
        0,
        0,
        0,
        0,
        0,
        0,
        0,
        0,
        0,
        0,
        0,
        0,
        0,
        0,
        0,
        0,
        0,
        0,
        0,
        0,
        0
    ],
    "creation_values": [
        0.8073842328607956,
        0.8073842328607956,
        0.8073842328607956,
        0.8073842328607956,
        0.8073842328607956,
        0.8073842328607956,
        0.8073842328607956,
        0.8073842328607956,
        0.8073842328607956,
        0.8073842328607956,
        0.8073842328607956,
        0.8073842328607956,
        0.8073842328607956,
        0.8073842328607956,
        0.8073842328607956,
        0.8073842328607956,
        0.8073842328607956,
        0.8073842328607956,
        0.8073842328607956,
        0.8073842328607956,
        0.8073842328607956,
        0.8073842328607956,
        0.8073842328607956,
        0.8073842328607956,
        0.8073842328607956,
        0.8073842328607956,
        0.8073842328607956,
        0.8073842328607956,
        0.8073842328607956,
        0.8073842328607956,
        0.8073842328607956,
        0.8073842328607956,
        0.8073842328607956,
        0.8073842328607956,
        0.8073842328607956,
        0.8073842328607956,
        0.8073842328607956,
        0.8073842328607956,
        0.8073842328607956,
        0.8073842328607956,
        0.8073842328607956,
        0.8073842328607956,
        0.8073842328607956,
        0.8073842328607956,
        0.8073842328607956,
        0.8073842328607956,
        0.8073842328607956,
        0.8073842328607956,
        0.8073842328607956,
        0.8073842328607956,
        0.8073842328607956,
        0.8073842328607956,
        0.8073842328607956,
        0.8073842328607956,
        0.8073842328607956,
        0.8073842328607956,
        0.8073842328607956,
        0.8073842328607956,
        0.8073842328607956,
        0.8073842328607956,
        0.8073842328607956,
        0.8073842328607956,
        0.8073842328607956,
        0.8073842328607956,
        0.8073842328607956,
        0.8073842328607956,
        0.8073842328607956,
        0.8073842328607956,
        0.8073842328607956,
        0.8073842328607956,
        0.8073842328607956,
        0.8073842328607956,
        0.8073842328607956,
        0.8073842328607956,
        0.8073842328607956,
        0.8073842328607956,
        0.8073842328607956,
        0.8073842328607956,
        0.8073842328607956,
        0.8073842328607956,
        0.8073842328607956,
        0.8073842328607956,
        0.8073842328607956,
        0.8073842328607956,
        0.8073842328607956,
        0.8073842328607956,
        0.8073842328607956,
        0.8073842328607956,
        0.8073842328607956,
        0.8073842328607956,
        0.8073842328607956,
        0.8073842328607956,
        0.8073842328607956,
        0.8073842328607956,
        0.8073842328607956,
        0.8073842328607956,
        0.8073842328607956,
        0.8073842328607956,
        0.8073842328607956,
        0.8073842328607956,
        0.8073842328607956,
        0.8073842328607956,
        0.8073842328607956,
        0.8073842328607956,
        0.8073842328607956,
        0.8073842328607956,
        0.8073842328607956,
        0.8073842328607956,
        0.8073842328607956,
        0.8073842328607956,
        0.8073842328607956,
        0.8073842328607956,
        0.8073842328607956,
        0.8073842328607956,
        0.8073842328607956,
        0.8073842328607956,
        0.8073842328607956,
        0.8073842328607956,
        0.8073842328607956,
        0.8073842328607956,
        0.8073842328607956,
        0.8073842328607956,
        0.8073842328607956,
        0.8073842328607956,
        0.8073842328607956,
        0.8073842328607956,
        0.8073842328607956,
        0.8073842328607956,
        0.8073842328607956,
        0.8073842328607956,
        0.8073842328607956,
        0.8073842328607956,
        0.8073842328607956,
        0.8073842328607956,
        0.8073842328607956,
        0.8073842328607956,
        0.8073842328607956,
        0.8073842328607956,
        0.8073842328607956,
        0.8073842328607956,
        0.8073842328607956,
        0.8073842328607956,
        0.8073842328607956,
        0.8073842328607956,
        0.8073842328607956,
        0.8073842328607956,
        0.8073842328607956,
        0.8073842328607956,
        0.8073842328607956,
        0.8073842328607956,
        0.8073842328607956,
        0.8073842328607956,
        0.8073842328607956,
        0.8073842328607956,
        0.8073842328607956,
        0.8073842328607956,
        0.8073842328607956,
        0.8073842328607956,
        0.8073842328607956,
        0.8073842328607956,
        0.8073842328607956,
        0.8073842328607956,
        0.8073842328607956,
        0.8073842328607956,
        0.8073842328607956,
        0.8073842328607956,
        0.8073842328607956,
        0.8073842328607956
    ],