{
    "dimensions": [
        0,
        0,
        0,
        0,
        0,
        0,
        0,
        0,
        0,
        0,
        0,
        0,
        0,
        0,
        0,
        0,
        0,
        0,
        0,
        0,
        0,
        0,
        0,
        0,
        0,
        0,
        0,
        0,
        0,
        0,
        0,
        0,
        0,
        0,
        0,
        0,
        0,
        0,
        0,
        0,
        0,
        0,
        0,
        0,
        0,
        0,
        0,
        0,
        0,
        0,
        0,
        0,
        0,
        0,
        0,
        0,
        0,
        0,
        0,
        0,
        0,
        0,
        0,
        0,
        0,
        0,
        0,
        0,
        0,
        0,
        0,
        0,
        0,
        0,
        0,
        0,
        0,
        0,
        0,
        0,
        0,
        0,
        0,
        0,
        0,
        0,
        0,
        0,
        0,
        0,
        0,
        0,
        0,
        0,
        0,
        0,
        0,
        0,
        0,
        0,
        0,
        0,
        0,
        0,
        0,
        0,
        0,
        0,
        0,
        0,
        0,
        0,
        0,
        0,
        0,
        0,
        0,
        0,
        0,
        0,
        0,
        0,
        0,
        0,
        0,
        0,
        0,
        0,
        0,
        0,
        0,
        0,
        0,
        0,
        0,
        0,
        0,
        0,
        0,
        0,
        0,
        0,
        0,
        0,
        0,
        0,
        0,
        0,
        0,
        0,
        0,
        0,
        0,
        0,
        0,
        0,
        0,
        0,
        0,
        0,
        0,
        0,
        0,
        0,
        0,
        0,
        0,
        0
    ],
    "creation_values": [
        0.9849055479052393,
        0.9849055479052393,
        0.9849055479052393,
        0.9849055479052393,
        0.9849055479052393,
        0.9849055479052393,
        0.9849055479052393,
        0.9849055479052393,
        0.9849055479052393,
        0.9849055479052393,
        0.9849055479052393,
        0.9849055479052393,
        0.9849055479052393,
        0.9849055479052393,
        0.9849055479052393,
        0.9849055479052393,
        0.9849055479052393,
        0.9849055479052393,
        0.9849055479052393,
        0.9849055479052393,
        0.9849055479052393,
        0.9849055479052393,
        0.9849055479052393,
        0.9849055479052393,
        0.9849055479052393,
        0.9849055479052393,
        0.9849055479052393,
        0.9849055479052393,
        0.9849055479052393,
        0.9849055479052393,
        0.9849055479052393,
        0.9849055479052393,
        0.9849055479052393,
        0.9849055479052393,
        0.9849055479052393,
        0.9849055479052393,
        0.9849055479052393,
        0.9849055479052393,
        0.9849055479052393,
        0.9849055479052393,
        0.9849055479052393,
        0.9849055479052393,
        0.9849055479052393,
        0.9849055479052393,
        0.9849055479052393,
        0.9849055479052393,
        0.9849055479052393,
        0.9849055479052393,
        0.9849055479052393,
        0.9849055479052393,
        0.9849055479052393,
        0.9849055479052393,
        0.9849055479052393,
        0.9849055479052393,
        0.9849055479052393,
        0.9849055479052393,
        0.9849055479052393,
        0.9849055479052393,
        0.9849055479052393,
        0.9849055479052393,
        0.9849055479052393,
        0.9849055479052393,
        0.9849055479052393,
        0.9849055479052393,
        0.9849055479052393,
        0.9849055479052393,
        0.9849055479052393,
        0.9849055479052393,
        0.9849055479052393,
        0.9849055479052393,
        0.9849055479052393,
        0.9849055479052393,
        0.9849055479052393,
        0.9849055479052393,
        0.9849055479052393,
        0.9849055479052393,
        0.9849055479052393,
        0.9849055479052393,
        0.9849055479052393,
        0.9849055479052393,
        0.9849055479052393,
        0.9849055479052393,
        0.9849055479052393,
        0.9849055479052393,
        0.9849055479052393,
        0.9849055479052393,
        0.9849055479052393,
        0.9849055479052393,
        0.9849055479052393,
        0.9849055479052393,
        0.9849055479052393,
        0.9849055479052393,
        0.9849055479052393,
        0.9849055479052393,
        0.9849055479052393,
        0.9849055479052393,
        0.9849055479052393,
        0.9849055479052393,
        0.9849055479052393,
        0.9849055479052393,
        0.9849055479052393,
        0.9849055479052393,
        0.9849055479052393,
        0.9849055479052393,
        0.9849055479052393,
        0.9849055479052393,
        0.9849055479052393,
        0.9849055479052393,
        0.9849055479052393,
        0.9849055479052393,
        0.9849055479052393,
        0.9849055479052393,
        0.9849055479052393,
        0.9849055479052393,
        0.9849055479052393,
        0.9849055479052393,
        0.9849055479052393,
        0.9849055479052393,
        0.9849055479052393,
        0.9849055479052393,
        0.9849055479052393,
        0.9849055479052393,
        0.9849055479052393,
        0.9849055479052393,
        0.9849055479052393,
        0.9849055479052393,
        0.9849055479052393,
        0.9849055479052393,
        0.9849055479052393,
        0.9849055479052393,
        0.9849055479052393,
        0.9849055479052393,
        0.9849055479052393,
        0.9849055479052393,
        0.9849055479052393,
        0.9849055479052393,
        0.9849055479052393,
        0.9849055479052393,
        0.9849055479052393,
        0.9849055479052393,
        0.9849055479052393,
        0.9849055479052393,
        0.9849055479052393,
        0.9849055479052393,
        0.9849055479052393,
        0.9849055479052393,
        0.9849055479052393,
        0.9849055479052393,
        0.9849055479052393,
        0.9849055479052393,
        0.9849055479052393,
        0.9849055479052393,
        0.9849055479052393,
        0.9849055479052393,
        0.9849055479052393,
        0.9849055479052393,
        0.9849055479052393,
        0.9849055479052393,
        0.9849055479052393,
        0.9849055479052393,
        0.9849055479052393,
        0.9849055479052393,
        0.9849055479052393,
        0.9849055479052393,
        0.9849055479052393,
        0.9849055479052393,
        0.9849055479052393,
        0.9849055479052393
    ],