{
    "dimensions": [
        0,
        0,
        0,
        0,
        0,
        0,
        0,
        0,
        0,
        0,
        0,
        0,
        0,
        0,
        0,
        0,
        0,
        0,
        0,
        0,
        0,
        0,
        0,
        0,
        0,
        0,
        0,
        0,
        0,
        0,
        0,
        0,
        0,
        0,
        0,
        0,
        0,
        0,
        0,
        0,
        0,
        0,
        0,
        0,
        0,
        0,
        0,
        0,
        0,
        0,
        0,
        0,
        0,
        0,
        0,
        0,
        0,
        0,
        0,
        0,
        0,
        0,
        0,
        0,
        0,
        0,
        0,
        0,
        0,
        0,
        0,
        0,
        0,
        0,
        0,
        0,
        0,
        0,
        0,
        0,
        0,
        0,
        0,
        0,
        0,
        0,
        0,
        0,
        0,
        0,
        0,
        0,
        0,
        0,
        0,
        0,
        0,
        0,
        0,
        0,
        0,
        0,
        0,
        0,
        0,
        0,
        0,
        0,
        0,
        0,
        0,
        0,
        0,
        0,
        0,
        0,
        0,
        0,
        0,
        0,
        0,
        0,
        0,
        0,
        0,
        0,
        0,
        0,
        0,
        0,
        0,
        0,
        0,
        0,
        0,
        0,
        0,
        0,
        0,
        0,
        0,
        0,
        0,
        0,
        0,
        0,
        0,
        0,
        0,
        0,
        0,
        0,
        0,
        0,
        0,
        0,
        0,
        0,
        0,
        0,
        0,
        0,
        0,
        0,
        0,
        0,
        0,
        0
    ],
    "creation_values": [
        0.932142820897756,
        0.932142820897756,
        0.932142820897756,
        0.932142820897756,
        0.932142820897756,
        0.932142820897756,
        0.932142820897756,
        0.932142820897756,
        0.932142820897756,
        0.932142820897756,
        0.932142820897756,
        0.932142820897756,
        0.932142820897756,
        0.932142820897756,
        0.932142820897756,
        0.932142820897756,
        0.932142820897756,
        0.932142820897756,
        0.932142820897756,
        0.932142820897756,
        0.932142820897756,
        0.932142820897756,
        0.932142820897756,
        0.932142820897756,
        0.932142820897756,
        0.932142820897756,
        0.932142820897756,
        0.932142820897756,
        0.932142820897756,
        0.932142820897756,
        0.932142820897756,
        0.932142820897756,
        0.932142820897756,
        0.932142820897756,
        0.932142820897756,
        0.932142820897756,
        0.932142820897756,
        0.932142820897756,
        0.932142820897756,
        0.932142820897756,
        0.932142820897756,
        0.932142820897756,
        0.932142820897756,
        0.932142820897756,
        0.932142820897756,
        0.932142820897756,
        0.932142820897756,
        0.932142820897756,
        0.932142820897756,
        0.932142820897756,
        0.932142820897756,
        0.932142820897756,
        0.932142820897756,
        0.932142820897756,
        0.932142820897756,
        0.932142820897756,
        0.932142820897756,
        0.932142820897756,
        0.932142820897756,
        0.932142820897756,
        0.932142820897756,
        0.932142820897756,
        0.932142820897756,
        0.932142820897756,
        0.932142820897756,
        0.932142820897756,
        0.932142820897756,
        0.932142820897756,
        0.932142820897756,
        0.932142820897756,
        0.932142820897756,
        0.932142820897756,
        0.932142820897756,
        0.932142820897756,
        0.932142820897756,
        0.932142820897756,
        0.932142820897756,
        0.932142820897756,
        0.932142820897756,
        0.932142820897756,
        0.932142820897756,
        0.932142820897756,
        0.932142820897756,
        0.932142820897756,
        0.932142820897756,
        0.932142820897756,
        0.932142820897756,
        0.932142820897756,
        0.932142820897756,
        0.932142820897756,
        0.932142820897756,
        0.932142820897756,
        0.932142820897756,
        0.932142820897756,
        0.932142820897756,
        0.932142820897756,
        0.932142820897756,
        0.932142820897756,
        0.932142820897756,
        0.932142820897756,
        0.932142820897756,
        0.932142820897756,
        0.932142820897756,
        0.932142820897756,
        0.932142820897756,
        0.932142820897756,
        0.932142820897756,
        0.932142820897756,
        0.932142820897756,
        0.932142820897756,
        0.932142820897756,
        0.932142820897756,
        0.932142820897756,
        0.932142820897756,
        0.932142820897756,
        0.932142820897756,
        0.932142820897756,
        0.932142820897756,
        0.932142820897756,
        0.932142820897756,
        0.932142820897756,
        0.932142820897756,
        0.932142820897756,
        0.932142820897756,
        0.932142820897756,
        0.932142820897756,
        0.932142820897756,
        0.932142820897756,
        0.932142820897756,
        0.932142820897756,
        0.932142820897756,
        0.932142820897756,
        0.932142820897756,
        0.932142820897756,
        0.932142820897756,
        0.932142820897756,
        0.932142820897756,
        0.932142820897756,
        0.932142820897756,
        0.932142820897756,
        0.932142820897756,
        0.932142820897756,
        0.932142820897756,
        0.932142820897756,
        0.932142820897756,
        0.932142820897756,
        0.932142820897756,
        0.932142820897756,
        0.932142820897756,
        0.932142820897756,
        0.932142820897756,
        0.932142820897756,
        0.932142820897756,
        0.932142820897756,
        0.932142820897756,
        0.932142820897756,
        0.932142820897756,
        0.932142820897756,
        0.932142820897756,
        0.932142820897756,
        0.932142820897756,
        0.932142820897756,
        0.932142820897756,
        0.932142820897756,
        0.932142820897756,
        0.932142820897756,
        0.932142820897756,
        0.932142820897756
    ],