{
    "dimensions": [
        0,
        0,
        0,
        0,
        0,
        0,
        0,
        0,
        0,
        0,
        0,
        0,
        0,
        0,
        0,
        0,
        0,
        0,
        0,
        0,
        0,
        0,
        0,
        0,
        0,
        0,
        0,
        0,
        0,
        0,
        0,
        0,
        0,
        0,
        0,
        0,
        0,
        0,
        0,
        0,
        0,
        0,
        0,
        0,
        0,
        0,
        0,
        0,
        0,
        0,
        0,
        0,
        0,
        0,
        0,
        0,
        0,
        0,
        0,
        0,
        0,
        0,
        0,
        0,
        0,
        0,
        0,
        0,
        0,
        0,
        0,
        0,
        0,
        0,
        0,
        0,
        0,
        0,
        0,
        0,
        0,
        0,
        0,
        0,
        0,
        0,
        0,
        0,
        0,
        0,
        0,
        0,
        0,
        0,
        0,
        0,
        0,
        0,
        0,
        0,
        0,
        0,
        0,
        0,
        0,
        0,
        0,
        0,
        0,
        0,
        0,
        0,
        0,
        0,
        0,
        0,
        0,
        0,
        0,
        0,
        0,
        0,
        0,
        0,
        0,
        0,
        0,
        0,
        0,
        0,
        0,
        0,
        0,
        0,
        0,
        0,
        0,
        0,
        0,
        0,
        0,
        0,
        0,
        0,
        0,
        0,
        0,
        0,
        0,
        0,
        0,
        0,
        0,
        0,
        0,
        0,
        0,
        0,
        0,
        0,
        0,
        0,
        0,
        0,
        0,
        0,
        0,
        0
    ],
    "creation_values": [
        0.9955201977818872,
        0.9955201977818872,
        0.9955201977818872,
        0.9955201977818872,
        0.9955201977818872,
        0.9955201977818872,
        0.9955201977818872,
        0.9955201977818872,
        0.9955201977818872,
        0.9955201977818872,
        0.9955201977818872,
        0.9955201977818872,
        0.9955201977818872,
        0.9955201977818872,
        0.9955201977818872,
        0.9955201977818872,
        0.9955201977818872,
        0.9955201977818872,
        0.9955201977818872,
        0.9955201977818872,
        0.9955201977818872,
        0.9955201977818872,
        0.9955201977818872,
        0.9955201977818872,
        0.9955201977818872,
        0.9955201977818872,
        0.9955201977818872,
        0.9955201977818872,
        0.9955201977818872,
        0.9955201977818872,
        0.9955201977818872,
        0.9955201977818872,
        0.9955201977818872,
        0.9955201977818872,
        0.9955201977818872,
        0.9955201977818872,
        0.9955201977818872,
        0.9955201977818872,
        0.9955201977818872,
        0.9955201977818872,
        0.9955201977818872,
        0.9955201977818872,
        0.9955201977818872,
        0.9955201977818872,
        0.9955201977818872,
        0.9955201977818872,
        0.9955201977818872,
        0.9955201977818872,
        0.9955201977818872,
        0.9955201977818872,
        0.9955201977818872,
        0.9955201977818872,
        0.9955201977818872,
        0.9955201977818872,
        0.9955201977818872,
        0.9955201977818872,
        0.9955201977818872,
        0.9955201977818872,
        0.9955201977818872,
        0.9955201977818872,
        0.9955201977818872,
        0.9955201977818872,
        0.9955201977818872,
        0.9955201977818872,
        0.9955201977818872,
        0.9955201977818872,
        0.9955201977818872,
        0.9955201977818872,
        0.9955201977818872,
        0.9955201977818872,
        0.9955201977818872,
        0.9955201977818872,
        0.9955201977818872,
        0.9955201977818872,
        0.9955201977818872,
        0.9955201977818872,
        0.9955201977818872,
        0.9955201977818872,
        0.9955201977818872,
        0.9955201977818872,
        0.9955201977818872,
        0.9955201977818872,
        0.9955201977818872,
        0.9955201977818872,
        0.9955201977818872,
        0.9955201977818872,
        0.9955201977818872,
        0.9955201977818872,
        0.9955201977818872,
        0.9955201977818872,
        0.9955201977818872,
        0.9955201977818872,
        0.9955201977818872,
        0.9955201977818872,
        0.9955201977818872,
        0.9955201977818872,
        0.9955201977818872,
        0.9955201977818872,
        0.9955201977818872,
        0.9955201977818872,
        0.9955201977818872,
        0.9955201977818872,
        0.9955201977818872,
        0.9955201977818872,
        0.9955201977818872,
        0.9955201977818872,
        0.9955201977818872,
        0.9955201977818872,
        0.9955201977818872,
        0.9955201977818872,
        0.9955201977818872,
        0.9955201977818872,
        0.9955201977818872,
        0.9955201977818872,
        0.9955201977818872,
        0.9955201977818872,
        0.9955201977818872,
        0.9955201977818872,
        0.9955201977818872,
        0.9955201977818872,
        0.9955201977818872,
        0.9955201977818872,
        0.9955201977818872,
        0.9955201977818872,
        0.9955201977818872,
        0.9955201977818872,
        0.9955201977818872,
        0.9955201977818872,
        0.9955201977818872,
        0.9955201977818872,
        0.9955201977818872,
        0.9955201977818872,
        0.9955201977818872,
        0.9955201977818872,
        0.9955201977818872,
        0.9955201977818872,
        0.9955201977818872,
        0.9955201977818872,
        0.9955201977818872,
        0.9955201977818872,
        0.9955201977818872,
        0.9955201977818872,
        0.9955201977818872,
        0.9955201977818872,
        0.9955201977818872,
        0.9955201977818872,
        0.9955201977818872,
        0.9955201977818872,
        0.9955201977818872,
        0.9955201977818872,
        0.9955201977818872,
        0.9955201977818872,
        0.9955201977818872,
        0.9955201977818872,
        0.9955201977818872,
        0.9955201977818872,
        0.9955201977818872,
        0.9955201977818872,
        0.9955201977818872,
        0.9955201977818872,
        0.9955201977818872,
        0.9955201977818872,
        0.9955201977818872,
        0.9955201977818872,
        0.9955201977818872,
        0.9955201977818872,
        0.9955201977818872,
        0.9955201977818872
    ],