{
    "dimensions": [
        0,
        0,
        0,
        0,
        0,
        0,
        0,
        0,
        0,
        0,
        0,
        0,
        0,
        0,
        0,
        0,
        0,
        0,
        0,
        0,
        0,
        0,
        0,
        0,
        0,
        0,
        0,
        0,
        0,
        0,
        0,
        0,
        0,
        0,
        0,
        0,
        0,
        0,
        0,
        0,
        0,
        0,
        0,
        0,
        0,
        0,
        0,
        0,
        0,
        0,
        0,
        0,
        0,
        0,
        0,
        0,
        0,
        0,
        0,
        0,
        0,
        0,
        0,
        0,
        0,
        0,
        0,
        0,
        0,
        0,
        0,
        0,
        0,
        0,
        0,
        0,
        0,
        0,
        0,
        0,
        0,
        0,
        0,
        0,
        0,
        0,
        0,
        0,
        0,
        0,
        0,
        0,
        0,
        0,
        0,
        0,
        0,
        0,
        0,
        0,
        0,
        0,
        0,
        0,
        0,
        0,
        0,
        0,
        0,
        0,
        0,
        0,
        0,
        0,
        0,
        0,
        0,
        0,
        0,
        0,
        0,
        0,
        0,
        0,
        0,
        0,
        0,
        0,
        0,
        0,
        0,
        0,
        0,
        0,
        0,
        0,
        0,
        0,
        0,
        0,
        0,
        0,
        0,
        0,
        0,
        0,
        0,
        0,
        0,
        0,
        0,
        0,
        0,
        0,
        0,
        0,
        0,
        0,
        0,
        0,
        0,
        0,
        0,
        0,
        0,
        0,
        0,
        0
    ],
    "creation_values": [
        0.9603672591127657,
        0.9603672591127657,
        0.9603672591127657,
        0.9603672591127657,
        0.9603672591127657,
        0.9603672591127657,
        0.9603672591127657,
        0.9603672591127657,
        0.9603672591127657,
        0.9603672591127657,
        0.9603672591127657,
        0.9603672591127657,
        0.9603672591127657,
        0.9603672591127657,
        0.9603672591127657,
        0.9603672591127657,
        0.9603672591127657,
        0.9603672591127657,
        0.9603672591127657,
        0.9603672591127657,
        0.9603672591127657,
        0.9603672591127657,
        0.9603672591127657,
        0.9603672591127657,
        0.9603672591127657,
        0.9603672591127657,
        0.9603672591127657,
        0.9603672591127657,
        0.9603672591127657,
        0.9603672591127657,
        0.9603672591127657,
        0.9603672591127657,
        0.9603672591127657,
        0.9603672591127657,
        0.9603672591127657,
        0.9603672591127657,
        0.9603672591127657,
        0.9603672591127657,
        0.9603672591127657,
        0.9603672591127657,
        0.9603672591127657,
        0.9603672591127657,
        0.9603672591127657,
        0.9603672591127657,
        0.9603672591127657,
        0.9603672591127657,
        0.9603672591127657,
        0.9603672591127657,
        0.9603672591127657,
        0.9603672591127657,
        0.9603672591127657,
        0.9603672591127657,
        0.9603672591127657,
        0.9603672591127657,
        0.9603672591127657,
        0.9603672591127657,
        0.9603672591127657,
        0.9603672591127657,
        0.9603672591127657,
        0.9603672591127657,
        0.9603672591127657,
        0.9603672591127657,
        0.9603672591127657,
        0.9603672591127657,
        0.9603672591127657,
        0.9603672591127657,
        0.9603672591127657,
        0.9603672591127657,
        0.9603672591127657,
        0.9603672591127657,
        0.9603672591127657,
        0.9603672591127657,
        0.9603672591127657,
        0.9603672591127657,
        0.9603672591127657,
        0.9603672591127657,
        0.9603672591127657,
        0.9603672591127657,
        0.9603672591127657,
        0.9603672591127657,
        0.9603672591127657,
        0.9603672591127657,
        0.9603672591127657,
        0.9603672591127657,
        0.9603672591127657,
        0.9603672591127657,
        0.9603672591127657,
        0.9603672591127657,
        0.9603672591127657,
        0.9603672591127657,
        0.9603672591127657,
        0.9603672591127657,
        0.9603672591127657,
        0.9603672591127657,
        0.9603672591127657,
        0.9603672591127657,
        0.9603672591127657,
        0.9603672591127657,
        0.9603672591127657,
        0.9603672591127657,
        0.9603672591127657,
        0.9603672591127657,
        0.9603672591127657,
        0.9603672591127657,
        0.9603672591127657,
        0.9603672591127657,
        0.9603672591127657,
        0.9603672591127657,
        0.9603672591127657,
        0.9603672591127657,
        0.9603672591127657,
        0.9603672591127657,
        0.9603672591127657,
        0.9603672591127657,
        0.9603672591127657,
        0.9603672591127657,
        0.9603672591127657,
        0.9603672591127657,
        0.9603672591127657,
        0.9603672591127657,
        0.9603672591127657,
        0.9603672591127657,
        0.9603672591127657,
        0.9603672591127657,
        0.9603672591127657,
        0.9603672591127657,
        0.9603672591127657,
        0.9603672591127657,
        0.9603672591127657,
        0.9603672591127657,
        0.9603672591127657,
        0.9603672591127657,
        0.9603672591127657,
        0.9603672591127657,
        0.9603672591127657,
        0.9603672591127657,
        0.9603672591127657,
        0.9603672591127657,
        0.9603672591127657,
        0.9603672591127657,
        0.9603672591127657,
        0.9603672591127657,
        0.9603672591127657,
        0.9603672591127657,
        0.9603672591127657,
        0.9603672591127657,
        0.9603672591127657,
        0.9603672591127657,
        0.9603672591127657,
        0.9603672591127657,
        0.9603672591127657,
        0.9603672591127657,
        0.9603672591127657,
        0.9603672591127657,
        0.9603672591127657,
        0.9603672591127657,
        0.9603672591127657,
        0.9603672591127657,
        0.9603672591127657,
        0.9603672591127657,
        0.9603672591127657,
        0.9603672591127657,
        0.9603672591127657,
        0.9603672591127657,
        0.9603672591127657,
        0.9603672591127657,
        0.9603672591127657,
        0.9603672591127657
    ],