{
    "dimensions": [
        0,
        0,
        0,
        0,
        0,
        0,
        0,
        0,
        0,
        0,
        0,
        0,
        0,
        0,
        0,
        0,
        0,
        0,
        0,
        0,
        0,
        0,
        0,
        0,
        0,
        0,
        0,
        0,
        0,
        0,
        0,
        0,
        0,
        0,
        0,
        0,
        0,
        0,
        0,
        0,
        0,
        0,
        0,
        0,
        0,
        0,
        0,
        0,
        0,
        0,
        0,
        0,
        0,
        0,
        0,
        0,
        0,
        0,
        0,
        0,
        0,
        0,
        0,
        0,
        0,
        0,
        0,
        0,
        0,
        0,
        0,
        0,
        0,
        0,
        0,
        0,
        0,
        0,
        0,
        0,
        0,
        0,
        0,
        0,
        0,
        0,
        0,
        0,
        0,
        0,
        0,
        0,
        0,
        0,
        0,
        0,
        0,
        0,
        0,
        0,
        0,
        0,
        0,
        0,
        0,
        0,
        0,
        0,
        0,
        0,
        0,
        0,
        0,
        0,
        0,
        0,
        0,
        0,
        0,
        0,
        0,
        0,
        0,
        0,
        0,
        0,
        0,
        0,
        0,
        0,
        0,
        0,
        0,
        0,
        0,
        0,
        0,
        0,
        0,
        0,
        0,
        0,
        0,
        0,
        0,
        0,
        0,
        0,
        0,
        0,
        0,
        0,
        0,
        0,
        0,
        0,
        0,
        0,
        0,
        0,
        0,
        0,
        0,
        0,
        0,
        0,
        0,
        0
    ],
    "creation_values": [
        0.9771866637369491,
        0.9771866637369491,
        0.9771866637369491,
        0.9771866637369491,
        0.9771866637369491,
        0.9771866637369491,
        0.9771866637369491,
        0.9771866637369491,
        0.9771866637369491,
        0.9771866637369491,
        0.9771866637369491,
        0.9771866637369491,
        0.9771866637369491,
        0.9771866637369491,
        0.9771866637369491,
        0.9771866637369491,
        0.9771866637369491,
        0.9771866637369491,
        0.9771866637369491,
        0.9771866637369491,
        0.9771866637369491,
        0.9771866637369491,
        0.9771866637369491,
        0.9771866637369491,
        0.9771866637369491,
        0.9771866637369491,
        0.9771866637369491,
        0.9771866637369491,
        0.9771866637369491,
        0.9771866637369491,
        0.9771866637369491,
        0.9771866637369491,
        0.9771866637369491,
        0.9771866637369491,
        0.9771866637369491,
        0.9771866637369491,
        0.9771866637369491,
        0.9771866637369491,
        0.9771866637369491,
        0.9771866637369491,
        0.9771866637369491,
        0.9771866637369491,
        0.9771866637369491,
        0.9771866637369491,
        0.9771866637369491,
        0.9771866637369491,
        0.9771866637369491,
        0.9771866637369491,
        0.9771866637369491,
        0.9771866637369491,
        0.9771866637369491,
        0.9771866637369491,
        0.9771866637369491,
        0.9771866637369491,
        0.9771866637369491,
        0.9771866637369491,
        0.9771866637369491,
        0.9771866637369491,
        0.9771866637369491,
        0.9771866637369491,
        0.9771866637369491,
        0.9771866637369491,
        0.9771866637369491,
        0.9771866637369491,
        0.9771866637369491,
        0.9771866637369491,
        0.9771866637369491,
        0.9771866637369491,
        0.9771866637369491,
        0.9771866637369491,
        0.9771866637369491,
        0.9771866637369491,
        0.9771866637369491,
        0.9771866637369491,
        0.9771866637369491,
        0.9771866637369491,
        0.9771866637369491,
        0.9771866637369491,
        0.9771866637369491,
        0.9771866637369491,
        0.9771866637369491,
        0.9771866637369491,
        0.9771866637369491,
        0.9771866637369491,
        0.9771866637369491,
        0.9771866637369491,
        0.9771866637369491,
        0.9771866637369491,
        0.9771866637369491,
        0.9771866637369491,
        0.9771866637369491,
        0.9771866637369491,
        0.9771866637369491,
        0.9771866637369491,
        0.9771866637369491,
        0.9771866637369491,
        0.9771866637369491,
        0.9771866637369491,
        0.9771866637369491,
        0.9771866637369491,
        0.9771866637369491,
        0.9771866637369491,
        0.9771866637369491,
        0.9771866637369491,
        0.9771866637369491,
        0.9771866637369491,
        0.9771866637369491,
        0.9771866637369491,
        0.9771866637369491,
        0.9771866637369491,
        0.9771866637369491,
        0.9771866637369491,
        0.9771866637369491,
        0.9771866637369491,
        0.9771866637369491,
        0.9771866637369491,
        0.9771866637369491,
        0.9771866637369491,
        0.9771866637369491,
        0.9771866637369491,
        0.9771866637369491,
        0.9771866637369491,
        0.9771866637369491,
        0.9771866637369491,
        0.9771866637369491,
        0.9771866637369491,
        0.9771866637369491,
        0.9771866637369491,
        0.9771866637369491,
        0.9771866637369491,
        0.9771866637369491,
        0.9771866637369491,
        0.9771866637369491,
        0.9771866637369491,
        0.9771866637369491,
        0.9771866637369491,
        0.9771866637369491,
        0.9771866637369491,
        0.9771866637369491,
        0.9771866637369491,
        0.9771866637369491,
        0.9771866637369491,
        0.9771866637369491,
        0.9771866637369491,
        0.9771866637369491,
        0.9771866637369491,
        0.9771866637369491,
        0.9771866637369491,
        0.9771866637369491,
        0.9771866637369491,
        0.9771866637369491,
        0.9771866637369491,
        0.9771866637369491,
        0.9771866637369491,
        0.9771866637369491,
        0.9771866637369491,
        0.9771866637369491,
        0.9771866637369491,
        0.9771866637369491,
        0.9771866637369491,
        0.9771866637369491,
        0.9771866637369491,
        0.9771866637369491,
        0.9771866637369491,
        0.9771866637369491,
        0.9771866637369491,
        0.9771866637369491,
        0.9771866637369491
    ],