{
    "dimensions": [
        0,
        0,
        0,
        0,
        0,
        0,
        0,
        0,
        0,
        0,
        0,
        0,
        0,
        0,
        0,
        0,
        0,
        0,
        0,
        0,
        0,
        0,
        0,
        0,
        0,
        0,
        0,
        0,
        0,
        0,
        0,
        0,
        0,
        0,
        0,
        0,
        0,
        0,
        0,
        0,
        0,
        0,
        0,
        0,
        0,
        0,
        0,
        0,
        0,
        0,
        0,
        0,
        0,
        0,
        0,
        0,
        0,
        0,
        0,
        0,
        0,
        0,
        0,
        0,
        0,
        0,
        0,
        0,
        0,
        0,
        0,
        0,
        0,
        0,
        0,
        0,
        0,
        0,
        0,
        0,
        0,
        0,
        0,
        0,
        0,
        0,
        0,
        0,
        0,
        0,
        0,
        0,
        0,
        0,
        0,
        0,
        0,
        0,
        0,
        0,
        0,
        0,
        0,
        0,
        0,
        0,
        0,
        0,
        0,
        0,
        0,
        0,
        0,
        0,
        0,
        0,
        0,
        0,
        0,
        0,
        0,
        0,
        0,
        0,
        0,
        0,
        0,
        0,
        0,
        0,
        0,
        0,
        0,
        0,
        0,
        0,
        0,
        0,
        0,
        0,
        0,
        0,
        0,
        0,
        0,
        0,
        0,
        0,
        0,
        0,
        0,
        0,
        0,
        0,
        0,
        0,
        0,
        0,
        0,
        0,
        0,
        0,
        0,
        0,
        0,
        0,
        0,
        0
    ],
    "creation_values": [
        0.9724824841257753,
        0.9724824841257753,
        0.9724824841257753,
        0.9724824841257753,
        0.9724824841257753,
        0.9724824841257753,
        0.9724824841257753,
        0.9724824841257753,
        0.9724824841257753,
        0.9724824841257753,
        0.9724824841257753,
        0.9724824841257753,
        0.9724824841257753,
        0.9724824841257753,
        0.9724824841257753,
        0.9724824841257753,
        0.9724824841257753,
        0.9724824841257753,
        0.9724824841257753,
        0.9724824841257753,
        0.9724824841257753,
        0.9724824841257753,
        0.9724824841257753,
        0.9724824841257753,
        0.9724824841257753,
        0.9724824841257753,
        0.9724824841257753,
        0.9724824841257753,
        0.9724824841257753,
        0.9724824841257753,
        0.9724824841257753,
        0.9724824841257753,
        0.9724824841257753,
        0.9724824841257753,
        0.9724824841257753,
        0.9724824841257753,
        0.9724824841257753,
        0.9724824841257753,
        0.9724824841257753,
        0.9724824841257753,
        0.9724824841257753,
        0.9724824841257753,
        0.9724824841257753,
        0.9724824841257753,
        0.9724824841257753,
        0.9724824841257753,
        0.9724824841257753,
        0.9724824841257753,
        0.9724824841257753,
        0.9724824841257753,
        0.9724824841257753,
        0.9724824841257753,
        0.9724824841257753,
        0.9724824841257753,
        0.9724824841257753,
        0.9724824841257753,
        0.9724824841257753,
        0.9724824841257753,
        0.9724824841257753,
        0.9724824841257753,
        0.9724824841257753,
        0.9724824841257753,
        0.9724824841257753,
        0.9724824841257753,
        0.9724824841257753,
        0.9724824841257753,
        0.9724824841257753,
        0.9724824841257753,
        0.9724824841257753,
        0.9724824841257753,
        0.9724824841257753,
        0.9724824841257753,
        0.9724824841257753,
        0.9724824841257753,
        0.9724824841257753,
        0.9724824841257753,
        0.9724824841257753,
        0.9724824841257753,
        0.9724824841257753,
        0.9724824841257753,
        0.9724824841257753,
        0.9724824841257753,
        0.9724824841257753,
        0.9724824841257753,
        0.9724824841257753,
        0.9724824841257753,
        0.9724824841257753,
        0.9724824841257753,
        0.9724824841257753,
        0.9724824841257753,
        0.9724824841257753,
        0.9724824841257753,
        0.9724824841257753,
        0.9724824841257753,
        0.9724824841257753,
        0.9724824841257753,
        0.9724824841257753,
        0.9724824841257753,
        0.9724824841257753,
        0.9724824841257753,
        0.9724824841257753,
        0.9724824841257753,
        0.9724824841257753,
        0.9724824841257753,
        0.9724824841257753,
        0.9724824841257753,
        0.9724824841257753,
        0.9724824841257753,
        0.9724824841257753,
        0.9724824841257753,
        0.9724824841257753,
        0.9724824841257753,
        0.9724824841257753,
        0.9724824841257753,
        0.9724824841257753,
        0.9724824841257753,
        0.9724824841257753,
        0.9724824841257753,
        0.9724824841257753,
        0.9724824841257753,
        0.9724824841257753,
        0.9724824841257753,
        0.9724824841257753,
        0.9724824841257753,
        0.9724824841257753,
        0.9724824841257753,
        0.9724824841257753,
        0.9724824841257753,
        0.9724824841257753,
        0.9724824841257753,
        0.9724824841257753,
        0.9724824841257753,
        0.9724824841257753,
        0.9724824841257753,
        0.9724824841257753,
        0.9724824841257753,
        0.9724824841257753,
        0.9724824841257753,
        0.9724824841257753,
        0.9724824841257753,
        0.9724824841257753,
        0.9724824841257753,
        0.9724824841257753,
        0.9724824841257753,
        0.9724824841257753,
        0.9724824841257753,
        0.9724824841257753,
        0.9724824841257753,
        0.9724824841257753,
        0.9724824841257753,
        0.9724824841257753,
        0.9724824841257753,
        0.9724824841257753,
        0.9724824841257753,
        0.9724824841257753,
        0.9724824841257753,
        0.9724824841257753,
        0.9724824841257753,
        0.9724824841257753,
        0.9724824841257753,
        0.9724824841257753,
        0.9724824841257753,
        0.9724824841257753,
        0.9724824841257753,
        0.9724824841257753,
        0.9724824841257753,
        0.9724824841257753,
        0.9724824841257753
    ],