{
    "dimensions": [
        0,
        0,
        0,
        0,
        0,
        0,
        0,
        0,
        0,
        0,
        0,
        0,
        0,
        0,
        0,
        0,
        0,
        0,
        0,
        0,
        0,
        0,
        0,
        0,
        0,
        0,
        0,
        0,
        0,
        0,
        0,
        0,
        0,
        0,
        0,
        0,
        0,
        0,
        0,
        0,
        0,
        0,
        0,
        0,
        0,
        0,
        0,
        0,
        0,
        0,
        0,
        0,
        0,
        0,
        0,
        0,
        0,
        0,
        0,
        0,
        0,
        0,
        0,
        0,
        0,
        0,
        0,
        0,
        0,
        0,
        0,
        0,
        0,
        0,
        0,
        0,
        0,
        0,
        0,
        0,
        0,
        0,
        0,
        0,
        0,
        0,
        0,
        0,
        0,
        0,
        0,
        0,
        0,
        0,
        0,
        0,
        0,
        0,
        0,
        0,
        0,
        0,
        0,
        0,
        0,
        0,
        0,
        0,
        0,
        0,
        0,
        0,
        0,
        0,
        0,
        0,
        0,
        0,
        0,
        0,
        0,
        0,
        0,
        0,
        0,
        0,
        0,
        0,
        0,
        0,
        0,
        0,
        0,
        0,
        0,
        0,
        0,
        0,
        0,
        0,
        0,
        0,
        0,
        0,
        0,
        0,
        0,
        0,
        0,
        0,
        0,
        0,
        0,
        0,
        0,
        0,
        0,
        0,
        0,
        0,
        0,
        0,
        0,
        0,
        0,
        0,
        0,
        0
    ],
    "creation_values": [
        0.998257166525605,
        0.998257166525605,
        0.998257166525605,
        0.998257166525605,
        0.998257166525605,
        0.998257166525605,
        0.998257166525605,
        0.998257166525605,
        0.998257166525605,
        0.998257166525605,
        0.998257166525605,
        0.998257166525605,
        0.998257166525605,
        0.998257166525605,
        0.998257166525605,
        0.998257166525605,
        0.998257166525605,
        0.998257166525605,
        0.998257166525605,
        0.998257166525605,
        0.998257166525605,
        0.998257166525605,
        0.998257166525605,
        0.998257166525605,
        0.998257166525605,
        0.998257166525605,
        0.998257166525605,
        0.998257166525605,
        0.998257166525605,
        0.998257166525605,
        0.998257166525605,
        0.998257166525605,
        0.998257166525605,
        0.998257166525605,
        0.998257166525605,
        0.998257166525605,
        0.998257166525605,
        0.998257166525605,
        0.998257166525605,
        0.998257166525605,
        0.998257166525605,
        0.998257166525605,
        0.998257166525605,
        0.998257166525605,
        0.998257166525605,
        0.998257166525605,
        0.998257166525605,
        0.998257166525605,
        0.998257166525605,
        0.998257166525605,
        0.998257166525605,
        0.998257166525605,
        0.998257166525605,
        0.998257166525605,
        0.998257166525605,
        0.998257166525605,
        0.998257166525605,
        0.998257166525605,
        0.998257166525605,
        0.998257166525605,
        0.998257166525605,
        0.998257166525605,
        0.998257166525605,
        0.998257166525605,
        0.998257166525605,
        0.998257166525605,
        0.998257166525605,
        0.998257166525605,
        0.998257166525605,
        0.998257166525605,
        0.998257166525605,
        0.998257166525605,
        0.998257166525605,
        0.998257166525605,
        0.998257166525605,
        0.998257166525605,
        0.998257166525605,
        0.998257166525605,
        0.998257166525605,
        0.998257166525605,
        0.998257166525605,
        0.998257166525605,
        0.998257166525605,
        0.998257166525605,
        0.998257166525605,
        0.998257166525605,
        0.998257166525605,
        0.998257166525605,
        0.998257166525605,
        0.998257166525605,
        0.998257166525605,
        0.998257166525605,
        0.998257166525605,
        0.998257166525605,
        0.998257166525605,
        0.998257166525605,
        0.998257166525605,
        0.998257166525605,
        0.998257166525605,
        0.998257166525605,
        0.998257166525605,
        0.998257166525605,
        0.998257166525605,
        0.998257166525605,
        0.998257166525605,
        0.998257166525605,
        0.998257166525605,
        0.998257166525605,
        0.998257166525605,
        0.998257166525605,
        0.998257166525605,
        0.998257166525605,
        0.998257166525605,
        0.998257166525605,
        0.998257166525605,
        0.998257166525605,
        0.998257166525605,
        0.998257166525605,
        0.998257166525605,
        0.998257166525605,
        0.998257166525605,
        0.998257166525605,
        0.998257166525605,
        0.998257166525605,
        0.998257166525605,
        0.998257166525605,
        0.998257166525605,
        0.998257166525605,
        0.998257166525605,
        0.998257166525605,
        0.998257166525605,
        0.998257166525605,
        0.998257166525605,
        0.998257166525605,
        0.998257166525605,
        0.998257166525605,
        0.998257166525605,
        0.998257166525605,
        0.998257166525605,
        0.998257166525605,
        0.998257166525605,
        0.998257166525605,
        0.998257166525605,
        0.998257166525605,
        0.998257166525605,
        0.998257166525605,
        0.998257166525605,
        0.998257166525605,
        0.998257166525605,
        0.998257166525605,
        0.998257166525605,
        0.998257166525605,
        0.998257166525605,
        0.998257166525605,
        0.998257166525605,
        0.998257166525605,
        0.998257166525605,
        0.998257166525605,
        0.998257166525605,
        0.998257166525605,
        0.998257166525605,
        0.998257166525605,
        0.998257166525605,
        0.998257166525605,
        0.998257166525605,
        0.998257166525605,
        0.998257166525605,
        0.998257166525605
    ],