{
    "dimensions": [
        0,
        0,
        0,
        0,
        0,
        0,
        0,
        0,
        0,
        0,
        0,
        0,
        0,
        0,
        0,
        0,
        0,
        0,
        0,
        0,
        0,
        0,
        0,
        0,
        0,
        0,
        0,
        0,
        0,
        0,
        0,
        0,
        0,
        0,
        0,
        0,
        0,
        0,
        0,
        0,
        0,
        0,
        0,
        0,
        0,
        0,
        0,
        0,
        0,
        0,
        0,
        0,
        0,
        0,
        0,
        0,
        0,
        0,
        0,
        0,
        0,
        0,
        0,
        0,
        0,
        0,
        0,
        0,
        0,
        0,
        0,
        0,
        0,
        0,
        0,
        0,
        0,
        0,
        0,
        0,
        0,
        0,
        0,
        0,
        0,
        0,
        0,
        0,
        0,
        0,
        0,
        0,
        0,
        0,
        0,
        0,
        0,
        0,
        0,
        0,
        0,
        0,
        0,
        0,
        0,
        0,
        0,
        0,
        0,
        0,
        0,
        0,
        0,
        0,
        0,
        0,
        0,
        0,
        0,
        0,
        0,
        0,
        0,
        0,
        0,
        0,
        0,
        0,
        0,
        0,
        0,
        0,
        0,
        0,
        0,
        0,
        0,
        0,
        0,
        0,
        0,
        0,
        0,
        0,
        0,
        0,
        0,
        0,
        0,
        0,
        0,
        0,
        0,
        0,
        0,
        0,
        0,
        0,
        0,
        0,
        0,
        0,
        0,
        0,
        0,
        0,
        0,
        0
    ],
    "creation_values": [
        0.9983175998217576,
        0.9983175998217576,
        0.9983175998217576,
        0.9983175998217576,
        0.9983175998217576,
        0.9983175998217576,
        0.9983175998217576,
        0.9983175998217576,
        0.9983175998217576,
        0.9983175998217576,
        0.9983175998217576,
        0.9983175998217576,
        0.9983175998217576,
        0.9983175998217576,
        0.9983175998217576,
        0.9983175998217576,
        0.9983175998217576,
        0.9983175998217576,
        0.9983175998217576,
        0.9983175998217576,
        0.9983175998217576,
        0.9983175998217576,
        0.9983175998217576,
        0.9983175998217576,
        0.9983175998217576,
        0.9983175998217576,
        0.9983175998217576,
        0.9983175998217576,
        0.9983175998217576,
        0.9983175998217576,
        0.9983175998217576,
        0.9983175998217576,
        0.9983175998217576,
        0.9983175998217576,
        0.9983175998217576,
        0.9983175998217576,
        0.9983175998217576,
        0.9983175998217576,
        0.9983175998217576,
        0.9983175998217576,
        0.9983175998217576,
        0.9983175998217576,
        0.9983175998217576,
        0.9983175998217576,
        0.9983175998217576,
        0.9983175998217576,
        0.9983175998217576,
        0.9983175998217576,
        0.9983175998217576,
        0.9983175998217576,
        0.9983175998217576,
        0.9983175998217576,
        0.9983175998217576,
        0.9983175998217576,
        0.9983175998217576,
        0.9983175998217576,
        0.9983175998217576,
        0.9983175998217576,
        0.9983175998217576,
        0.9983175998217576,
        0.9983175998217576,
        0.9983175998217576,
        0.9983175998217576,
        0.9983175998217576,
        0.9983175998217576,
        0.9983175998217576,
        0.9983175998217576,
        0.9983175998217576,
        0.9983175998217576,
        0.9983175998217576,
        0.9983175998217576,
        0.9983175998217576,
        0.9983175998217576,
        0.9983175998217576,
        0.9983175998217576,
        0.9983175998217576,
        0.9983175998217576,
        0.9983175998217576,
        0.9983175998217576,
        0.9983175998217576,
        0.9983175998217576,
        0.9983175998217576,
        0.9983175998217576,
        0.9983175998217576,
        0.9983175998217576,
        0.9983175998217576,
        0.9983175998217576,
        0.9983175998217576,
        0.9983175998217576,
        0.9983175998217576,
        0.9983175998217576,
        0.9983175998217576,
        0.9983175998217576,
        0.9983175998217576,
        0.9983175998217576,
        0.9983175998217576,
        0.9983175998217576,
        0.9983175998217576,
        0.9983175998217576,
        0.9983175998217576,
        0.9983175998217576,
        0.9983175998217576,
        0.9983175998217576,
        0.9983175998217576,
        0.9983175998217576,
        0.9983175998217576,
        0.9983175998217576,
        0.9983175998217576,
        0.9983175998217576,
        0.9983175998217576,
        0.9983175998217576,
        0.9983175998217576,
        0.9983175998217576,
        0.9983175998217576,
        0.9983175998217576,
        0.9983175998217576,
        0.9983175998217576,
        0.9983175998217576,
        0.9983175998217576,
        0.9983175998217576,
        0.9983175998217576,
        0.9983175998217576,
        0.9983175998217576,
        0.9983175998217576,
        0.9983175998217576,
        0.9983175998217576,
        0.9983175998217576,
        0.9983175998217576,
        0.9983175998217576,
        0.9983175998217576,
        0.9983175998217576,
        0.9983175998217576,
        0.9983175998217576,
        0.9983175998217576,
        0.9983175998217576,
        0.9983175998217576,
        0.9983175998217576,
        0.9983175998217576,
        0.9983175998217576,
        0.9983175998217576,
        0.9983175998217576,
        0.9983175998217576,
        0.9983175998217576,
        0.9983175998217576,
        0.9983175998217576,
        0.9983175998217576,
        0.9983175998217576,
        0.9983175998217576,
        0.9983175998217576,
        0.9983175998217576,
        0.9983175998217576,
        0.9983175998217576,
        0.9983175998217576,
        0.9983175998217576,
        0.9983175998217576,
        0.9983175998217576,
        0.9983175998217576,
        0.9983175998217576,
        0.9983175998217576,
        0.9983175998217576,
        0.9983175998217576,
        0.9983175998217576,
        0.9983175998217576,
        0.9983175998217576,
        0.9983175998217576,
        0.9983175998217576,
        0.9983175998217576,
        0.9983175998217576
    ],