{
    "dimensions": [
        0,
        0,
        0,
        0,
        0,
        0,
        0,
        0,
        0,
        0,
        0,
        0,
        0,
        0,
        0,
        0,
        0,
        0,
        0,
        0,
        0,
        0,
        0,
        0,
        0,
        0,
        0,
        0,
        0,
        0,
        0,
        0,
        0,
        0,
        0,
        0,
        0,
        0,
        0,
        0,
        0,
        0,
        0,
        0,
        0,
        0,
        0,
        0,
        0,
        0,
        0,
        0,
        0,
        0,
        0,
        0,
        0,
        0,
        0,
        0,
        0,
        0,
        0,
        0,
        0,
        0,
        0,
        0,
        0,
        0,
        0,
        0,
        0,
        0,
        0,
        0,
        0,
        0,
        0,
        0,
        0,
        0,
        0,
        0,
        0,
        0,
        0,
        0,
        0,
        0,
        0,
        0,
        0,
        0,
        0,
        0,
        0,
        0,
        0,
        0,
        0,
        0,
        0,
        0,
        0,
        0,
        0,
        0,
        0,
        0,
        0,
        0,
        0,
        0,
        0,
        0,
        0,
        0,
        0,
        0,
        0,
        0,
        0,
        0,
        0,
        0,
        0,
        0,
        0,
        0,
        0,
        0,
        0,
        0,
        0,
        0,
        0,
        0,
        0,
        0,
        0,
        0,
        0,
        0,
        0,
        0,
        0,
        0,
        0,
        0,
        0,
        0,
        0,
        0,
        0,
        0,
        0,
        0,
        0,
        0,
        0,
        0,
        0,
        0,
        0,
        0,
        0,
        0
    ],
    "creation_values": [
        0.9794573831154002,
        0.9794573831154002,
        0.9794573831154002,
        0.9794573831154002,
        0.9794573831154002,
        0.9794573831154002,
        0.9794573831154002,
        0.9794573831154002,
        0.9794573831154002,
        0.9794573831154002,
        0.9794573831154002,
        0.9794573831154002,
        0.9794573831154002,
        0.9794573831154002,
        0.9794573831154002,
        0.9794573831154002,
        0.9794573831154002,
        0.9794573831154002,
        0.9794573831154002,
        0.9794573831154002,
        0.9794573831154002,
        0.9794573831154002,
        0.9794573831154002,
        0.9794573831154002,
        0.9794573831154002,
        0.9794573831154002,
        0.9794573831154002,
        0.9794573831154002,
        0.9794573831154002,
        0.9794573831154002,
        0.9794573831154002,
        0.9794573831154002,
        0.9794573831154002,
        0.9794573831154002,
        0.9794573831154002,
        0.9794573831154002,
        0.9794573831154002,
        0.9794573831154002,
        0.9794573831154002,
        0.9794573831154002,
        0.9794573831154002,
        0.9794573831154002,
        0.9794573831154002,
        0.9794573831154002,
        0.9794573831154002,
        0.9794573831154002,
        0.9794573831154002,
        0.9794573831154002,
        0.9794573831154002,
        0.9794573831154002,
        0.9794573831154002,
        0.9794573831154002,
        0.9794573831154002,
        0.9794573831154002,
        0.9794573831154002,
        0.9794573831154002,
        0.9794573831154002,
        0.9794573831154002,
        0.9794573831154002,
        0.9794573831154002,
        0.9794573831154002,
        0.9794573831154002,
        0.9794573831154002,
        0.9794573831154002,
        0.9794573831154002,
        0.9794573831154002,
        0.9794573831154002,
        0.9794573831154002,
        0.9794573831154002,
        0.9794573831154002,
        0.9794573831154002,
        0.9794573831154002,
        0.9794573831154002,
        0.9794573831154002,
        0.9794573831154002,
        0.9794573831154002,
        0.9794573831154002,
        0.9794573831154002,
        0.9794573831154002,
        0.9794573831154002,
        0.9794573831154002,
        0.9794573831154002,
        0.9794573831154002,
        0.9794573831154002,
        0.9794573831154002,
        0.9794573831154002,
        0.9794573831154002,
        0.9794573831154002,
        0.9794573831154002,
        0.9794573831154002,
        0.9794573831154002,
        0.9794573831154002,
        0.9794573831154002,
        0.9794573831154002,
        0.9794573831154002,
        0.9794573831154002,
        0.9794573831154002,
        0.9794573831154002,
        0.9794573831154002,
        0.9794573831154002,
        0.9794573831154002,
        0.9794573831154002,
        0.9794573831154002,
        0.9794573831154002,
        0.9794573831154002,
        0.9794573831154002,
        0.9794573831154002,
        0.9794573831154002,
        0.9794573831154002,
        0.9794573831154002,
        0.9794573831154002,
        0.9794573831154002,
        0.9794573831154002,
        0.9794573831154002,
        0.9794573831154002,
        0.9794573831154002,
        0.9794573831154002,
        0.9794573831154002,
        0.9794573831154002,
        0.9794573831154002,
        0.9794573831154002,
        0.9794573831154002,
        0.9794573831154002,
        0.9794573831154002,
        0.9794573831154002,
        0.9794573831154002,
        0.9794573831154002,
        0.9794573831154002,
        0.9794573831154002,
        0.9794573831154002,
        0.9794573831154002,
        0.9794573831154002,
        0.9794573831154002,
        0.9794573831154002,
        0.9794573831154002,
        0.9794573831154002,
        0.9794573831154002,
        0.9794573831154002,
        0.9794573831154002,
        0.9794573831154002,
        0.9794573831154002,
        0.9794573831154002,
        0.9794573831154002,
        0.9794573831154002,
        0.9794573831154002,
        0.9794573831154002,
        0.9794573831154002,
        0.9794573831154002,
        0.9794573831154002,
        0.9794573831154002,
        0.9794573831154002,
        0.9794573831154002,
        0.9794573831154002,
        0.9794573831154002,
        0.9794573831154002,
        0.9794573831154002,
        0.9794573831154002,
        0.9794573831154002,
        0.9794573831154002,
        0.9794573831154002,
        0.9794573831154002,
        0.9794573831154002,
        0.9794573831154002,
        0.9794573831154002,
        0.9794573831154002,
        0.9794573831154002,
        0.9794573831154002,
        0.9794573831154002
    ],