{
    "dimensions": [
        0,
        0,
        0,
        0,
        0,
        0,
        0,
        0,
        0,
        0,
        0,
        0,
        0,
        0,
        0,
        0,
        0,
        0,
        0,
        0,
        0,
        0,
        0,
        0,
        0,
        0,
        0,
        0,
        0,
        0,
        0,
        0,
        0,
        0,
        0,
        0,
        0,
        0,
        0,
        0,
        0,
        0,
        0,
        0,
        0,
        0,
        0,
        0,
        0,
        0,
        0,
        0,
        0,
        0,
        0,
        0,
        0,
        0,
        0,
        0,
        0,
        0,
        0,
        0,
        0,
        0,
        0,
        0,
        0,
        0,
        0,
        0,
        0,
        0,
        0,
        0,
        0,
        0,
        0,
        0,
        0,
        0,
        0,
        0,
        0,
        0,
        0,
        0,
        0,
        0,
        0,
        0,
        0,
        0,
        0,
        0,
        0,
        0,
        0,
        0,
        0,
        0,
        0,
        0,
        0,
        0,
        0,
        0,
        0,
        0,
        0,
        0,
        0,
        0,
        0,
        0,
        0,
        0,
        0,
        0,
        0,
        0,
        0,
        0,
        0,
        0,
        0,
        0,
        0,
        0,
        0,
        0,
        0,
        0,
        0,
        0,
        0,
        0,
        0,
        0,
        0,
        0,
        0,
        0,
        0,
        0,
        0,
        0,
        0,
        0,
        0,
        0,
        0,
        0,
        0,
        0,
        0,
        0,
        0,
        0,
        0,
        0,
        0,
        0,
        0,
        0,
        0,
        0
    ],
    "creation_values": [
        0.8581660260190194,
        0.8581660260190194,
        0.8581660260190194,
        0.8581660260190194,
        0.8581660260190194,
        0.8581660260190194,
        0.8581660260190194,
        0.8581660260190194,
        0.8581660260190194,
        0.8581660260190194,
        0.8581660260190194,
        0.8581660260190194,
        0.8581660260190194,
        0.8581660260190194,
        0.8581660260190194,
        0.8581660260190194,
        0.8581660260190194,
        0.8581660260190194,
        0.8581660260190194,
        0.8581660260190194,
        0.8581660260190194,
        0.8581660260190194,
        0.8581660260190194,
        0.8581660260190194,
        0.8581660260190194,
        0.8581660260190194,
        0.8581660260190194,
        0.8581660260190194,
        0.8581660260190194,
        0.8581660260190194,
        0.8581660260190194,
        0.8581660260190194,
        0.8581660260190194,
        0.8581660260190194,
        0.8581660260190194,
        0.8581660260190194,
        0.8581660260190194,
        0.8581660260190194,
        0.8581660260190194,
        0.8581660260190194,
        0.8581660260190194,
        0.8581660260190194,
        0.8581660260190194,
        0.8581660260190194,
        0.8581660260190194,
        0.8581660260190194,
        0.8581660260190194,
        0.8581660260190194,
        0.8581660260190194,
        0.8581660260190194,
        0.8581660260190194,
        0.8581660260190194,
        0.8581660260190194,
        0.8581660260190194,
        0.8581660260190194,
        0.8581660260190194,
        0.8581660260190194,
        0.8581660260190194,
        0.8581660260190194,
        0.8581660260190194,
        0.8581660260190194,
        0.8581660260190194,
        0.8581660260190194,
        0.8581660260190194,
        0.8581660260190194,
        0.8581660260190194,
        0.8581660260190194,
        0.8581660260190194,
        0.8581660260190194,
        0.8581660260190194,
        0.8581660260190194,
        0.8581660260190194,
        0.8581660260190194,
        0.8581660260190194,
        0.8581660260190194,
        0.8581660260190194,
        0.8581660260190194,
        0.8581660260190194,
        0.8581660260190194,
        0.8581660260190194,
        0.8581660260190194,
        0.8581660260190194,
        0.8581660260190194,
        0.8581660260190194,
        0.8581660260190194,
        0.8581660260190194,
        0.8581660260190194,
        0.8581660260190194,
        0.8581660260190194,
        0.8581660260190194,
        0.8581660260190194,
        0.8581660260190194,
        0.8581660260190194,
        0.8581660260190194,
        0.8581660260190194,
        0.8581660260190194,
        0.8581660260190194,
        0.8581660260190194,
        0.8581660260190194,
        0.8581660260190194,
        0.8581660260190194,
        0.8581660260190194,
        0.8581660260190194,
        0.8581660260190194,
        0.8581660260190194,
        0.8581660260190194,
        0.8581660260190194,
        0.8581660260190194,
        0.8581660260190194,
        0.8581660260190194,
        0.8581660260190194,
        0.8581660260190194,
        0.8581660260190194,
        0.8581660260190194,
        0.8581660260190194,
        0.8581660260190194,
        0.8581660260190194,
        0.8581660260190194,
        0.8581660260190194,
        0.8581660260190194,
        0.8581660260190194,
        0.8581660260190194,
        0.8581660260190194,
        0.8581660260190194,
        0.8581660260190194,
        0.8581660260190194,
        0.8581660260190194,
        0.8581660260190194,
        0.8581660260190194,
        0.8581660260190194,
        0.8581660260190194,
        0.8581660260190194,
        0.8581660260190194,
        0.8581660260190194,
        0.8581660260190194,
        0.8581660260190194,
        0.8581660260190194,
        0.8581660260190194,
        0.8581660260190194,
        0.8581660260190194,
        0.8581660260190194,
        0.8581660260190194,
        0.8581660260190194,
        0.8581660260190194,
        0.8581660260190194,
        0.8581660260190194,
        0.8581660260190194,
        0.8581660260190194,
        0.8581660260190194,
        0.8581660260190194,
        0.8581660260190194,
        0.8581660260190194,
        0.8581660260190194,
        0.8581660260190194,
        0.8581660260190194,
        0.8581660260190194,
        0.8581660260190194,
        0.8581660260190194,
        0.8581660260190194,
        0.8581660260190194,
        0.8581660260190194,
        0.8581660260190194,
        0.8581660260190194,
        0.8581660260190194,
        0.8581660260190194,
        0.8581660260190194,
        0.8581660260190194,
        0.8581660260190194
    ],