{
    "dimensions": [
        0,
        0,
        0,
        0,
        0,
        0,
        0,
        0,
        0,
        0,
        0,
        0,
        0,
        0,
        0,
        0,
        0,
        0,
        0,
        0,
        0,
        0,
        0,
        0,
        0,
        0,
        0,
        0,
        0,
        0,
        0,
        0,
        0,
        0,
        0,
        0,
        0,
        0,
        0,
        0,
        0,
        0,
        0,
        0,
        0,
        0,
        0,
        0,
        0,
        0,
        0,
        0,
        0,
        0,
        0,
        0,
        0,
        0,
        0,
        0,
        0,
        0,
        0,
        0,
        0,
        0,
        0,
        0,
        0,
        0,
        0,
        0,
        0,
        0,
        0,
        0,
        0,
        0,
        0,
        0,
        0,
        0,
        0,
        0,
        0,
        0,
        0,
        0,
        0,
        0,
        0,
        0,
        0,
        0,
        0,
        0,
        0,
        0,
        0,
        0,
        0,
        0,
        0,
        0,
        0,
        0,
        0,
        0,
        0,
        0,
        0,
        0,
        0,
        0,
        0,
        0,
        0,
        0,
        0,
        0,
        0,
        0,
        0,
        0,
        0,
        0,
        0,
        0,
        0,
        0,
        0,
        0,
        0,
        0,
        0,
        0,
        0,
        0,
        0,
        0,
        0,
        0,
        0,
        0,
        0,
        0,
        0,
        0,
        0,
        0,
        0,
        0,
        0,
        0,
        0,
        0,
        0,
        0,
        0,
        0,
        0,
        0,
        0,
        0,
        0,
        0,
        0,
        0
    ],
    "creation_values": [
        0.9132492226837431,
        0.9132492226837431,
        0.9132492226837431,
        0.9132492226837431,
        0.9132492226837431,
        0.9132492226837431,
        0.9132492226837431,
        0.9132492226837431,
        0.9132492226837431,
        0.9132492226837431,
        0.9132492226837431,
        0.9132492226837431,
        0.9132492226837431,
        0.9132492226837431,
        0.9132492226837431,
        0.9132492226837431,
        0.9132492226837431,
        0.9132492226837431,
        0.9132492226837431,
        0.9132492226837431,
        0.9132492226837431,
        0.9132492226837431,
        0.9132492226837431,
        0.9132492226837431,
        0.9132492226837431,
        0.9132492226837431,
        0.9132492226837431,
        0.9132492226837431,
        0.9132492226837431,
        0.9132492226837431,
        0.9132492226837431,
        0.9132492226837431,
        0.9132492226837431,
        0.9132492226837431,
        0.9132492226837431,
        0.9132492226837431,
        0.9132492226837431,
        0.9132492226837431,
        0.9132492226837431,
        0.9132492226837431,
        0.9132492226837431,
        0.9132492226837431,
        0.9132492226837431,
        0.9132492226837431,
        0.9132492226837431,
        0.9132492226837431,
        0.9132492226837431,
        0.9132492226837431,
        0.9132492226837431,
        0.9132492226837431,
        0.9132492226837431,
        0.9132492226837431,
        0.9132492226837431,
        0.9132492226837431,
        0.9132492226837431,
        0.9132492226837431,
        0.9132492226837431,
        0.9132492226837431,
        0.9132492226837431,
        0.9132492226837431,
        0.9132492226837431,
        0.9132492226837431,
        0.9132492226837431,
        0.9132492226837431,
        0.9132492226837431,
        0.9132492226837431,
        0.9132492226837431,
        0.9132492226837431,
        0.9132492226837431,
        0.9132492226837431,
        0.9132492226837431,
        0.9132492226837431,
        0.9132492226837431,
        0.9132492226837431,
        0.9132492226837431,
        0.9132492226837431,
        0.9132492226837431,
        0.9132492226837431,
        0.9132492226837431,
        0.9132492226837431,
        0.9132492226837431,
        0.9132492226837431,
        0.9132492226837431,
        0.9132492226837431,
        0.9132492226837431,
        0.9132492226837431,
        0.9132492226837431,
        0.9132492226837431,
        0.9132492226837431,
        0.9132492226837431,
        0.9132492226837431,
        0.9132492226837431,
        0.9132492226837431,
        0.9132492226837431,
        0.9132492226837431,
        0.9132492226837431,
        0.9132492226837431,
        0.9132492226837431,
        0.9132492226837431,
        0.9132492226837431,
        0.9132492226837431,
        0.9132492226837431,
        0.9132492226837431,
        0.9132492226837431,
        0.9132492226837431,
        0.9132492226837431,
        0.9132492226837431,
        0.9132492226837431,
        0.9132492226837431,
        0.9132492226837431,
        0.9132492226837431,
        0.9132492226837431,
        0.9132492226837431,
        0.9132492226837431,
        0.9132492226837431,
        0.9132492226837431,
        0.9132492226837431,
        0.9132492226837431,
        0.9132492226837431,
        0.9132492226837431,
        0.9132492226837431,
        0.9132492226837431,
        0.9132492226837431,
        0.9132492226837431,
        0.9132492226837431,
        0.9132492226837431,
        0.9132492226837431,
        0.9132492226837431,
        0.9132492226837431,
        0.9132492226837431,
        0.9132492226837431,
        0.9132492226837431,
        0.9132492226837431,
        0.9132492226837431,
        0.9132492226837431,
        0.9132492226837431,
        0.9132492226837431,
        0.9132492226837431,
        0.9132492226837431,
        0.9132492226837431,
        0.9132492226837431,
        0.9132492226837431,
        0.9132492226837431,
        0.9132492226837431,
        0.9132492226837431,
        0.9132492226837431,
        0.9132492226837431,
        0.9132492226837431,
        0.9132492226837431,
        0.9132492226837431,
        0.9132492226837431,
        0.9132492226837431,
        0.9132492226837431,
        0.9132492226837431,
        0.9132492226837431,
        0.9132492226837431,
        0.9132492226837431,
        0.9132492226837431,
        0.9132492226837431,
        0.9132492226837431,
        0.9132492226837431,
        0.9132492226837431,
        0.9132492226837431,
        0.9132492226837431,
        0.9132492226837431,
        0.9132492226837431,
        0.9132492226837431,
        0.9132492226837431
    ],