{
    "dimensions": [
        0,
        0,
        0,
        0,
        0,
        0,
        0,
        0,
        0,
        0,
        0,
        0,
        0,
        0,
        0,
        0,
        0,
        0,
        0,
        0,
        0,
        0,
        0,
        0,
        0,
        0,
        0,
        0,
        0,
        0,
        0,
        0,
        0,
        0,
        0,
        0,
        0,
        0,
        0,
        0,
        0,
        0,
        0,
        0,
        0,
        0,
        0,
        0,
        0,
        0,
        0,
        0,
        0,
        0,
        0,
        0,
        0,
        0,
        0,
        0,
        0,
        0,
        0,
        0,
        0,
        0,
        0,
        0,
        0,
        0,
        0,
        0,
        0,
        0,
        0,
        0,
        0,
        0,
        0,
        0,
        0,
        0,
        0,
        0,
        0,
        0,
        0,
        0,
        0,
        0,
        0,
        0,
        0,
        0,
        0,
        0,
        0,
        0,
        0,
        0,
        0,
        0,
        0,
        0,
        0,
        0,
        0,
        0,
        0,
        0,
        0,
        0,
        0,
        0,
        0,
        0,
        0,
        0,
        0,
        0,
        0,
        0,
        0,
        0,
        0,
        0,
        0,
        0,
        0,
        0,
        0,
        0,
        0,
        0,
        0,
        0,
        0,
        0,
        0,
        0,
        0,
        0,
        0,
        0,
        0,
        0,
        0,
        0,
        0,
        0,
        0,
        0,
        0,
        0,
        0,
        0,
        0,
        0,
        0,
        0,
        0,
        0,
        0,
        0,
        0,
        0,
        0,
        0
    ],
    "creation_values": [
        0.9311132847672928,
        0.9311132847672928,
        0.9311132847672928,
        0.9311132847672928,
        0.9311132847672928,
        0.9311132847672928,
        0.9311132847672928,
        0.9311132847672928,
        0.9311132847672928,
        0.9311132847672928,
        0.9311132847672928,
        0.9311132847672928,
        0.9311132847672928,
        0.9311132847672928,
        0.9311132847672928,
        0.9311132847672928,
        0.9311132847672928,
        0.9311132847672928,
        0.9311132847672928,
        0.9311132847672928,
        0.9311132847672928,
        0.9311132847672928,
        0.9311132847672928,
        0.9311132847672928,
        0.9311132847672928,
        0.9311132847672928,
        0.9311132847672928,
        0.9311132847672928,
        0.9311132847672928,
        0.9311132847672928,
        0.9311132847672928,
        0.9311132847672928,
        0.9311132847672928,
        0.9311132847672928,
        0.9311132847672928,
        0.9311132847672928,
        0.9311132847672928,
        0.9311132847672928,
        0.9311132847672928,
        0.9311132847672928,
        0.9311132847672928,
        0.9311132847672928,
        0.9311132847672928,
        0.9311132847672928,
        0.9311132847672928,
        0.9311132847672928,
        0.9311132847672928,
        0.9311132847672928,
        0.9311132847672928,
        0.9311132847672928,
        0.9311132847672928,
        0.9311132847672928,
        0.9311132847672928,
        0.9311132847672928,
        0.9311132847672928,
        0.9311132847672928,
        0.9311132847672928,
        0.9311132847672928,
        0.9311132847672928,
        0.9311132847672928,
        0.9311132847672928,
        0.9311132847672928,
        0.9311132847672928,
        0.9311132847672928,
        0.9311132847672928,
        0.9311132847672928,
        0.9311132847672928,
        0.9311132847672928,
        0.9311132847672928,
        0.9311132847672928,
        0.9311132847672928,
        0.9311132847672928,
        0.9311132847672928,
        0.9311132847672928,
        0.9311132847672928,
        0.9311132847672928,
        0.9311132847672928,
        0.9311132847672928,
        0.9311132847672928,
        0.9311132847672928,
        0.9311132847672928,
        0.9311132847672928,
        0.9311132847672928,
        0.9311132847672928,
        0.9311132847672928,
        0.9311132847672928,
        0.9311132847672928,
        0.9311132847672928,
        0.9311132847672928,
        0.9311132847672928,
        0.9311132847672928,
        0.9311132847672928,
        0.9311132847672928,
        0.9311132847672928,
        0.9311132847672928,
        0.9311132847672928,
        0.9311132847672928,
        0.9311132847672928,
        0.9311132847672928,
        0.9311132847672928,
        0.9311132847672928,
        0.9311132847672928,
        0.9311132847672928,
        0.9311132847672928,
        0.9311132847672928,
        0.9311132847672928,
        0.9311132847672928,
        0.9311132847672928,
        0.9311132847672928,
        0.9311132847672928,
        0.9311132847672928,
        0.9311132847672928,
        0.9311132847672928,
        0.9311132847672928,
        0.9311132847672928,
        0.9311132847672928,
        0.9311132847672928,
        0.9311132847672928,
        0.9311132847672928,
        0.9311132847672928,
        0.9311132847672928,
        0.9311132847672928,
        0.9311132847672928,
        0.9311132847672928,
        0.9311132847672928,
        0.9311132847672928,
        0.9311132847672928,
        0.9311132847672928,
        0.9311132847672928,
        0.9311132847672928,
        0.9311132847672928,
        0.9311132847672928,
        0.9311132847672928,
        0.9311132847672928,
        0.9311132847672928,
        0.9311132847672928,
        0.9311132847672928,
        0.9311132847672928,
        0.9311132847672928,
        0.9311132847672928,
        0.9311132847672928,
        0.9311132847672928,
        0.9311132847672928,
        0.9311132847672928,
        0.9311132847672928,
        0.9311132847672928,
        0.9311132847672928,
        0.9311132847672928,
        0.9311132847672928,
        0.9311132847672928,
        0.9311132847672928,
        0.9311132847672928,
        0.9311132847672928,
        0.9311132847672928,
        0.9311132847672928,
        0.9311132847672928,
        0.9311132847672928,
        0.9311132847672928,
        0.9311132847672928,
        0.9311132847672928,
        0.9311132847672928,
        0.9311132847672928,
        0.9311132847672928,
        0.9311132847672928,
        0.9311132847672928,
        0.9311132847672928,
        0.9311132847672928,
        0.9311132847672928
    ],