{
    "dimensions": [
        0,
        0,
        0,
        0,
        0,
        0,
        0,
        0,
        0,
        0,
        0,
        0,
        0,
        0,
        0,
        0,
        0,
        0,
        0,
        0,
        0,
        0,
        0,
        0,
        0,
        0,
        0,
        0,
        0,
        0,
        0,
        0,
        0,
        0,
        0,
        0,
        0,
        0,
        0,
        0,
        0,
        0,
        0,
        0,
        0,
        0,
        0,
        0,
        0,
        0,
        0,
        0,
        0,
        0,
        0,
        0,
        0,
        0,
        0,
        0,
        0,
        0,
        0,
        0,
        0,
        0,
        0,
        0,
        0,
        0,
        0,
        0,
        0,
        0,
        0,
        0,
        0,
        0,
        0,
        0,
        0,
        0,
        0,
        0,
        0,
        0,
        0,
        0,
        0,
        0,
        0,
        0,
        0,
        0,
        0,
        0,
        0,
        0,
        0,
        0,
        0,
        0,
        0,
        0,
        0,
        0,
        0,
        0,
        0,
        0,
        0,
        0,
        0,
        0,
        0,
        0,
        0,
        0,
        0,
        0,
        0,
        0,
        0,
        0,
        0,
        0,
        0,
        0,
        0,
        0,
        0,
        0,
        0,
        0,
        0,
        0,
        0,
        0,
        0,
        0,
        0,
        0,
        0,
        0,
        0,
        0,
        0,
        0,
        0,
        0,
        0,
        0,
        0,
        0,
        0,
        0,
        0,
        0,
        0,
        0,
        0,
        0,
        0,
        0,
        0,
        0,
        0,
        0
    ],
    "creation_values": [
        0.9896078334501164,
        0.9896078334501164,
        0.9896078334501164,
        0.9896078334501164,
        0.9896078334501164,
        0.9896078334501164,
        0.9896078334501164,
        0.9896078334501164,
        0.9896078334501164,
        0.9896078334501164,
        0.9896078334501164,
        0.9896078334501164,
        0.9896078334501164,
        0.9896078334501164,
        0.9896078334501164,
        0.9896078334501164,
        0.9896078334501164,
        0.9896078334501164,
        0.9896078334501164,
        0.9896078334501164,
        0.9896078334501164,
        0.9896078334501164,
        0.9896078334501164,
        0.9896078334501164,
        0.9896078334501164,
        0.9896078334501164,
        0.9896078334501164,
        0.9896078334501164,
        0.9896078334501164,
        0.9896078334501164,
        0.9896078334501164,
        0.9896078334501164,
        0.9896078334501164,
        0.9896078334501164,
        0.9896078334501164,
        0.9896078334501164,
        0.9896078334501164,
        0.9896078334501164,
        0.9896078334501164,
        0.9896078334501164,
        0.9896078334501164,
        0.9896078334501164,
        0.9896078334501164,
        0.9896078334501164,
        0.9896078334501164,
        0.9896078334501164,
        0.9896078334501164,
        0.9896078334501164,
        0.9896078334501164,
        0.9896078334501164,
        0.9896078334501164,
        0.9896078334501164,
        0.9896078334501164,
        0.9896078334501164,
        0.9896078334501164,
        0.9896078334501164,
        0.9896078334501164,
        0.9896078334501164,
        0.9896078334501164,
        0.9896078334501164,
        0.9896078334501164,
        0.9896078334501164,
        0.9896078334501164,
        0.9896078334501164,
        0.9896078334501164,
        0.9896078334501164,
        0.9896078334501164,
        0.9896078334501164,
        0.9896078334501164,
        0.9896078334501164,
        0.9896078334501164,
        0.9896078334501164,
        0.9896078334501164,
        0.9896078334501164,
        0.9896078334501164,
        0.9896078334501164,
        0.9896078334501164,
        0.9896078334501164,
        0.9896078334501164,
        0.9896078334501164,
        0.9896078334501164,
        0.9896078334501164,
        0.9896078334501164,
        0.9896078334501164,
        0.9896078334501164,
        0.9896078334501164,
        0.9896078334501164,
        0.9896078334501164,
        0.9896078334501164,
        0.9896078334501164,
        0.9896078334501164,
        0.9896078334501164,
        0.9896078334501164,
        0.9896078334501164,
        0.9896078334501164,
        0.9896078334501164,
        0.9896078334501164,
        0.9896078334501164,
        0.9896078334501164,
        0.9896078334501164,
        0.9896078334501164,
        0.9896078334501164,
        0.9896078334501164,
        0.9896078334501164,
        0.9896078334501164,
        0.9896078334501164,
        0.9896078334501164,
        0.9896078334501164,
        0.9896078334501164,
        0.9896078334501164,
        0.9896078334501164,
        0.9896078334501164,
        0.9896078334501164,
        0.9896078334501164,
        0.9896078334501164,
        0.9896078334501164,
        0.9896078334501164,
        0.9896078334501164,
        0.9896078334501164,
        0.9896078334501164,
        0.9896078334501164,
        0.9896078334501164,
        0.9896078334501164,
        0.9896078334501164,
        0.9896078334501164,
        0.9896078334501164,
        0.9896078334501164,
        0.9896078334501164,
        0.9896078334501164,
        0.9896078334501164,
        0.9896078334501164,
        0.9896078334501164,
        0.9896078334501164,
        0.9896078334501164,
        0.9896078334501164,
        0.9896078334501164,
        0.9896078334501164,
        0.9896078334501164,
        0.9896078334501164,
        0.9896078334501164,
        0.9896078334501164,
        0.9896078334501164,
        0.9896078334501164,
        0.9896078334501164,
        0.9896078334501164,
        0.9896078334501164,
        0.9896078334501164,
        0.9896078334501164,
        0.9896078334501164,
        0.9896078334501164,
        0.9896078334501164,
        0.9896078334501164,
        0.9896078334501164,
        0.9896078334501164,
        0.9896078334501164,
        0.9896078334501164,
        0.9896078334501164,
        0.9896078334501164,
        0.9896078334501164,
        0.9896078334501164,
        0.9896078334501164,
        0.9896078334501164,
        0.9896078334501164,
        0.9896078334501164,
        0.9896078334501164,
        0.9896078334501164,
        0.9896078334501164,
        0.9896078334501164
    ],