{
    "dimensions": [
        0,
        0,
        0,
        0,
        0,
        0,
        0,
        0,
        0,
        0,
        0,
        0,
        0,
        0,
        0,
        0,
        0,
        0,
        0,
        0,
        0,
        0,
        0,
        0,
        0,
        0,
        0,
        0,
        0,
        0,
        0,
        0,
        0,
        0,
        0,
        0,
        0,
        0,
        0,
        0,
        0,
        0,
        0,
        0,
        0,
        0,
        0,
        0,
        0,
        0,
        0,
        0,
        0,
        0,
        0,
        0,
        0,
        0,
        0,
        0,
        0,
        0,
        0,
        0,
        0,
        0,
        0,
        0,
        0,
        0,
        0,
        0,
        0,
        0,
        0,
        0,
        0,
        0,
        0,
        0,
        0,
        0,
        0,
        0,
        0,
        0,
        0,
        0,
        0,
        0,
        0,
        0,
        0,
        0,
        0,
        0,
        0,
        0,
        0,
        0,
        0,
        0,
        0,
        0,
        0,
        0,
        0,
        0,
        0,
        0,
        0,
        0,
        0,
        0,
        0,
        0,
        0,
        0,
        0,
        0,
        0,
        0,
        0,
        0,
        0,
        0,
        0,
        0,
        0,
        0,
        0,
        0,
        0,
        0,
        0,
        0,
        0,
        0,
        0,
        0,
        0,
        0,
        0,
        0,
        0,
        0,
        0,
        0,
        0,
        0,
        0,
        0,
        0,
        0,
        0,
        0,
        0,
        0,
        0,
        0,
        0,
        0,
        0,
        0,
        0,
        0,
        0,
        0
    ],
    "creation_values": [
        0.9481087046462924,
        0.9481087046462924,
        0.9481087046462924,
        0.9481087046462924,
        0.9481087046462924,
        0.9481087046462924,
        0.9481087046462924,
        0.9481087046462924,
        0.9481087046462924,
        0.9481087046462924,
        0.9481087046462924,
        0.9481087046462924,
        0.9481087046462924,
        0.9481087046462924,
        0.9481087046462924,
        0.9481087046462924,
        0.9481087046462924,
        0.9481087046462924,
        0.9481087046462924,
        0.9481087046462924,
        0.9481087046462924,
        0.9481087046462924,
        0.9481087046462924,
        0.9481087046462924,
        0.9481087046462924,
        0.9481087046462924,
        0.9481087046462924,
        0.9481087046462924,
        0.9481087046462924,
        0.9481087046462924,
        0.9481087046462924,
        0.9481087046462924,
        0.9481087046462924,
        0.9481087046462924,
        0.9481087046462924,
        0.9481087046462924,
        0.9481087046462924,
        0.9481087046462924,
        0.9481087046462924,
        0.9481087046462924,
        0.9481087046462924,
        0.9481087046462924,
        0.9481087046462924,
        0.9481087046462924,
        0.9481087046462924,
        0.9481087046462924,
        0.9481087046462924,
        0.9481087046462924,
        0.9481087046462924,
        0.9481087046462924,
        0.9481087046462924,
        0.9481087046462924,
        0.9481087046462924,
        0.9481087046462924,
        0.9481087046462924,
        0.9481087046462924,
        0.9481087046462924,
        0.9481087046462924,
        0.9481087046462924,
        0.9481087046462924,
        0.9481087046462924,
        0.9481087046462924,
        0.9481087046462924,
        0.9481087046462924,
        0.9481087046462924,
        0.9481087046462924,
        0.9481087046462924,
        0.9481087046462924,
        0.9481087046462924,
        0.9481087046462924,
        0.9481087046462924,
        0.9481087046462924,
        0.9481087046462924,
        0.9481087046462924,
        0.9481087046462924,
        0.9481087046462924,
        0.9481087046462924,
        0.9481087046462924,
        0.9481087046462924,
        0.9481087046462924,
        0.9481087046462924,
        0.9481087046462924,
        0.9481087046462924,
        0.9481087046462924,
        0.9481087046462924,
        0.9481087046462924,
        0.9481087046462924,
        0.9481087046462924,
        0.9481087046462924,
        0.9481087046462924,
        0.9481087046462924,
        0.9481087046462924,
        0.9481087046462924,
        0.9481087046462924,
        0.9481087046462924,
        0.9481087046462924,
        0.9481087046462924,
        0.9481087046462924,
        0.9481087046462924,
        0.9481087046462924,
        0.9481087046462924,
        0.9481087046462924,
        0.9481087046462924,
        0.9481087046462924,
        0.9481087046462924,
        0.9481087046462924,
        0.9481087046462924,
        0.9481087046462924,
        0.9481087046462924,
        0.9481087046462924,
        0.9481087046462924,
        0.9481087046462924,
        0.9481087046462924,
        0.9481087046462924,
        0.9481087046462924,
        0.9481087046462924,
        0.9481087046462924,
        0.9481087046462924,
        0.9481087046462924,
        0.9481087046462924,
        0.9481087046462924,
        0.9481087046462924,
        0.9481087046462924,
        0.9481087046462924,
        0.9481087046462924,
        0.9481087046462924,
        0.9481087046462924,
        0.9481087046462924,
        0.9481087046462924,
        0.9481087046462924,
        0.9481087046462924,
        0.9481087046462924,
        0.9481087046462924,
        0.9481087046462924,
        0.9481087046462924,
        0.9481087046462924,
        0.9481087046462924,
        0.9481087046462924,
        0.9481087046462924,
        0.9481087046462924,
        0.9481087046462924,
        0.9481087046462924,
        0.9481087046462924,
        0.9481087046462924,
        0.9481087046462924,
        0.9481087046462924,
        0.9481087046462924,
        0.9481087046462924,
        0.9481087046462924,
        0.9481087046462924,
        0.9481087046462924,
        0.9481087046462924,
        0.9481087046462924,
        0.9481087046462924,
        0.9481087046462924,
        0.9481087046462924,
        0.9481087046462924,
        0.9481087046462924,
        0.9481087046462924,
        0.9481087046462924,
        0.9481087046462924,
        0.9481087046462924,
        0.9481087046462924,
        0.9481087046462924,
        0.9481087046462924,
        0.9481087046462924,
        0.9481087046462924,
        0.9481087046462924
    ],