{
    "dimensions": [
        0,
        0,
        0,
        0,
        0,
        0,
        0,
        0,
        0,
        0,
        0,
        0,
        0,
        0,
        0,
        0,
        0,
        0,
        0,
        0,
        0,
        0,
        0,
        0,
        0,
        0,
        0,
        0,
        0,
        0,
        0,
        0,
        0,
        0,
        0,
        0,
        0,
        0,
        0,
        0,
        0,
        0,
        0,
        0,
        0,
        0,
        0,
        0,
        0,
        0,
        0,
        0,
        0,
        0,
        0,
        0,
        0,
        0,
        0,
        0,
        0,
        0,
        0,
        0,
        0,
        0,
        0,
        0,
        0,
        0,
        0,
        0,
        0,
        0,
        0,
        0,
        0,
        0,
        0,
        0,
        0,
        0,
        0,
        0,
        0,
        0,
        0,
        0,
        0,
        0,
        0,
        0,
        0,
        0,
        0,
        0,
        0,
        0,
        0,
        0,
        0,
        0,
        0,
        0,
        0,
        0,
        0,
        0,
        0,
        0,
        0,
        0,
        0,
        0,
        0,
        0,
        0,
        0,
        0,
        0,
        0,
        0,
        0,
        0,
        0,
        0,
        0,
        0,
        0,
        0,
        0,
        0,
        0,
        0,
        0,
        0,
        0,
        0,
        0,
        0,
        0,
        0,
        0,
        0,
        0,
        0,
        0,
        0,
        0,
        0,
        0,
        0,
        0,
        0,
        0,
        0,
        0,
        0,
        0,
        0,
        0,
        0,
        0,
        0,
        0,
        0,
        0,
        0
    ],
    "creation_values": [
        0.9620375428247724,
        0.9620375428247724,
        0.9620375428247724,
        0.9620375428247724,
        0.9620375428247724,
        0.9620375428247724,
        0.9620375428247724,
        0.9620375428247724,
        0.9620375428247724,
        0.9620375428247724,
        0.9620375428247724,
        0.9620375428247724,
        0.9620375428247724,
        0.9620375428247724,
        0.9620375428247724,
        0.9620375428247724,
        0.9620375428247724,
        0.9620375428247724,
        0.9620375428247724,
        0.9620375428247724,
        0.9620375428247724,
        0.9620375428247724,
        0.9620375428247724,
        0.9620375428247724,
        0.9620375428247724,
        0.9620375428247724,
        0.9620375428247724,
        0.9620375428247724,
        0.9620375428247724,
        0.9620375428247724,
        0.9620375428247724,
        0.9620375428247724,
        0.9620375428247724,
        0.9620375428247724,
        0.9620375428247724,
        0.9620375428247724,
        0.9620375428247724,
        0.9620375428247724,
        0.9620375428247724,
        0.9620375428247724,
        0.9620375428247724,
        0.9620375428247724,
        0.9620375428247724,
        0.9620375428247724,
        0.9620375428247724,
        0.9620375428247724,
        0.9620375428247724,
        0.9620375428247724,
        0.9620375428247724,
        0.9620375428247724,
        0.9620375428247724,
        0.9620375428247724,
        0.9620375428247724,
        0.9620375428247724,
        0.9620375428247724,
        0.9620375428247724,
        0.9620375428247724,
        0.9620375428247724,
        0.9620375428247724,
        0.9620375428247724,
        0.9620375428247724,
        0.9620375428247724,
        0.9620375428247724,
        0.9620375428247724,
        0.9620375428247724,
        0.9620375428247724,
        0.9620375428247724,
        0.9620375428247724,
        0.9620375428247724,
        0.9620375428247724,
        0.9620375428247724,
        0.9620375428247724,
        0.9620375428247724,
        0.9620375428247724,
        0.9620375428247724,
        0.9620375428247724,
        0.9620375428247724,
        0.9620375428247724,
        0.9620375428247724,
        0.9620375428247724,
        0.9620375428247724,
        0.9620375428247724,
        0.9620375428247724,
        0.9620375428247724,
        0.9620375428247724,
        0.9620375428247724,
        0.9620375428247724,
        0.9620375428247724,
        0.9620375428247724,
        0.9620375428247724,
        0.9620375428247724,
        0.9620375428247724,
        0.9620375428247724,
        0.9620375428247724,
        0.9620375428247724,
        0.9620375428247724,
        0.9620375428247724,
        0.9620375428247724,
        0.9620375428247724,
        0.9620375428247724,
        0.9620375428247724,
        0.9620375428247724,
        0.9620375428247724,
        0.9620375428247724,
        0.9620375428247724,
        0.9620375428247724,
        0.9620375428247724,
        0.9620375428247724,
        0.9620375428247724,
        0.9620375428247724,
        0.9620375428247724,
        0.9620375428247724,
        0.9620375428247724,
        0.9620375428247724,
        0.9620375428247724,
        0.9620375428247724,
        0.9620375428247724,
        0.9620375428247724,
        0.9620375428247724,
        0.9620375428247724,
        0.9620375428247724,
        0.9620375428247724,
        0.9620375428247724,
        0.9620375428247724,
        0.9620375428247724,
        0.9620375428247724,
        0.9620375428247724,
        0.9620375428247724,
        0.9620375428247724,
        0.9620375428247724,
        0.9620375428247724,
        0.9620375428247724,
        0.9620375428247724,
        0.9620375428247724,
        0.9620375428247724,
        0.9620375428247724,
        0.9620375428247724,
        0.9620375428247724,
        0.9620375428247724,
        0.9620375428247724,
        0.9620375428247724,
        0.9620375428247724,
        0.9620375428247724,
        0.9620375428247724,
        0.9620375428247724,
        0.9620375428247724,
        0.9620375428247724,
        0.9620375428247724,
        0.9620375428247724,
        0.9620375428247724,
        0.9620375428247724,
        0.9620375428247724,
        0.9620375428247724,
        0.9620375428247724,
        0.9620375428247724,
        0.9620375428247724,
        0.9620375428247724,
        0.9620375428247724,
        0.9620375428247724,
        0.9620375428247724,
        0.9620375428247724,
        0.9620375428247724,
        0.9620375428247724,
        0.9620375428247724,
        0.9620375428247724,
        0.9620375428247724,
        0.9620375428247724,
        0.9620375428247724
    ],