{
    "dimensions": [
        0,
        0,
        0,
        0,
        0,
        0,
        0,
        0,
        0,
        0,
        0,
        0,
        0,
        0,
        0,
        0,
        0,
        0,
        0,
        0,
        0,
        0,
        0,
        0,
        0,
        0,
        0,
        0,
        0,
        0,
        0,
        0,
        0,
        0,
        0,
        0,
        0,
        0,
        0,
        0,
        0,
        0,
        0,
        0,
        0,
        0,
        0,
        0,
        0,
        0,
        0,
        0,
        0,
        0,
        0,
        0,
        0,
        0,
        0,
        0,
        0,
        0,
        0,
        0,
        0,
        0,
        0,
        0,
        0,
        0,
        0,
        0,
        0,
        0,
        0,
        0,
        0,
        0,
        0,
        0,
        0,
        0,
        0,
        0,
        0,
        0,
        0,
        0,
        0,
        0,
        0,
        0,
        0,
        0,
        0,
        0,
        0,
        0,
        0,
        0,
        0,
        0,
        0,
        0,
        0,
        0,
        0,
        0,
        0,
        0,
        0,
        0,
        0,
        0,
        0,
        0,
        0,
        0,
        0,
        0,
        0,
        0,
        0,
        0,
        0,
        0,
        0,
        0,
        0,
        0,
        0,
        0,
        0,
        0,
        0,
        0,
        0,
        0,
        0,
        0,
        0,
        0,
        0,
        0,
        0,
        0,
        0,
        0,
        0,
        0,
        0,
        0,
        0,
        0,
        0,
        0,
        0,
        0,
        0,
        0,
        0,
        0,
        0,
        0,
        0,
        0,
        0,
        0
    ],
    "creation_values": [
        0.9879685135299471,
        0.9879685135299471,
        0.9879685135299471,
        0.9879685135299471,
        0.9879685135299471,
        0.9879685135299471,
        0.9879685135299471,
        0.9879685135299471,
        0.9879685135299471,
        0.9879685135299471,
        0.9879685135299471,
        0.9879685135299471,
        0.9879685135299471,
        0.9879685135299471,
        0.9879685135299471,
        0.9879685135299471,
        0.9879685135299471,
        0.9879685135299471,
        0.9879685135299471,
        0.9879685135299471,
        0.9879685135299471,
        0.9879685135299471,
        0.9879685135299471,
        0.9879685135299471,
        0.9879685135299471,
        0.9879685135299471,
        0.9879685135299471,
        0.9879685135299471,
        0.9879685135299471,
        0.9879685135299471,
        0.9879685135299471,
        0.9879685135299471,
        0.9879685135299471,
        0.9879685135299471,
        0.9879685135299471,
        0.9879685135299471,
        0.9879685135299471,
        0.9879685135299471,
        0.9879685135299471,
        0.9879685135299471,
        0.9879685135299471,
        0.9879685135299471,
        0.9879685135299471,
        0.9879685135299471,
        0.9879685135299471,
        0.9879685135299471,
        0.9879685135299471,
        0.9879685135299471,
        0.9879685135299471,
        0.9879685135299471,
        0.9879685135299471,
        0.9879685135299471,
        0.9879685135299471,
        0.9879685135299471,
        0.9879685135299471,
        0.9879685135299471,
        0.9879685135299471,
        0.9879685135299471,
        0.9879685135299471,
        0.9879685135299471,
        0.9879685135299471,
        0.9879685135299471,
        0.9879685135299471,
        0.9879685135299471,
        0.9879685135299471,
        0.9879685135299471,
        0.9879685135299471,
        0.9879685135299471,
        0.9879685135299471,
        0.9879685135299471,
        0.9879685135299471,
        0.9879685135299471,
        0.9879685135299471,
        0.9879685135299471,
        0.9879685135299471,
        0.9879685135299471,
        0.9879685135299471,
        0.9879685135299471,
        0.9879685135299471,
        0.9879685135299471,
        0.9879685135299471,
        0.9879685135299471,
        0.9879685135299471,
        0.9879685135299471,
        0.9879685135299471,
        0.9879685135299471,
        0.9879685135299471,
        0.9879685135299471,
        0.9879685135299471,
        0.9879685135299471,
        0.9879685135299471,
        0.9879685135299471,
        0.9879685135299471,
        0.9879685135299471,
        0.9879685135299471,
        0.9879685135299471,
        0.9879685135299471,
        0.9879685135299471,
        0.9879685135299471,
        0.9879685135299471,
        0.9879685135299471,
        0.9879685135299471,
        0.9879685135299471,
        0.9879685135299471,
        0.9879685135299471,
        0.9879685135299471,
        0.9879685135299471,
        0.9879685135299471,
        0.9879685135299471,
        0.9879685135299471,
        0.9879685135299471,
        0.9879685135299471,
        0.9879685135299471,
        0.9879685135299471,
        0.9879685135299471,
        0.9879685135299471,
        0.9879685135299471,
        0.9879685135299471,
        0.9879685135299471,
        0.9879685135299471,
        0.9879685135299471,
        0.9879685135299471,
        0.9879685135299471,
        0.9879685135299471,
        0.9879685135299471,
        0.9879685135299471,
        0.9879685135299471,
        0.9879685135299471,
        0.9879685135299471,
        0.9879685135299471,
        0.9879685135299471,
        0.9879685135299471,
        0.9879685135299471,
        0.9879685135299471,
        0.9879685135299471,
        0.9879685135299471,
        0.9879685135299471,
        0.9879685135299471,
        0.9879685135299471,
        0.9879685135299471,
        0.9879685135299471,
        0.9879685135299471,
        0.9879685135299471,
        0.9879685135299471,
        0.9879685135299471,
        0.9879685135299471,
        0.9879685135299471,
        0.9879685135299471,
        0.9879685135299471,
        0.9879685135299471,
        0.9879685135299471,
        0.9879685135299471,
        0.9879685135299471,
        0.9879685135299471,
        0.9879685135299471,
        0.9879685135299471,
        0.9879685135299471,
        0.9879685135299471,
        0.9879685135299471,
        0.9879685135299471,
        0.9879685135299471,
        0.9879685135299471,
        0.9879685135299471,
        0.9879685135299471,
        0.9879685135299471,
        0.9879685135299471,
        0.9879685135299471,
        0.9879685135299471
    ],