{
    "dimensions": [
        0,
        0,
        0,
        0,
        0,
        0,
        0,
        0,
        0,
        0,
        0,
        0,
        0,
        0,
        0,
        0,
        0,
        0,
        0,
        0,
        0,
        0,
        0,
        0,
        0,
        0,
        0,
        0,
        0,
        0,
        0,
        0,
        0,
        0,
        0,
        0,
        0,
        0,
        0,
        0,
        0,
        0,
        0,
        0,
        0,
        0,
        0,
        0,
        0,
        0,
        0,
        0,
        0,
        0,
        0,
        0,
        0,
        0,
        0,
        0,
        0,
        0,
        0,
        0,
        0,
        0,
        0,
        0,
        0,
        0,
        0,
        0,
        0,
        0,
        0,
        0,
        0,
        0,
        0,
        0,
        0,
        0,
        0,
        0,
        0,
        0,
        0,
        0,
        0,
        0,
        0,
        0,
        0,
        0,
        0,
        0,
        0,
        0,
        0,
        0,
        0,
        0,
        0,
        0,
        0,
        0,
        0,
        0,
        0,
        0,
        0,
        0,
        0,
        0,
        0,
        0,
        0,
        0,
        0,
        0,
        0,
        0,
        0,
        0,
        0,
        0,
        0,
        0,
        0,
        0,
        0,
        0,
        0,
        0,
        0,
        0,
        0,
        0,
        0,
        0,
        0,
        0,
        0,
        0,
        0,
        0,
        0,
        0,
        0,
        0,
        0,
        0,
        0,
        0,
        0,
        0,
        0,
        0,
        0,
        0,
        0,
        0,
        0,
        0,
        0,
        0,
        0,
        0
    ],
    "creation_values": [
        0.9405767365520904,
        0.9405767365520904,
        0.9405767365520904,
        0.9405767365520904,
        0.9405767365520904,
        0.9405767365520904,
        0.9405767365520904,
        0.9405767365520904,
        0.9405767365520904,
        0.9405767365520904,
        0.9405767365520904,
        0.9405767365520904,
        0.9405767365520904,
        0.9405767365520904,
        0.9405767365520904,
        0.9405767365520904,
        0.9405767365520904,
        0.9405767365520904,
        0.9405767365520904,
        0.9405767365520904,
        0.9405767365520904,
        0.9405767365520904,
        0.9405767365520904,
        0.9405767365520904,
        0.9405767365520904,
        0.9405767365520904,
        0.9405767365520904,
        0.9405767365520904,
        0.9405767365520904,
        0.9405767365520904,
        0.9405767365520904,
        0.9405767365520904,
        0.9405767365520904,
        0.9405767365520904,
        0.9405767365520904,
        0.9405767365520904,
        0.9405767365520904,
        0.9405767365520904,
        0.9405767365520904,
        0.9405767365520904,
        0.9405767365520904,
        0.9405767365520904,
        0.9405767365520904,
        0.9405767365520904,
        0.9405767365520904,
        0.9405767365520904,
        0.9405767365520904,
        0.9405767365520904,
        0.9405767365520904,
        0.9405767365520904,
        0.9405767365520904,
        0.9405767365520904,
        0.9405767365520904,
        0.9405767365520904,
        0.9405767365520904,
        0.9405767365520904,
        0.9405767365520904,
        0.9405767365520904,
        0.9405767365520904,
        0.9405767365520904,
        0.9405767365520904,
        0.9405767365520904,
        0.9405767365520904,
        0.9405767365520904,
        0.9405767365520904,
        0.9405767365520904,
        0.9405767365520904,
        0.9405767365520904,
        0.9405767365520904,
        0.9405767365520904,
        0.9405767365520904,
        0.9405767365520904,
        0.9405767365520904,
        0.9405767365520904,
        0.9405767365520904,
        0.9405767365520904,
        0.9405767365520904,
        0.9405767365520904,
        0.9405767365520904,
        0.9405767365520904,
        0.9405767365520904,
        0.9405767365520904,
        0.9405767365520904,
        0.9405767365520904,
        0.9405767365520904,
        0.9405767365520904,
        0.9405767365520904,
        0.9405767365520904,
        0.9405767365520904,
        0.9405767365520904,
        0.9405767365520904,
        0.9405767365520904,
        0.9405767365520904,
        0.9405767365520904,
        0.9405767365520904,
        0.9405767365520904,
        0.9405767365520904,
        0.9405767365520904,
        0.9405767365520904,
        0.9405767365520904,
        0.9405767365520904,
        0.9405767365520904,
        0.9405767365520904,
        0.9405767365520904,
        0.9405767365520904,
        0.9405767365520904,
        0.9405767365520904,
        0.9405767365520904,
        0.9405767365520904,
        0.9405767365520904,
        0.9405767365520904,
        0.9405767365520904,
        0.9405767365520904,
        0.9405767365520904,
        0.9405767365520904,
        0.9405767365520904,
        0.9405767365520904,
        0.9405767365520904,
        0.9405767365520904,
        0.9405767365520904,
        0.9405767365520904,
        0.9405767365520904,
        0.9405767365520904,
        0.9405767365520904,
        0.9405767365520904,
        0.9405767365520904,
        0.9405767365520904,
        0.9405767365520904,
        0.9405767365520904,
        0.9405767365520904,
        0.9405767365520904,
        0.9405767365520904,
        0.9405767365520904,
        0.9405767365520904,
        0.9405767365520904,
        0.9405767365520904,
        0.9405767365520904,
        0.9405767365520904,
        0.9405767365520904,
        0.9405767365520904,
        0.9405767365520904,
        0.9405767365520904,
        0.9405767365520904,
        0.9405767365520904,
        0.9405767365520904,
        0.9405767365520904,
        0.9405767365520904,
        0.9405767365520904,
        0.9405767365520904,
        0.9405767365520904,
        0.9405767365520904,
        0.9405767365520904,
        0.9405767365520904,
        0.9405767365520904,
        0.9405767365520904,
        0.9405767365520904,
        0.9405767365520904,
        0.9405767365520904,
        0.9405767365520904,
        0.9405767365520904,
        0.9405767365520904,
        0.9405767365520904,
        0.9405767365520904,
        0.9405767365520904,
        0.9405767365520904,
        0.9405767365520904,
        0.9405767365520904,
        0.9405767365520904
    ],