{
    "dimensions": [
        0,
        0,
        0,
        0,
        0,
        0,
        0,
        0,
        0,
        0,
        0,
        0,
        0,
        0,
        0,
        0,
        0,
        0,
        0,
        0,
        0,
        0,
        0,
        0,
        0,
        0,
        0,
        0,
        0,
        0,
        0,
        0,
        0,
        0,
        0,
        0,
        0,
        0,
        0,
        0,
        0,
        0,
        0,
        0,
        0,
        0,
        0,
        0,
        0,
        0,
        0,
        0,
        0,
        0,
        0,
        0,
        0,
        0,
        0,
        0,
        0,
        0,
        0,
        0,
        0,
        0,
        0,
        0,
        0,
        0,
        0,
        0,
        0,
        0,
        0,
        0,
        0,
        0,
        0,
        0,
        0,
        0,
        0,
        0,
        0,
        0,
        0,
        0,
        0,
        0,
        0,
        0,
        0,
        0,
        0,
        0,
        0,
        0,
        0,
        0,
        0,
        0,
        0,
        0,
        0,
        0,
        0,
        0,
        0,
        0,
        0,
        0,
        0,
        0,
        0,
        0,
        0,
        0,
        0,
        0,
        0,
        0,
        0,
        0,
        0,
        0,
        0,
        0,
        0,
        0,
        0,
        0,
        0,
        0,
        0,
        0,
        0,
        0,
        0,
        0,
        0,
        0,
        0,
        0,
        0,
        0,
        0,
        0,
        0,
        0,
        0,
        0,
        0,
        0,
        0,
        0,
        0,
        0,
        0,
        0,
        0,
        0,
        0,
        0,
        0,
        0,
        0,
        0
    ],
    "creation_values": [
        0.9943204204181688,
        0.9943204204181688,
        0.9943204204181688,
        0.9943204204181688,
        0.9943204204181688,
        0.9943204204181688,
        0.9943204204181688,
        0.9943204204181688,
        0.9943204204181688,
        0.9943204204181688,
        0.9943204204181688,
        0.9943204204181688,
        0.9943204204181688,
        0.9943204204181688,
        0.9943204204181688,
        0.9943204204181688,
        0.9943204204181688,
        0.9943204204181688,
        0.9943204204181688,
        0.9943204204181688,
        0.9943204204181688,
        0.9943204204181688,
        0.9943204204181688,
        0.9943204204181688,
        0.9943204204181688,
        0.9943204204181688,
        0.9943204204181688,
        0.9943204204181688,
        0.9943204204181688,
        0.9943204204181688,
        0.9943204204181688,
        0.9943204204181688,
        0.9943204204181688,
        0.9943204204181688,
        0.9943204204181688,
        0.9943204204181688,
        0.9943204204181688,
        0.9943204204181688,
        0.9943204204181688,
        0.9943204204181688,
        0.9943204204181688,
        0.9943204204181688,
        0.9943204204181688,
        0.9943204204181688,
        0.9943204204181688,
        0.9943204204181688,
        0.9943204204181688,
        0.9943204204181688,
        0.9943204204181688,
        0.9943204204181688,
        0.9943204204181688,
        0.9943204204181688,
        0.9943204204181688,
        0.9943204204181688,
        0.9943204204181688,
        0.9943204204181688,
        0.9943204204181688,
        0.9943204204181688,
        0.9943204204181688,
        0.9943204204181688,
        0.9943204204181688,
        0.9943204204181688,
        0.9943204204181688,
        0.9943204204181688,
        0.9943204204181688,
        0.9943204204181688,
        0.9943204204181688,
        0.9943204204181688,
        0.9943204204181688,
        0.9943204204181688,
        0.9943204204181688,
        0.9943204204181688,
        0.9943204204181688,
        0.9943204204181688,
        0.9943204204181688,
        0.9943204204181688,
        0.9943204204181688,
        0.9943204204181688,
        0.9943204204181688,
        0.9943204204181688,
        0.9943204204181688,
        0.9943204204181688,
        0.9943204204181688,
        0.9943204204181688,
        0.9943204204181688,
        0.9943204204181688,
        0.9943204204181688,
        0.9943204204181688,
        0.9943204204181688,
        0.9943204204181688,
        0.9943204204181688,
        0.9943204204181688,
        0.9943204204181688,
        0.9943204204181688,
        0.9943204204181688,
        0.9943204204181688,
        0.9943204204181688,
        0.9943204204181688,
        0.9943204204181688,
        0.9943204204181688,
        0.9943204204181688,
        0.9943204204181688,
        0.9943204204181688,
        0.9943204204181688,
        0.9943204204181688,
        0.9943204204181688,
        0.9943204204181688,
        0.9943204204181688,
        0.9943204204181688,
        0.9943204204181688,
        0.9943204204181688,
        0.9943204204181688,
        0.9943204204181688,
        0.9943204204181688,
        0.9943204204181688,
        0.9943204204181688,
        0.9943204204181688,
        0.9943204204181688,
        0.9943204204181688,
        0.9943204204181688,
        0.9943204204181688,
        0.9943204204181688,
        0.9943204204181688,
        0.9943204204181688,
        0.9943204204181688,
        0.9943204204181688,
        0.9943204204181688,
        0.9943204204181688,
        0.9943204204181688,
        0.9943204204181688,
        0.9943204204181688,
        0.9943204204181688,
        0.9943204204181688,
        0.9943204204181688,
        0.9943204204181688,
        0.9943204204181688,
        0.9943204204181688,
        0.9943204204181688,
        0.9943204204181688,
        0.9943204204181688,
        0.9943204204181688,
        0.9943204204181688,
        0.9943204204181688,
        0.9943204204181688,
        0.9943204204181688,
        0.9943204204181688,
        0.9943204204181688,
        0.9943204204181688,
        0.9943204204181688,
        0.9943204204181688,
        0.9943204204181688,
        0.9943204204181688,
        0.9943204204181688,
        0.9943204204181688,
        0.9943204204181688,
        0.9943204204181688,
        0.9943204204181688,
        0.9943204204181688,
        0.9943204204181688,
        0.9943204204181688,
        0.9943204204181688,
        0.9943204204181688,
        0.9943204204181688,
        0.9943204204181688,
        0.9943204204181688,
        0.9943204204181688,
        0.9943204204181688,
        0.9943204204181688
    ],