{
    "dimensions": [
        0,
        0,
        0,
        0,
        0,
        0,
        0,
        0,
        0,
        0,
        0,
        0,
        0,
        0,
        0,
        0,
        0,
        0,
        0,
        0,
        0,
        0,
        0,
        0,
        0,
        0,
        0,
        0,
        0,
        0,
        0,
        0,
        0,
        0,
        0,
        0,
        0,
        0,
        0,
        0,
        0,
        0,
        0,
        0,
        0,
        0,
        0,
        0,
        0,
        0,
        0,
        0,
        0,
        0,
        0,
        0,
        0,
        0,
        0,
        0,
        0,
        0,
        0,
        0,
        0,
        0,
        0,
        0,
        0,
        0,
        0,
        0,
        0,
        0,
        0,
        0,
        0,
        0,
        0,
        0,
        0,
        0,
        0,
        0,
        0,
        0,
        0,
        0,
        0,
        0,
        0,
        0,
        0,
        0,
        0,
        0,
        0,
        0,
        0,
        0,
        0,
        0,
        0,
        0,
        0,
        0,
        0,
        0,
        0,
        0,
        0,
        0,
        0,
        0,
        0,
        0,
        0,
        0,
        0,
        0,
        0,
        0,
        0,
        0,
        0,
        0,
        0,
        0,
        0,
        0,
        0,
        0,
        0,
        0,
        0,
        0,
        0,
        0,
        0,
        0,
        0,
        0,
        0,
        0,
        0,
        0,
        0,
        0,
        0,
        0,
        0,
        0,
        0,
        0,
        0,
        0,
        0,
        0,
        0,
        0,
        0,
        0,
        0,
        0,
        0,
        0,
        0,
        0
    ],
    "creation_values": [
        0.9982778908759037,
        0.9982778908759037,
        0.9982778908759037,
        0.9982778908759037,
        0.9982778908759037,
        0.9982778908759037,
        0.9982778908759037,
        0.9982778908759037,
        0.9982778908759037,
        0.9982778908759037,
        0.9982778908759037,
        0.9982778908759037,
        0.9982778908759037,
        0.9982778908759037,
        0.9982778908759037,
        0.9982778908759037,
        0.9982778908759037,
        0.9982778908759037,
        0.9982778908759037,
        0.9982778908759037,
        0.9982778908759037,
        0.9982778908759037,
        0.9982778908759037,
        0.9982778908759037,
        0.9982778908759037,
        0.9982778908759037,
        0.9982778908759037,
        0.9982778908759037,
        0.9982778908759037,
        0.9982778908759037,
        0.9982778908759037,
        0.9982778908759037,
        0.9982778908759037,
        0.9982778908759037,
        0.9982778908759037,
        0.9982778908759037,
        0.9982778908759037,
        0.9982778908759037,
        0.9982778908759037,
        0.9982778908759037,
        0.9982778908759037,
        0.9982778908759037,
        0.9982778908759037,
        0.9982778908759037,
        0.9982778908759037,
        0.9982778908759037,
        0.9982778908759037,
        0.9982778908759037,
        0.9982778908759037,
        0.9982778908759037,
        0.9982778908759037,
        0.9982778908759037,
        0.9982778908759037,
        0.9982778908759037,
        0.9982778908759037,
        0.9982778908759037,
        0.9982778908759037,
        0.9982778908759037,
        0.9982778908759037,
        0.9982778908759037,
        0.9982778908759037,
        0.9982778908759037,
        0.9982778908759037,
        0.9982778908759037,
        0.9982778908759037,
        0.9982778908759037,
        0.9982778908759037,
        0.9982778908759037,
        0.9982778908759037,
        0.9982778908759037,
        0.9982778908759037,
        0.9982778908759037,
        0.9982778908759037,
        0.9982778908759037,
        0.9982778908759037,
        0.9982778908759037,
        0.9982778908759037,
        0.9982778908759037,
        0.9982778908759037,
        0.9982778908759037,
        0.9982778908759037,
        0.9982778908759037,
        0.9982778908759037,
        0.9982778908759037,
        0.9982778908759037,
        0.9982778908759037,
        0.9982778908759037,
        0.9982778908759037,
        0.9982778908759037,
        0.9982778908759037,
        0.9982778908759037,
        0.9982778908759037,
        0.9982778908759037,
        0.9982778908759037,
        0.9982778908759037,
        0.9982778908759037,
        0.9982778908759037,
        0.9982778908759037,
        0.9982778908759037,
        0.9982778908759037,
        0.9982778908759037,
        0.9982778908759037,
        0.9982778908759037,
        0.9982778908759037,
        0.9982778908759037,
        0.9982778908759037,
        0.9982778908759037,
        0.9982778908759037,
        0.9982778908759037,
        0.9982778908759037,
        0.9982778908759037,
        0.9982778908759037,
        0.9982778908759037,
        0.9982778908759037,
        0.9982778908759037,
        0.9982778908759037,
        0.9982778908759037,
        0.9982778908759037,
        0.9982778908759037,
        0.9982778908759037,
        0.9982778908759037,
        0.9982778908759037,
        0.9982778908759037,
        0.9982778908759037,
        0.9982778908759037,
        0.9982778908759037,
        0.9982778908759037,
        0.9982778908759037,
        0.9982778908759037,
        0.9982778908759037,
        0.9982778908759037,
        0.9982778908759037,
        0.9982778908759037,
        0.9982778908759037,
        0.9982778908759037,
        0.9982778908759037,
        0.9982778908759037,
        0.9982778908759037,
        0.9982778908759037,
        0.9982778908759037,
        0.9982778908759037,
        0.9982778908759037,
        0.9982778908759037,
        0.9982778908759037,
        0.9982778908759037,
        0.9982778908759037,
        0.9982778908759037,
        0.9982778908759037,
        0.9982778908759037,
        0.9982778908759037,
        0.9982778908759037,
        0.9982778908759037,
        0.9982778908759037,
        0.9982778908759037,
        0.9982778908759037,
        0.9982778908759037,
        0.9982778908759037,
        0.9982778908759037,
        0.9982778908759037,
        0.9982778908759037,
        0.9982778908759037,
        0.9982778908759037,
        0.9982778908759037,
        0.9982778908759037,
        0.9982778908759037,
        0.9982778908759037,
        0.9982778908759037,
        0.9982778908759037
    ],