{
    "dimensions": [
        0,
        0,
        0,
        0,
        0,
        0,
        0,
        0,
        0,
        0,
        0,
        0,
        0,
        0,
        0,
        0,
        0,
        0,
        0,
        0,
        0,
        0,
        0,
        0,
        0,
        0,
        0,
        0,
        0,
        0,
        0,
        0,
        0,
        0,
        0,
        0,
        0,
        0,
        0,
        0,
        0,
        0,
        0,
        0,
        0,
        0,
        0,
        0,
        0,
        0,
        0,
        0,
        0,
        0,
        0,
        0,
        0,
        0,
        0,
        0,
        0,
        0,
        0,
        0,
        0,
        0,
        0,
        0,
        0,
        0,
        0,
        0,
        0,
        0,
        0,
        0,
        0,
        0,
        0,
        0,
        0,
        0,
        0,
        0,
        0,
        0,
        0,
        0,
        0,
        0,
        0,
        0,
        0,
        0,
        0,
        0,
        0,
        0,
        0,
        0,
        0,
        0,
        0,
        0,
        0,
        0,
        0,
        0,
        0,
        0,
        0,
        0,
        0,
        0,
        0,
        0,
        0,
        0,
        0,
        0,
        0,
        0,
        0,
        0,
        0,
        0,
        0,
        0,
        0,
        0,
        0,
        0,
        0,
        0,
        0,
        0,
        0,
        0,
        0,
        0,
        0,
        0,
        0,
        0,
        0,
        0,
        0,
        0,
        0,
        0,
        0,
        0,
        0,
        0,
        0,
        0,
        0,
        0,
        0,
        0,
        0,
        0,
        0,
        0,
        0,
        0,
        0,
        0
    ],
    "creation_values": [
        0.8749582320204015,
        0.8749582320204015,
        0.8749582320204015,
        0.8749582320204015,
        0.8749582320204015,
        0.8749582320204015,
        0.8749582320204015,
        0.8749582320204015,
        0.8749582320204015,
        0.8749582320204015,
        0.8749582320204015,
        0.8749582320204015,
        0.8749582320204015,
        0.8749582320204015,
        0.8749582320204015,
        0.8749582320204015,
        0.8749582320204015,
        0.8749582320204015,
        0.8749582320204015,
        0.8749582320204015,
        0.8749582320204015,
        0.8749582320204015,
        0.8749582320204015,
        0.8749582320204015,
        0.8749582320204015,
        0.8749582320204015,
        0.8749582320204015,
        0.8749582320204015,
        0.8749582320204015,
        0.8749582320204015,
        0.8749582320204015,
        0.8749582320204015,
        0.8749582320204015,
        0.8749582320204015,
        0.8749582320204015,
        0.8749582320204015,
        0.8749582320204015,
        0.8749582320204015,
        0.8749582320204015,
        0.8749582320204015,
        0.8749582320204015,
        0.8749582320204015,
        0.8749582320204015,
        0.8749582320204015,
        0.8749582320204015,
        0.8749582320204015,
        0.8749582320204015,
        0.8749582320204015,
        0.8749582320204015,
        0.8749582320204015,
        0.8749582320204015,
        0.8749582320204015,
        0.8749582320204015,
        0.8749582320204015,
        0.8749582320204015,
        0.8749582320204015,
        0.8749582320204015,
        0.8749582320204015,
        0.8749582320204015,
        0.8749582320204015,
        0.8749582320204015,
        0.8749582320204015,
        0.8749582320204015,
        0.8749582320204015,
        0.8749582320204015,
        0.8749582320204015,
        0.8749582320204015,
        0.8749582320204015,
        0.8749582320204015,
        0.8749582320204015,
        0.8749582320204015,
        0.8749582320204015,
        0.8749582320204015,
        0.8749582320204015,
        0.8749582320204015,
        0.8749582320204015,
        0.8749582320204015,
        0.8749582320204015,
        0.8749582320204015,
        0.8749582320204015,
        0.8749582320204015,
        0.8749582320204015,
        0.8749582320204015,
        0.8749582320204015,
        0.8749582320204015,
        0.8749582320204015,
        0.8749582320204015,
        0.8749582320204015,
        0.8749582320204015,
        0.8749582320204015,
        0.8749582320204015,
        0.8749582320204015,
        0.8749582320204015,
        0.8749582320204015,
        0.8749582320204015,
        0.8749582320204015,
        0.8749582320204015,
        0.8749582320204015,
        0.8749582320204015,
        0.8749582320204015,
        0.8749582320204015,
        0.8749582320204015,
        0.8749582320204015,
        0.8749582320204015,
        0.8749582320204015,
        0.8749582320204015,
        0.8749582320204015,
        0.8749582320204015,
        0.8749582320204015,
        0.8749582320204015,
        0.8749582320204015,
        0.8749582320204015,
        0.8749582320204015,
        0.8749582320204015,
        0.8749582320204015,
        0.8749582320204015,
        0.8749582320204015,
        0.8749582320204015,
        0.8749582320204015,
        0.8749582320204015,
        0.8749582320204015,
        0.8749582320204015,
        0.8749582320204015,
        0.8749582320204015,
        0.8749582320204015,
        0.8749582320204015,
        0.8749582320204015,
        0.8749582320204015,
        0.8749582320204015,
        0.8749582320204015,
        0.8749582320204015,
        0.8749582320204015,
        0.8749582320204015,
        0.8749582320204015,
        0.8749582320204015,
        0.8749582320204015,
        0.8749582320204015,
        0.8749582320204015,
        0.8749582320204015,
        0.8749582320204015,
        0.8749582320204015,
        0.8749582320204015,
        0.8749582320204015,
        0.8749582320204015,
        0.8749582320204015,
        0.8749582320204015,
        0.8749582320204015,
        0.8749582320204015,
        0.8749582320204015,
        0.8749582320204015,
        0.8749582320204015,
        0.8749582320204015,
        0.8749582320204015,
        0.8749582320204015,
        0.8749582320204015,
        0.8749582320204015,
        0.8749582320204015,
        0.8749582320204015,
        0.8749582320204015,
        0.8749582320204015,
        0.8749582320204015,
        0.8749582320204015,
        0.8749582320204015,
        0.8749582320204015,
        0.8749582320204015,
        0.8749582320204015,
        0.8749582320204015,
        0.8749582320204015
    ],