{
    "dimensions": [
        0,
        0,
        0,
        0,
        0,
        0,
        0,
        0,
        0,
        0,
        0,
        0,
        0,
        0,
        0,
        0,
        0,
        0,
        0,
        0,
        0,
        0,
        0,
        0,
        0,
        0,
        0,
        0,
        0,
        0,
        0,
        0,
        0,
        0,
        0,
        0,
        0,
        0,
        0,
        0,
        0,
        0,
        0,
        0,
        0,
        0,
        0,
        0,
        0,
        0,
        0,
        0,
        0,
        0,
        0,
        0,
        0,
        0,
        0,
        0,
        0,
        0,
        0,
        0,
        0,
        0,
        0,
        0,
        0,
        0,
        0,
        0,
        0,
        0,
        0,
        0,
        0,
        0,
        0,
        0,
        0,
        0,
        0,
        0,
        0,
        0,
        0,
        0,
        0,
        0,
        0,
        0,
        0,
        0,
        0,
        0,
        0,
        0,
        0,
        0,
        0,
        0,
        0,
        0,
        0,
        0,
        0,
        0,
        0,
        0,
        0,
        0,
        0,
        0,
        0,
        0,
        0,
        0,
        0,
        0,
        0,
        0,
        0,
        0,
        0,
        0,
        0,
        0,
        0,
        0,
        0,
        0,
        0,
        0,
        0,
        0,
        0,
        0,
        0,
        0,
        0,
        0,
        0,
        0,
        0,
        0,
        0,
        0,
        0,
        0,
        0,
        0,
        0,
        0,
        0,
        0,
        0,
        0,
        0,
        0,
        0,
        0,
        0,
        0,
        0,
        0,
        0,
        0
    ],
    "creation_values": [
        0.9920913298744516,
        0.9920913298744516,
        0.9920913298744516,
        0.9920913298744516,
        0.9920913298744516,
        0.9920913298744516,
        0.9920913298744516,
        0.9920913298744516,
        0.9920913298744516,
        0.9920913298744516,
        0.9920913298744516,
        0.9920913298744516,
        0.9920913298744516,
        0.9920913298744516,
        0.9920913298744516,
        0.9920913298744516,
        0.9920913298744516,
        0.9920913298744516,
        0.9920913298744516,
        0.9920913298744516,
        0.9920913298744516,
        0.9920913298744516,
        0.9920913298744516,
        0.9920913298744516,
        0.9920913298744516,
        0.9920913298744516,
        0.9920913298744516,
        0.9920913298744516,
        0.9920913298744516,
        0.9920913298744516,
        0.9920913298744516,
        0.9920913298744516,
        0.9920913298744516,
        0.9920913298744516,
        0.9920913298744516,
        0.9920913298744516,
        0.9920913298744516,
        0.9920913298744516,
        0.9920913298744516,
        0.9920913298744516,
        0.9920913298744516,
        0.9920913298744516,
        0.9920913298744516,
        0.9920913298744516,
        0.9920913298744516,
        0.9920913298744516,
        0.9920913298744516,
        0.9920913298744516,
        0.9920913298744516,
        0.9920913298744516,
        0.9920913298744516,
        0.9920913298744516,
        0.9920913298744516,
        0.9920913298744516,
        0.9920913298744516,
        0.9920913298744516,
        0.9920913298744516,
        0.9920913298744516,
        0.9920913298744516,
        0.9920913298744516,
        0.9920913298744516,
        0.9920913298744516,
        0.9920913298744516,
        0.9920913298744516,
        0.9920913298744516,
        0.9920913298744516,
        0.9920913298744516,
        0.9920913298744516,
        0.9920913298744516,
        0.9920913298744516,
        0.9920913298744516,
        0.9920913298744516,
        0.9920913298744516,
        0.9920913298744516,
        0.9920913298744516,
        0.9920913298744516,
        0.9920913298744516,
        0.9920913298744516,
        0.9920913298744516,
        0.9920913298744516,
        0.9920913298744516,
        0.9920913298744516,
        0.9920913298744516,
        0.9920913298744516,
        0.9920913298744516,
        0.9920913298744516,
        0.9920913298744516,
        0.9920913298744516,
        0.9920913298744516,
        0.9920913298744516,
        0.9920913298744516,
        0.9920913298744516,
        0.9920913298744516,
        0.9920913298744516,
        0.9920913298744516,
        0.9920913298744516,
        0.9920913298744516,
        0.9920913298744516,
        0.9920913298744516,
        0.9920913298744516,
        0.9920913298744516,
        0.9920913298744516,
        0.9920913298744516,
        0.9920913298744516,
        0.9920913298744516,
        0.9920913298744516,
        0.9920913298744516,
        0.9920913298744516,
        0.9920913298744516,
        0.9920913298744516,
        0.9920913298744516,
        0.9920913298744516,
        0.9920913298744516,
        0.9920913298744516,
        0.9920913298744516,
        0.9920913298744516,
        0.9920913298744516,
        0.9920913298744516,
        0.9920913298744516,
        0.9920913298744516,
        0.9920913298744516,
        0.9920913298744516,
        0.9920913298744516,
        0.9920913298744516,
        0.9920913298744516,
        0.9920913298744516,
        0.9920913298744516,
        0.9920913298744516,
        0.9920913298744516,
        0.9920913298744516,
        0.9920913298744516,
        0.9920913298744516,
        0.9920913298744516,
        0.9920913298744516,
        0.9920913298744516,
        0.9920913298744516,
        0.9920913298744516,
        0.9920913298744516,
        0.9920913298744516,
        0.9920913298744516,
        0.9920913298744516,
        0.9920913298744516,
        0.9920913298744516,
        0.9920913298744516,
        0.9920913298744516,
        0.9920913298744516,
        0.9920913298744516,
        0.9920913298744516,
        0.9920913298744516,
        0.9920913298744516,
        0.9920913298744516,
        0.9920913298744516,
        0.9920913298744516,
        0.9920913298744516,
        0.9920913298744516,
        0.9920913298744516,
        0.9920913298744516,
        0.9920913298744516,
        0.9920913298744516,
        0.9920913298744516,
        0.9920913298744516,
        0.9920913298744516,
        0.9920913298744516,
        0.9920913298744516,
        0.9920913298744516,
        0.9920913298744516,
        0.9920913298744516,
        0.9920913298744516
    ],