{
    "dimensions": [
        0,
        0,
        0,
        0,
        0,
        0,
        0,
        0,
        0,
        0,
        0,
        0,
        0,
        0,
        0,
        0,
        0,
        0,
        0,
        0,
        0,
        0,
        0,
        0,
        0,
        0,
        0,
        0,
        0,
        0,
        0,
        0,
        0,
        0,
        0,
        0,
        0,
        0,
        0,
        0,
        0,
        0,
        0,
        0,
        0,
        0,
        0,
        0,
        0,
        0,
        0,
        0,
        0,
        0,
        0,
        0,
        0,
        0,
        0,
        0,
        0,
        0,
        0,
        0,
        0,
        0,
        0,
        0,
        0,
        0,
        0,
        0,
        0,
        0,
        0,
        0,
        0,
        0,
        0,
        0,
        0,
        0,
        0,
        0,
        0,
        0,
        0,
        0,
        0,
        0,
        0,
        0,
        0,
        0,
        0,
        0,
        0,
        0,
        0,
        0,
        0,
        0,
        0,
        0,
        0,
        0,
        0,
        0,
        0,
        0,
        0,
        0,
        0,
        0,
        0,
        0,
        0,
        0,
        0,
        0,
        0,
        0,
        0,
        0,
        0,
        0,
        0,
        0,
        0,
        0,
        0,
        0,
        0,
        0,
        0,
        0,
        0,
        0,
        0,
        0,
        0,
        0,
        0,
        0,
        0,
        0,
        0,
        0,
        0,
        0,
        0,
        0,
        0,
        0,
        0,
        0,
        0,
        0,
        0,
        0,
        0,
        0,
        0,
        0,
        0,
        0,
        0,
        0
    ],
    "creation_values": [
        0.9958276996433181,
        0.9958276996433181,
        0.9958276996433181,
        0.9958276996433181,
        0.9958276996433181,
        0.9958276996433181,
        0.9958276996433181,
        0.9958276996433181,
        0.9958276996433181,
        0.9958276996433181,
        0.9958276996433181,
        0.9958276996433181,
        0.9958276996433181,
        0.9958276996433181,
        0.9958276996433181,
        0.9958276996433181,
        0.9958276996433181,
        0.9958276996433181,
        0.9958276996433181,
        0.9958276996433181,
        0.9958276996433181,
        0.9958276996433181,
        0.9958276996433181,
        0.9958276996433181,
        0.9958276996433181,
        0.9958276996433181,
        0.9958276996433181,
        0.9958276996433181,
        0.9958276996433181,
        0.9958276996433181,
        0.9958276996433181,
        0.9958276996433181,
        0.9958276996433181,
        0.9958276996433181,
        0.9958276996433181,
        0.9958276996433181,
        0.9958276996433181,
        0.9958276996433181,
        0.9958276996433181,
        0.9958276996433181,
        0.9958276996433181,
        0.9958276996433181,
        0.9958276996433181,
        0.9958276996433181,
        0.9958276996433181,
        0.9958276996433181,
        0.9958276996433181,
        0.9958276996433181,
        0.9958276996433181,
        0.9958276996433181,
        0.9958276996433181,
        0.9958276996433181,
        0.9958276996433181,
        0.9958276996433181,
        0.9958276996433181,
        0.9958276996433181,
        0.9958276996433181,
        0.9958276996433181,
        0.9958276996433181,
        0.9958276996433181,
        0.9958276996433181,
        0.9958276996433181,
        0.9958276996433181,
        0.9958276996433181,
        0.9958276996433181,
        0.9958276996433181,
        0.9958276996433181,
        0.9958276996433181,
        0.9958276996433181,
        0.9958276996433181,
        0.9958276996433181,
        0.9958276996433181,
        0.9958276996433181,
        0.9958276996433181,
        0.9958276996433181,
        0.9958276996433181,
        0.9958276996433181,
        0.9958276996433181,
        0.9958276996433181,
        0.9958276996433181,
        0.9958276996433181,
        0.9958276996433181,
        0.9958276996433181,
        0.9958276996433181,
        0.9958276996433181,
        0.9958276996433181,
        0.9958276996433181,
        0.9958276996433181,
        0.9958276996433181,
        0.9958276996433181,
        0.9958276996433181,
        0.9958276996433181,
        0.9958276996433181,
        0.9958276996433181,
        0.9958276996433181,
        0.9958276996433181,
        0.9958276996433181,
        0.9958276996433181,
        0.9958276996433181,
        0.9958276996433181,
        0.9958276996433181,
        0.9958276996433181,
        0.9958276996433181,
        0.9958276996433181,
        0.9958276996433181,
        0.9958276996433181,
        0.9958276996433181,
        0.9958276996433181,
        0.9958276996433181,
        0.9958276996433181,
        0.9958276996433181,
        0.9958276996433181,
        0.9958276996433181,
        0.9958276996433181,
        0.9958276996433181,
        0.9958276996433181,
        0.9958276996433181,
        0.9958276996433181,
        0.9958276996433181,
        0.9958276996433181,
        0.9958276996433181,
        0.9958276996433181,
        0.9958276996433181,
        0.9958276996433181,
        0.9958276996433181,
        0.9958276996433181,
        0.9958276996433181,
        0.9958276996433181,
        0.9958276996433181,
        0.9958276996433181,
        0.9958276996433181,
        0.9958276996433181,
        0.9958276996433181,
        0.9958276996433181,
        0.9958276996433181,
        0.9958276996433181,
        0.9958276996433181,
        0.9958276996433181,
        0.9958276996433181,
        0.9958276996433181,
        0.9958276996433181,
        0.9958276996433181,
        0.9958276996433181,
        0.9958276996433181,
        0.9958276996433181,
        0.9958276996433181,
        0.9958276996433181,
        0.9958276996433181,
        0.9958276996433181,
        0.9958276996433181,
        0.9958276996433181,
        0.9958276996433181,
        0.9958276996433181,
        0.9958276996433181,
        0.9958276996433181,
        0.9958276996433181,
        0.9958276996433181,
        0.9958276996433181,
        0.9958276996433181,
        0.9958276996433181,
        0.9958276996433181,
        0.9958276996433181,
        0.9958276996433181,
        0.9958276996433181,
        0.9958276996433181,
        0.9958276996433181,
        0.9958276996433181,
        0.9958276996433181
    ],