{
    "dimensions": [
        0,
        0,
        0,
        0,
        0,
        0,
        0,
        0,
        0,
        0,
        0,
        0,
        0,
        0,
        0,
        0,
        0,
        0,
        0,
        0,
        0,
        0,
        0,
        0,
        0,
        0,
        0,
        0,
        0,
        0,
        0,
        0,
        0,
        0,
        0,
        0,
        0,
        0,
        0,
        0,
        0,
        0,
        0,
        0,
        0,
        0,
        0,
        0,
        0,
        0,
        0,
        0,
        0,
        0,
        0,
        0,
        0,
        0,
        0,
        0,
        0,
        0,
        0,
        0,
        0,
        0,
        0,
        0,
        0,
        0,
        0,
        0,
        0,
        0,
        0,
        0,
        0,
        0,
        0,
        0,
        0,
        0,
        0,
        0,
        0,
        0,
        0,
        0,
        0,
        0,
        0,
        0,
        0,
        0,
        0,
        0,
        0,
        0,
        0,
        0,
        0,
        0,
        0,
        0,
        0,
        0,
        0,
        0,
        0,
        0,
        0,
        0,
        0,
        0,
        0,
        0,
        0,
        0,
        0,
        0,
        0,
        0,
        0,
        0,
        0,
        0,
        0,
        0,
        0,
        0,
        0,
        0,
        0,
        0,
        0,
        0,
        0,
        0,
        0,
        0,
        0,
        0,
        0,
        0,
        0,
        0,
        0,
        0,
        0,
        0,
        0,
        0,
        0,
        0,
        0,
        0,
        0,
        0,
        0,
        0,
        0,
        0,
        0,
        0,
        0,
        0,
        0,
        0
    ],
    "creation_values": [
        0.966817723316393,
        0.966817723316393,
        0.966817723316393,
        0.966817723316393,
        0.966817723316393,
        0.966817723316393,
        0.966817723316393,
        0.966817723316393,
        0.966817723316393,
        0.966817723316393,
        0.966817723316393,
        0.966817723316393,
        0.966817723316393,
        0.966817723316393,
        0.966817723316393,
        0.966817723316393,
        0.966817723316393,
        0.966817723316393,
        0.966817723316393,
        0.966817723316393,
        0.966817723316393,
        0.966817723316393,
        0.966817723316393,
        0.966817723316393,
        0.966817723316393,
        0.966817723316393,
        0.966817723316393,
        0.966817723316393,
        0.966817723316393,
        0.966817723316393,
        0.966817723316393,
        0.966817723316393,
        0.966817723316393,
        0.966817723316393,
        0.966817723316393,
        0.966817723316393,
        0.966817723316393,
        0.966817723316393,
        0.966817723316393,
        0.966817723316393,
        0.966817723316393,
        0.966817723316393,
        0.966817723316393,
        0.966817723316393,
        0.966817723316393,
        0.966817723316393,
        0.966817723316393,
        0.966817723316393,
        0.966817723316393,
        0.966817723316393,
        0.966817723316393,
        0.966817723316393,
        0.966817723316393,
        0.966817723316393,
        0.966817723316393,
        0.966817723316393,
        0.966817723316393,
        0.966817723316393,
        0.966817723316393,
        0.966817723316393,
        0.966817723316393,
        0.966817723316393,
        0.966817723316393,
        0.966817723316393,
        0.966817723316393,
        0.966817723316393,
        0.966817723316393,
        0.966817723316393,
        0.966817723316393,
        0.966817723316393,
        0.966817723316393,
        0.966817723316393,
        0.966817723316393,
        0.966817723316393,
        0.966817723316393,
        0.966817723316393,
        0.966817723316393,
        0.966817723316393,
        0.966817723316393,
        0.966817723316393,
        0.966817723316393,
        0.966817723316393,
        0.966817723316393,
        0.966817723316393,
        0.966817723316393,
        0.966817723316393,
        0.966817723316393,
        0.966817723316393,
        0.966817723316393,
        0.966817723316393,
        0.966817723316393,
        0.966817723316393,
        0.966817723316393,
        0.966817723316393,
        0.966817723316393,
        0.966817723316393,
        0.966817723316393,
        0.966817723316393,
        0.966817723316393,
        0.966817723316393,
        0.966817723316393,
        0.966817723316393,
        0.966817723316393,
        0.966817723316393,
        0.966817723316393,
        0.966817723316393,
        0.966817723316393,
        0.966817723316393,
        0.966817723316393,
        0.966817723316393,
        0.966817723316393,
        0.966817723316393,
        0.966817723316393,
        0.966817723316393,
        0.966817723316393,
        0.966817723316393,
        0.966817723316393,
        0.966817723316393,
        0.966817723316393,
        0.966817723316393,
        0.966817723316393,
        0.966817723316393,
        0.966817723316393,
        0.966817723316393,
        0.966817723316393,
        0.966817723316393,
        0.966817723316393,
        0.966817723316393,
        0.966817723316393,
        0.966817723316393,
        0.966817723316393,
        0.966817723316393,
        0.966817723316393,
        0.966817723316393,
        0.966817723316393,
        0.966817723316393,
        0.966817723316393,
        0.966817723316393,
        0.966817723316393,
        0.966817723316393,
        0.966817723316393,
        0.966817723316393,
        0.966817723316393,
        0.966817723316393,
        0.966817723316393,
        0.966817723316393,
        0.966817723316393,
        0.966817723316393,
        0.966817723316393,
        0.966817723316393,
        0.966817723316393,
        0.966817723316393,
        0.966817723316393,
        0.966817723316393,
        0.966817723316393,
        0.966817723316393,
        0.966817723316393,
        0.966817723316393,
        0.966817723316393,
        0.966817723316393,
        0.966817723316393,
        0.966817723316393,
        0.966817723316393,
        0.966817723316393,
        0.966817723316393,
        0.966817723316393,
        0.966817723316393,
        0.966817723316393
    ],