{
    "dimensions": [
        0,
        0,
        0,
        0,
        0,
        0,
        0,
        0,
        0,
        0,
        0,
        0,
        0,
        0,
        0,
        0,
        0,
        0,
        0,
        0,
        0,
        0,
        0,
        0,
        0,
        0,
        0,
        0,
        0,
        0,
        0,
        0,
        0,
        0,
        0,
        0,
        0,
        0,
        0,
        0,
        0,
        0,
        0,
        0,
        0,
        0,
        0,
        0,
        0,
        0,
        0,
        0,
        0,
        0,
        0,
        0,
        0,
        0,
        0,
        0,
        0,
        0,
        0,
        0,
        0,
        0,
        0,
        0,
        0,
        0,
        0,
        0,
        0,
        0,
        0,
        0,
        0,
        0,
        0,
        0,
        0,
        0,
        0,
        0,
        0,
        0,
        0,
        0,
        0,
        0,
        0,
        0,
        0,
        0,
        0,
        0,
        0,
        0,
        0,
        0,
        0,
        0,
        0,
        0,
        0,
        0,
        0,
        0,
        0,
        0,
        0,
        0,
        0,
        0,
        0,
        0,
        0,
        0,
        0,
        0,
        0,
        0,
        0,
        0,
        0,
        0,
        0,
        0,
        0,
        0,
        0,
        0,
        0,
        0,
        0,
        0,
        0,
        0,
        0,
        0,
        0,
        0,
        0,
        0,
        0,
        0,
        0,
        0,
        0,
        0,
        0,
        0,
        0,
        0,
        0,
        0,
        0,
        0,
        0,
        0,
        0,
        0,
        0,
        0,
        0,
        0,
        0,
        0
    ],
    "creation_values": [
        0.9099656825346798,
        0.9099656825346798,
        0.9099656825346798,
        0.9099656825346798,
        0.9099656825346798,
        0.9099656825346798,
        0.9099656825346798,
        0.9099656825346798,
        0.9099656825346798,
        0.9099656825346798,
        0.9099656825346798,
        0.9099656825346798,
        0.9099656825346798,
        0.9099656825346798,
        0.9099656825346798,
        0.9099656825346798,
        0.9099656825346798,
        0.9099656825346798,
        0.9099656825346798,
        0.9099656825346798,
        0.9099656825346798,
        0.9099656825346798,
        0.9099656825346798,
        0.9099656825346798,
        0.9099656825346798,
        0.9099656825346798,
        0.9099656825346798,
        0.9099656825346798,
        0.9099656825346798,
        0.9099656825346798,
        0.9099656825346798,
        0.9099656825346798,
        0.9099656825346798,
        0.9099656825346798,
        0.9099656825346798,
        0.9099656825346798,
        0.9099656825346798,
        0.9099656825346798,
        0.9099656825346798,
        0.9099656825346798,
        0.9099656825346798,
        0.9099656825346798,
        0.9099656825346798,
        0.9099656825346798,
        0.9099656825346798,
        0.9099656825346798,
        0.9099656825346798,
        0.9099656825346798,
        0.9099656825346798,
        0.9099656825346798,
        0.9099656825346798,
        0.9099656825346798,
        0.9099656825346798,
        0.9099656825346798,
        0.9099656825346798,
        0.9099656825346798,
        0.9099656825346798,
        0.9099656825346798,
        0.9099656825346798,
        0.9099656825346798,
        0.9099656825346798,
        0.9099656825346798,
        0.9099656825346798,
        0.9099656825346798,
        0.9099656825346798,
        0.9099656825346798,
        0.9099656825346798,
        0.9099656825346798,
        0.9099656825346798,
        0.9099656825346798,
        0.9099656825346798,
        0.9099656825346798,
        0.9099656825346798,
        0.9099656825346798,
        0.9099656825346798,
        0.9099656825346798,
        0.9099656825346798,
        0.9099656825346798,
        0.9099656825346798,
        0.9099656825346798,
        0.9099656825346798,
        0.9099656825346798,
        0.9099656825346798,
        0.9099656825346798,
        0.9099656825346798,
        0.9099656825346798,
        0.9099656825346798,
        0.9099656825346798,
        0.9099656825346798,
        0.9099656825346798,
        0.9099656825346798,
        0.9099656825346798,
        0.9099656825346798,
        0.9099656825346798,
        0.9099656825346798,
        0.9099656825346798,
        0.9099656825346798,
        0.9099656825346798,
        0.9099656825346798,
        0.9099656825346798,
        0.9099656825346798,
        0.9099656825346798,
        0.9099656825346798,
        0.9099656825346798,
        0.9099656825346798,
        0.9099656825346798,
        0.9099656825346798,
        0.9099656825346798,
        0.9099656825346798,
        0.9099656825346798,
        0.9099656825346798,
        0.9099656825346798,
        0.9099656825346798,
        0.9099656825346798,
        0.9099656825346798,
        0.9099656825346798,
        0.9099656825346798,
        0.9099656825346798,
        0.9099656825346798,
        0.9099656825346798,
        0.9099656825346798,
        0.9099656825346798,
        0.9099656825346798,
        0.9099656825346798,
        0.9099656825346798,
        0.9099656825346798,
        0.9099656825346798,
        0.9099656825346798,
        0.9099656825346798,
        0.9099656825346798,
        0.9099656825346798,
        0.9099656825346798,
        0.9099656825346798,
        0.9099656825346798,
        0.9099656825346798,
        0.9099656825346798,
        0.9099656825346798,
        0.9099656825346798,
        0.9099656825346798,
        0.9099656825346798,
        0.9099656825346798,
        0.9099656825346798,
        0.9099656825346798,
        0.9099656825346798,
        0.9099656825346798,
        0.9099656825346798,
        0.9099656825346798,
        0.9099656825346798,
        0.9099656825346798,
        0.9099656825346798,
        0.9099656825346798,
        0.9099656825346798,
        0.9099656825346798,
        0.9099656825346798,
        0.9099656825346798,
        0.9099656825346798,
        0.9099656825346798,
        0.9099656825346798,
        0.9099656825346798,
        0.9099656825346798,
        0.9099656825346798,
        0.9099656825346798,
        0.9099656825346798,
        0.9099656825346798,
        0.9099656825346798,
        0.9099656825346798,
        0.9099656825346798,
        0.9099656825346798
    ],