{
    "dimensions": [
        0,
        0,
        0,
        0,
        0,
        0,
        0,
        0,
        0,
        0,
        0,
        0,
        0,
        0,
        0,
        0,
        0,
        0,
        0,
        0,
        0,
        0,
        0,
        0,
        0,
        0,
        0,
        0,
        0,
        0,
        0,
        0,
        0,
        0,
        0,
        0,
        0,
        0,
        0,
        0,
        0,
        0,
        0,
        0,
        0,
        0,
        0,
        0,
        0,
        0,
        0,
        0,
        0,
        0,
        0,
        0,
        0,
        0,
        0,
        0,
        0,
        0,
        0,
        0,
        0,
        0,
        0,
        0,
        0,
        0,
        0,
        0,
        0,
        0,
        0,
        0,
        0,
        0,
        0,
        0,
        0,
        0,
        0,
        0,
        0,
        0,
        0,
        0,
        0,
        0,
        0,
        0,
        0,
        0,
        0,
        0,
        0,
        0,
        0,
        0,
        0,
        0,
        0,
        0,
        0,
        0,
        0,
        0,
        0,
        0,
        0,
        0,
        0,
        0,
        0,
        0,
        0,
        0,
        0,
        0,
        0,
        0,
        0,
        0,
        0,
        0,
        0,
        0,
        0,
        0,
        0,
        0,
        0,
        0,
        0,
        0,
        0,
        0,
        0,
        0,
        0,
        0,
        0,
        0,
        0,
        0,
        0,
        0,
        0,
        0,
        0,
        0,
        0,
        0,
        0,
        0,
        0,
        0,
        0,
        0,
        0,
        0,
        0,
        0,
        0,
        0,
        0,
        0
    ],
    "creation_values": [
        0.9977630953891754,
        0.9977630953891754,
        0.9977630953891754,
        0.9977630953891754,
        0.9977630953891754,
        0.9977630953891754,
        0.9977630953891754,
        0.9977630953891754,
        0.9977630953891754,
        0.9977630953891754,
        0.9977630953891754,
        0.9977630953891754,
        0.9977630953891754,
        0.9977630953891754,
        0.9977630953891754,
        0.9977630953891754,
        0.9977630953891754,
        0.9977630953891754,
        0.9977630953891754,
        0.9977630953891754,
        0.9977630953891754,
        0.9977630953891754,
        0.9977630953891754,
        0.9977630953891754,
        0.9977630953891754,
        0.9977630953891754,
        0.9977630953891754,
        0.9977630953891754,
        0.9977630953891754,
        0.9977630953891754,
        0.9977630953891754,
        0.9977630953891754,
        0.9977630953891754,
        0.9977630953891754,
        0.9977630953891754,
        0.9977630953891754,
        0.9977630953891754,
        0.9977630953891754,
        0.9977630953891754,
        0.9977630953891754,
        0.9977630953891754,
        0.9977630953891754,
        0.9977630953891754,
        0.9977630953891754,
        0.9977630953891754,
        0.9977630953891754,
        0.9977630953891754,
        0.9977630953891754,
        0.9977630953891754,
        0.9977630953891754,
        0.9977630953891754,
        0.9977630953891754,
        0.9977630953891754,
        0.9977630953891754,
        0.9977630953891754,
        0.9977630953891754,
        0.9977630953891754,
        0.9977630953891754,
        0.9977630953891754,
        0.9977630953891754,
        0.9977630953891754,
        0.9977630953891754,
        0.9977630953891754,
        0.9977630953891754,
        0.9977630953891754,
        0.9977630953891754,
        0.9977630953891754,
        0.9977630953891754,
        0.9977630953891754,
        0.9977630953891754,
        0.9977630953891754,
        0.9977630953891754,
        0.9977630953891754,
        0.9977630953891754,
        0.9977630953891754,
        0.9977630953891754,
        0.9977630953891754,
        0.9977630953891754,
        0.9977630953891754,
        0.9977630953891754,
        0.9977630953891754,
        0.9977630953891754,
        0.9977630953891754,
        0.9977630953891754,
        0.9977630953891754,
        0.9977630953891754,
        0.9977630953891754,
        0.9977630953891754,
        0.9977630953891754,
        0.9977630953891754,
        0.9977630953891754,
        0.9977630953891754,
        0.9977630953891754,
        0.9977630953891754,
        0.9977630953891754,
        0.9977630953891754,
        0.9977630953891754,
        0.9977630953891754,
        0.9977630953891754,
        0.9977630953891754,
        0.9977630953891754,
        0.9977630953891754,
        0.9977630953891754,
        0.9977630953891754,
        0.9977630953891754,
        0.9977630953891754,
        0.9977630953891754,
        0.9977630953891754,
        0.9977630953891754,
        0.9977630953891754,
        0.9977630953891754,
        0.9977630953891754,
        0.9977630953891754,
        0.9977630953891754,
        0.9977630953891754,
        0.9977630953891754,
        0.9977630953891754,
        0.9977630953891754,
        0.9977630953891754,
        0.9977630953891754,
        0.9977630953891754,
        0.9977630953891754,
        0.9977630953891754,
        0.9977630953891754,
        0.9977630953891754,
        0.9977630953891754,
        0.9977630953891754,
        0.9977630953891754,
        0.9977630953891754,
        0.9977630953891754,
        0.9977630953891754,
        0.9977630953891754,
        0.9977630953891754,
        0.9977630953891754,
        0.9977630953891754,
        0.9977630953891754,
        0.9977630953891754,
        0.9977630953891754,
        0.9977630953891754,
        0.9977630953891754,
        0.9977630953891754,
        0.9977630953891754,
        0.9977630953891754,
        0.9977630953891754,
        0.9977630953891754,
        0.9977630953891754,
        0.9977630953891754,
        0.9977630953891754,
        0.9977630953891754,
        0.9977630953891754,
        0.9977630953891754,
        0.9977630953891754,
        0.9977630953891754,
        0.9977630953891754,
        0.9977630953891754,
        0.9977630953891754,
        0.9977630953891754,
        0.9977630953891754,
        0.9977630953891754,
        0.9977630953891754,
        0.9977630953891754,
        0.9977630953891754,
        0.9977630953891754,
        0.9977630953891754,
        0.9977630953891754,
        0.9977630953891754,
        0.9977630953891754,
        0.9977630953891754
    ],