{
    "dimensions": [
        0,
        0,
        0,
        0,
        0,
        0,
        0,
        0,
        0,
        0,
        0,
        0,
        0,
        0,
        0,
        0,
        0,
        0,
        0,
        0,
        0,
        0,
        0,
        0,
        0,
        0,
        0,
        0,
        0,
        0,
        0,
        0,
        0,
        0,
        0,
        0,
        0,
        0,
        0,
        0,
        0,
        0,
        0,
        0,
        0,
        0,
        0,
        0,
        0,
        0,
        0,
        0,
        0,
        0,
        0,
        0,
        0,
        0,
        0,
        0,
        0,
        0,
        0,
        0,
        0,
        0,
        0,
        0,
        0,
        0,
        0,
        0,
        0,
        0,
        0,
        0,
        0,
        0,
        0,
        0,
        0,
        0,
        0,
        0,
        0,
        0,
        0,
        0,
        0,
        0,
        0,
        0,
        0,
        0,
        0,
        0,
        0,
        0,
        0,
        0,
        0,
        0,
        0,
        0,
        0,
        0,
        0,
        0,
        0,
        0,
        0,
        0,
        0,
        0,
        0,
        0,
        0,
        0,
        0,
        0,
        0,
        0,
        0,
        0,
        0,
        0,
        0,
        0,
        0,
        0,
        0,
        0,
        0,
        0,
        0,
        0,
        0,
        0,
        0,
        0,
        0,
        0,
        0,
        0,
        0,
        0,
        0,
        0,
        0,
        0,
        0,
        0,
        0,
        0,
        0,
        0,
        0,
        0,
        0,
        0,
        0,
        0,
        0,
        0,
        0,
        0,
        0,
        0
    ],
    "creation_values": [
        0.9832806554488667,
        0.9832806554488667,
        0.9832806554488667,
        0.9832806554488667,
        0.9832806554488667,
        0.9832806554488667,
        0.9832806554488667,
        0.9832806554488667,
        0.9832806554488667,
        0.9832806554488667,
        0.9832806554488667,
        0.9832806554488667,
        0.9832806554488667,
        0.9832806554488667,
        0.9832806554488667,
        0.9832806554488667,
        0.9832806554488667,
        0.9832806554488667,
        0.9832806554488667,
        0.9832806554488667,
        0.9832806554488667,
        0.9832806554488667,
        0.9832806554488667,
        0.9832806554488667,
        0.9832806554488667,
        0.9832806554488667,
        0.9832806554488667,
        0.9832806554488667,
        0.9832806554488667,
        0.9832806554488667,
        0.9832806554488667,
        0.9832806554488667,
        0.9832806554488667,
        0.9832806554488667,
        0.9832806554488667,
        0.9832806554488667,
        0.9832806554488667,
        0.9832806554488667,
        0.9832806554488667,
        0.9832806554488667,
        0.9832806554488667,
        0.9832806554488667,
        0.9832806554488667,
        0.9832806554488667,
        0.9832806554488667,
        0.9832806554488667,
        0.9832806554488667,
        0.9832806554488667,
        0.9832806554488667,
        0.9832806554488667,
        0.9832806554488667,
        0.9832806554488667,
        0.9832806554488667,
        0.9832806554488667,
        0.9832806554488667,
        0.9832806554488667,
        0.9832806554488667,
        0.9832806554488667,
        0.9832806554488667,
        0.9832806554488667,
        0.9832806554488667,
        0.9832806554488667,
        0.9832806554488667,
        0.9832806554488667,
        0.9832806554488667,
        0.9832806554488667,
        0.9832806554488667,
        0.9832806554488667,
        0.9832806554488667,
        0.9832806554488667,
        0.9832806554488667,
        0.9832806554488667,
        0.9832806554488667,
        0.9832806554488667,
        0.9832806554488667,
        0.9832806554488667,
        0.9832806554488667,
        0.9832806554488667,
        0.9832806554488667,
        0.9832806554488667,
        0.9832806554488667,
        0.9832806554488667,
        0.9832806554488667,
        0.9832806554488667,
        0.9832806554488667,
        0.9832806554488667,
        0.9832806554488667,
        0.9832806554488667,
        0.9832806554488667,
        0.9832806554488667,
        0.9832806554488667,
        0.9832806554488667,
        0.9832806554488667,
        0.9832806554488667,
        0.9832806554488667,
        0.9832806554488667,
        0.9832806554488667,
        0.9832806554488667,
        0.9832806554488667,
        0.9832806554488667,
        0.9832806554488667,
        0.9832806554488667,
        0.9832806554488667,
        0.9832806554488667,
        0.9832806554488667,
        0.9832806554488667,
        0.9832806554488667,
        0.9832806554488667,
        0.9832806554488667,
        0.9832806554488667,
        0.9832806554488667,
        0.9832806554488667,
        0.9832806554488667,
        0.9832806554488667,
        0.9832806554488667,
        0.9832806554488667,
        0.9832806554488667,
        0.9832806554488667,
        0.9832806554488667,
        0.9832806554488667,
        0.9832806554488667,
        0.9832806554488667,
        0.9832806554488667,
        0.9832806554488667,
        0.9832806554488667,
        0.9832806554488667,
        0.9832806554488667,
        0.9832806554488667,
        0.9832806554488667,
        0.9832806554488667,
        0.9832806554488667,
        0.9832806554488667,
        0.9832806554488667,
        0.9832806554488667,
        0.9832806554488667,
        0.9832806554488667,
        0.9832806554488667,
        0.9832806554488667,
        0.9832806554488667,
        0.9832806554488667,
        0.9832806554488667,
        0.9832806554488667,
        0.9832806554488667,
        0.9832806554488667,
        0.9832806554488667,
        0.9832806554488667,
        0.9832806554488667,
        0.9832806554488667,
        0.9832806554488667,
        0.9832806554488667,
        0.9832806554488667,
        0.9832806554488667,
        0.9832806554488667,
        0.9832806554488667,
        0.9832806554488667,
        0.9832806554488667,
        0.9832806554488667,
        0.9832806554488667,
        0.9832806554488667,
        0.9832806554488667,
        0.9832806554488667,
        0.9832806554488667,
        0.9832806554488667,
        0.9832806554488667,
        0.9832806554488667,
        0.9832806554488667,
        0.9832806554488667,
        0.9832806554488667
    ],