{
    "dimensions": [
        0,
        0,
        0,
        0,
        0,
        0,
        0,
        0,
        0,
        0,
        0,
        0,
        0,
        0,
        0,
        0,
        0,
        0,
        0,
        0,
        0,
        0,
        0,
        0,
        0,
        0,
        0,
        0,
        0,
        0,
        0,
        0,
        0,
        0,
        0,
        0,
        0,
        0,
        0,
        0,
        0,
        0,
        0,
        0,
        0,
        0,
        0,
        0,
        0,
        0,
        0,
        0,
        0,
        0,
        0,
        0,
        0,
        0,
        0,
        0,
        0,
        0,
        0,
        0,
        0,
        0,
        0,
        0,
        0,
        0,
        0,
        0,
        0,
        0,
        0,
        0,
        0,
        0,
        0,
        0,
        0,
        0,
        0,
        0,
        0,
        0,
        0,
        0,
        0,
        0,
        0,
        0,
        0,
        0,
        0,
        0,
        0,
        0,
        0,
        0,
        0,
        0,
        0,
        0,
        0,
        0,
        0,
        0,
        0,
        0,
        0,
        0,
        0,
        0,
        0,
        0,
        0,
        0,
        0,
        0,
        0,
        0,
        0,
        0,
        0,
        0,
        0,
        0,
        0,
        0,
        0,
        0,
        0,
        0,
        0,
        0,
        0,
        0,
        0,
        0,
        0,
        0,
        0,
        0,
        0,
        0,
        0,
        0,
        0,
        0,
        0,
        0,
        0,
        0,
        0,
        0,
        0,
        0,
        0,
        0,
        0,
        0,
        0,
        0,
        0,
        0,
        0,
        0
    ],
    "creation_values": [
        0.9795383275563075,
        0.9795383275563075,
        0.9795383275563075,
        0.9795383275563075,
        0.9795383275563075,
        0.9795383275563075,
        0.9795383275563075,
        0.9795383275563075,
        0.9795383275563075,
        0.9795383275563075,
        0.9795383275563075,
        0.9795383275563075,
        0.9795383275563075,
        0.9795383275563075,
        0.9795383275563075,
        0.9795383275563075,
        0.9795383275563075,
        0.9795383275563075,
        0.9795383275563075,
        0.9795383275563075,
        0.9795383275563075,
        0.9795383275563075,
        0.9795383275563075,
        0.9795383275563075,
        0.9795383275563075,
        0.9795383275563075,
        0.9795383275563075,
        0.9795383275563075,
        0.9795383275563075,
        0.9795383275563075,
        0.9795383275563075,
        0.9795383275563075,
        0.9795383275563075,
        0.9795383275563075,
        0.9795383275563075,
        0.9795383275563075,
        0.9795383275563075,
        0.9795383275563075,
        0.9795383275563075,
        0.9795383275563075,
        0.9795383275563075,
        0.9795383275563075,
        0.9795383275563075,
        0.9795383275563075,
        0.9795383275563075,
        0.9795383275563075,
        0.9795383275563075,
        0.9795383275563075,
        0.9795383275563075,
        0.9795383275563075,
        0.9795383275563075,
        0.9795383275563075,
        0.9795383275563075,
        0.9795383275563075,
        0.9795383275563075,
        0.9795383275563075,
        0.9795383275563075,
        0.9795383275563075,
        0.9795383275563075,
        0.9795383275563075,
        0.9795383275563075,
        0.9795383275563075,
        0.9795383275563075,
        0.9795383275563075,
        0.9795383275563075,
        0.9795383275563075,
        0.9795383275563075,
        0.9795383275563075,
        0.9795383275563075,
        0.9795383275563075,
        0.9795383275563075,
        0.9795383275563075,
        0.9795383275563075,
        0.9795383275563075,
        0.9795383275563075,
        0.9795383275563075,
        0.9795383275563075,
        0.9795383275563075,
        0.9795383275563075,
        0.9795383275563075,
        0.9795383275563075,
        0.9795383275563075,
        0.9795383275563075,
        0.9795383275563075,
        0.9795383275563075,
        0.9795383275563075,
        0.9795383275563075,
        0.9795383275563075,
        0.9795383275563075,
        0.9795383275563075,
        0.9795383275563075,
        0.9795383275563075,
        0.9795383275563075,
        0.9795383275563075,
        0.9795383275563075,
        0.9795383275563075,
        0.9795383275563075,
        0.9795383275563075,
        0.9795383275563075,
        0.9795383275563075,
        0.9795383275563075,
        0.9795383275563075,
        0.9795383275563075,
        0.9795383275563075,
        0.9795383275563075,
        0.9795383275563075,
        0.9795383275563075,
        0.9795383275563075,
        0.9795383275563075,
        0.9795383275563075,
        0.9795383275563075,
        0.9795383275563075,
        0.9795383275563075,
        0.9795383275563075,
        0.9795383275563075,
        0.9795383275563075,
        0.9795383275563075,
        0.9795383275563075,
        0.9795383275563075,
        0.9795383275563075,
        0.9795383275563075,
        0.9795383275563075,
        0.9795383275563075,
        0.9795383275563075,
        0.9795383275563075,
        0.9795383275563075,
        0.9795383275563075,
        0.9795383275563075,
        0.9795383275563075,
        0.9795383275563075,
        0.9795383275563075,
        0.9795383275563075,
        0.9795383275563075,
        0.9795383275563075,
        0.9795383275563075,
        0.9795383275563075,
        0.9795383275563075,
        0.9795383275563075,
        0.9795383275563075,
        0.9795383275563075,
        0.9795383275563075,
        0.9795383275563075,
        0.9795383275563075,
        0.9795383275563075,
        0.9795383275563075,
        0.9795383275563075,
        0.9795383275563075,
        0.9795383275563075,
        0.9795383275563075,
        0.9795383275563075,
        0.9795383275563075,
        0.9795383275563075,
        0.9795383275563075,
        0.9795383275563075,
        0.9795383275563075,
        0.9795383275563075,
        0.9795383275563075,
        0.9795383275563075,
        0.9795383275563075,
        0.9795383275563075,
        0.9795383275563075,
        0.9795383275563075,
        0.9795383275563075,
        0.9795383275563075,
        0.9795383275563075,
        0.9795383275563075,
        0.9795383275563075,
        0.9795383275563075
    ],