{
    "dimensions": [
        0,
        0,
        0,
        0,
        0,
        0,
        0,
        0,
        0,
        0,
        0,
        0,
        0,
        0,
        0,
        0,
        0,
        0,
        0,
        0,
        0,
        0,
        0,
        0,
        0,
        0,
        0,
        0,
        0,
        0,
        0,
        0,
        0,
        0,
        0,
        0,
        0,
        0,
        0,
        0,
        0,
        0,
        0,
        0,
        0,
        0,
        0,
        0,
        0,
        0,
        0,
        0,
        0,
        0,
        0,
        0,
        0,
        0,
        0,
        0,
        0,
        0,
        0,
        0,
        0,
        0,
        0,
        0,
        0,
        0,
        0,
        0,
        0,
        0,
        0,
        0,
        0,
        0,
        0,
        0,
        0,
        0,
        0,
        0,
        0,
        0,
        0,
        0,
        0,
        0,
        0,
        0,
        0,
        0,
        0,
        0,
        0,
        0,
        0,
        0,
        0,
        0,
        0,
        0,
        0,
        0,
        0,
        0,
        0,
        0,
        0,
        0,
        0,
        0,
        0,
        0,
        0,
        0,
        0,
        0,
        0,
        0,
        0,
        0,
        0,
        0,
        0,
        0,
        0,
        0,
        0,
        0,
        0,
        0,
        0,
        0,
        0,
        0,
        0,
        0,
        0,
        0,
        0,
        0,
        0,
        0,
        0,
        0,
        0,
        0,
        0,
        0,
        0,
        0,
        0,
        0,
        0,
        0,
        0,
        0,
        0,
        0,
        0,
        0,
        0,
        0,
        0,
        0
    ],
    "creation_values": [
        0.9202001424934769,
        0.9202001424934769,
        0.9202001424934769,
        0.9202001424934769,
        0.9202001424934769,
        0.9202001424934769,
        0.9202001424934769,
        0.9202001424934769,
        0.9202001424934769,
        0.9202001424934769,
        0.9202001424934769,
        0.9202001424934769,
        0.9202001424934769,
        0.9202001424934769,
        0.9202001424934769,
        0.9202001424934769,
        0.9202001424934769,
        0.9202001424934769,
        0.9202001424934769,
        0.9202001424934769,
        0.9202001424934769,
        0.9202001424934769,
        0.9202001424934769,
        0.9202001424934769,
        0.9202001424934769,
        0.9202001424934769,
        0.9202001424934769,
        0.9202001424934769,
        0.9202001424934769,
        0.9202001424934769,
        0.9202001424934769,
        0.9202001424934769,
        0.9202001424934769,
        0.9202001424934769,
        0.9202001424934769,
        0.9202001424934769,
        0.9202001424934769,
        0.9202001424934769,
        0.9202001424934769,
        0.9202001424934769,
        0.9202001424934769,
        0.9202001424934769,
        0.9202001424934769,
        0.9202001424934769,
        0.9202001424934769,
        0.9202001424934769,
        0.9202001424934769,
        0.9202001424934769,
        0.9202001424934769,
        0.9202001424934769,
        0.9202001424934769,
        0.9202001424934769,
        0.9202001424934769,
        0.9202001424934769,
        0.9202001424934769,
        0.9202001424934769,
        0.9202001424934769,
        0.9202001424934769,
        0.9202001424934769,
        0.9202001424934769,
        0.9202001424934769,
        0.9202001424934769,
        0.9202001424934769,
        0.9202001424934769,
        0.9202001424934769,
        0.9202001424934769,
        0.9202001424934769,
        0.9202001424934769,
        0.9202001424934769,
        0.9202001424934769,
        0.9202001424934769,
        0.9202001424934769,
        0.9202001424934769,
        0.9202001424934769,
        0.9202001424934769,
        0.9202001424934769,
        0.9202001424934769,
        0.9202001424934769,
        0.9202001424934769,
        0.9202001424934769,
        0.9202001424934769,
        0.9202001424934769,
        0.9202001424934769,
        0.9202001424934769,
        0.9202001424934769,
        0.9202001424934769,
        0.9202001424934769,
        0.9202001424934769,
        0.9202001424934769,
        0.9202001424934769,
        0.9202001424934769,
        0.9202001424934769,
        0.9202001424934769,
        0.9202001424934769,
        0.9202001424934769,
        0.9202001424934769,
        0.9202001424934769,
        0.9202001424934769,
        0.9202001424934769,
        0.9202001424934769,
        0.9202001424934769,
        0.9202001424934769,
        0.9202001424934769,
        0.9202001424934769,
        0.9202001424934769,
        0.9202001424934769,
        0.9202001424934769,
        0.9202001424934769,
        0.9202001424934769,
        0.9202001424934769,
        0.9202001424934769,
        0.9202001424934769,
        0.9202001424934769,
        0.9202001424934769,
        0.9202001424934769,
        0.9202001424934769,
        0.9202001424934769,
        0.9202001424934769,
        0.9202001424934769,
        0.9202001424934769,
        0.9202001424934769,
        0.9202001424934769,
        0.9202001424934769,
        0.9202001424934769,
        0.9202001424934769,
        0.9202001424934769,
        0.9202001424934769,
        0.9202001424934769,
        0.9202001424934769,
        0.9202001424934769,
        0.9202001424934769,
        0.9202001424934769,
        0.9202001424934769,
        0.9202001424934769,
        0.9202001424934769,
        0.9202001424934769,
        0.9202001424934769,
        0.9202001424934769,
        0.9202001424934769,
        0.9202001424934769,
        0.9202001424934769,
        0.9202001424934769,
        0.9202001424934769,
        0.9202001424934769,
        0.9202001424934769,
        0.9202001424934769,
        0.9202001424934769,
        0.9202001424934769,
        0.9202001424934769,
        0.9202001424934769,
        0.9202001424934769,
        0.9202001424934769,
        0.9202001424934769,
        0.9202001424934769,
        0.9202001424934769,
        0.9202001424934769,
        0.9202001424934769,
        0.9202001424934769,
        0.9202001424934769,
        0.9202001424934769,
        0.9202001424934769,
        0.9202001424934769,
        0.9202001424934769,
        0.9202001424934769,
        0.9202001424934769,
        0.9202001424934769,
        0.9202001424934769,
        0.9202001424934769
    ],