{
    "dimensions": [
        0,
        0,
        0,
        0,
        0,
        0,
        0,
        0,
        0,
        0,
        0,
        0,
        0,
        0,
        0,
        0,
        0,
        0,
        0,
        0,
        0,
        0,
        0,
        0,
        0,
        0,
        0,
        0,
        0,
        0,
        0,
        0,
        0,
        0,
        0,
        0,
        0,
        0,
        0,
        0,
        0,
        0,
        0,
        0,
        0,
        0,
        0,
        0,
        0,
        0,
        0,
        0,
        0,
        0,
        0,
        0,
        0,
        0,
        0,
        0,
        0,
        0,
        0,
        0,
        0,
        0,
        0,
        0,
        0,
        0,
        0,
        0,
        0,
        0,
        0,
        0,
        0,
        0,
        0,
        0,
        0,
        0,
        0,
        0,
        0,
        0,
        0,
        0,
        0,
        0,
        0,
        0,
        0,
        0,
        0,
        0,
        0,
        0,
        0,
        0,
        0,
        0,
        0,
        0,
        0,
        0,
        0,
        0,
        0,
        0,
        0,
        0,
        0,
        0,
        0,
        0,
        0,
        0,
        0,
        0,
        0,
        0,
        0,
        0,
        0,
        0,
        0,
        0,
        0,
        0,
        0,
        0,
        0,
        0,
        0,
        0,
        0,
        0,
        0,
        0,
        0,
        0,
        0,
        0,
        0,
        0,
        0,
        0,
        0,
        0,
        0,
        0,
        0,
        0,
        0,
        0,
        0,
        0,
        0,
        0,
        0,
        0,
        0,
        0,
        0,
        0,
        0,
        0
    ],
    "creation_values": [
        0.9895848165244848,
        0.9895848165244848,
        0.9895848165244848,
        0.9895848165244848,
        0.9895848165244848,
        0.9895848165244848,
        0.9895848165244848,
        0.9895848165244848,
        0.9895848165244848,
        0.9895848165244848,
        0.9895848165244848,
        0.9895848165244848,
        0.9895848165244848,
        0.9895848165244848,
        0.9895848165244848,
        0.9895848165244848,
        0.9895848165244848,
        0.9895848165244848,
        0.9895848165244848,
        0.9895848165244848,
        0.9895848165244848,
        0.9895848165244848,
        0.9895848165244848,
        0.9895848165244848,
        0.9895848165244848,
        0.9895848165244848,
        0.9895848165244848,
        0.9895848165244848,
        0.9895848165244848,
        0.9895848165244848,
        0.9895848165244848,
        0.9895848165244848,
        0.9895848165244848,
        0.9895848165244848,
        0.9895848165244848,
        0.9895848165244848,
        0.9895848165244848,
        0.9895848165244848,
        0.9895848165244848,
        0.9895848165244848,
        0.9895848165244848,
        0.9895848165244848,
        0.9895848165244848,
        0.9895848165244848,
        0.9895848165244848,
        0.9895848165244848,
        0.9895848165244848,
        0.9895848165244848,
        0.9895848165244848,
        0.9895848165244848,
        0.9895848165244848,
        0.9895848165244848,
        0.9895848165244848,
        0.9895848165244848,
        0.9895848165244848,
        0.9895848165244848,
        0.9895848165244848,
        0.9895848165244848,
        0.9895848165244848,
        0.9895848165244848,
        0.9895848165244848,
        0.9895848165244848,
        0.9895848165244848,
        0.9895848165244848,
        0.9895848165244848,
        0.9895848165244848,
        0.9895848165244848,
        0.9895848165244848,
        0.9895848165244848,
        0.9895848165244848,
        0.9895848165244848,
        0.9895848165244848,
        0.9895848165244848,
        0.9895848165244848,
        0.9895848165244848,
        0.9895848165244848,
        0.9895848165244848,
        0.9895848165244848,
        0.9895848165244848,
        0.9895848165244848,
        0.9895848165244848,
        0.9895848165244848,
        0.9895848165244848,
        0.9895848165244848,
        0.9895848165244848,
        0.9895848165244848,
        0.9895848165244848,
        0.9895848165244848,
        0.9895848165244848,
        0.9895848165244848,
        0.9895848165244848,
        0.9895848165244848,
        0.9895848165244848,
        0.9895848165244848,
        0.9895848165244848,
        0.9895848165244848,
        0.9895848165244848,
        0.9895848165244848,
        0.9895848165244848,
        0.9895848165244848,
        0.9895848165244848,
        0.9895848165244848,
        0.9895848165244848,
        0.9895848165244848,
        0.9895848165244848,
        0.9895848165244848,
        0.9895848165244848,
        0.9895848165244848,
        0.9895848165244848,
        0.9895848165244848,
        0.9895848165244848,
        0.9895848165244848,
        0.9895848165244848,
        0.9895848165244848,
        0.9895848165244848,
        0.9895848165244848,
        0.9895848165244848,
        0.9895848165244848,
        0.9895848165244848,
        0.9895848165244848,
        0.9895848165244848,
        0.9895848165244848,
        0.9895848165244848,
        0.9895848165244848,
        0.9895848165244848,
        0.9895848165244848,
        0.9895848165244848,
        0.9895848165244848,
        0.9895848165244848,
        0.9895848165244848,
        0.9895848165244848,
        0.9895848165244848,
        0.9895848165244848,
        0.9895848165244848,
        0.9895848165244848,
        0.9895848165244848,
        0.9895848165244848,
        0.9895848165244848,
        0.9895848165244848,
        0.9895848165244848,
        0.9895848165244848,
        0.9895848165244848,
        0.9895848165244848,
        0.9895848165244848,
        0.9895848165244848,
        0.9895848165244848,
        0.9895848165244848,
        0.9895848165244848,
        0.9895848165244848,
        0.9895848165244848,
        0.9895848165244848,
        0.9895848165244848,
        0.9895848165244848,
        0.9895848165244848,
        0.9895848165244848,
        0.9895848165244848,
        0.9895848165244848,
        0.9895848165244848,
        0.9895848165244848,
        0.9895848165244848,
        0.9895848165244848,
        0.9895848165244848,
        0.9895848165244848,
        0.9895848165244848,
        0.9895848165244848,
        0.9895848165244848,
        0.9895848165244848,
        0.9895848165244848
    ],