{
    "dimensions": [
        0,
        0,
        0,
        0,
        0,
        0,
        0,
        0,
        0,
        0,
        0,
        0,
        0,
        0,
        0,
        0,
        0,
        0,
        0,
        0,
        0,
        0,
        0,
        0,
        0,
        0,
        0,
        0,
        0,
        0,
        0,
        0,
        0,
        0,
        0,
        0,
        0,
        0,
        0,
        0,
        0,
        0,
        0,
        0,
        0,
        0,
        0,
        0,
        0,
        0,
        0,
        0,
        0,
        0,
        0,
        0,
        0,
        0,
        0,
        0,
        0,
        0,
        0,
        0,
        0,
        0,
        0,
        0,
        0,
        0,
        0,
        0,
        0,
        0,
        0,
        0,
        0,
        0,
        0,
        0,
        0,
        0,
        0,
        0,
        0,
        0,
        0,
        0,
        0,
        0,
        0,
        0,
        0,
        0,
        0,
        0,
        0,
        0,
        0,
        0,
        0,
        0,
        0,
        0,
        0,
        0,
        0,
        0,
        0,
        0,
        0,
        0,
        0,
        0,
        0,
        0,
        0,
        0,
        0,
        0,
        0,
        0,
        0,
        0,
        0,
        0,
        0,
        0,
        0,
        0,
        0,
        0,
        0,
        0,
        0,
        0,
        0,
        0,
        0,
        0,
        0,
        0,
        0,
        0,
        0,
        0,
        0,
        0,
        0,
        0,
        0,
        0,
        0,
        0,
        0,
        0,
        0,
        0,
        0,
        0,
        0,
        0,
        0,
        0,
        0,
        0,
        0,
        0
    ],
    "creation_values": [
        0.9963171188950596,
        0.9963171188950596,
        0.9963171188950596,
        0.9963171188950596,
        0.9963171188950596,
        0.9963171188950596,
        0.9963171188950596,
        0.9963171188950596,
        0.9963171188950596,
        0.9963171188950596,
        0.9963171188950596,
        0.9963171188950596,
        0.9963171188950596,
        0.9963171188950596,
        0.9963171188950596,
        0.9963171188950596,
        0.9963171188950596,
        0.9963171188950596,
        0.9963171188950596,
        0.9963171188950596,
        0.9963171188950596,
        0.9963171188950596,
        0.9963171188950596,
        0.9963171188950596,
        0.9963171188950596,
        0.9963171188950596,
        0.9963171188950596,
        0.9963171188950596,
        0.9963171188950596,
        0.9963171188950596,
        0.9963171188950596,
        0.9963171188950596,
        0.9963171188950596,
        0.9963171188950596,
        0.9963171188950596,
        0.9963171188950596,
        0.9963171188950596,
        0.9963171188950596,
        0.9963171188950596,
        0.9963171188950596,
        0.9963171188950596,
        0.9963171188950596,
        0.9963171188950596,
        0.9963171188950596,
        0.9963171188950596,
        0.9963171188950596,
        0.9963171188950596,
        0.9963171188950596,
        0.9963171188950596,
        0.9963171188950596,
        0.9963171188950596,
        0.9963171188950596,
        0.9963171188950596,
        0.9963171188950596,
        0.9963171188950596,
        0.9963171188950596,
        0.9963171188950596,
        0.9963171188950596,
        0.9963171188950596,
        0.9963171188950596,
        0.9963171188950596,
        0.9963171188950596,
        0.9963171188950596,
        0.9963171188950596,
        0.9963171188950596,
        0.9963171188950596,
        0.9963171188950596,
        0.9963171188950596,
        0.9963171188950596,
        0.9963171188950596,
        0.9963171188950596,
        0.9963171188950596,
        0.9963171188950596,
        0.9963171188950596,
        0.9963171188950596,
        0.9963171188950596,
        0.9963171188950596,
        0.9963171188950596,
        0.9963171188950596,
        0.9963171188950596,
        0.9963171188950596,
        0.9963171188950596,
        0.9963171188950596,
        0.9963171188950596,
        0.9963171188950596,
        0.9963171188950596,
        0.9963171188950596,
        0.9963171188950596,
        0.9963171188950596,
        0.9963171188950596,
        0.9963171188950596,
        0.9963171188950596,
        0.9963171188950596,
        0.9963171188950596,
        0.9963171188950596,
        0.9963171188950596,
        0.9963171188950596,
        0.9963171188950596,
        0.9963171188950596,
        0.9963171188950596,
        0.9963171188950596,
        0.9963171188950596,
        0.9963171188950596,
        0.9963171188950596,
        0.9963171188950596,
        0.9963171188950596,
        0.9963171188950596,
        0.9963171188950596,
        0.9963171188950596,
        0.9963171188950596,
        0.9963171188950596,
        0.9963171188950596,
        0.9963171188950596,
        0.9963171188950596,
        0.9963171188950596,
        0.9963171188950596,
        0.9963171188950596,
        0.9963171188950596,
        0.9963171188950596,
        0.9963171188950596,
        0.9963171188950596,
        0.9963171188950596,
        0.9963171188950596,
        0.9963171188950596,
        0.9963171188950596,
        0.9963171188950596,
        0.9963171188950596,
        0.9963171188950596,
        0.9963171188950596,
        0.9963171188950596,
        0.9963171188950596,
        0.9963171188950596,
        0.9963171188950596,
        0.9963171188950596,
        0.9963171188950596,
        0.9963171188950596,
        0.9963171188950596,
        0.9963171188950596,
        0.9963171188950596,
        0.9963171188950596,
        0.9963171188950596,
        0.9963171188950596,
        0.9963171188950596,
        0.9963171188950596,
        0.9963171188950596,
        0.9963171188950596,
        0.9963171188950596,
        0.9963171188950596,
        0.9963171188950596,
        0.9963171188950596,
        0.9963171188950596,
        0.9963171188950596,
        0.9963171188950596,
        0.9963171188950596,
        0.9963171188950596,
        0.9963171188950596,
        0.9963171188950596,
        0.9963171188950596,
        0.9963171188950596,
        0.9963171188950596,
        0.9963171188950596,
        0.9963171188950596,
        0.9963171188950596,
        0.9963171188950596,
        0.9963171188950596,
        0.9963171188950596,
        0.9963171188950596,
        0.9963171188950596
    ],