{
    "dimensions": [
        0,
        0,
        0,
        0,
        0,
        0,
        0,
        0,
        0,
        0,
        0,
        0,
        0,
        0,
        0,
        0,
        0,
        0,
        0,
        0,
        0,
        0,
        0,
        0,
        0,
        0,
        0,
        0,
        0,
        0,
        0,
        0,
        0,
        0,
        0,
        0,
        0,
        0,
        0,
        0,
        0,
        0,
        0,
        0,
        0,
        0,
        0,
        0,
        0,
        0,
        0,
        0,
        0,
        0,
        0,
        0,
        0,
        0,
        0,
        0,
        0,
        0,
        0,
        0,
        0,
        0,
        0,
        0,
        0,
        0,
        0,
        0,
        0,
        0,
        0,
        0,
        0,
        0,
        0,
        0,
        0,
        0,
        0,
        0,
        0,
        0,
        0,
        0,
        0,
        0,
        0,
        0,
        0,
        0,
        0,
        0,
        0,
        0,
        0,
        0,
        0,
        0,
        0,
        0,
        0,
        0,
        0,
        0,
        0,
        0,
        0,
        0,
        0,
        0,
        0,
        0,
        0,
        0,
        0,
        0,
        0,
        0,
        0,
        0,
        0,
        0,
        0,
        0,
        0,
        0,
        0,
        0,
        0,
        0,
        0,
        0,
        0,
        0,
        0,
        0,
        0,
        0,
        0,
        0,
        0,
        0,
        0,
        0,
        0,
        0,
        0,
        0,
        0,
        0,
        0,
        0,
        0,
        0,
        0,
        0,
        0,
        0,
        0,
        0,
        0,
        0,
        0,
        0
    ],
    "creation_values": [
        0.8924244084425238,
        0.8924244084425238,
        0.8924244084425238,
        0.8924244084425238,
        0.8924244084425238,
        0.8924244084425238,
        0.8924244084425238,
        0.8924244084425238,
        0.8924244084425238,
        0.8924244084425238,
        0.8924244084425238,
        0.8924244084425238,
        0.8924244084425238,
        0.8924244084425238,
        0.8924244084425238,
        0.8924244084425238,
        0.8924244084425238,
        0.8924244084425238,
        0.8924244084425238,
        0.8924244084425238,
        0.8924244084425238,
        0.8924244084425238,
        0.8924244084425238,
        0.8924244084425238,
        0.8924244084425238,
        0.8924244084425238,
        0.8924244084425238,
        0.8924244084425238,
        0.8924244084425238,
        0.8924244084425238,
        0.8924244084425238,
        0.8924244084425238,
        0.8924244084425238,
        0.8924244084425238,
        0.8924244084425238,
        0.8924244084425238,
        0.8924244084425238,
        0.8924244084425238,
        0.8924244084425238,
        0.8924244084425238,
        0.8924244084425238,
        0.8924244084425238,
        0.8924244084425238,
        0.8924244084425238,
        0.8924244084425238,
        0.8924244084425238,
        0.8924244084425238,
        0.8924244084425238,
        0.8924244084425238,
        0.8924244084425238,
        0.8924244084425238,
        0.8924244084425238,
        0.8924244084425238,
        0.8924244084425238,
        0.8924244084425238,
        0.8924244084425238,
        0.8924244084425238,
        0.8924244084425238,
        0.8924244084425238,
        0.8924244084425238,
        0.8924244084425238,
        0.8924244084425238,
        0.8924244084425238,
        0.8924244084425238,
        0.8924244084425238,
        0.8924244084425238,
        0.8924244084425238,
        0.8924244084425238,
        0.8924244084425238,
        0.8924244084425238,
        0.8924244084425238,
        0.8924244084425238,
        0.8924244084425238,
        0.8924244084425238,
        0.8924244084425238,
        0.8924244084425238,
        0.8924244084425238,
        0.8924244084425238,
        0.8924244084425238,
        0.8924244084425238,
        0.8924244084425238,
        0.8924244084425238,
        0.8924244084425238,
        0.8924244084425238,
        0.8924244084425238,
        0.8924244084425238,
        0.8924244084425238,
        0.8924244084425238,
        0.8924244084425238,
        0.8924244084425238,
        0.8924244084425238,
        0.8924244084425238,
        0.8924244084425238,
        0.8924244084425238,
        0.8924244084425238,
        0.8924244084425238,
        0.8924244084425238,
        0.8924244084425238,
        0.8924244084425238,
        0.8924244084425238,
        0.8924244084425238,
        0.8924244084425238,
        0.8924244084425238,
        0.8924244084425238,
        0.8924244084425238,
        0.8924244084425238,
        0.8924244084425238,
        0.8924244084425238,
        0.8924244084425238,
        0.8924244084425238,
        0.8924244084425238,
        0.8924244084425238,
        0.8924244084425238,
        0.8924244084425238,
        0.8924244084425238,
        0.8924244084425238,
        0.8924244084425238,
        0.8924244084425238,
        0.8924244084425238,
        0.8924244084425238,
        0.8924244084425238,
        0.8924244084425238,
        0.8924244084425238,
        0.8924244084425238,
        0.8924244084425238,
        0.8924244084425238,
        0.8924244084425238,
        0.8924244084425238,
        0.8924244084425238,
        0.8924244084425238,
        0.8924244084425238,
        0.8924244084425238,
        0.8924244084425238,
        0.8924244084425238,
        0.8924244084425238,
        0.8924244084425238,
        0.8924244084425238,
        0.8924244084425238,
        0.8924244084425238,
        0.8924244084425238,
        0.8924244084425238,
        0.8924244084425238,
        0.8924244084425238,
        0.8924244084425238,
        0.8924244084425238,
        0.8924244084425238,
        0.8924244084425238,
        0.8924244084425238,
        0.8924244084425238,
        0.8924244084425238,
        0.8924244084425238,
        0.8924244084425238,
        0.8924244084425238,
        0.8924244084425238,
        0.8924244084425238,
        0.8924244084425238,
        0.8924244084425238,
        0.8924244084425238,
        0.8924244084425238,
        0.8924244084425238,
        0.8924244084425238,
        0.8924244084425238,
        0.8924244084425238,
        0.8924244084425238,
        0.8924244084425238,
        0.8924244084425238,
        0.8924244084425238,
        0.8924244084425238
    ],