{
    "dimensions": [
        0,
        0,
        0,
        0,
        0,
        0,
        0,
        0,
        0,
        0,
        0,
        0,
        0,
        0,
        0,
        0,
        0,
        0,
        0,
        0,
        0,
        0,
        0,
        0,
        0,
        0,
        0,
        0,
        0,
        0,
        0,
        0,
        0,
        0,
        0,
        0,
        0,
        0,
        0,
        0,
        0,
        0,
        0,
        0,
        0,
        0,
        0,
        0,
        0,
        0,
        0,
        0,
        0,
        0,
        0,
        0,
        0,
        0,
        0,
        0,
        0,
        0,
        0,
        0,
        0,
        0,
        0,
        0,
        0,
        0,
        0,
        0,
        0,
        0,
        0,
        0,
        0,
        0,
        0,
        0,
        0,
        0,
        0,
        0,
        0,
        0,
        0,
        0,
        0,
        0,
        0,
        0,
        0,
        0,
        0,
        0,
        0,
        0,
        0,
        0,
        0,
        0,
        0,
        0,
        0,
        0,
        0,
        0,
        0,
        0,
        0,
        0,
        0,
        0,
        0,
        0,
        0,
        0,
        0,
        0,
        0,
        0,
        0,
        0,
        0,
        0,
        0,
        0,
        0,
        0,
        0,
        0,
        0,
        0,
        0,
        0,
        0,
        0,
        0,
        0,
        0,
        0,
        0,
        0,
        0,
        0,
        0,
        0,
        0,
        0,
        0,
        0,
        0,
        0,
        0,
        0,
        0,
        0,
        0,
        0,
        0,
        0,
        0,
        0,
        0,
        0,
        0,
        0
    ],
    "creation_values": [
        0.9291798581623066,
        0.9291798581623066,
        0.9291798581623066,
        0.9291798581623066,
        0.9291798581623066,
        0.9291798581623066,
        0.9291798581623066,
        0.9291798581623066,
        0.9291798581623066,
        0.9291798581623066,
        0.9291798581623066,
        0.9291798581623066,
        0.9291798581623066,
        0.9291798581623066,
        0.9291798581623066,
        0.9291798581623066,
        0.9291798581623066,
        0.9291798581623066,
        0.9291798581623066,
        0.9291798581623066,
        0.9291798581623066,
        0.9291798581623066,
        0.9291798581623066,
        0.9291798581623066,
        0.9291798581623066,
        0.9291798581623066,
        0.9291798581623066,
        0.9291798581623066,
        0.9291798581623066,
        0.9291798581623066,
        0.9291798581623066,
        0.9291798581623066,
        0.9291798581623066,
        0.9291798581623066,
        0.9291798581623066,
        0.9291798581623066,
        0.9291798581623066,
        0.9291798581623066,
        0.9291798581623066,
        0.9291798581623066,
        0.9291798581623066,
        0.9291798581623066,
        0.9291798581623066,
        0.9291798581623066,
        0.9291798581623066,
        0.9291798581623066,
        0.9291798581623066,
        0.9291798581623066,
        0.9291798581623066,
        0.9291798581623066,
        0.9291798581623066,
        0.9291798581623066,
        0.9291798581623066,
        0.9291798581623066,
        0.9291798581623066,
        0.9291798581623066,
        0.9291798581623066,
        0.9291798581623066,
        0.9291798581623066,
        0.9291798581623066,
        0.9291798581623066,
        0.9291798581623066,
        0.9291798581623066,
        0.9291798581623066,
        0.9291798581623066,
        0.9291798581623066,
        0.9291798581623066,
        0.9291798581623066,
        0.9291798581623066,
        0.9291798581623066,
        0.9291798581623066,
        0.9291798581623066,
        0.9291798581623066,
        0.9291798581623066,
        0.9291798581623066,
        0.9291798581623066,
        0.9291798581623066,
        0.9291798581623066,
        0.9291798581623066,
        0.9291798581623066,
        0.9291798581623066,
        0.9291798581623066,
        0.9291798581623066,
        0.9291798581623066,
        0.9291798581623066,
        0.9291798581623066,
        0.9291798581623066,
        0.9291798581623066,
        0.9291798581623066,
        0.9291798581623066,
        0.9291798581623066,
        0.9291798581623066,
        0.9291798581623066,
        0.9291798581623066,
        0.9291798581623066,
        0.9291798581623066,
        0.9291798581623066,
        0.9291798581623066,
        0.9291798581623066,
        0.9291798581623066,
        0.9291798581623066,
        0.9291798581623066,
        0.9291798581623066,
        0.9291798581623066,
        0.9291798581623066,
        0.9291798581623066,
        0.9291798581623066,
        0.9291798581623066,
        0.9291798581623066,
        0.9291798581623066,
        0.9291798581623066,
        0.9291798581623066,
        0.9291798581623066,
        0.9291798581623066,
        0.9291798581623066,
        0.9291798581623066,
        0.9291798581623066,
        0.9291798581623066,
        0.9291798581623066,
        0.9291798581623066,
        0.9291798581623066,
        0.9291798581623066,
        0.9291798581623066,
        0.9291798581623066,
        0.9291798581623066,
        0.9291798581623066,
        0.9291798581623066,
        0.9291798581623066,
        0.9291798581623066,
        0.9291798581623066,
        0.9291798581623066,
        0.9291798581623066,
        0.9291798581623066,
        0.9291798581623066,
        0.9291798581623066,
        0.9291798581623066,
        0.9291798581623066,
        0.9291798581623066,
        0.9291798581623066,
        0.9291798581623066,
        0.9291798581623066,
        0.9291798581623066,
        0.9291798581623066,
        0.9291798581623066,
        0.9291798581623066,
        0.9291798581623066,
        0.9291798581623066,
        0.9291798581623066,
        0.9291798581623066,
        0.9291798581623066,
        0.9291798581623066,
        0.9291798581623066,
        0.9291798581623066,
        0.9291798581623066,
        0.9291798581623066,
        0.9291798581623066,
        0.9291798581623066,
        0.9291798581623066,
        0.9291798581623066,
        0.9291798581623066,
        0.9291798581623066,
        0.9291798581623066,
        0.9291798581623066,
        0.9291798581623066,
        0.9291798581623066,
        0.9291798581623066,
        0.9291798581623066,
        0.9291798581623066
    ],