{
    "dimensions": [
        0,
        0,
        0,
        0,
        0,
        0,
        0,
        0,
        0,
        0,
        0,
        0,
        0,
        0,
        0,
        0,
        0,
        0,
        0,
        0,
        0,
        0,
        0,
        0,
        0,
        0,
        0,
        0,
        0,
        0,
        0,
        0,
        0,
        0,
        0,
        0,
        0,
        0,
        0,
        0,
        0,
        0,
        0,
        0,
        0,
        0,
        0,
        0,
        0,
        0,
        0,
        0,
        0,
        0,
        0,
        0,
        0,
        0,
        0,
        0,
        0,
        0,
        0,
        0,
        0,
        0,
        0,
        0,
        0,
        0,
        0,
        0,
        0,
        0,
        0,
        0,
        0,
        0,
        0,
        0,
        0,
        0,
        0,
        0,
        0,
        0,
        0,
        0,
        0,
        0,
        0,
        0,
        0,
        0,
        0,
        0,
        0,
        0,
        0,
        0,
        0,
        0,
        0,
        0,
        0,
        0,
        0,
        0,
        0,
        0,
        0,
        0,
        0,
        0,
        0,
        0,
        0,
        0,
        0,
        0,
        0,
        0,
        0,
        0,
        0,
        0,
        0,
        0,
        0,
        0,
        0,
        0,
        0,
        0,
        0,
        0,
        0,
        0,
        0,
        0,
        0,
        0,
        0,
        0,
        0,
        0,
        0,
        0,
        0,
        0,
        0,
        0,
        0,
        0,
        0,
        0,
        0,
        0,
        0,
        0,
        0,
        0,
        0,
        0,
        0,
        0,
        0,
        0
    ],
    "creation_values": [
        0.9925915893023574,
        0.9925915893023574,
        0.9925915893023574,
        0.9925915893023574,
        0.9925915893023574,
        0.9925915893023574,
        0.9925915893023574,
        0.9925915893023574,
        0.9925915893023574,
        0.9925915893023574,
        0.9925915893023574,
        0.9925915893023574,
        0.9925915893023574,
        0.9925915893023574,
        0.9925915893023574,
        0.9925915893023574,
        0.9925915893023574,
        0.9925915893023574,
        0.9925915893023574,
        0.9925915893023574,
        0.9925915893023574,
        0.9925915893023574,
        0.9925915893023574,
        0.9925915893023574,
        0.9925915893023574,
        0.9925915893023574,
        0.9925915893023574,
        0.9925915893023574,
        0.9925915893023574,
        0.9925915893023574,
        0.9925915893023574,
        0.9925915893023574,
        0.9925915893023574,
        0.9925915893023574,
        0.9925915893023574,
        0.9925915893023574,
        0.9925915893023574,
        0.9925915893023574,
        0.9925915893023574,
        0.9925915893023574,
        0.9925915893023574,
        0.9925915893023574,
        0.9925915893023574,
        0.9925915893023574,
        0.9925915893023574,
        0.9925915893023574,
        0.9925915893023574,
        0.9925915893023574,
        0.9925915893023574,
        0.9925915893023574,
        0.9925915893023574,
        0.9925915893023574,
        0.9925915893023574,
        0.9925915893023574,
        0.9925915893023574,
        0.9925915893023574,
        0.9925915893023574,
        0.9925915893023574,
        0.9925915893023574,
        0.9925915893023574,
        0.9925915893023574,
        0.9925915893023574,
        0.9925915893023574,
        0.9925915893023574,
        0.9925915893023574,
        0.9925915893023574,
        0.9925915893023574,
        0.9925915893023574,
        0.9925915893023574,
        0.9925915893023574,
        0.9925915893023574,
        0.9925915893023574,
        0.9925915893023574,
        0.9925915893023574,
        0.9925915893023574,
        0.9925915893023574,
        0.9925915893023574,
        0.9925915893023574,
        0.9925915893023574,
        0.9925915893023574,
        0.9925915893023574,
        0.9925915893023574,
        0.9925915893023574,
        0.9925915893023574,
        0.9925915893023574,
        0.9925915893023574,
        0.9925915893023574,
        0.9925915893023574,
        0.9925915893023574,
        0.9925915893023574,
        0.9925915893023574,
        0.9925915893023574,
        0.9925915893023574,
        0.9925915893023574,
        0.9925915893023574,
        0.9925915893023574,
        0.9925915893023574,
        0.9925915893023574,
        0.9925915893023574,
        0.9925915893023574,
        0.9925915893023574,
        0.9925915893023574,
        0.9925915893023574,
        0.9925915893023574,
        0.9925915893023574,
        0.9925915893023574,
        0.9925915893023574,
        0.9925915893023574,
        0.9925915893023574,
        0.9925915893023574,
        0.9925915893023574,
        0.9925915893023574,
        0.9925915893023574,
        0.9925915893023574,
        0.9925915893023574,
        0.9925915893023574,
        0.9925915893023574,
        0.9925915893023574,
        0.9925915893023574,
        0.9925915893023574,
        0.9925915893023574,
        0.9925915893023574,
        0.9925915893023574,
        0.9925915893023574,
        0.9925915893023574,
        0.9925915893023574,
        0.9925915893023574,
        0.9925915893023574,
        0.9925915893023574,
        0.9925915893023574,
        0.9925915893023574,
        0.9925915893023574,
        0.9925915893023574,
        0.9925915893023574,
        0.9925915893023574,
        0.9925915893023574,
        0.9925915893023574,
        0.9925915893023574,
        0.9925915893023574,
        0.9925915893023574,
        0.9925915893023574,
        0.9925915893023574,
        0.9925915893023574,
        0.9925915893023574,
        0.9925915893023574,
        0.9925915893023574,
        0.9925915893023574,
        0.9925915893023574,
        0.9925915893023574,
        0.9925915893023574,
        0.9925915893023574,
        0.9925915893023574,
        0.9925915893023574,
        0.9925915893023574,
        0.9925915893023574,
        0.9925915893023574,
        0.9925915893023574,
        0.9925915893023574,
        0.9925915893023574,
        0.9925915893023574,
        0.9925915893023574,
        0.9925915893023574,
        0.9925915893023574,
        0.9925915893023574,
        0.9925915893023574,
        0.9925915893023574,
        0.9925915893023574,
        0.9925915893023574
    ],