{
    "dimensions": [
        0,
        0,
        0,
        0,
        0,
        0,
        0,
        0,
        0,
        0,
        0,
        0,
        0,
        0,
        0,
        0,
        0,
        0,
        0,
        0,
        0,
        0,
        0,
        0,
        0,
        0,
        0,
        0,
        0,
        0,
        0,
        0,
        0,
        0,
        0,
        0,
        0,
        0,
        0,
        0,
        0,
        0,
        0,
        0,
        0,
        0,
        0,
        0,
        0,
        0,
        0,
        0,
        0,
        0,
        0,
        0,
        0,
        0,
        0,
        0,
        0,
        0,
        0,
        0,
        0,
        0,
        0,
        0,
        0,
        0,
        0,
        0,
        0,
        0,
        0,
        0,
        0,
        0,
        0,
        0,
        0,
        0,
        0,
        0,
        0,
        0,
        0,
        0,
        0,
        0,
        0,
        0,
        0,
        0,
        0,
        0,
        0,
        0,
        0,
        0,
        0,
        0,
        0,
        0,
        0,
        0,
        0,
        0,
        0,
        0,
        0,
        0,
        0,
        0,
        0,
        0,
        0,
        0,
        0,
        0,
        0,
        0,
        0,
        0,
        0,
        0,
        0,
        0,
        0,
        0,
        0,
        0,
        0,
        0,
        0,
        0,
        0,
        0,
        0,
        0,
        0,
        0,
        0,
        0,
        0,
        0,
        0,
        0,
        0,
        0,
        0,
        0,
        0,
        0,
        0,
        0,
        0,
        0,
        0,
        0,
        0,
        0,
        0,
        0,
        0,
        0,
        0,
        0
    ],
    "creation_values": [
        0.9419973036480372,
        0.9419973036480372,
        0.9419973036480372,
        0.9419973036480372,
        0.9419973036480372,
        0.9419973036480372,
        0.9419973036480372,
        0.9419973036480372,
        0.9419973036480372,
        0.9419973036480372,
        0.9419973036480372,
        0.9419973036480372,
        0.9419973036480372,
        0.9419973036480372,
        0.9419973036480372,
        0.9419973036480372,
        0.9419973036480372,
        0.9419973036480372,
        0.9419973036480372,
        0.9419973036480372,
        0.9419973036480372,
        0.9419973036480372,
        0.9419973036480372,
        0.9419973036480372,
        0.9419973036480372,
        0.9419973036480372,
        0.9419973036480372,
        0.9419973036480372,
        0.9419973036480372,
        0.9419973036480372,
        0.9419973036480372,
        0.9419973036480372,
        0.9419973036480372,
        0.9419973036480372,
        0.9419973036480372,
        0.9419973036480372,
        0.9419973036480372,
        0.9419973036480372,
        0.9419973036480372,
        0.9419973036480372,
        0.9419973036480372,
        0.9419973036480372,
        0.9419973036480372,
        0.9419973036480372,
        0.9419973036480372,
        0.9419973036480372,
        0.9419973036480372,
        0.9419973036480372,
        0.9419973036480372,
        0.9419973036480372,
        0.9419973036480372,
        0.9419973036480372,
        0.9419973036480372,
        0.9419973036480372,
        0.9419973036480372,
        0.9419973036480372,
        0.9419973036480372,
        0.9419973036480372,
        0.9419973036480372,
        0.9419973036480372,
        0.9419973036480372,
        0.9419973036480372,
        0.9419973036480372,
        0.9419973036480372,
        0.9419973036480372,
        0.9419973036480372,
        0.9419973036480372,
        0.9419973036480372,
        0.9419973036480372,
        0.9419973036480372,
        0.9419973036480372,
        0.9419973036480372,
        0.9419973036480372,
        0.9419973036480372,
        0.9419973036480372,
        0.9419973036480372,
        0.9419973036480372,
        0.9419973036480372,
        0.9419973036480372,
        0.9419973036480372,
        0.9419973036480372,
        0.9419973036480372,
        0.9419973036480372,
        0.9419973036480372,
        0.9419973036480372,
        0.9419973036480372,
        0.9419973036480372,
        0.9419973036480372,
        0.9419973036480372,
        0.9419973036480372,
        0.9419973036480372,
        0.9419973036480372,
        0.9419973036480372,
        0.9419973036480372,
        0.9419973036480372,
        0.9419973036480372,
        0.9419973036480372,
        0.9419973036480372,
        0.9419973036480372,
        0.9419973036480372,
        0.9419973036480372,
        0.9419973036480372,
        0.9419973036480372,
        0.9419973036480372,
        0.9419973036480372,
        0.9419973036480372,
        0.9419973036480372,
        0.9419973036480372,
        0.9419973036480372,
        0.9419973036480372,
        0.9419973036480372,
        0.9419973036480372,
        0.9419973036480372,
        0.9419973036480372,
        0.9419973036480372,
        0.9419973036480372,
        0.9419973036480372,
        0.9419973036480372,
        0.9419973036480372,
        0.9419973036480372,
        0.9419973036480372,
        0.9419973036480372,
        0.9419973036480372,
        0.9419973036480372,
        0.9419973036480372,
        0.9419973036480372,
        0.9419973036480372,
        0.9419973036480372,
        0.9419973036480372,
        0.9419973036480372,
        0.9419973036480372,
        0.9419973036480372,
        0.9419973036480372,
        0.9419973036480372,
        0.9419973036480372,
        0.9419973036480372,
        0.9419973036480372,
        0.9419973036480372,
        0.9419973036480372,
        0.9419973036480372,
        0.9419973036480372,
        0.9419973036480372,
        0.9419973036480372,
        0.9419973036480372,
        0.9419973036480372,
        0.9419973036480372,
        0.9419973036480372,
        0.9419973036480372,
        0.9419973036480372,
        0.9419973036480372,
        0.9419973036480372,
        0.9419973036480372,
        0.9419973036480372,
        0.9419973036480372,
        0.9419973036480372,
        0.9419973036480372,
        0.9419973036480372,
        0.9419973036480372,
        0.9419973036480372,
        0.9419973036480372,
        0.9419973036480372,
        0.9419973036480372,
        0.9419973036480372,
        0.9419973036480372,
        0.9419973036480372,
        0.9419973036480372,
        0.9419973036480372,
        0.9419973036480372
    ],