{
    "dimensions": [
        0,
        0,
        0,
        0,
        0,
        0,
        0,
        0,
        0,
        0,
        0,
        0,
        0,
        0,
        0,
        0,
        0,
        0,
        0,
        0,
        0,
        0,
        0,
        0,
        0,
        0,
        0,
        0,
        0,
        0,
        0,
        0,
        0,
        0,
        0,
        0,
        0,
        0,
        0,
        0,
        0,
        0,
        0,
        0,
        0,
        0,
        0,
        0,
        0,
        0,
        0,
        0,
        0,
        0,
        0,
        0,
        0,
        0,
        0,
        0,
        0,
        0,
        0,
        0,
        0,
        0,
        0,
        0,
        0,
        0,
        0,
        0,
        0,
        0,
        0,
        0,
        0,
        0,
        0,
        0,
        0,
        0,
        0,
        0,
        0,
        0,
        0,
        0,
        0,
        0,
        0,
        0,
        0,
        0,
        0,
        0,
        0,
        0,
        0,
        0,
        0,
        0,
        0,
        0,
        0,
        0,
        0,
        0,
        0,
        0,
        0,
        0,
        0,
        0,
        0,
        0,
        0,
        0,
        0,
        0,
        0,
        0,
        0,
        0,
        0,
        0,
        0,
        0,
        0,
        0,
        0,
        0,
        0,
        0,
        0,
        0,
        0,
        0,
        0,
        0,
        0,
        0,
        0,
        0,
        0,
        0,
        0,
        0,
        0,
        0,
        0,
        0,
        0,
        0,
        0,
        0,
        0,
        0,
        0,
        0,
        0,
        0,
        0,
        0,
        0,
        0,
        0,
        0
    ],
    "creation_values": [
        0.9777730946380229,
        0.9777730946380229,
        0.9777730946380229,
        0.9777730946380229,
        0.9777730946380229,
        0.9777730946380229,
        0.9777730946380229,
        0.9777730946380229,
        0.9777730946380229,
        0.9777730946380229,
        0.9777730946380229,
        0.9777730946380229,
        0.9777730946380229,
        0.9777730946380229,
        0.9777730946380229,
        0.9777730946380229,
        0.9777730946380229,
        0.9777730946380229,
        0.9777730946380229,
        0.9777730946380229,
        0.9777730946380229,
        0.9777730946380229,
        0.9777730946380229,
        0.9777730946380229,
        0.9777730946380229,
        0.9777730946380229,
        0.9777730946380229,
        0.9777730946380229,
        0.9777730946380229,
        0.9777730946380229,
        0.9777730946380229,
        0.9777730946380229,
        0.9777730946380229,
        0.9777730946380229,
        0.9777730946380229,
        0.9777730946380229,
        0.9777730946380229,
        0.9777730946380229,
        0.9777730946380229,
        0.9777730946380229,
        0.9777730946380229,
        0.9777730946380229,
        0.9777730946380229,
        0.9777730946380229,
        0.9777730946380229,
        0.9777730946380229,
        0.9777730946380229,
        0.9777730946380229,
        0.9777730946380229,
        0.9777730946380229,
        0.9777730946380229,
        0.9777730946380229,
        0.9777730946380229,
        0.9777730946380229,
        0.9777730946380229,
        0.9777730946380229,
        0.9777730946380229,
        0.9777730946380229,
        0.9777730946380229,
        0.9777730946380229,
        0.9777730946380229,
        0.9777730946380229,
        0.9777730946380229,
        0.9777730946380229,
        0.9777730946380229,
        0.9777730946380229,
        0.9777730946380229,
        0.9777730946380229,
        0.9777730946380229,
        0.9777730946380229,
        0.9777730946380229,
        0.9777730946380229,
        0.9777730946380229,
        0.9777730946380229,
        0.9777730946380229,
        0.9777730946380229,
        0.9777730946380229,
        0.9777730946380229,
        0.9777730946380229,
        0.9777730946380229,
        0.9777730946380229,
        0.9777730946380229,
        0.9777730946380229,
        0.9777730946380229,
        0.9777730946380229,
        0.9777730946380229,
        0.9777730946380229,
        0.9777730946380229,
        0.9777730946380229,
        0.9777730946380229,
        0.9777730946380229,
        0.9777730946380229,
        0.9777730946380229,
        0.9777730946380229,
        0.9777730946380229,
        0.9777730946380229,
        0.9777730946380229,
        0.9777730946380229,
        0.9777730946380229,
        0.9777730946380229,
        0.9777730946380229,
        0.9777730946380229,
        0.9777730946380229,
        0.9777730946380229,
        0.9777730946380229,
        0.9777730946380229,
        0.9777730946380229,
        0.9777730946380229,
        0.9777730946380229,
        0.9777730946380229,
        0.9777730946380229,
        0.9777730946380229,
        0.9777730946380229,
        0.9777730946380229,
        0.9777730946380229,
        0.9777730946380229,
        0.9777730946380229,
        0.9777730946380229,
        0.9777730946380229,
        0.9777730946380229,
        0.9777730946380229,
        0.9777730946380229,
        0.9777730946380229,
        0.9777730946380229,
        0.9777730946380229,
        0.9777730946380229,
        0.9777730946380229,
        0.9777730946380229,
        0.9777730946380229,
        0.9777730946380229,
        0.9777730946380229,
        0.9777730946380229,
        0.9777730946380229,
        0.9777730946380229,
        0.9777730946380229,
        0.9777730946380229,
        0.9777730946380229,
        0.9777730946380229,
        0.9777730946380229,
        0.9777730946380229,
        0.9777730946380229,
        0.9777730946380229,
        0.9777730946380229,
        0.9777730946380229,
        0.9777730946380229,
        0.9777730946380229,
        0.9777730946380229,
        0.9777730946380229,
        0.9777730946380229,
        0.9777730946380229,
        0.9777730946380229,
        0.9777730946380229,
        0.9777730946380229,
        0.9777730946380229,
        0.9777730946380229,
        0.9777730946380229,
        0.9777730946380229,
        0.9777730946380229,
        0.9777730946380229,
        0.9777730946380229,
        0.9777730946380229,
        0.9777730946380229,
        0.9777730946380229,
        0.9777730946380229,
        0.9777730946380229,
        0.9777730946380229,
        0.9777730946380229,
        0.9777730946380229
    ],