{
    "dimensions": [
        0,
        0,
        0,
        0,
        0,
        0,
        0,
        0,
        0,
        0,
        0,
        0,
        0,
        0,
        0,
        0,
        0,
        0,
        0,
        0,
        0,
        0,
        0,
        0,
        0,
        0,
        0,
        0,
        0,
        0,
        0,
        0,
        0,
        0,
        0,
        0,
        0,
        0,
        0,
        0,
        0,
        0,
        0,
        0,
        0,
        0,
        0,
        0,
        0,
        0,
        0,
        0,
        0,
        0,
        0,
        0,
        0,
        0,
        0,
        0,
        0,
        0,
        0,
        0,
        0,
        0,
        0,
        0,
        0,
        0,
        0,
        0,
        0,
        0,
        0,
        0,
        0,
        0,
        0,
        0,
        0,
        0,
        0,
        0,
        0,
        0,
        0,
        0,
        0,
        0,
        0,
        0,
        0,
        0,
        0,
        0,
        0,
        0,
        0,
        0,
        0,
        0,
        0,
        0,
        0,
        0,
        0,
        0,
        0,
        0,
        0,
        0,
        0,
        0,
        0,
        0,
        0,
        0,
        0,
        0,
        0,
        0,
        0,
        0,
        0,
        0,
        0,
        0,
        0,
        0,
        0,
        0,
        0,
        0,
        0,
        0,
        0,
        0,
        0,
        0,
        0,
        0,
        0,
        0,
        0,
        0,
        0,
        0,
        0,
        0,
        0,
        0,
        0,
        0,
        0,
        0,
        0,
        0,
        0,
        0,
        0,
        0,
        0,
        0,
        0,
        0,
        0,
        0
    ],
    "creation_values": [
        0.9879808674710797,
        0.9879808674710797,
        0.9879808674710797,
        0.9879808674710797,
        0.9879808674710797,
        0.9879808674710797,
        0.9879808674710797,
        0.9879808674710797,
        0.9879808674710797,
        0.9879808674710797,
        0.9879808674710797,
        0.9879808674710797,
        0.9879808674710797,
        0.9879808674710797,
        0.9879808674710797,
        0.9879808674710797,
        0.9879808674710797,
        0.9879808674710797,
        0.9879808674710797,
        0.9879808674710797,
        0.9879808674710797,
        0.9879808674710797,
        0.9879808674710797,
        0.9879808674710797,
        0.9879808674710797,
        0.9879808674710797,
        0.9879808674710797,
        0.9879808674710797,
        0.9879808674710797,
        0.9879808674710797,
        0.9879808674710797,
        0.9879808674710797,
        0.9879808674710797,
        0.9879808674710797,
        0.9879808674710797,
        0.9879808674710797,
        0.9879808674710797,
        0.9879808674710797,
        0.9879808674710797,
        0.9879808674710797,
        0.9879808674710797,
        0.9879808674710797,
        0.9879808674710797,
        0.9879808674710797,
        0.9879808674710797,
        0.9879808674710797,
        0.9879808674710797,
        0.9879808674710797,
        0.9879808674710797,
        0.9879808674710797,
        0.9879808674710797,
        0.9879808674710797,
        0.9879808674710797,
        0.9879808674710797,
        0.9879808674710797,
        0.9879808674710797,
        0.9879808674710797,
        0.9879808674710797,
        0.9879808674710797,
        0.9879808674710797,
        0.9879808674710797,
        0.9879808674710797,
        0.9879808674710797,
        0.9879808674710797,
        0.9879808674710797,
        0.9879808674710797,
        0.9879808674710797,
        0.9879808674710797,
        0.9879808674710797,
        0.9879808674710797,
        0.9879808674710797,
        0.9879808674710797,
        0.9879808674710797,
        0.9879808674710797,
        0.9879808674710797,
        0.9879808674710797,
        0.9879808674710797,
        0.9879808674710797,
        0.9879808674710797,
        0.9879808674710797,
        0.9879808674710797,
        0.9879808674710797,
        0.9879808674710797,
        0.9879808674710797,
        0.9879808674710797,
        0.9879808674710797,
        0.9879808674710797,
        0.9879808674710797,
        0.9879808674710797,
        0.9879808674710797,
        0.9879808674710797,
        0.9879808674710797,
        0.9879808674710797,
        0.9879808674710797,
        0.9879808674710797,
        0.9879808674710797,
        0.9879808674710797,
        0.9879808674710797,
        0.9879808674710797,
        0.9879808674710797,
        0.9879808674710797,
        0.9879808674710797,
        0.9879808674710797,
        0.9879808674710797,
        0.9879808674710797,
        0.9879808674710797,
        0.9879808674710797,
        0.9879808674710797,
        0.9879808674710797,
        0.9879808674710797,
        0.9879808674710797,
        0.9879808674710797,
        0.9879808674710797,
        0.9879808674710797,
        0.9879808674710797,
        0.9879808674710797,
        0.9879808674710797,
        0.9879808674710797,
        0.9879808674710797,
        0.9879808674710797,
        0.9879808674710797,
        0.9879808674710797,
        0.9879808674710797,
        0.9879808674710797,
        0.9879808674710797,
        0.9879808674710797,
        0.9879808674710797,
        0.9879808674710797,
        0.9879808674710797,
        0.9879808674710797,
        0.9879808674710797,
        0.9879808674710797,
        0.9879808674710797,
        0.9879808674710797,
        0.9879808674710797,
        0.9879808674710797,
        0.9879808674710797,
        0.9879808674710797,
        0.9879808674710797,
        0.9879808674710797,
        0.9879808674710797,
        0.9879808674710797,
        0.9879808674710797,
        0.9879808674710797,
        0.9879808674710797,
        0.9879808674710797,
        0.9879808674710797,
        0.9879808674710797,
        0.9879808674710797,
        0.9879808674710797,
        0.9879808674710797,
        0.9879808674710797,
        0.9879808674710797,
        0.9879808674710797,
        0.9879808674710797,
        0.9879808674710797,
        0.9879808674710797,
        0.9879808674710797,
        0.9879808674710797,
        0.9879808674710797,
        0.9879808674710797,
        0.9879808674710797,
        0.9879808674710797,
        0.9879808674710797,
        0.9879808674710797,
        0.9879808674710797,
        0.9879808674710797,
        0.9879808674710797
    ],