{
    "dimensions": [
        0,
        0,
        0,
        0,
        0,
        0,
        0,
        0,
        0,
        0,
        0,
        0,
        0,
        0,
        0,
        0,
        0,
        0,
        0,
        0,
        0,
        0,
        0,
        0,
        0,
        0,
        0,
        0,
        0,
        0,
        0,
        0,
        0,
        0,
        0,
        0,
        0,
        0,
        0,
        0,
        0,
        0,
        0,
        0,
        0,
        0,
        0,
        0,
        0,
        0,
        0,
        0,
        0,
        0,
        0,
        0,
        0,
        0,
        0,
        0,
        0,
        0,
        0,
        0,
        0,
        0,
        0,
        0,
        0,
        0,
        0,
        0,
        0,
        0,
        0,
        0,
        0,
        0,
        0,
        0,
        0,
        0,
        0,
        0,
        0,
        0,
        0,
        0,
        0,
        0,
        0,
        0,
        0,
        0,
        0,
        0,
        0,
        0,
        0,
        0,
        0,
        0,
        0,
        0,
        0,
        0,
        0,
        0,
        0,
        0,
        0,
        0,
        0,
        0,
        0,
        0,
        0,
        0,
        0,
        0,
        0,
        0,
        0,
        0,
        0,
        0,
        0,
        0,
        0,
        0,
        0,
        0,
        0,
        0,
        0,
        0,
        0,
        0,
        0,
        0,
        0,
        0,
        0,
        0,
        0,
        0,
        0,
        0,
        0,
        0,
        0,
        0,
        0,
        0,
        0,
        0,
        0,
        0,
        0,
        0,
        0,
        0,
        0,
        0,
        0,
        0,
        0,
        0
    ],
    "creation_values": [
        0.9958993977407895,
        0.9958993977407895,
        0.9958993977407895,
        0.9958993977407895,
        0.9958993977407895,
        0.9958993977407895,
        0.9958993977407895,
        0.9958993977407895,
        0.9958993977407895,
        0.9958993977407895,
        0.9958993977407895,
        0.9958993977407895,
        0.9958993977407895,
        0.9958993977407895,
        0.9958993977407895,
        0.9958993977407895,
        0.9958993977407895,
        0.9958993977407895,
        0.9958993977407895,
        0.9958993977407895,
        0.9958993977407895,
        0.9958993977407895,
        0.9958993977407895,
        0.9958993977407895,
        0.9958993977407895,
        0.9958993977407895,
        0.9958993977407895,
        0.9958993977407895,
        0.9958993977407895,
        0.9958993977407895,
        0.9958993977407895,
        0.9958993977407895,
        0.9958993977407895,
        0.9958993977407895,
        0.9958993977407895,
        0.9958993977407895,
        0.9958993977407895,
        0.9958993977407895,
        0.9958993977407895,
        0.9958993977407895,
        0.9958993977407895,
        0.9958993977407895,
        0.9958993977407895,
        0.9958993977407895,
        0.9958993977407895,
        0.9958993977407895,
        0.9958993977407895,
        0.9958993977407895,
        0.9958993977407895,
        0.9958993977407895,
        0.9958993977407895,
        0.9958993977407895,
        0.9958993977407895,
        0.9958993977407895,
        0.9958993977407895,
        0.9958993977407895,
        0.9958993977407895,
        0.9958993977407895,
        0.9958993977407895,
        0.9958993977407895,
        0.9958993977407895,
        0.9958993977407895,
        0.9958993977407895,
        0.9958993977407895,
        0.9958993977407895,
        0.9958993977407895,
        0.9958993977407895,
        0.9958993977407895,
        0.9958993977407895,
        0.9958993977407895,
        0.9958993977407895,
        0.9958993977407895,
        0.9958993977407895,
        0.9958993977407895,
        0.9958993977407895,
        0.9958993977407895,
        0.9958993977407895,
        0.9958993977407895,
        0.9958993977407895,
        0.9958993977407895,
        0.9958993977407895,
        0.9958993977407895,
        0.9958993977407895,
        0.9958993977407895,
        0.9958993977407895,
        0.9958993977407895,
        0.9958993977407895,
        0.9958993977407895,
        0.9958993977407895,
        0.9958993977407895,
        0.9958993977407895,
        0.9958993977407895,
        0.9958993977407895,
        0.9958993977407895,
        0.9958993977407895,
        0.9958993977407895,
        0.9958993977407895,
        0.9958993977407895,
        0.9958993977407895,
        0.9958993977407895,
        0.9958993977407895,
        0.9958993977407895,
        0.9958993977407895,
        0.9958993977407895,
        0.9958993977407895,
        0.9958993977407895,
        0.9958993977407895,
        0.9958993977407895,
        0.9958993977407895,
        0.9958993977407895,
        0.9958993977407895,
        0.9958993977407895,
        0.9958993977407895,
        0.9958993977407895,
        0.9958993977407895,
        0.9958993977407895,
        0.9958993977407895,
        0.9958993977407895,
        0.9958993977407895,
        0.9958993977407895,
        0.9958993977407895,
        0.9958993977407895,
        0.9958993977407895,
        0.9958993977407895,
        0.9958993977407895,
        0.9958993977407895,
        0.9958993977407895,
        0.9958993977407895,
        0.9958993977407895,
        0.9958993977407895,
        0.9958993977407895,
        0.9958993977407895,
        0.9958993977407895,
        0.9958993977407895,
        0.9958993977407895,
        0.9958993977407895,
        0.9958993977407895,
        0.9958993977407895,
        0.9958993977407895,
        0.9958993977407895,
        0.9958993977407895,
        0.9958993977407895,
        0.9958993977407895,
        0.9958993977407895,
        0.9958993977407895,
        0.9958993977407895,
        0.9958993977407895,
        0.9958993977407895,
        0.9958993977407895,
        0.9958993977407895,
        0.9958993977407895,
        0.9958993977407895,
        0.9958993977407895,
        0.9958993977407895,
        0.9958993977407895,
        0.9958993977407895,
        0.9958993977407895,
        0.9958993977407895,
        0.9958993977407895,
        0.9958993977407895,
        0.9958993977407895,
        0.9958993977407895,
        0.9958993977407895,
        0.9958993977407895,
        0.9958993977407895,
        0.9958993977407895,
        0.9958993977407895,
        0.9958993977407895
    ],