{
    "dimensions": [
        0,
        0,
        0,
        0,
        0,
        0,
        0,
        0,
        0,
        0,
        0,
        0,
        0,
        0,
        0,
        0,
        0,
        0,
        0,
        0,
        0,
        0,
        0,
        0,
        0,
        0,
        0,
        0,
        0,
        0,
        0,
        0,
        0,
        0,
        0,
        0,
        0,
        0,
        0,
        0,
        0,
        0,
        0,
        0,
        0,
        0,
        0,
        0,
        0,
        0,
        0,
        0,
        0,
        0,
        0,
        0,
        0,
        0,
        0,
        0,
        0,
        0,
        0,
        0,
        0,
        0,
        0,
        0,
        0,
        0,
        0,
        0,
        0,
        0,
        0,
        0,
        0,
        0,
        0,
        0,
        0,
        0,
        0,
        0,
        0,
        0,
        0,
        0,
        0,
        0,
        0,
        0,
        0,
        0,
        0,
        0,
        0,
        0,
        0,
        0,
        0,
        0,
        0,
        0,
        0,
        0,
        0,
        0,
        0,
        0,
        0,
        0,
        0,
        0,
        0,
        0,
        0,
        0,
        0,
        0,
        0,
        0,
        0,
        0,
        0,
        0,
        0,
        0,
        0,
        0,
        0,
        0,
        0,
        0,
        0,
        0,
        0,
        0,
        0,
        0,
        0,
        0,
        0,
        0,
        0,
        0,
        0,
        0,
        0,
        0,
        0,
        0,
        0,
        0,
        0,
        0,
        0,
        0,
        0,
        0,
        0,
        0,
        0,
        0,
        0,
        0,
        0,
        0
    ],
    "creation_values": [
        0.892726461986652,
        0.892726461986652,
        0.892726461986652,
        0.892726461986652,
        0.892726461986652,
        0.892726461986652,
        0.892726461986652,
        0.892726461986652,
        0.892726461986652,
        0.892726461986652,
        0.892726461986652,
        0.892726461986652,
        0.892726461986652,
        0.892726461986652,
        0.892726461986652,
        0.892726461986652,
        0.892726461986652,
        0.892726461986652,
        0.892726461986652,
        0.892726461986652,
        0.892726461986652,
        0.892726461986652,
        0.892726461986652,
        0.892726461986652,
        0.892726461986652,
        0.892726461986652,
        0.892726461986652,
        0.892726461986652,
        0.892726461986652,
        0.892726461986652,
        0.892726461986652,
        0.892726461986652,
        0.892726461986652,
        0.892726461986652,
        0.892726461986652,
        0.892726461986652,
        0.892726461986652,
        0.892726461986652,
        0.892726461986652,
        0.892726461986652,
        0.892726461986652,
        0.892726461986652,
        0.892726461986652,
        0.892726461986652,
        0.892726461986652,
        0.892726461986652,
        0.892726461986652,
        0.892726461986652,
        0.892726461986652,
        0.892726461986652,
        0.892726461986652,
        0.892726461986652,
        0.892726461986652,
        0.892726461986652,
        0.892726461986652,
        0.892726461986652,
        0.892726461986652,
        0.892726461986652,
        0.892726461986652,
        0.892726461986652,
        0.892726461986652,
        0.892726461986652,
        0.892726461986652,
        0.892726461986652,
        0.892726461986652,
        0.892726461986652,
        0.892726461986652,
        0.892726461986652,
        0.892726461986652,
        0.892726461986652,
        0.892726461986652,
        0.892726461986652,
        0.892726461986652,
        0.892726461986652,
        0.892726461986652,
        0.892726461986652,
        0.892726461986652,
        0.892726461986652,
        0.892726461986652,
        0.892726461986652,
        0.892726461986652,
        0.892726461986652,
        0.892726461986652,
        0.892726461986652,
        0.892726461986652,
        0.892726461986652,
        0.892726461986652,
        0.892726461986652,
        0.892726461986652,
        0.892726461986652,
        0.892726461986652,
        0.892726461986652,
        0.892726461986652,
        0.892726461986652,
        0.892726461986652,
        0.892726461986652,
        0.892726461986652,
        0.892726461986652,
        0.892726461986652,
        0.892726461986652,
        0.892726461986652,
        0.892726461986652,
        0.892726461986652,
        0.892726461986652,
        0.892726461986652,
        0.892726461986652,
        0.892726461986652,
        0.892726461986652,
        0.892726461986652,
        0.892726461986652,
        0.892726461986652,
        0.892726461986652,
        0.892726461986652,
        0.892726461986652,
        0.892726461986652,
        0.892726461986652,
        0.892726461986652,
        0.892726461986652,
        0.892726461986652,
        0.892726461986652,
        0.892726461986652,
        0.892726461986652,
        0.892726461986652,
        0.892726461986652,
        0.892726461986652,
        0.892726461986652,
        0.892726461986652,
        0.892726461986652,
        0.892726461986652,
        0.892726461986652,
        0.892726461986652,
        0.892726461986652,
        0.892726461986652,
        0.892726461986652,
        0.892726461986652,
        0.892726461986652,
        0.892726461986652,
        0.892726461986652,
        0.892726461986652,
        0.892726461986652,
        0.892726461986652,
        0.892726461986652,
        0.892726461986652,
        0.892726461986652,
        0.892726461986652,
        0.892726461986652,
        0.892726461986652,
        0.892726461986652,
        0.892726461986652,
        0.892726461986652,
        0.892726461986652,
        0.892726461986652,
        0.892726461986652,
        0.892726461986652,
        0.892726461986652,
        0.892726461986652,
        0.892726461986652,
        0.892726461986652,
        0.892726461986652,
        0.892726461986652,
        0.892726461986652,
        0.892726461986652,
        0.892726461986652,
        0.892726461986652,
        0.892726461986652,
        0.892726461986652,
        0.892726461986652,
        0.892726461986652
    ],