{
    "dimensions": [
        0,
        0,
        0,
        0,
        0,
        0,
        0,
        0,
        0,
        0,
        0,
        0,
        0,
        0,
        0,
        0,
        0,
        0,
        0,
        0,
        0,
        0,
        0,
        0,
        0,
        0,
        0,
        0,
        0,
        0,
        0,
        0,
        0,
        0,
        0,
        0,
        0,
        0,
        0,
        0,
        0,
        0,
        0,
        0,
        0,
        0,
        0,
        0,
        0,
        0,
        0,
        0,
        0,
        0,
        0,
        0,
        0,
        0,
        0,
        0,
        0,
        0,
        0,
        0,
        0,
        0,
        0,
        0,
        0,
        0,
        0,
        0,
        0,
        0,
        0,
        0,
        0,
        0,
        0,
        0,
        0,
        0,
        0,
        0,
        0,
        0,
        0,
        0,
        0,
        0,
        0,
        0,
        0,
        0,
        0,
        0,
        0,
        0,
        0,
        0,
        0,
        0,
        0,
        0,
        0,
        0,
        0,
        0,
        0,
        0,
        0,
        0,
        0,
        0,
        0,
        0,
        0,
        0,
        0,
        0,
        0,
        0,
        0,
        0,
        0,
        0,
        0,
        0,
        0,
        0,
        0,
        0,
        0,
        0,
        0,
        0,
        0,
        0,
        0,
        0,
        0,
        0,
        0,
        0,
        0,
        0,
        0,
        0,
        0,
        0,
        0,
        0,
        0,
        0,
        0,
        0,
        0,
        0,
        0,
        0,
        0,
        0,
        0,
        0,
        0,
        0,
        0,
        0
    ],
    "creation_values": [
        0.9960926972018329,
        0.9960926972018329,
        0.9960926972018329,
        0.9960926972018329,
        0.9960926972018329,
        0.9960926972018329,
        0.9960926972018329,
        0.9960926972018329,
        0.9960926972018329,
        0.9960926972018329,
        0.9960926972018329,
        0.9960926972018329,
        0.9960926972018329,
        0.9960926972018329,
        0.9960926972018329,
        0.9960926972018329,
        0.9960926972018329,
        0.9960926972018329,
        0.9960926972018329,
        0.9960926972018329,
        0.9960926972018329,
        0.9960926972018329,
        0.9960926972018329,
        0.9960926972018329,
        0.9960926972018329,
        0.9960926972018329,
        0.9960926972018329,
        0.9960926972018329,
        0.9960926972018329,
        0.9960926972018329,
        0.9960926972018329,
        0.9960926972018329,
        0.9960926972018329,
        0.9960926972018329,
        0.9960926972018329,
        0.9960926972018329,
        0.9960926972018329,
        0.9960926972018329,
        0.9960926972018329,
        0.9960926972018329,
        0.9960926972018329,
        0.9960926972018329,
        0.9960926972018329,
        0.9960926972018329,
        0.9960926972018329,
        0.9960926972018329,
        0.9960926972018329,
        0.9960926972018329,
        0.9960926972018329,
        0.9960926972018329,
        0.9960926972018329,
        0.9960926972018329,
        0.9960926972018329,
        0.9960926972018329,
        0.9960926972018329,
        0.9960926972018329,
        0.9960926972018329,
        0.9960926972018329,
        0.9960926972018329,
        0.9960926972018329,
        0.9960926972018329,
        0.9960926972018329,
        0.9960926972018329,
        0.9960926972018329,
        0.9960926972018329,
        0.9960926972018329,
        0.9960926972018329,
        0.9960926972018329,
        0.9960926972018329,
        0.9960926972018329,
        0.9960926972018329,
        0.9960926972018329,
        0.9960926972018329,
        0.9960926972018329,
        0.9960926972018329,
        0.9960926972018329,
        0.9960926972018329,
        0.9960926972018329,
        0.9960926972018329,
        0.9960926972018329,
        0.9960926972018329,
        0.9960926972018329,
        0.9960926972018329,
        0.9960926972018329,
        0.9960926972018329,
        0.9960926972018329,
        0.9960926972018329,
        0.9960926972018329,
        0.9960926972018329,
        0.9960926972018329,
        0.9960926972018329,
        0.9960926972018329,
        0.9960926972018329,
        0.9960926972018329,
        0.9960926972018329,
        0.9960926972018329,
        0.9960926972018329,
        0.9960926972018329,
        0.9960926972018329,
        0.9960926972018329,
        0.9960926972018329,
        0.9960926972018329,
        0.9960926972018329,
        0.9960926972018329,
        0.9960926972018329,
        0.9960926972018329,
        0.9960926972018329,
        0.9960926972018329,
        0.9960926972018329,
        0.9960926972018329,
        0.9960926972018329,
        0.9960926972018329,
        0.9960926972018329,
        0.9960926972018329,
        0.9960926972018329,
        0.9960926972018329,
        0.9960926972018329,
        0.9960926972018329,
        0.9960926972018329,
        0.9960926972018329,
        0.9960926972018329,
        0.9960926972018329,
        0.9960926972018329,
        0.9960926972018329,
        0.9960926972018329,
        0.9960926972018329,
        0.9960926972018329,
        0.9960926972018329,
        0.9960926972018329,
        0.9960926972018329,
        0.9960926972018329,
        0.9960926972018329,
        0.9960926972018329,
        0.9960926972018329,
        0.9960926972018329,
        0.9960926972018329,
        0.9960926972018329,
        0.9960926972018329,
        0.9960926972018329,
        0.9960926972018329,
        0.9960926972018329,
        0.9960926972018329,
        0.9960926972018329,
        0.9960926972018329,
        0.9960926972018329,
        0.9960926972018329,
        0.9960926972018329,
        0.9960926972018329,
        0.9960926972018329,
        0.9960926972018329,
        0.9960926972018329,
        0.9960926972018329,
        0.9960926972018329,
        0.9960926972018329,
        0.9960926972018329,
        0.9960926972018329,
        0.9960926972018329,
        0.9960926972018329,
        0.9960926972018329,
        0.9960926972018329,
        0.9960926972018329,
        0.9960926972018329,
        0.9960926972018329,
        0.9960926972018329,
        0.9960926972018329,
        0.9960926972018329,
        0.9960926972018329,
        0.9960926972018329
    ],