{
    "dimensions": [
        0,
        0,
        0,
        0,
        0,
        0,
        0,
        0,
        0,
        0,
        0,
        0,
        0,
        0,
        0,
        0,
        0,
        0,
        0,
        0,
        0,
        0,
        0,
        0,
        0,
        0,
        0,
        0,
        0,
        0,
        0,
        0,
        0,
        0,
        0,
        0,
        0,
        0,
        0,
        0,
        0,
        0,
        0,
        0,
        0,
        0,
        0,
        0,
        0,
        0,
        0,
        0,
        0,
        0,
        0,
        0,
        0,
        0,
        0,
        0,
        0,
        0,
        0,
        0,
        0,
        0,
        0,
        0,
        0,
        0,
        0,
        0,
        0,
        0,
        0,
        0,
        0,
        0,
        0,
        0,
        0,
        0,
        0,
        0,
        0,
        0,
        0,
        0,
        0,
        0,
        0,
        0,
        0,
        0,
        0,
        0,
        0,
        0,
        0,
        0,
        0,
        0,
        0,
        0,
        0,
        0,
        0,
        0,
        0,
        0,
        0,
        0,
        0,
        0,
        0,
        0,
        0,
        0,
        0,
        0,
        0,
        0,
        0,
        0,
        0,
        0,
        0,
        0,
        0,
        0,
        0,
        0,
        0,
        0,
        0,
        0,
        0,
        0,
        0,
        0,
        0,
        0,
        0,
        0,
        0,
        0,
        0,
        0,
        0,
        0,
        0,
        0,
        0,
        0,
        0,
        0,
        0,
        0,
        0,
        0,
        0,
        0,
        0,
        0,
        0,
        0,
        0,
        0
    ],
    "creation_values": [
        0.9853799375854215,
        0.9853799375854215,
        0.9853799375854215,
        0.9853799375854215,
        0.9853799375854215,
        0.9853799375854215,
        0.9853799375854215,
        0.9853799375854215,
        0.9853799375854215,
        0.9853799375854215,
        0.9853799375854215,
        0.9853799375854215,
        0.9853799375854215,
        0.9853799375854215,
        0.9853799375854215,
        0.9853799375854215,
        0.9853799375854215,
        0.9853799375854215,
        0.9853799375854215,
        0.9853799375854215,
        0.9853799375854215,
        0.9853799375854215,
        0.9853799375854215,
        0.9853799375854215,
        0.9853799375854215,
        0.9853799375854215,
        0.9853799375854215,
        0.9853799375854215,
        0.9853799375854215,
        0.9853799375854215,
        0.9853799375854215,
        0.9853799375854215,
        0.9853799375854215,
        0.9853799375854215,
        0.9853799375854215,
        0.9853799375854215,
        0.9853799375854215,
        0.9853799375854215,
        0.9853799375854215,
        0.9853799375854215,
        0.9853799375854215,
        0.9853799375854215,
        0.9853799375854215,
        0.9853799375854215,
        0.9853799375854215,
        0.9853799375854215,
        0.9853799375854215,
        0.9853799375854215,
        0.9853799375854215,
        0.9853799375854215,
        0.9853799375854215,
        0.9853799375854215,
        0.9853799375854215,
        0.9853799375854215,
        0.9853799375854215,
        0.9853799375854215,
        0.9853799375854215,
        0.9853799375854215,
        0.9853799375854215,
        0.9853799375854215,
        0.9853799375854215,
        0.9853799375854215,
        0.9853799375854215,
        0.9853799375854215,
        0.9853799375854215,
        0.9853799375854215,
        0.9853799375854215,
        0.9853799375854215,
        0.9853799375854215,
        0.9853799375854215,
        0.9853799375854215,
        0.9853799375854215,
        0.9853799375854215,
        0.9853799375854215,
        0.9853799375854215,
        0.9853799375854215,
        0.9853799375854215,
        0.9853799375854215,
        0.9853799375854215,
        0.9853799375854215,
        0.9853799375854215,
        0.9853799375854215,
        0.9853799375854215,
        0.9853799375854215,
        0.9853799375854215,
        0.9853799375854215,
        0.9853799375854215,
        0.9853799375854215,
        0.9853799375854215,
        0.9853799375854215,
        0.9853799375854215,
        0.9853799375854215,
        0.9853799375854215,
        0.9853799375854215,
        0.9853799375854215,
        0.9853799375854215,
        0.9853799375854215,
        0.9853799375854215,
        0.9853799375854215,
        0.9853799375854215,
        0.9853799375854215,
        0.9853799375854215,
        0.9853799375854215,
        0.9853799375854215,
        0.9853799375854215,
        0.9853799375854215,
        0.9853799375854215,
        0.9853799375854215,
        0.9853799375854215,
        0.9853799375854215,
        0.9853799375854215,
        0.9853799375854215,
        0.9853799375854215,
        0.9853799375854215,
        0.9853799375854215,
        0.9853799375854215,
        0.9853799375854215,
        0.9853799375854215,
        0.9853799375854215,
        0.9853799375854215,
        0.9853799375854215,
        0.9853799375854215,
        0.9853799375854215,
        0.9853799375854215,
        0.9853799375854215,
        0.9853799375854215,
        0.9853799375854215,
        0.9853799375854215,
        0.9853799375854215,
        0.9853799375854215,
        0.9853799375854215,
        0.9853799375854215,
        0.9853799375854215,
        0.9853799375854215,
        0.9853799375854215,
        0.9853799375854215,
        0.9853799375854215,
        0.9853799375854215,
        0.9853799375854215,
        0.9853799375854215,
        0.9853799375854215,
        0.9853799375854215,
        0.9853799375854215,
        0.9853799375854215,
        0.9853799375854215,
        0.9853799375854215,
        0.9853799375854215,
        0.9853799375854215,
        0.9853799375854215,
        0.9853799375854215,
        0.9853799375854215,
        0.9853799375854215,
        0.9853799375854215,
        0.9853799375854215,
        0.9853799375854215,
        0.9853799375854215,
        0.9853799375854215,
        0.9853799375854215,
        0.9853799375854215,
        0.9853799375854215,
        0.9853799375854215,
        0.9853799375854215,
        0.9853799375854215,
        0.9853799375854215,
        0.9853799375854215,
        0.9853799375854215,
        0.9853799375854215,
        0.9853799375854215
    ],