{
    "dimensions": [
        0,
        0,
        0,
        0,
        0,
        0,
        0,
        0,
        0,
        0,
        0,
        0,
        0,
        0,
        0,
        0,
        0,
        0,
        0,
        0,
        0,
        0,
        0,
        0,
        0,
        0,
        0,
        0,
        0,
        0,
        0,
        0,
        0,
        0,
        0,
        0,
        0,
        0,
        0,
        0,
        0,
        0,
        0,
        0,
        0,
        0,
        0,
        0,
        0,
        0,
        0,
        0,
        0,
        0,
        0,
        0,
        0,
        0,
        0,
        0,
        0,
        0,
        0,
        0,
        0,
        0,
        0,
        0,
        0,
        0,
        0,
        0,
        0,
        0,
        0,
        0,
        0,
        0,
        0,
        0,
        0,
        0,
        0,
        0,
        0,
        0,
        0,
        0,
        0,
        0,
        0,
        0,
        0,
        0,
        0,
        0,
        0,
        0,
        0,
        0,
        0,
        0,
        0,
        0,
        0,
        0,
        0,
        0,
        0,
        0,
        0,
        0,
        0,
        0,
        0,
        0,
        0,
        0,
        0,
        0,
        0,
        0,
        0,
        0,
        0,
        0,
        0,
        0,
        0,
        0,
        0,
        0,
        0,
        0,
        0,
        0,
        0,
        0,
        0,
        0,
        0,
        0,
        0,
        0,
        0,
        0,
        0,
        0,
        0,
        0,
        0,
        0,
        0,
        0,
        0,
        0,
        0,
        0,
        0,
        0,
        0,
        0,
        0,
        0,
        0,
        0,
        0,
        0
    ],
    "creation_values": [
        0.9402643203402098,
        0.9402643203402098,
        0.9402643203402098,
        0.9402643203402098,
        0.9402643203402098,
        0.9402643203402098,
        0.9402643203402098,
        0.9402643203402098,
        0.9402643203402098,
        0.9402643203402098,
        0.9402643203402098,
        0.9402643203402098,
        0.9402643203402098,
        0.9402643203402098,
        0.9402643203402098,
        0.9402643203402098,
        0.9402643203402098,
        0.9402643203402098,
        0.9402643203402098,
        0.9402643203402098,
        0.9402643203402098,
        0.9402643203402098,
        0.9402643203402098,
        0.9402643203402098,
        0.9402643203402098,
        0.9402643203402098,
        0.9402643203402098,
        0.9402643203402098,
        0.9402643203402098,
        0.9402643203402098,
        0.9402643203402098,
        0.9402643203402098,
        0.9402643203402098,
        0.9402643203402098,
        0.9402643203402098,
        0.9402643203402098,
        0.9402643203402098,
        0.9402643203402098,
        0.9402643203402098,
        0.9402643203402098,
        0.9402643203402098,
        0.9402643203402098,
        0.9402643203402098,
        0.9402643203402098,
        0.9402643203402098,
        0.9402643203402098,
        0.9402643203402098,
        0.9402643203402098,
        0.9402643203402098,
        0.9402643203402098,
        0.9402643203402098,
        0.9402643203402098,
        0.9402643203402098,
        0.9402643203402098,
        0.9402643203402098,
        0.9402643203402098,
        0.9402643203402098,
        0.9402643203402098,
        0.9402643203402098,
        0.9402643203402098,
        0.9402643203402098,
        0.9402643203402098,
        0.9402643203402098,
        0.9402643203402098,
        0.9402643203402098,
        0.9402643203402098,
        0.9402643203402098,
        0.9402643203402098,
        0.9402643203402098,
        0.9402643203402098,
        0.9402643203402098,
        0.9402643203402098,
        0.9402643203402098,
        0.9402643203402098,
        0.9402643203402098,
        0.9402643203402098,
        0.9402643203402098,
        0.9402643203402098,
        0.9402643203402098,
        0.9402643203402098,
        0.9402643203402098,
        0.9402643203402098,
        0.9402643203402098,
        0.9402643203402098,
        0.9402643203402098,
        0.9402643203402098,
        0.9402643203402098,
        0.9402643203402098,
        0.9402643203402098,
        0.9402643203402098,
        0.9402643203402098,
        0.9402643203402098,
        0.9402643203402098,
        0.9402643203402098,
        0.9402643203402098,
        0.9402643203402098,
        0.9402643203402098,
        0.9402643203402098,
        0.9402643203402098,
        0.9402643203402098,
        0.9402643203402098,
        0.9402643203402098,
        0.9402643203402098,
        0.9402643203402098,
        0.9402643203402098,
        0.9402643203402098,
        0.9402643203402098,
        0.9402643203402098,
        0.9402643203402098,
        0.9402643203402098,
        0.9402643203402098,
        0.9402643203402098,
        0.9402643203402098,
        0.9402643203402098,
        0.9402643203402098,
        0.9402643203402098,
        0.9402643203402098,
        0.9402643203402098,
        0.9402643203402098,
        0.9402643203402098,
        0.9402643203402098,
        0.9402643203402098,
        0.9402643203402098,
        0.9402643203402098,
        0.9402643203402098,
        0.9402643203402098,
        0.9402643203402098,
        0.9402643203402098,
        0.9402643203402098,
        0.9402643203402098,
        0.9402643203402098,
        0.9402643203402098,
        0.9402643203402098,
        0.9402643203402098,
        0.9402643203402098,
        0.9402643203402098,
        0.9402643203402098,
        0.9402643203402098,
        0.9402643203402098,
        0.9402643203402098,
        0.9402643203402098,
        0.9402643203402098,
        0.9402643203402098,
        0.9402643203402098,
        0.9402643203402098,
        0.9402643203402098,
        0.9402643203402098,
        0.9402643203402098,
        0.9402643203402098,
        0.9402643203402098,
        0.9402643203402098,
        0.9402643203402098,
        0.9402643203402098,
        0.9402643203402098,
        0.9402643203402098,
        0.9402643203402098,
        0.9402643203402098,
        0.9402643203402098,
        0.9402643203402098,
        0.9402643203402098,
        0.9402643203402098,
        0.9402643203402098,
        0.9402643203402098,
        0.9402643203402098,
        0.9402643203402098,
        0.9402643203402098,
        0.9402643203402098,
        0.9402643203402098
    ],