{
    "dimensions": [
        0,
        0,
        0,
        0,
        0,
        0,
        0,
        0,
        0,
        0,
        0,
        0,
        0,
        0,
        0,
        0,
        0,
        0,
        0,
        0,
        0,
        0,
        0,
        0,
        0,
        0,
        0,
        0,
        0,
        0,
        0,
        0,
        0,
        0,
        0,
        0,
        0,
        0,
        0,
        0,
        0,
        0,
        0,
        0,
        0,
        0,
        0,
        0,
        0,
        0,
        0,
        0,
        0,
        0,
        0,
        0,
        0,
        0,
        0,
        0,
        0,
        0,
        0,
        0,
        0,
        0,
        0,
        0,
        0,
        0,
        0,
        0,
        0,
        0,
        0,
        0,
        0,
        0,
        0,
        0,
        0,
        0,
        0,
        0,
        0,
        0,
        0,
        0,
        0,
        0,
        0,
        0,
        0,
        0,
        0,
        0,
        0,
        0,
        0,
        0,
        0,
        0,
        0,
        0,
        0,
        0,
        0,
        0,
        0,
        0,
        0,
        0,
        0,
        0,
        0,
        0,
        0,
        0,
        0,
        0,
        0,
        0,
        0,
        0,
        0,
        0,
        0,
        0,
        0,
        0,
        0,
        0,
        0,
        0,
        0,
        0,
        0,
        0,
        0,
        0,
        0,
        0,
        0,
        0,
        0,
        0,
        0,
        0,
        0,
        0,
        0,
        0,
        0,
        0,
        0,
        0,
        0,
        0,
        0,
        0,
        0,
        0,
        0,
        0,
        0,
        0,
        0,
        0
    ],
    "creation_values": [
        0.9976565483744665,
        0.9976565483744665,
        0.9976565483744665,
        0.9976565483744665,
        0.9976565483744665,
        0.9976565483744665,
        0.9976565483744665,
        0.9976565483744665,
        0.9976565483744665,
        0.9976565483744665,
        0.9976565483744665,
        0.9976565483744665,
        0.9976565483744665,
        0.9976565483744665,
        0.9976565483744665,
        0.9976565483744665,
        0.9976565483744665,
        0.9976565483744665,
        0.9976565483744665,
        0.9976565483744665,
        0.9976565483744665,
        0.9976565483744665,
        0.9976565483744665,
        0.9976565483744665,
        0.9976565483744665,
        0.9976565483744665,
        0.9976565483744665,
        0.9976565483744665,
        0.9976565483744665,
        0.9976565483744665,
        0.9976565483744665,
        0.9976565483744665,
        0.9976565483744665,
        0.9976565483744665,
        0.9976565483744665,
        0.9976565483744665,
        0.9976565483744665,
        0.9976565483744665,
        0.9976565483744665,
        0.9976565483744665,
        0.9976565483744665,
        0.9976565483744665,
        0.9976565483744665,
        0.9976565483744665,
        0.9976565483744665,
        0.9976565483744665,
        0.9976565483744665,
        0.9976565483744665,
        0.9976565483744665,
        0.9976565483744665,
        0.9976565483744665,
        0.9976565483744665,
        0.9976565483744665,
        0.9976565483744665,
        0.9976565483744665,
        0.9976565483744665,
        0.9976565483744665,
        0.9976565483744665,
        0.9976565483744665,
        0.9976565483744665,
        0.9976565483744665,
        0.9976565483744665,
        0.9976565483744665,
        0.9976565483744665,
        0.9976565483744665,
        0.9976565483744665,
        0.9976565483744665,
        0.9976565483744665,
        0.9976565483744665,
        0.9976565483744665,
        0.9976565483744665,
        0.9976565483744665,
        0.9976565483744665,
        0.9976565483744665,
        0.9976565483744665,
        0.9976565483744665,
        0.9976565483744665,
        0.9976565483744665,
        0.9976565483744665,
        0.9976565483744665,
        0.9976565483744665,
        0.9976565483744665,
        0.9976565483744665,
        0.9976565483744665,
        0.9976565483744665,
        0.9976565483744665,
        0.9976565483744665,
        0.9976565483744665,
        0.9976565483744665,
        0.9976565483744665,
        0.9976565483744665,
        0.9976565483744665,
        0.9976565483744665,
        0.9976565483744665,
        0.9976565483744665,
        0.9976565483744665,
        0.9976565483744665,
        0.9976565483744665,
        0.9976565483744665,
        0.9976565483744665,
        0.9976565483744665,
        0.9976565483744665,
        0.9976565483744665,
        0.9976565483744665,
        0.9976565483744665,
        0.9976565483744665,
        0.9976565483744665,
        0.9976565483744665,
        0.9976565483744665,
        0.9976565483744665,
        0.9976565483744665,
        0.9976565483744665,
        0.9976565483744665,
        0.9976565483744665,
        0.9976565483744665,
        0.9976565483744665,
        0.9976565483744665,
        0.9976565483744665,
        0.9976565483744665,
        0.9976565483744665,
        0.9976565483744665,
        0.9976565483744665,
        0.9976565483744665,
        0.9976565483744665,
        0.9976565483744665,
        0.9976565483744665,
        0.9976565483744665,
        0.9976565483744665,
        0.9976565483744665,
        0.9976565483744665,
        0.9976565483744665,
        0.9976565483744665,
        0.9976565483744665,
        0.9976565483744665,
        0.9976565483744665,
        0.9976565483744665,
        0.9976565483744665,
        0.9976565483744665,
        0.9976565483744665,
        0.9976565483744665,
        0.9976565483744665,
        0.9976565483744665,
        0.9976565483744665,
        0.9976565483744665,
        0.9976565483744665,
        0.9976565483744665,
        0.9976565483744665,
        0.9976565483744665,
        0.9976565483744665,
        0.9976565483744665,
        0.9976565483744665,
        0.9976565483744665,
        0.9976565483744665,
        0.9976565483744665,
        0.9976565483744665,
        0.9976565483744665,
        0.9976565483744665,
        0.9976565483744665,
        0.9976565483744665,
        0.9976565483744665,
        0.9976565483744665,
        0.9976565483744665,
        0.9976565483744665,
        0.9976565483744665,
        0.9976565483744665,
        0.9976565483744665,
        0.9976565483744665,
        0.9976565483744665
    ],