{
    "dimensions": [
        0,
        0,
        0,
        0,
        0,
        0,
        0,
        0,
        0,
        0,
        0,
        0,
        0,
        0,
        0,
        0,
        0,
        0,
        0,
        0,
        0,
        0,
        0,
        0,
        0,
        0,
        0,
        0,
        0,
        0,
        0,
        0,
        0,
        0,
        0,
        0,
        0,
        0,
        0,
        0,
        0,
        0,
        0,
        0,
        0,
        0,
        0,
        0,
        0,
        0,
        0,
        0,
        0,
        0,
        0,
        0,
        0,
        0,
        0,
        0,
        0,
        0,
        0,
        0,
        0,
        0,
        0,
        0,
        0,
        0,
        0,
        0,
        0,
        0,
        0,
        0,
        0,
        0,
        0,
        0,
        0,
        0,
        0,
        0,
        0,
        0,
        0,
        0,
        0,
        0,
        0,
        0,
        0,
        0,
        0,
        0,
        0,
        0,
        0,
        0,
        0,
        0,
        0,
        0,
        0,
        0,
        0,
        0,
        0,
        0,
        0,
        0,
        0,
        0,
        0,
        0,
        0,
        0,
        0,
        0,
        0,
        0,
        0,
        0,
        0,
        0,
        0,
        0,
        0,
        0,
        0,
        0,
        0,
        0,
        0,
        0,
        0,
        0,
        0,
        0,
        0,
        0,
        0,
        0,
        0,
        0,
        0,
        0,
        0,
        0,
        0,
        0,
        0,
        0,
        0,
        0,
        0,
        0,
        0,
        0,
        0,
        0,
        0,
        0,
        0,
        0,
        0,
        0
    ],
    "creation_values": [
        0.9983606415567323,
        0.9983606415567323,
        0.9983606415567323,
        0.9983606415567323,
        0.9983606415567323,
        0.9983606415567323,
        0.9983606415567323,
        0.9983606415567323,
        0.9983606415567323,
        0.9983606415567323,
        0.9983606415567323,
        0.9983606415567323,
        0.9983606415567323,
        0.9983606415567323,
        0.9983606415567323,
        0.9983606415567323,
        0.9983606415567323,
        0.9983606415567323,
        0.9983606415567323,
        0.9983606415567323,
        0.9983606415567323,
        0.9983606415567323,
        0.9983606415567323,
        0.9983606415567323,
        0.9983606415567323,
        0.9983606415567323,
        0.9983606415567323,
        0.9983606415567323,
        0.9983606415567323,
        0.9983606415567323,
        0.9983606415567323,
        0.9983606415567323,
        0.9983606415567323,
        0.9983606415567323,
        0.9983606415567323,
        0.9983606415567323,
        0.9983606415567323,
        0.9983606415567323,
        0.9983606415567323,
        0.9983606415567323,
        0.9983606415567323,
        0.9983606415567323,
        0.9983606415567323,
        0.9983606415567323,
        0.9983606415567323,
        0.9983606415567323,
        0.9983606415567323,
        0.9983606415567323,
        0.9983606415567323,
        0.9983606415567323,
        0.9983606415567323,
        0.9983606415567323,
        0.9983606415567323,
        0.9983606415567323,
        0.9983606415567323,
        0.9983606415567323,
        0.9983606415567323,
        0.9983606415567323,
        0.9983606415567323,
        0.9983606415567323,
        0.9983606415567323,
        0.9983606415567323,
        0.9983606415567323,
        0.9983606415567323,
        0.9983606415567323,
        0.9983606415567323,
        0.9983606415567323,
        0.9983606415567323,
        0.9983606415567323,
        0.9983606415567323,
        0.9983606415567323,
        0.9983606415567323,
        0.9983606415567323,
        0.9983606415567323,
        0.9983606415567323,
        0.9983606415567323,
        0.9983606415567323,
        0.9983606415567323,
        0.9983606415567323,
        0.9983606415567323,
        0.9983606415567323,
        0.9983606415567323,
        0.9983606415567323,
        0.9983606415567323,
        0.9983606415567323,
        0.9983606415567323,
        0.9983606415567323,
        0.9983606415567323,
        0.9983606415567323,
        0.9983606415567323,
        0.9983606415567323,
        0.9983606415567323,
        0.9983606415567323,
        0.9983606415567323,
        0.9983606415567323,
        0.9983606415567323,
        0.9983606415567323,
        0.9983606415567323,
        0.9983606415567323,
        0.9983606415567323,
        0.9983606415567323,
        0.9983606415567323,
        0.9983606415567323,
        0.9983606415567323,
        0.9983606415567323,
        0.9983606415567323,
        0.9983606415567323,
        0.9983606415567323,
        0.9983606415567323,
        0.9983606415567323,
        0.9983606415567323,
        0.9983606415567323,
        0.9983606415567323,
        0.9983606415567323,
        0.9983606415567323,
        0.9983606415567323,
        0.9983606415567323,
        0.9983606415567323,
        0.9983606415567323,
        0.9983606415567323,
        0.9983606415567323,
        0.9983606415567323,
        0.9983606415567323,
        0.9983606415567323,
        0.9983606415567323,
        0.9983606415567323,
        0.9983606415567323,
        0.9983606415567323,
        0.9983606415567323,
        0.9983606415567323,
        0.9983606415567323,
        0.9983606415567323,
        0.9983606415567323,
        0.9983606415567323,
        0.9983606415567323,
        0.9983606415567323,
        0.9983606415567323,
        0.9983606415567323,
        0.9983606415567323,
        0.9983606415567323,
        0.9983606415567323,
        0.9983606415567323,
        0.9983606415567323,
        0.9983606415567323,
        0.9983606415567323,
        0.9983606415567323,
        0.9983606415567323,
        0.9983606415567323,
        0.9983606415567323,
        0.9983606415567323,
        0.9983606415567323,
        0.9983606415567323,
        0.9983606415567323,
        0.9983606415567323,
        0.9983606415567323,
        0.9983606415567323,
        0.9983606415567323,
        0.9983606415567323,
        0.9983606415567323,
        0.9983606415567323,
        0.9983606415567323,
        0.9983606415567323,
        0.9983606415567323,
        0.9983606415567323,
        0.9983606415567323,
        0.9983606415567323,
        0.9983606415567323,
        0.9983606415567323
    ],