{
    "dimensions": [
        0,
        0,
        0,
        0,
        0,
        0,
        0,
        0,
        0,
        0,
        0,
        0,
        0,
        0,
        0,
        0,
        0,
        0,
        0,
        0,
        0,
        0,
        0,
        0,
        0,
        0,
        0,
        0,
        0,
        0,
        0,
        0,
        0,
        0,
        0,
        0,
        0,
        0,
        0,
        0,
        0,
        0,
        0,
        0,
        0,
        0,
        0,
        0,
        0,
        0,
        0,
        0,
        0,
        0,
        0,
        0,
        0,
        0,
        0,
        0,
        0,
        0,
        0,
        0,
        0,
        0,
        0,
        0,
        0,
        0,
        0,
        0,
        0,
        0,
        0,
        0,
        0,
        0,
        0,
        0,
        0,
        0,
        0,
        0,
        0,
        0,
        0,
        0,
        0,
        0,
        0,
        0,
        0,
        0,
        0,
        0,
        0,
        0,
        0,
        0,
        0,
        0,
        0,
        0,
        0,
        0,
        0,
        0,
        0,
        0,
        0,
        0,
        0,
        0,
        0,
        0,
        0,
        0,
        0,
        0,
        0,
        0,
        0,
        0,
        0,
        0,
        0,
        0,
        0,
        0,
        0,
        0,
        0,
        0,
        0,
        0,
        0,
        0,
        0,
        0,
        0,
        0,
        0,
        0,
        0,
        0,
        0,
        0,
        0,
        0,
        0,
        0,
        0,
        0,
        0,
        0,
        0,
        0,
        0,
        0,
        0,
        0,
        0,
        0,
        0,
        0,
        0,
        0
    ],
    "creation_values": [
        0.9987474411012162,
        0.9987474411012162,
        0.9987474411012162,
        0.9987474411012162,
        0.9987474411012162,
        0.9987474411012162,
        0.9987474411012162,
        0.9987474411012162,
        0.9987474411012162,
        0.9987474411012162,
        0.9987474411012162,
        0.9987474411012162,
        0.9987474411012162,
        0.9987474411012162,
        0.9987474411012162,
        0.9987474411012162,
        0.9987474411012162,
        0.9987474411012162,
        0.9987474411012162,
        0.9987474411012162,
        0.9987474411012162,
        0.9987474411012162,
        0.9987474411012162,
        0.9987474411012162,
        0.9987474411012162,
        0.9987474411012162,
        0.9987474411012162,
        0.9987474411012162,
        0.9987474411012162,
        0.9987474411012162,
        0.9987474411012162,
        0.9987474411012162,
        0.9987474411012162,
        0.9987474411012162,
        0.9987474411012162,
        0.9987474411012162,
        0.9987474411012162,
        0.9987474411012162,
        0.9987474411012162,
        0.9987474411012162,
        0.9987474411012162,
        0.9987474411012162,
        0.9987474411012162,
        0.9987474411012162,
        0.9987474411012162,
        0.9987474411012162,
        0.9987474411012162,
        0.9987474411012162,
        0.9987474411012162,
        0.9987474411012162,
        0.9987474411012162,
        0.9987474411012162,
        0.9987474411012162,
        0.9987474411012162,
        0.9987474411012162,
        0.9987474411012162,
        0.9987474411012162,
        0.9987474411012162,
        0.9987474411012162,
        0.9987474411012162,
        0.9987474411012162,
        0.9987474411012162,
        0.9987474411012162,
        0.9987474411012162,
        0.9987474411012162,
        0.9987474411012162,
        0.9987474411012162,
        0.9987474411012162,
        0.9987474411012162,
        0.9987474411012162,
        0.9987474411012162,
        0.9987474411012162,
        0.9987474411012162,
        0.9987474411012162,
        0.9987474411012162,
        0.9987474411012162,
        0.9987474411012162,
        0.9987474411012162,
        0.9987474411012162,
        0.9987474411012162,
        0.9987474411012162,
        0.9987474411012162,
        0.9987474411012162,
        0.9987474411012162,
        0.9987474411012162,
        0.9987474411012162,
        0.9987474411012162,
        0.9987474411012162,
        0.9987474411012162,
        0.9987474411012162,
        0.9987474411012162,
        0.9987474411012162,
        0.9987474411012162,
        0.9987474411012162,
        0.9987474411012162,
        0.9987474411012162,
        0.9987474411012162,
        0.9987474411012162,
        0.9987474411012162,
        0.9987474411012162,
        0.9987474411012162,
        0.9987474411012162,
        0.9987474411012162,
        0.9987474411012162,
        0.9987474411012162,
        0.9987474411012162,
        0.9987474411012162,
        0.9987474411012162,
        0.9987474411012162,
        0.9987474411012162,
        0.9987474411012162,
        0.9987474411012162,
        0.9987474411012162,
        0.9987474411012162,
        0.9987474411012162,
        0.9987474411012162,
        0.9987474411012162,
        0.9987474411012162,
        0.9987474411012162,
        0.9987474411012162,
        0.9987474411012162,
        0.9987474411012162,
        0.9987474411012162,
        0.9987474411012162,
        0.9987474411012162,
        0.9987474411012162,
        0.9987474411012162,
        0.9987474411012162,
        0.9987474411012162,
        0.9987474411012162,
        0.9987474411012162,
        0.9987474411012162,
        0.9987474411012162,
        0.9987474411012162,
        0.9987474411012162,
        0.9987474411012162,
        0.9987474411012162,
        0.9987474411012162,
        0.9987474411012162,
        0.9987474411012162,
        0.9987474411012162,
        0.9987474411012162,
        0.9987474411012162,
        0.9987474411012162,
        0.9987474411012162,
        0.9987474411012162,
        0.9987474411012162,
        0.9987474411012162,
        0.9987474411012162,
        0.9987474411012162,
        0.9987474411012162,
        0.9987474411012162,
        0.9987474411012162,
        0.9987474411012162,
        0.9987474411012162,
        0.9987474411012162,
        0.9987474411012162,
        0.9987474411012162,
        0.9987474411012162,
        0.9987474411012162,
        0.9987474411012162,
        0.9987474411012162,
        0.9987474411012162,
        0.9987474411012162,
        0.9987474411012162,
        0.9987474411012162,
        0.9987474411012162,
        0.9987474411012162
    ],