{
    "dimensions": [
        0,
        0,
        0,
        0,
        0,
        0,
        0,
        0,
        0,
        0,
        0,
        0,
        0,
        0,
        0,
        0,
        0,
        0,
        0,
        0,
        0,
        0,
        0,
        0,
        0,
        0,
        0,
        0,
        0,
        0,
        0,
        0,
        0,
        0,
        0,
        0,
        0,
        0,
        0,
        0,
        0,
        0,
        0,
        0,
        0,
        0,
        0,
        0,
        0,
        0,
        0,
        0,
        0,
        0,
        0,
        0,
        0,
        0,
        0,
        0,
        0,
        0,
        0,
        0,
        0,
        0,
        0,
        0,
        0,
        0,
        0,
        0,
        0,
        0,
        0,
        0,
        0,
        0,
        0,
        0,
        0,
        0,
        0,
        0,
        0,
        0,
        0,
        0,
        0,
        0,
        0,
        0,
        0,
        0,
        0,
        0,
        0,
        0,
        0,
        0,
        0,
        0,
        0,
        0,
        0,
        0,
        0,
        0,
        0,
        0,
        0,
        0,
        0,
        0,
        0,
        0,
        0,
        0,
        0,
        0,
        0,
        0,
        0,
        0,
        0,
        0,
        0,
        0,
        0,
        0,
        0,
        0,
        0,
        0,
        0,
        0,
        0,
        0,
        0,
        0,
        0,
        0,
        0,
        0,
        0,
        0,
        0,
        0,
        0,
        0,
        0,
        0,
        0,
        0,
        0,
        0,
        0,
        0,
        0,
        0,
        0,
        0,
        0,
        0,
        0,
        0,
        0,
        0
    ],
    "creation_values": [
        0.9116492008740811,
        0.9116492008740811,
        0.9116492008740811,
        0.9116492008740811,
        0.9116492008740811,
        0.9116492008740811,
        0.9116492008740811,
        0.9116492008740811,
        0.9116492008740811,
        0.9116492008740811,
        0.9116492008740811,
        0.9116492008740811,
        0.9116492008740811,
        0.9116492008740811,
        0.9116492008740811,
        0.9116492008740811,
        0.9116492008740811,
        0.9116492008740811,
        0.9116492008740811,
        0.9116492008740811,
        0.9116492008740811,
        0.9116492008740811,
        0.9116492008740811,
        0.9116492008740811,
        0.9116492008740811,
        0.9116492008740811,
        0.9116492008740811,
        0.9116492008740811,
        0.9116492008740811,
        0.9116492008740811,
        0.9116492008740811,
        0.9116492008740811,
        0.9116492008740811,
        0.9116492008740811,
        0.9116492008740811,
        0.9116492008740811,
        0.9116492008740811,
        0.9116492008740811,
        0.9116492008740811,
        0.9116492008740811,
        0.9116492008740811,
        0.9116492008740811,
        0.9116492008740811,
        0.9116492008740811,
        0.9116492008740811,
        0.9116492008740811,
        0.9116492008740811,
        0.9116492008740811,
        0.9116492008740811,
        0.9116492008740811,
        0.9116492008740811,
        0.9116492008740811,
        0.9116492008740811,
        0.9116492008740811,
        0.9116492008740811,
        0.9116492008740811,
        0.9116492008740811,
        0.9116492008740811,
        0.9116492008740811,
        0.9116492008740811,
        0.9116492008740811,
        0.9116492008740811,
        0.9116492008740811,
        0.9116492008740811,
        0.9116492008740811,
        0.9116492008740811,
        0.9116492008740811,
        0.9116492008740811,
        0.9116492008740811,
        0.9116492008740811,
        0.9116492008740811,
        0.9116492008740811,
        0.9116492008740811,
        0.9116492008740811,
        0.9116492008740811,
        0.9116492008740811,
        0.9116492008740811,
        0.9116492008740811,
        0.9116492008740811,
        0.9116492008740811,
        0.9116492008740811,
        0.9116492008740811,
        0.9116492008740811,
        0.9116492008740811,
        0.9116492008740811,
        0.9116492008740811,
        0.9116492008740811,
        0.9116492008740811,
        0.9116492008740811,
        0.9116492008740811,
        0.9116492008740811,
        0.9116492008740811,
        0.9116492008740811,
        0.9116492008740811,
        0.9116492008740811,
        0.9116492008740811,
        0.9116492008740811,
        0.9116492008740811,
        0.9116492008740811,
        0.9116492008740811,
        0.9116492008740811,
        0.9116492008740811,
        0.9116492008740811,
        0.9116492008740811,
        0.9116492008740811,
        0.9116492008740811,
        0.9116492008740811,
        0.9116492008740811,
        0.9116492008740811,
        0.9116492008740811,
        0.9116492008740811,
        0.9116492008740811,
        0.9116492008740811,
        0.9116492008740811,
        0.9116492008740811,
        0.9116492008740811,
        0.9116492008740811,
        0.9116492008740811,
        0.9116492008740811,
        0.9116492008740811,
        0.9116492008740811,
        0.9116492008740811,
        0.9116492008740811,
        0.9116492008740811,
        0.9116492008740811,
        0.9116492008740811,
        0.9116492008740811,
        0.9116492008740811,
        0.9116492008740811,
        0.9116492008740811,
        0.9116492008740811,
        0.9116492008740811,
        0.9116492008740811,
        0.9116492008740811,
        0.9116492008740811,
        0.9116492008740811,
        0.9116492008740811,
        0.9116492008740811,
        0.9116492008740811,
        0.9116492008740811,
        0.9116492008740811,
        0.9116492008740811,
        0.9116492008740811,
        0.9116492008740811,
        0.9116492008740811,
        0.9116492008740811,
        0.9116492008740811,
        0.9116492008740811,
        0.9116492008740811,
        0.9116492008740811,
        0.9116492008740811,
        0.9116492008740811,
        0.9116492008740811,
        0.9116492008740811,
        0.9116492008740811,
        0.9116492008740811,
        0.9116492008740811,
        0.9116492008740811,
        0.9116492008740811,
        0.9116492008740811,
        0.9116492008740811,
        0.9116492008740811,
        0.9116492008740811,
        0.9116492008740811,
        0.9116492008740811,
        0.9116492008740811,
        0.9116492008740811,
        0.9116492008740811
    ],