{
    "dimensions": [
        0,
        0,
        0,
        0,
        0,
        0,
        0,
        0,
        0,
        0,
        0,
        0,
        0,
        0,
        0,
        0,
        0,
        0,
        0,
        0,
        0,
        0,
        0,
        0,
        0,
        0,
        0,
        0,
        0,
        0,
        0,
        0,
        0,
        0,
        0,
        0,
        0,
        0,
        0,
        0,
        0,
        0,
        0,
        0,
        0,
        0,
        0,
        0,
        0,
        0,
        0,
        0,
        0,
        0,
        0,
        0,
        0,
        0,
        0,
        0,
        0,
        0,
        0,
        0,
        0,
        0,
        0,
        0,
        0,
        0,
        0,
        0,
        0,
        0,
        0,
        0,
        0,
        0,
        0,
        0,
        0,
        0,
        0,
        0,
        0,
        0,
        0,
        0,
        0,
        0,
        0,
        0,
        0,
        0,
        0,
        0,
        0,
        0,
        0,
        0,
        0,
        0,
        0,
        0,
        0,
        0,
        0,
        0,
        0,
        0,
        0,
        0,
        0,
        0,
        0,
        0,
        0,
        0,
        0,
        0,
        0,
        0,
        0,
        0,
        0,
        0,
        0,
        0,
        0,
        0,
        0,
        0,
        0,
        0,
        0,
        0,
        0,
        0,
        0,
        0,
        0,
        0,
        0,
        0,
        0,
        0,
        0,
        0,
        0,
        0,
        0,
        0,
        0,
        0,
        0,
        0,
        0,
        0,
        0,
        0,
        0,
        0,
        0,
        0,
        0,
        0,
        0,
        0
    ],
    "creation_values": [
        0.9409851003661599,
        0.9409851003661599,
        0.9409851003661599,
        0.9409851003661599,
        0.9409851003661599,
        0.9409851003661599,
        0.9409851003661599,
        0.9409851003661599,
        0.9409851003661599,
        0.9409851003661599,
        0.9409851003661599,
        0.9409851003661599,
        0.9409851003661599,
        0.9409851003661599,
        0.9409851003661599,
        0.9409851003661599,
        0.9409851003661599,
        0.9409851003661599,
        0.9409851003661599,
        0.9409851003661599,
        0.9409851003661599,
        0.9409851003661599,
        0.9409851003661599,
        0.9409851003661599,
        0.9409851003661599,
        0.9409851003661599,
        0.9409851003661599,
        0.9409851003661599,
        0.9409851003661599,
        0.9409851003661599,
        0.9409851003661599,
        0.9409851003661599,
        0.9409851003661599,
        0.9409851003661599,
        0.9409851003661599,
        0.9409851003661599,
        0.9409851003661599,
        0.9409851003661599,
        0.9409851003661599,
        0.9409851003661599,
        0.9409851003661599,
        0.9409851003661599,
        0.9409851003661599,
        0.9409851003661599,
        0.9409851003661599,
        0.9409851003661599,
        0.9409851003661599,
        0.9409851003661599,
        0.9409851003661599,
        0.9409851003661599,
        0.9409851003661599,
        0.9409851003661599,
        0.9409851003661599,
        0.9409851003661599,
        0.9409851003661599,
        0.9409851003661599,
        0.9409851003661599,
        0.9409851003661599,
        0.9409851003661599,
        0.9409851003661599,
        0.9409851003661599,
        0.9409851003661599,
        0.9409851003661599,
        0.9409851003661599,
        0.9409851003661599,
        0.9409851003661599,
        0.9409851003661599,
        0.9409851003661599,
        0.9409851003661599,
        0.9409851003661599,
        0.9409851003661599,
        0.9409851003661599,
        0.9409851003661599,
        0.9409851003661599,
        0.9409851003661599,
        0.9409851003661599,
        0.9409851003661599,
        0.9409851003661599,
        0.9409851003661599,
        0.9409851003661599,
        0.9409851003661599,
        0.9409851003661599,
        0.9409851003661599,
        0.9409851003661599,
        0.9409851003661599,
        0.9409851003661599,
        0.9409851003661599,
        0.9409851003661599,
        0.9409851003661599,
        0.9409851003661599,
        0.9409851003661599,
        0.9409851003661599,
        0.9409851003661599,
        0.9409851003661599,
        0.9409851003661599,
        0.9409851003661599,
        0.9409851003661599,
        0.9409851003661599,
        0.9409851003661599,
        0.9409851003661599,
        0.9409851003661599,
        0.9409851003661599,
        0.9409851003661599,
        0.9409851003661599,
        0.9409851003661599,
        0.9409851003661599,
        0.9409851003661599,
        0.9409851003661599,
        0.9409851003661599,
        0.9409851003661599,
        0.9409851003661599,
        0.9409851003661599,
        0.9409851003661599,
        0.9409851003661599,
        0.9409851003661599,
        0.9409851003661599,
        0.9409851003661599,
        0.9409851003661599,
        0.9409851003661599,
        0.9409851003661599,
        0.9409851003661599,
        0.9409851003661599,
        0.9409851003661599,
        0.9409851003661599,
        0.9409851003661599,
        0.9409851003661599,
        0.9409851003661599,
        0.9409851003661599,
        0.9409851003661599,
        0.9409851003661599,
        0.9409851003661599,
        0.9409851003661599,
        0.9409851003661599,
        0.9409851003661599,
        0.9409851003661599,
        0.9409851003661599,
        0.9409851003661599,
        0.9409851003661599,
        0.9409851003661599,
        0.9409851003661599,
        0.9409851003661599,
        0.9409851003661599,
        0.9409851003661599,
        0.9409851003661599,
        0.9409851003661599,
        0.9409851003661599,
        0.9409851003661599,
        0.9409851003661599,
        0.9409851003661599,
        0.9409851003661599,
        0.9409851003661599,
        0.9409851003661599,
        0.9409851003661599,
        0.9409851003661599,
        0.9409851003661599,
        0.9409851003661599,
        0.9409851003661599,
        0.9409851003661599,
        0.9409851003661599,
        0.9409851003661599,
        0.9409851003661599,
        0.9409851003661599,
        0.9409851003661599,
        0.9409851003661599,
        0.9409851003661599,
        0.9409851003661599,
        0.9409851003661599,
        0.9409851003661599
    ],