{
    "dimensions": [
        0,
        0,
        0,
        0,
        0,
        0,
        0,
        0,
        0,
        0,
        0,
        0,
        0,
        0,
        0,
        0,
        0,
        0,
        0,
        0,
        0,
        0,
        0,
        0,
        0,
        0,
        0,
        0,
        0,
        0,
        0,
        0,
        0,
        0,
        0,
        0,
        0,
        0,
        0,
        0,
        0,
        0,
        0,
        0,
        0,
        0,
        0,
        0,
        0,
        0,
        0,
        0,
        0,
        0,
        0,
        0,
        0,
        0,
        0,
        0,
        0,
        0,
        0,
        0,
        0,
        0,
        0,
        0,
        0,
        0,
        0,
        0,
        0,
        0,
        0,
        0,
        0,
        0,
        0,
        0,
        0,
        0,
        0,
        0,
        0,
        0,
        0,
        0,
        0,
        0,
        0,
        0,
        0,
        0,
        0,
        0,
        0,
        0,
        0,
        0,
        0,
        0,
        0,
        0,
        0,
        0,
        0,
        0,
        0,
        0,
        0,
        0,
        0,
        0,
        0,
        0,
        0,
        0,
        0,
        0,
        0,
        0,
        0,
        0,
        0,
        0,
        0,
        0,
        0,
        0,
        0,
        0,
        0,
        0,
        0,
        0,
        0,
        0,
        0,
        0,
        0,
        0,
        0,
        0,
        0,
        0,
        0,
        0,
        0,
        0,
        0,
        0,
        0,
        0,
        0,
        0,
        0,
        0,
        0,
        0,
        0,
        0,
        0,
        0,
        0,
        0,
        0,
        0
    ],
    "creation_values": [
        0.9433072760295901,
        0.9433072760295901,
        0.9433072760295901,
        0.9433072760295901,
        0.9433072760295901,
        0.9433072760295901,
        0.9433072760295901,
        0.9433072760295901,
        0.9433072760295901,
        0.9433072760295901,
        0.9433072760295901,
        0.9433072760295901,
        0.9433072760295901,
        0.9433072760295901,
        0.9433072760295901,
        0.9433072760295901,
        0.9433072760295901,
        0.9433072760295901,
        0.9433072760295901,
        0.9433072760295901,
        0.9433072760295901,
        0.9433072760295901,
        0.9433072760295901,
        0.9433072760295901,
        0.9433072760295901,
        0.9433072760295901,
        0.9433072760295901,
        0.9433072760295901,
        0.9433072760295901,
        0.9433072760295901,
        0.9433072760295901,
        0.9433072760295901,
        0.9433072760295901,
        0.9433072760295901,
        0.9433072760295901,
        0.9433072760295901,
        0.9433072760295901,
        0.9433072760295901,
        0.9433072760295901,
        0.9433072760295901,
        0.9433072760295901,
        0.9433072760295901,
        0.9433072760295901,
        0.9433072760295901,
        0.9433072760295901,
        0.9433072760295901,
        0.9433072760295901,
        0.9433072760295901,
        0.9433072760295901,
        0.9433072760295901,
        0.9433072760295901,
        0.9433072760295901,
        0.9433072760295901,
        0.9433072760295901,
        0.9433072760295901,
        0.9433072760295901,
        0.9433072760295901,
        0.9433072760295901,
        0.9433072760295901,
        0.9433072760295901,
        0.9433072760295901,
        0.9433072760295901,
        0.9433072760295901,
        0.9433072760295901,
        0.9433072760295901,
        0.9433072760295901,
        0.9433072760295901,
        0.9433072760295901,
        0.9433072760295901,
        0.9433072760295901,
        0.9433072760295901,
        0.9433072760295901,
        0.9433072760295901,
        0.9433072760295901,
        0.9433072760295901,
        0.9433072760295901,
        0.9433072760295901,
        0.9433072760295901,
        0.9433072760295901,
        0.9433072760295901,
        0.9433072760295901,
        0.9433072760295901,
        0.9433072760295901,
        0.9433072760295901,
        0.9433072760295901,
        0.9433072760295901,
        0.9433072760295901,
        0.9433072760295901,
        0.9433072760295901,
        0.9433072760295901,
        0.9433072760295901,
        0.9433072760295901,
        0.9433072760295901,
        0.9433072760295901,
        0.9433072760295901,
        0.9433072760295901,
        0.9433072760295901,
        0.9433072760295901,
        0.9433072760295901,
        0.9433072760295901,
        0.9433072760295901,
        0.9433072760295901,
        0.9433072760295901,
        0.9433072760295901,
        0.9433072760295901,
        0.9433072760295901,
        0.9433072760295901,
        0.9433072760295901,
        0.9433072760295901,
        0.9433072760295901,
        0.9433072760295901,
        0.9433072760295901,
        0.9433072760295901,
        0.9433072760295901,
        0.9433072760295901,
        0.9433072760295901,
        0.9433072760295901,
        0.9433072760295901,
        0.9433072760295901,
        0.9433072760295901,
        0.9433072760295901,
        0.9433072760295901,
        0.9433072760295901,
        0.9433072760295901,
        0.9433072760295901,
        0.9433072760295901,
        0.9433072760295901,
        0.9433072760295901,
        0.9433072760295901,
        0.9433072760295901,
        0.9433072760295901,
        0.9433072760295901,
        0.9433072760295901,
        0.9433072760295901,
        0.9433072760295901,
        0.9433072760295901,
        0.9433072760295901,
        0.9433072760295901,
        0.9433072760295901,
        0.9433072760295901,
        0.9433072760295901,
        0.9433072760295901,
        0.9433072760295901,
        0.9433072760295901,
        0.9433072760295901,
        0.9433072760295901,
        0.9433072760295901,
        0.9433072760295901,
        0.9433072760295901,
        0.9433072760295901,
        0.9433072760295901,
        0.9433072760295901,
        0.9433072760295901,
        0.9433072760295901,
        0.9433072760295901,
        0.9433072760295901,
        0.9433072760295901,
        0.9433072760295901,
        0.9433072760295901,
        0.9433072760295901,
        0.9433072760295901,
        0.9433072760295901,
        0.9433072760295901,
        0.9433072760295901,
        0.9433072760295901,
        0.9433072760295901,
        0.9433072760295901,
        0.9433072760295901
    ],