{
    "dimensions": [
        0,
        0,
        0,
        0,
        0,
        0,
        0,
        0,
        0,
        0,
        0,
        0,
        0,
        0,
        0,
        0,
        0,
        0,
        0,
        0,
        0,
        0,
        0,
        0,
        0,
        0,
        0,
        0,
        0,
        0,
        0,
        0,
        0,
        0,
        0,
        0,
        0,
        0,
        0,
        0,
        0,
        0,
        0,
        0,
        0,
        0,
        0,
        0,
        0,
        0,
        0,
        0,
        0,
        0,
        0,
        0,
        0,
        0,
        0,
        0,
        0,
        0,
        0,
        0,
        0,
        0,
        0,
        0,
        0,
        0,
        0,
        0,
        0,
        0,
        0,
        0,
        0,
        0,
        0,
        0,
        0,
        0,
        0,
        0,
        0,
        0,
        0,
        0,
        0,
        0,
        0,
        0,
        0,
        0,
        0,
        0,
        0,
        0,
        0,
        0,
        0,
        0,
        0,
        0,
        0,
        0,
        0,
        0,
        0,
        0,
        0,
        0,
        0,
        0,
        0,
        0,
        0,
        0,
        0,
        0,
        0,
        0,
        0,
        0,
        0,
        0,
        0,
        0,
        0,
        0,
        0,
        0,
        0,
        0,
        0,
        0,
        0,
        0,
        0,
        0,
        0,
        0,
        0,
        0,
        0,
        0,
        0,
        0,
        0,
        0,
        0,
        0,
        0,
        0,
        0,
        0,
        0,
        0,
        0,
        0,
        0,
        0,
        0,
        0,
        0,
        0,
        0,
        0
    ],
    "creation_values": [
        0.9390981185247339,
        0.9390981185247339,
        0.9390981185247339,
        0.9390981185247339,
        0.9390981185247339,
        0.9390981185247339,
        0.9390981185247339,
        0.9390981185247339,
        0.9390981185247339,
        0.9390981185247339,
        0.9390981185247339,
        0.9390981185247339,
        0.9390981185247339,
        0.9390981185247339,
        0.9390981185247339,
        0.9390981185247339,
        0.9390981185247339,
        0.9390981185247339,
        0.9390981185247339,
        0.9390981185247339,
        0.9390981185247339,
        0.9390981185247339,
        0.9390981185247339,
        0.9390981185247339,
        0.9390981185247339,
        0.9390981185247339,
        0.9390981185247339,
        0.9390981185247339,
        0.9390981185247339,
        0.9390981185247339,
        0.9390981185247339,
        0.9390981185247339,
        0.9390981185247339,
        0.9390981185247339,
        0.9390981185247339,
        0.9390981185247339,
        0.9390981185247339,
        0.9390981185247339,
        0.9390981185247339,
        0.9390981185247339,
        0.9390981185247339,
        0.9390981185247339,
        0.9390981185247339,
        0.9390981185247339,
        0.9390981185247339,
        0.9390981185247339,
        0.9390981185247339,
        0.9390981185247339,
        0.9390981185247339,
        0.9390981185247339,
        0.9390981185247339,
        0.9390981185247339,
        0.9390981185247339,
        0.9390981185247339,
        0.9390981185247339,
        0.9390981185247339,
        0.9390981185247339,
        0.9390981185247339,
        0.9390981185247339,
        0.9390981185247339,
        0.9390981185247339,
        0.9390981185247339,
        0.9390981185247339,
        0.9390981185247339,
        0.9390981185247339,
        0.9390981185247339,
        0.9390981185247339,
        0.9390981185247339,
        0.9390981185247339,
        0.9390981185247339,
        0.9390981185247339,
        0.9390981185247339,
        0.9390981185247339,
        0.9390981185247339,
        0.9390981185247339,
        0.9390981185247339,
        0.9390981185247339,
        0.9390981185247339,
        0.9390981185247339,
        0.9390981185247339,
        0.9390981185247339,
        0.9390981185247339,
        0.9390981185247339,
        0.9390981185247339,
        0.9390981185247339,
        0.9390981185247339,
        0.9390981185247339,
        0.9390981185247339,
        0.9390981185247339,
        0.9390981185247339,
        0.9390981185247339,
        0.9390981185247339,
        0.9390981185247339,
        0.9390981185247339,
        0.9390981185247339,
        0.9390981185247339,
        0.9390981185247339,
        0.9390981185247339,
        0.9390981185247339,
        0.9390981185247339,
        0.9390981185247339,
        0.9390981185247339,
        0.9390981185247339,
        0.9390981185247339,
        0.9390981185247339,
        0.9390981185247339,
        0.9390981185247339,
        0.9390981185247339,
        0.9390981185247339,
        0.9390981185247339,
        0.9390981185247339,
        0.9390981185247339,
        0.9390981185247339,
        0.9390981185247339,
        0.9390981185247339,
        0.9390981185247339,
        0.9390981185247339,
        0.9390981185247339,
        0.9390981185247339,
        0.9390981185247339,
        0.9390981185247339,
        0.9390981185247339,
        0.9390981185247339,
        0.9390981185247339,
        0.9390981185247339,
        0.9390981185247339,
        0.9390981185247339,
        0.9390981185247339,
        0.9390981185247339,
        0.9390981185247339,
        0.9390981185247339,
        0.9390981185247339,
        0.9390981185247339,
        0.9390981185247339,
        0.9390981185247339,
        0.9390981185247339,
        0.9390981185247339,
        0.9390981185247339,
        0.9390981185247339,
        0.9390981185247339,
        0.9390981185247339,
        0.9390981185247339,
        0.9390981185247339,
        0.9390981185247339,
        0.9390981185247339,
        0.9390981185247339,
        0.9390981185247339,
        0.9390981185247339,
        0.9390981185247339,
        0.9390981185247339,
        0.9390981185247339,
        0.9390981185247339,
        0.9390981185247339,
        0.9390981185247339,
        0.9390981185247339,
        0.9390981185247339,
        0.9390981185247339,
        0.9390981185247339,
        0.9390981185247339,
        0.9390981185247339,
        0.9390981185247339,
        0.9390981185247339,
        0.9390981185247339,
        0.9390981185247339,
        0.9390981185247339,
        0.9390981185247339,
        0.9390981185247339,
        0.9390981185247339
    ],