{
    "dimensions": [
        0,
        0,
        0,
        0,
        0,
        0,
        0,
        0,
        0,
        0,
        0,
        0,
        0,
        0,
        0,
        0,
        0,
        0,
        0,
        0,
        0,
        0,
        0,
        0,
        0,
        0,
        0,
        0,
        0,
        0,
        0,
        0,
        0,
        0,
        0,
        0,
        0,
        0,
        0,
        0,
        0,
        0,
        0,
        0,
        0,
        0,
        0,
        0,
        0,
        0,
        0,
        0,
        0,
        0,
        0,
        0,
        0,
        0,
        0,
        0,
        0,
        0,
        0,
        0,
        0,
        0,
        0,
        0,
        0,
        0,
        0,
        0,
        0,
        0,
        0,
        0,
        0,
        0,
        0,
        0,
        0,
        0,
        0,
        0,
        0,
        0,
        0,
        0,
        0,
        0,
        0,
        0,
        0,
        0,
        0,
        0,
        0,
        0,
        0,
        0,
        0,
        0,
        0,
        0,
        0,
        0,
        0,
        0,
        0,
        0,
        0,
        0,
        0,
        0,
        0,
        0,
        0,
        0,
        0,
        0,
        0,
        0,
        0,
        0,
        0,
        0,
        0,
        0,
        0,
        0,
        0,
        0,
        0,
        0,
        0,
        0,
        0,
        0,
        0,
        0,
        0,
        0,
        0,
        0,
        0,
        0,
        0,
        0,
        0,
        0,
        0,
        0,
        0,
        0,
        0,
        0,
        0,
        0,
        0,
        0,
        0,
        0,
        0,
        0,
        0,
        0,
        0,
        0
    ],
    "creation_values": [
        0.9029696536630499,
        0.9029696536630499,
        0.9029696536630499,
        0.9029696536630499,
        0.9029696536630499,
        0.9029696536630499,
        0.9029696536630499,
        0.9029696536630499,
        0.9029696536630499,
        0.9029696536630499,
        0.9029696536630499,
        0.9029696536630499,
        0.9029696536630499,
        0.9029696536630499,
        0.9029696536630499,
        0.9029696536630499,
        0.9029696536630499,
        0.9029696536630499,
        0.9029696536630499,
        0.9029696536630499,
        0.9029696536630499,
        0.9029696536630499,
        0.9029696536630499,
        0.9029696536630499,
        0.9029696536630499,
        0.9029696536630499,
        0.9029696536630499,
        0.9029696536630499,
        0.9029696536630499,
        0.9029696536630499,
        0.9029696536630499,
        0.9029696536630499,
        0.9029696536630499,
        0.9029696536630499,
        0.9029696536630499,
        0.9029696536630499,
        0.9029696536630499,
        0.9029696536630499,
        0.9029696536630499,
        0.9029696536630499,
        0.9029696536630499,
        0.9029696536630499,
        0.9029696536630499,
        0.9029696536630499,
        0.9029696536630499,
        0.9029696536630499,
        0.9029696536630499,
        0.9029696536630499,
        0.9029696536630499,
        0.9029696536630499,
        0.9029696536630499,
        0.9029696536630499,
        0.9029696536630499,
        0.9029696536630499,
        0.9029696536630499,
        0.9029696536630499,
        0.9029696536630499,
        0.9029696536630499,
        0.9029696536630499,
        0.9029696536630499,
        0.9029696536630499,
        0.9029696536630499,
        0.9029696536630499,
        0.9029696536630499,
        0.9029696536630499,
        0.9029696536630499,
        0.9029696536630499,
        0.9029696536630499,
        0.9029696536630499,
        0.9029696536630499,
        0.9029696536630499,
        0.9029696536630499,
        0.9029696536630499,
        0.9029696536630499,
        0.9029696536630499,
        0.9029696536630499,
        0.9029696536630499,
        0.9029696536630499,
        0.9029696536630499,
        0.9029696536630499,
        0.9029696536630499,
        0.9029696536630499,
        0.9029696536630499,
        0.9029696536630499,
        0.9029696536630499,
        0.9029696536630499,
        0.9029696536630499,
        0.9029696536630499,
        0.9029696536630499,
        0.9029696536630499,
        0.9029696536630499,
        0.9029696536630499,
        0.9029696536630499,
        0.9029696536630499,
        0.9029696536630499,
        0.9029696536630499,
        0.9029696536630499,
        0.9029696536630499,
        0.9029696536630499,
        0.9029696536630499,
        0.9029696536630499,
        0.9029696536630499,
        0.9029696536630499,
        0.9029696536630499,
        0.9029696536630499,
        0.9029696536630499,
        0.9029696536630499,
        0.9029696536630499,
        0.9029696536630499,
        0.9029696536630499,
        0.9029696536630499,
        0.9029696536630499,
        0.9029696536630499,
        0.9029696536630499,
        0.9029696536630499,
        0.9029696536630499,
        0.9029696536630499,
        0.9029696536630499,
        0.9029696536630499,
        0.9029696536630499,
        0.9029696536630499,
        0.9029696536630499,
        0.9029696536630499,
        0.9029696536630499,
        0.9029696536630499,
        0.9029696536630499,
        0.9029696536630499,
        0.9029696536630499,
        0.9029696536630499,
        0.9029696536630499,
        0.9029696536630499,
        0.9029696536630499,
        0.9029696536630499,
        0.9029696536630499,
        0.9029696536630499,
        0.9029696536630499,
        0.9029696536630499,
        0.9029696536630499,
        0.9029696536630499,
        0.9029696536630499,
        0.9029696536630499,
        0.9029696536630499,
        0.9029696536630499,
        0.9029696536630499,
        0.9029696536630499,
        0.9029696536630499,
        0.9029696536630499,
        0.9029696536630499,
        0.9029696536630499,
        0.9029696536630499,
        0.9029696536630499,
        0.9029696536630499,
        0.9029696536630499,
        0.9029696536630499,
        0.9029696536630499,
        0.9029696536630499,
        0.9029696536630499,
        0.9029696536630499,
        0.9029696536630499,
        0.9029696536630499,
        0.9029696536630499,
        0.9029696536630499,
        0.9029696536630499,
        0.9029696536630499,
        0.9029696536630499,
        0.9029696536630499,
        0.9029696536630499,
        0.9029696536630499
    ],