{
    "dimensions": [
        0,
        0,
        0,
        0,
        0,
        0,
        0,
        0,
        0,
        0,
        0,
        0,
        0,
        0,
        0,
        0,
        0,
        0,
        0,
        0,
        0,
        0,
        0,
        0,
        0,
        0,
        0,
        0,
        0,
        0,
        0,
        0,
        0,
        0,
        0,
        0,
        0,
        0,
        0,
        0,
        0,
        0,
        0,
        0,
        0,
        0,
        0,
        0,
        0,
        0,
        0,
        0,
        0,
        0,
        0,
        0,
        0,
        0,
        0,
        0,
        0,
        0,
        0,
        0,
        0,
        0,
        0,
        0,
        0,
        0,
        0,
        0,
        0,
        0,
        0,
        0,
        0,
        0,
        0,
        0,
        0,
        0,
        0,
        0,
        0,
        0,
        0,
        0,
        0,
        0,
        0,
        0,
        0,
        0,
        0,
        0,
        0,
        0,
        0,
        0,
        0,
        0,
        0,
        0,
        0,
        0,
        0,
        0,
        0,
        0,
        0,
        0,
        0,
        0,
        0,
        0,
        0,
        0,
        0,
        0,
        0,
        0,
        0,
        0,
        0,
        0,
        0,
        0,
        0,
        0,
        0,
        0,
        0,
        0,
        0,
        0,
        0,
        0,
        0,
        0,
        0,
        0,
        0,
        0,
        0,
        0,
        0,
        0,
        0,
        0,
        0,
        0,
        0,
        0,
        0,
        0,
        0,
        0,
        0,
        0,
        0,
        0,
        0,
        0,
        0,
        0,
        0,
        0
    ],
    "creation_values": [
        0.9725885981108391,
        0.9725885981108391,
        0.9725885981108391,
        0.9725885981108391,
        0.9725885981108391,
        0.9725885981108391,
        0.9725885981108391,
        0.9725885981108391,
        0.9725885981108391,
        0.9725885981108391,
        0.9725885981108391,
        0.9725885981108391,
        0.9725885981108391,
        0.9725885981108391,
        0.9725885981108391,
        0.9725885981108391,
        0.9725885981108391,
        0.9725885981108391,
        0.9725885981108391,
        0.9725885981108391,
        0.9725885981108391,
        0.9725885981108391,
        0.9725885981108391,
        0.9725885981108391,
        0.9725885981108391,
        0.9725885981108391,
        0.9725885981108391,
        0.9725885981108391,
        0.9725885981108391,
        0.9725885981108391,
        0.9725885981108391,
        0.9725885981108391,
        0.9725885981108391,
        0.9725885981108391,
        0.9725885981108391,
        0.9725885981108391,
        0.9725885981108391,
        0.9725885981108391,
        0.9725885981108391,
        0.9725885981108391,
        0.9725885981108391,
        0.9725885981108391,
        0.9725885981108391,
        0.9725885981108391,
        0.9725885981108391,
        0.9725885981108391,
        0.9725885981108391,
        0.9725885981108391,
        0.9725885981108391,
        0.9725885981108391,
        0.9725885981108391,
        0.9725885981108391,
        0.9725885981108391,
        0.9725885981108391,
        0.9725885981108391,
        0.9725885981108391,
        0.9725885981108391,
        0.9725885981108391,
        0.9725885981108391,
        0.9725885981108391,
        0.9725885981108391,
        0.9725885981108391,
        0.9725885981108391,
        0.9725885981108391,
        0.9725885981108391,
        0.9725885981108391,
        0.9725885981108391,
        0.9725885981108391,
        0.9725885981108391,
        0.9725885981108391,
        0.9725885981108391,
        0.9725885981108391,
        0.9725885981108391,
        0.9725885981108391,
        0.9725885981108391,
        0.9725885981108391,
        0.9725885981108391,
        0.9725885981108391,
        0.9725885981108391,
        0.9725885981108391,
        0.9725885981108391,
        0.9725885981108391,
        0.9725885981108391,
        0.9725885981108391,
        0.9725885981108391,
        0.9725885981108391,
        0.9725885981108391,
        0.9725885981108391,
        0.9725885981108391,
        0.9725885981108391,
        0.9725885981108391,
        0.9725885981108391,
        0.9725885981108391,
        0.9725885981108391,
        0.9725885981108391,
        0.9725885981108391,
        0.9725885981108391,
        0.9725885981108391,
        0.9725885981108391,
        0.9725885981108391,
        0.9725885981108391,
        0.9725885981108391,
        0.9725885981108391,
        0.9725885981108391,
        0.9725885981108391,
        0.9725885981108391,
        0.9725885981108391,
        0.9725885981108391,
        0.9725885981108391,
        0.9725885981108391,
        0.9725885981108391,
        0.9725885981108391,
        0.9725885981108391,
        0.9725885981108391,
        0.9725885981108391,
        0.9725885981108391,
        0.9725885981108391,
        0.9725885981108391,
        0.9725885981108391,
        0.9725885981108391,
        0.9725885981108391,
        0.9725885981108391,
        0.9725885981108391,
        0.9725885981108391,
        0.9725885981108391,
        0.9725885981108391,
        0.9725885981108391,
        0.9725885981108391,
        0.9725885981108391,
        0.9725885981108391,
        0.9725885981108391,
        0.9725885981108391,
        0.9725885981108391,
        0.9725885981108391,
        0.9725885981108391,
        0.9725885981108391,
        0.9725885981108391,
        0.9725885981108391,
        0.9725885981108391,
        0.9725885981108391,
        0.9725885981108391,
        0.9725885981108391,
        0.9725885981108391,
        0.9725885981108391,
        0.9725885981108391,
        0.9725885981108391,
        0.9725885981108391,
        0.9725885981108391,
        0.9725885981108391,
        0.9725885981108391,
        0.9725885981108391,
        0.9725885981108391,
        0.9725885981108391,
        0.9725885981108391,
        0.9725885981108391,
        0.9725885981108391,
        0.9725885981108391,
        0.9725885981108391,
        0.9725885981108391,
        0.9725885981108391,
        0.9725885981108391,
        0.9725885981108391,
        0.9725885981108391,
        0.9725885981108391,
        0.9725885981108391,
        0.9725885981108391,
        0.9725885981108391,
        0.9725885981108391
    ],