{
    "dimensions": [
        0,
        0,
        0,
        0,
        0,
        0,
        0,
        0,
        0,
        0,
        0,
        0,
        0,
        0,
        0,
        0,
        0,
        0,
        0,
        0,
        0,
        0,
        0,
        0,
        0,
        0,
        0,
        0,
        0,
        0,
        0,
        0,
        0,
        0,
        0,
        0,
        0,
        0,
        0,
        0,
        0,
        0,
        0,
        0,
        0,
        0,
        0,
        0,
        0,
        0,
        0,
        0,
        0,
        0,
        0,
        0,
        0,
        0,
        0,
        0,
        0,
        0,
        0,
        0,
        0,
        0,
        0,
        0,
        0,
        0,
        0,
        0,
        0,
        0,
        0,
        0,
        0,
        0,
        0,
        0,
        0,
        0,
        0,
        0,
        0,
        0,
        0,
        0,
        0,
        0,
        0,
        0,
        0,
        0,
        0,
        0,
        0,
        0,
        0,
        0,
        0,
        0,
        0,
        0,
        0,
        0,
        0,
        0,
        0,
        0,
        0,
        0,
        0,
        0,
        0,
        0,
        0,
        0,
        0,
        0,
        0,
        0,
        0,
        0,
        0,
        0,
        0,
        0,
        0,
        0,
        0,
        0,
        0,
        0,
        0,
        0,
        0,
        0,
        0,
        0,
        0,
        0,
        0,
        0,
        0,
        0,
        0,
        0,
        0,
        0,
        0,
        0,
        0,
        0,
        0,
        0,
        0,
        0,
        0,
        0,
        0,
        0,
        0,
        0,
        0,
        0,
        0,
        0
    ],
    "creation_values": [
        0.9929225009679371,
        0.9929225009679371,
        0.9929225009679371,
        0.9929225009679371,
        0.9929225009679371,
        0.9929225009679371,
        0.9929225009679371,
        0.9929225009679371,
        0.9929225009679371,
        0.9929225009679371,
        0.9929225009679371,
        0.9929225009679371,
        0.9929225009679371,
        0.9929225009679371,
        0.9929225009679371,
        0.9929225009679371,
        0.9929225009679371,
        0.9929225009679371,
        0.9929225009679371,
        0.9929225009679371,
        0.9929225009679371,
        0.9929225009679371,
        0.9929225009679371,
        0.9929225009679371,
        0.9929225009679371,
        0.9929225009679371,
        0.9929225009679371,
        0.9929225009679371,
        0.9929225009679371,
        0.9929225009679371,
        0.9929225009679371,
        0.9929225009679371,
        0.9929225009679371,
        0.9929225009679371,
        0.9929225009679371,
        0.9929225009679371,
        0.9929225009679371,
        0.9929225009679371,
        0.9929225009679371,
        0.9929225009679371,
        0.9929225009679371,
        0.9929225009679371,
        0.9929225009679371,
        0.9929225009679371,
        0.9929225009679371,
        0.9929225009679371,
        0.9929225009679371,
        0.9929225009679371,
        0.9929225009679371,
        0.9929225009679371,
        0.9929225009679371,
        0.9929225009679371,
        0.9929225009679371,
        0.9929225009679371,
        0.9929225009679371,
        0.9929225009679371,
        0.9929225009679371,
        0.9929225009679371,
        0.9929225009679371,
        0.9929225009679371,
        0.9929225009679371,
        0.9929225009679371,
        0.9929225009679371,
        0.9929225009679371,
        0.9929225009679371,
        0.9929225009679371,
        0.9929225009679371,
        0.9929225009679371,
        0.9929225009679371,
        0.9929225009679371,
        0.9929225009679371,
        0.9929225009679371,
        0.9929225009679371,
        0.9929225009679371,
        0.9929225009679371,
        0.9929225009679371,
        0.9929225009679371,
        0.9929225009679371,
        0.9929225009679371,
        0.9929225009679371,
        0.9929225009679371,
        0.9929225009679371,
        0.9929225009679371,
        0.9929225009679371,
        0.9929225009679371,
        0.9929225009679371,
        0.9929225009679371,
        0.9929225009679371,
        0.9929225009679371,
        0.9929225009679371,
        0.9929225009679371,
        0.9929225009679371,
        0.9929225009679371,
        0.9929225009679371,
        0.9929225009679371,
        0.9929225009679371,
        0.9929225009679371,
        0.9929225009679371,
        0.9929225009679371,
        0.9929225009679371,
        0.9929225009679371,
        0.9929225009679371,
        0.9929225009679371,
        0.9929225009679371,
        0.9929225009679371,
        0.9929225009679371,
        0.9929225009679371,
        0.9929225009679371,
        0.9929225009679371,
        0.9929225009679371,
        0.9929225009679371,
        0.9929225009679371,
        0.9929225009679371,
        0.9929225009679371,
        0.9929225009679371,
        0.9929225009679371,
        0.9929225009679371,
        0.9929225009679371,
        0.9929225009679371,
        0.9929225009679371,
        0.9929225009679371,
        0.9929225009679371,
        0.9929225009679371,
        0.9929225009679371,
        0.9929225009679371,
        0.9929225009679371,
        0.9929225009679371,
        0.9929225009679371,
        0.9929225009679371,
        0.9929225009679371,
        0.9929225009679371,
        0.9929225009679371,
        0.9929225009679371,
        0.9929225009679371,
        0.9929225009679371,
        0.9929225009679371,
        0.9929225009679371,
        0.9929225009679371,
        0.9929225009679371,
        0.9929225009679371,
        0.9929225009679371,
        0.9929225009679371,
        0.9929225009679371,
        0.9929225009679371,
        0.9929225009679371,
        0.9929225009679371,
        0.9929225009679371,
        0.9929225009679371,
        0.9929225009679371,
        0.9929225009679371,
        0.9929225009679371,
        0.9929225009679371,
        0.9929225009679371,
        0.9929225009679371,
        0.9929225009679371,
        0.9929225009679371,
        0.9929225009679371,
        0.9929225009679371,
        0.9929225009679371,
        0.9929225009679371,
        0.9929225009679371,
        0.9929225009679371,
        0.9929225009679371,
        0.9929225009679371,
        0.9929225009679371,
        0.9929225009679371,
        0.9929225009679371,
        0.9929225009679371
    ],