{
    "dimensions": [
        0,
        0,
        0,
        0,
        0,
        0,
        0,
        0,
        0,
        0,
        0,
        0,
        0,
        0,
        0,
        0,
        0,
        0,
        0,
        0,
        0,
        0,
        0,
        0,
        0,
        0,
        0,
        0,
        0,
        0,
        0,
        0,
        0,
        0,
        0,
        0,
        0,
        0,
        0,
        0,
        0,
        0,
        0,
        0,
        0,
        0,
        0,
        0,
        0,
        0,
        0,
        0,
        0,
        0,
        0,
        0,
        0,
        0,
        0,
        0,
        0,
        0,
        0,
        0,
        0,
        0,
        0,
        0,
        0,
        0,
        0,
        0,
        0,
        0,
        0,
        0,
        0,
        0,
        0,
        0,
        0,
        0,
        0,
        0,
        0,
        0,
        0,
        0,
        0,
        0,
        0,
        0,
        0,
        0,
        0,
        0,
        0,
        0,
        0,
        0,
        0,
        0,
        0,
        0,
        0,
        0,
        0,
        0,
        0,
        0,
        0,
        0,
        0,
        0,
        0,
        0,
        0,
        0,
        0,
        0,
        0,
        0,
        0,
        0,
        0,
        0,
        0,
        0,
        0,
        0,
        0,
        0,
        0,
        0,
        0,
        0,
        0,
        0,
        0,
        0,
        0,
        0,
        0,
        0,
        0,
        0,
        0,
        0,
        0,
        0,
        0,
        0,
        0,
        0,
        0,
        0,
        0,
        0,
        0,
        0,
        0,
        0,
        0,
        0,
        0,
        0,
        0,
        0
    ],
    "creation_values": [
        0.9902988582731015,
        0.9902988582731015,
        0.9902988582731015,
        0.9902988582731015,
        0.9902988582731015,
        0.9902988582731015,
        0.9902988582731015,
        0.9902988582731015,
        0.9902988582731015,
        0.9902988582731015,
        0.9902988582731015,
        0.9902988582731015,
        0.9902988582731015,
        0.9902988582731015,
        0.9902988582731015,
        0.9902988582731015,
        0.9902988582731015,
        0.9902988582731015,
        0.9902988582731015,
        0.9902988582731015,
        0.9902988582731015,
        0.9902988582731015,
        0.9902988582731015,
        0.9902988582731015,
        0.9902988582731015,
        0.9902988582731015,
        0.9902988582731015,
        0.9902988582731015,
        0.9902988582731015,
        0.9902988582731015,
        0.9902988582731015,
        0.9902988582731015,
        0.9902988582731015,
        0.9902988582731015,
        0.9902988582731015,
        0.9902988582731015,
        0.9902988582731015,
        0.9902988582731015,
        0.9902988582731015,
        0.9902988582731015,
        0.9902988582731015,
        0.9902988582731015,
        0.9902988582731015,
        0.9902988582731015,
        0.9902988582731015,
        0.9902988582731015,
        0.9902988582731015,
        0.9902988582731015,
        0.9902988582731015,
        0.9902988582731015,
        0.9902988582731015,
        0.9902988582731015,
        0.9902988582731015,
        0.9902988582731015,
        0.9902988582731015,
        0.9902988582731015,
        0.9902988582731015,
        0.9902988582731015,
        0.9902988582731015,
        0.9902988582731015,
        0.9902988582731015,
        0.9902988582731015,
        0.9902988582731015,
        0.9902988582731015,
        0.9902988582731015,
        0.9902988582731015,
        0.9902988582731015,
        0.9902988582731015,
        0.9902988582731015,
        0.9902988582731015,
        0.9902988582731015,
        0.9902988582731015,
        0.9902988582731015,
        0.9902988582731015,
        0.9902988582731015,
        0.9902988582731015,
        0.9902988582731015,
        0.9902988582731015,
        0.9902988582731015,
        0.9902988582731015,
        0.9902988582731015,
        0.9902988582731015,
        0.9902988582731015,
        0.9902988582731015,
        0.9902988582731015,
        0.9902988582731015,
        0.9902988582731015,
        0.9902988582731015,
        0.9902988582731015,
        0.9902988582731015,
        0.9902988582731015,
        0.9902988582731015,
        0.9902988582731015,
        0.9902988582731015,
        0.9902988582731015,
        0.9902988582731015,
        0.9902988582731015,
        0.9902988582731015,
        0.9902988582731015,
        0.9902988582731015,
        0.9902988582731015,
        0.9902988582731015,
        0.9902988582731015,
        0.9902988582731015,
        0.9902988582731015,
        0.9902988582731015,
        0.9902988582731015,
        0.9902988582731015,
        0.9902988582731015,
        0.9902988582731015,
        0.9902988582731015,
        0.9902988582731015,
        0.9902988582731015,
        0.9902988582731015,
        0.9902988582731015,
        0.9902988582731015,
        0.9902988582731015,
        0.9902988582731015,
        0.9902988582731015,
        0.9902988582731015,
        0.9902988582731015,
        0.9902988582731015,
        0.9902988582731015,
        0.9902988582731015,
        0.9902988582731015,
        0.9902988582731015,
        0.9902988582731015,
        0.9902988582731015,
        0.9902988582731015,
        0.9902988582731015,
        0.9902988582731015,
        0.9902988582731015,
        0.9902988582731015,
        0.9902988582731015,
        0.9902988582731015,
        0.9902988582731015,
        0.9902988582731015,
        0.9902988582731015,
        0.9902988582731015,
        0.9902988582731015,
        0.9902988582731015,
        0.9902988582731015,
        0.9902988582731015,
        0.9902988582731015,
        0.9902988582731015,
        0.9902988582731015,
        0.9902988582731015,
        0.9902988582731015,
        0.9902988582731015,
        0.9902988582731015,
        0.9902988582731015,
        0.9902988582731015,
        0.9902988582731015,
        0.9902988582731015,
        0.9902988582731015,
        0.9902988582731015,
        0.9902988582731015,
        0.9902988582731015,
        0.9902988582731015,
        0.9902988582731015,
        0.9902988582731015,
        0.9902988582731015,
        0.9902988582731015,
        0.9902988582731015,
        0.9902988582731015,
        0.9902988582731015,
        0.9902988582731015,
        0.9902988582731015
    ],