{
    "dimensions": [
        0,
        0,
        0,
        0,
        0,
        0,
        0,
        0,
        0,
        0,
        0,
        0,
        0,
        0,
        0,
        0,
        0,
        0,
        0,
        0,
        0,
        0,
        0,
        0,
        0,
        0,
        0,
        0,
        0,
        0,
        0,
        0,
        0,
        0,
        0,
        0,
        0,
        0,
        0,
        0,
        0,
        0,
        0,
        0,
        0,
        0,
        0,
        0,
        0,
        0,
        0,
        0,
        0,
        0,
        0,
        0,
        0,
        0,
        0,
        0,
        0,
        0,
        0,
        0,
        0,
        0,
        0,
        0,
        0,
        0,
        0,
        0,
        0,
        0,
        0,
        0,
        0,
        0,
        0,
        0,
        0,
        0,
        0,
        0,
        0,
        0,
        0,
        0,
        0,
        0,
        0,
        0,
        0,
        0,
        0,
        0,
        0,
        0,
        0,
        0,
        0,
        0,
        0,
        0,
        0,
        0,
        0,
        0,
        0,
        0,
        0,
        0,
        0,
        0,
        0,
        0,
        0,
        0,
        0,
        0,
        0,
        0,
        0,
        0,
        0,
        0,
        0,
        0,
        0,
        0,
        0,
        0,
        0,
        0,
        0,
        0,
        0,
        0,
        0,
        0,
        0,
        0,
        0,
        0,
        0,
        0,
        0,
        0,
        0,
        0,
        0,
        0,
        0,
        0,
        0,
        0,
        0,
        0,
        0,
        0,
        0,
        0,
        0,
        0,
        0,
        0,
        0,
        0
    ],
    "creation_values": [
        0.9887918521652508,
        0.9887918521652508,
        0.9887918521652508,
        0.9887918521652508,
        0.9887918521652508,
        0.9887918521652508,
        0.9887918521652508,
        0.9887918521652508,
        0.9887918521652508,
        0.9887918521652508,
        0.9887918521652508,
        0.9887918521652508,
        0.9887918521652508,
        0.9887918521652508,
        0.9887918521652508,
        0.9887918521652508,
        0.9887918521652508,
        0.9887918521652508,
        0.9887918521652508,
        0.9887918521652508,
        0.9887918521652508,
        0.9887918521652508,
        0.9887918521652508,
        0.9887918521652508,
        0.9887918521652508,
        0.9887918521652508,
        0.9887918521652508,
        0.9887918521652508,
        0.9887918521652508,
        0.9887918521652508,
        0.9887918521652508,
        0.9887918521652508,
        0.9887918521652508,
        0.9887918521652508,
        0.9887918521652508,
        0.9887918521652508,
        0.9887918521652508,
        0.9887918521652508,
        0.9887918521652508,
        0.9887918521652508,
        0.9887918521652508,
        0.9887918521652508,
        0.9887918521652508,
        0.9887918521652508,
        0.9887918521652508,
        0.9887918521652508,
        0.9887918521652508,
        0.9887918521652508,
        0.9887918521652508,
        0.9887918521652508,
        0.9887918521652508,
        0.9887918521652508,
        0.9887918521652508,
        0.9887918521652508,
        0.9887918521652508,
        0.9887918521652508,
        0.9887918521652508,
        0.9887918521652508,
        0.9887918521652508,
        0.9887918521652508,
        0.9887918521652508,
        0.9887918521652508,
        0.9887918521652508,
        0.9887918521652508,
        0.9887918521652508,
        0.9887918521652508,
        0.9887918521652508,
        0.9887918521652508,
        0.9887918521652508,
        0.9887918521652508,
        0.9887918521652508,
        0.9887918521652508,
        0.9887918521652508,
        0.9887918521652508,
        0.9887918521652508,
        0.9887918521652508,
        0.9887918521652508,
        0.9887918521652508,
        0.9887918521652508,
        0.9887918521652508,
        0.9887918521652508,
        0.9887918521652508,
        0.9887918521652508,
        0.9887918521652508,
        0.9887918521652508,
        0.9887918521652508,
        0.9887918521652508,
        0.9887918521652508,
        0.9887918521652508,
        0.9887918521652508,
        0.9887918521652508,
        0.9887918521652508,
        0.9887918521652508,
        0.9887918521652508,
        0.9887918521652508,
        0.9887918521652508,
        0.9887918521652508,
        0.9887918521652508,
        0.9887918521652508,
        0.9887918521652508,
        0.9887918521652508,
        0.9887918521652508,
        0.9887918521652508,
        0.9887918521652508,
        0.9887918521652508,
        0.9887918521652508,
        0.9887918521652508,
        0.9887918521652508,
        0.9887918521652508,
        0.9887918521652508,
        0.9887918521652508,
        0.9887918521652508,
        0.9887918521652508,
        0.9887918521652508,
        0.9887918521652508,
        0.9887918521652508,
        0.9887918521652508,
        0.9887918521652508,
        0.9887918521652508,
        0.9887918521652508,
        0.9887918521652508,
        0.9887918521652508,
        0.9887918521652508,
        0.9887918521652508,
        0.9887918521652508,
        0.9887918521652508,
        0.9887918521652508,
        0.9887918521652508,
        0.9887918521652508,
        0.9887918521652508,
        0.9887918521652508,
        0.9887918521652508,
        0.9887918521652508,
        0.9887918521652508,
        0.9887918521652508,
        0.9887918521652508,
        0.9887918521652508,
        0.9887918521652508,
        0.9887918521652508,
        0.9887918521652508,
        0.9887918521652508,
        0.9887918521652508,
        0.9887918521652508,
        0.9887918521652508,
        0.9887918521652508,
        0.9887918521652508,
        0.9887918521652508,
        0.9887918521652508,
        0.9887918521652508,
        0.9887918521652508,
        0.9887918521652508,
        0.9887918521652508,
        0.9887918521652508,
        0.9887918521652508,
        0.9887918521652508,
        0.9887918521652508,
        0.9887918521652508,
        0.9887918521652508,
        0.9887918521652508,
        0.9887918521652508,
        0.9887918521652508,
        0.9887918521652508,
        0.9887918521652508,
        0.9887918521652508,
        0.9887918521652508,
        0.9887918521652508,
        0.9887918521652508,
        0.9887918521652508
    ],