{
    "dimensions": [
        0,
        0,
        0,
        0,
        0,
        0,
        0,
        0,
        0,
        0,
        0,
        0,
        0,
        0,
        0,
        0,
        0,
        0,
        0,
        0,
        0,
        0,
        0,
        0,
        0,
        0,
        0,
        0,
        0,
        0,
        0,
        0,
        0,
        0,
        0,
        0,
        0,
        0,
        0,
        0,
        0,
        0,
        0,
        0,
        0,
        0,
        0,
        0,
        0,
        0,
        0,
        0,
        0,
        0,
        0,
        0,
        0,
        0,
        0,
        0,
        0,
        0,
        0,
        0,
        0,
        0,
        0,
        0,
        0,
        0,
        0,
        0,
        0,
        0,
        0,
        0,
        0,
        0,
        0,
        0,
        0,
        0,
        0,
        0,
        0,
        0,
        0,
        0,
        0,
        0,
        0,
        0,
        0,
        0,
        0,
        0,
        0,
        0,
        0,
        0,
        0,
        0,
        0,
        0,
        0,
        0,
        0,
        0,
        0,
        0,
        0,
        0,
        0,
        0,
        0,
        0,
        0,
        0,
        0,
        0,
        0,
        0,
        0,
        0,
        0,
        0,
        0,
        0,
        0,
        0,
        0,
        0,
        0,
        0,
        0,
        0,
        0,
        0,
        0,
        0,
        0,
        0,
        0,
        0,
        0,
        0,
        0,
        0,
        0,
        0,
        0,
        0,
        0,
        0,
        0,
        0,
        0,
        0,
        0,
        0,
        0,
        0,
        0,
        0,
        0,
        0,
        0,
        0
    ],
    "creation_values": [
        0.9961516370383948,
        0.9961516370383948,
        0.9961516370383948,
        0.9961516370383948,
        0.9961516370383948,
        0.9961516370383948,
        0.9961516370383948,
        0.9961516370383948,
        0.9961516370383948,
        0.9961516370383948,
        0.9961516370383948,
        0.9961516370383948,
        0.9961516370383948,
        0.9961516370383948,
        0.9961516370383948,
        0.9961516370383948,
        0.9961516370383948,
        0.9961516370383948,
        0.9961516370383948,
        0.9961516370383948,
        0.9961516370383948,
        0.9961516370383948,
        0.9961516370383948,
        0.9961516370383948,
        0.9961516370383948,
        0.9961516370383948,
        0.9961516370383948,
        0.9961516370383948,
        0.9961516370383948,
        0.9961516370383948,
        0.9961516370383948,
        0.9961516370383948,
        0.9961516370383948,
        0.9961516370383948,
        0.9961516370383948,
        0.9961516370383948,
        0.9961516370383948,
        0.9961516370383948,
        0.9961516370383948,
        0.9961516370383948,
        0.9961516370383948,
        0.9961516370383948,
        0.9961516370383948,
        0.9961516370383948,
        0.9961516370383948,
        0.9961516370383948,
        0.9961516370383948,
        0.9961516370383948,
        0.9961516370383948,
        0.9961516370383948,
        0.9961516370383948,
        0.9961516370383948,
        0.9961516370383948,
        0.9961516370383948,
        0.9961516370383948,
        0.9961516370383948,
        0.9961516370383948,
        0.9961516370383948,
        0.9961516370383948,
        0.9961516370383948,
        0.9961516370383948,
        0.9961516370383948,
        0.9961516370383948,
        0.9961516370383948,
        0.9961516370383948,
        0.9961516370383948,
        0.9961516370383948,
        0.9961516370383948,
        0.9961516370383948,
        0.9961516370383948,
        0.9961516370383948,
        0.9961516370383948,
        0.9961516370383948,
        0.9961516370383948,
        0.9961516370383948,
        0.9961516370383948,
        0.9961516370383948,
        0.9961516370383948,
        0.9961516370383948,
        0.9961516370383948,
        0.9961516370383948,
        0.9961516370383948,
        0.9961516370383948,
        0.9961516370383948,
        0.9961516370383948,
        0.9961516370383948,
        0.9961516370383948,
        0.9961516370383948,
        0.9961516370383948,
        0.9961516370383948,
        0.9961516370383948,
        0.9961516370383948,
        0.9961516370383948,
        0.9961516370383948,
        0.9961516370383948,
        0.9961516370383948,
        0.9961516370383948,
        0.9961516370383948,
        0.9961516370383948,
        0.9961516370383948,
        0.9961516370383948,
        0.9961516370383948,
        0.9961516370383948,
        0.9961516370383948,
        0.9961516370383948,
        0.9961516370383948,
        0.9961516370383948,
        0.9961516370383948,
        0.9961516370383948,
        0.9961516370383948,
        0.9961516370383948,
        0.9961516370383948,
        0.9961516370383948,
        0.9961516370383948,
        0.9961516370383948,
        0.9961516370383948,
        0.9961516370383948,
        0.9961516370383948,
        0.9961516370383948,
        0.9961516370383948,
        0.9961516370383948,
        0.9961516370383948,
        0.9961516370383948,
        0.9961516370383948,
        0.9961516370383948,
        0.9961516370383948,
        0.9961516370383948,
        0.9961516370383948,
        0.9961516370383948,
        0.9961516370383948,
        0.9961516370383948,
        0.9961516370383948,
        0.9961516370383948,
        0.9961516370383948,
        0.9961516370383948,
        0.9961516370383948,
        0.9961516370383948,
        0.9961516370383948,
        0.9961516370383948,
        0.9961516370383948,
        0.9961516370383948,
        0.9961516370383948,
        0.9961516370383948,
        0.9961516370383948,
        0.9961516370383948,
        0.9961516370383948,
        0.9961516370383948,
        0.9961516370383948,
        0.9961516370383948,
        0.9961516370383948,
        0.9961516370383948,
        0.9961516370383948,
        0.9961516370383948,
        0.9961516370383948,
        0.9961516370383948,
        0.9961516370383948,
        0.9961516370383948,
        0.9961516370383948,
        0.9961516370383948,
        0.9961516370383948,
        0.9961516370383948,
        0.9961516370383948,
        0.9961516370383948,
        0.9961516370383948,
        0.9961516370383948,
        0.9961516370383948,
        0.9961516370383948,
        0.9961516370383948
    ],