{
    "dimensions": [
        0,
        0,
        0,
        0,
        0,
        0,
        0,
        0,
        0,
        0,
        0,
        0,
        0,
        0,
        0,
        0,
        0,
        0,
        0,
        0,
        0,
        0,
        0,
        0,
        0,
        0,
        0,
        0,
        0,
        0,
        0,
        0,
        0,
        0,
        0,
        0,
        0,
        0,
        0,
        0,
        0,
        0,
        0,
        0,
        0,
        0,
        0,
        0,
        0,
        0,
        0,
        0,
        0,
        0,
        0,
        0,
        0,
        0,
        0,
        0,
        0,
        0,
        0,
        0,
        0,
        0,
        0,
        0,
        0,
        0,
        0,
        0,
        0,
        0,
        0,
        0,
        0,
        0,
        0,
        0,
        0,
        0,
        0,
        0,
        0,
        0,
        0,
        0,
        0,
        0,
        0,
        0,
        0,
        0,
        0,
        0,
        0,
        0,
        0,
        0,
        0,
        0,
        0,
        0,
        0,
        0,
        0,
        0,
        0,
        0,
        0,
        0,
        0,
        0,
        0,
        0,
        0,
        0,
        0,
        0,
        0,
        0,
        0,
        0,
        0,
        0,
        0,
        0,
        0,
        0,
        0,
        0,
        0,
        0,
        0,
        0,
        0,
        0,
        0,
        0,
        0,
        0,
        0,
        0,
        0,
        0,
        0,
        0,
        0,
        0,
        0,
        0,
        0,
        0,
        0,
        0,
        0,
        0,
        0,
        0,
        0,
        0,
        0,
        0,
        0,
        0,
        0,
        0
    ],
    "creation_values": [
        0.9825168200040116,
        0.9825168200040116,
        0.9825168200040116,
        0.9825168200040116,
        0.9825168200040116,
        0.9825168200040116,
        0.9825168200040116,
        0.9825168200040116,
        0.9825168200040116,
        0.9825168200040116,
        0.9825168200040116,
        0.9825168200040116,
        0.9825168200040116,
        0.9825168200040116,
        0.9825168200040116,
        0.9825168200040116,
        0.9825168200040116,
        0.9825168200040116,
        0.9825168200040116,
        0.9825168200040116,
        0.9825168200040116,
        0.9825168200040116,
        0.9825168200040116,
        0.9825168200040116,
        0.9825168200040116,
        0.9825168200040116,
        0.9825168200040116,
        0.9825168200040116,
        0.9825168200040116,
        0.9825168200040116,
        0.9825168200040116,
        0.9825168200040116,
        0.9825168200040116,
        0.9825168200040116,
        0.9825168200040116,
        0.9825168200040116,
        0.9825168200040116,
        0.9825168200040116,
        0.9825168200040116,
        0.9825168200040116,
        0.9825168200040116,
        0.9825168200040116,
        0.9825168200040116,
        0.9825168200040116,
        0.9825168200040116,
        0.9825168200040116,
        0.9825168200040116,
        0.9825168200040116,
        0.9825168200040116,
        0.9825168200040116,
        0.9825168200040116,
        0.9825168200040116,
        0.9825168200040116,
        0.9825168200040116,
        0.9825168200040116,
        0.9825168200040116,
        0.9825168200040116,
        0.9825168200040116,
        0.9825168200040116,
        0.9825168200040116,
        0.9825168200040116,
        0.9825168200040116,
        0.9825168200040116,
        0.9825168200040116,
        0.9825168200040116,
        0.9825168200040116,
        0.9825168200040116,
        0.9825168200040116,
        0.9825168200040116,
        0.9825168200040116,
        0.9825168200040116,
        0.9825168200040116,
        0.9825168200040116,
        0.9825168200040116,
        0.9825168200040116,
        0.9825168200040116,
        0.9825168200040116,
        0.9825168200040116,
        0.9825168200040116,
        0.9825168200040116,
        0.9825168200040116,
        0.9825168200040116,
        0.9825168200040116,
        0.9825168200040116,
        0.9825168200040116,
        0.9825168200040116,
        0.9825168200040116,
        0.9825168200040116,
        0.9825168200040116,
        0.9825168200040116,
        0.9825168200040116,
        0.9825168200040116,
        0.9825168200040116,
        0.9825168200040116,
        0.9825168200040116,
        0.9825168200040116,
        0.9825168200040116,
        0.9825168200040116,
        0.9825168200040116,
        0.9825168200040116,
        0.9825168200040116,
        0.9825168200040116,
        0.9825168200040116,
        0.9825168200040116,
        0.9825168200040116,
        0.9825168200040116,
        0.9825168200040116,
        0.9825168200040116,
        0.9825168200040116,
        0.9825168200040116,
        0.9825168200040116,
        0.9825168200040116,
        0.9825168200040116,
        0.9825168200040116,
        0.9825168200040116,
        0.9825168200040116,
        0.9825168200040116,
        0.9825168200040116,
        0.9825168200040116,
        0.9825168200040116,
        0.9825168200040116,
        0.9825168200040116,
        0.9825168200040116,
        0.9825168200040116,
        0.9825168200040116,
        0.9825168200040116,
        0.9825168200040116,
        0.9825168200040116,
        0.9825168200040116,
        0.9825168200040116,
        0.9825168200040116,
        0.9825168200040116,
        0.9825168200040116,
        0.9825168200040116,
        0.9825168200040116,
        0.9825168200040116,
        0.9825168200040116,
        0.9825168200040116,
        0.9825168200040116,
        0.9825168200040116,
        0.9825168200040116,
        0.9825168200040116,
        0.9825168200040116,
        0.9825168200040116,
        0.9825168200040116,
        0.9825168200040116,
        0.9825168200040116,
        0.9825168200040116,
        0.9825168200040116,
        0.9825168200040116,
        0.9825168200040116,
        0.9825168200040116,
        0.9825168200040116,
        0.9825168200040116,
        0.9825168200040116,
        0.9825168200040116,
        0.9825168200040116,
        0.9825168200040116,
        0.9825168200040116,
        0.9825168200040116,
        0.9825168200040116,
        0.9825168200040116,
        0.9825168200040116,
        0.9825168200040116,
        0.9825168200040116,
        0.9825168200040116,
        0.9825168200040116,
        0.9825168200040116
    ],