{
    "dimensions": [
        0,
        0,
        0,
        0,
        0,
        0,
        0,
        0,
        0,
        0,
        0,
        0,
        0,
        0,
        0,
        0,
        0,
        0,
        0,
        0,
        0,
        0,
        0,
        0,
        0,
        0,
        0,
        0,
        0,
        0,
        0,
        0,
        0,
        0,
        0,
        0,
        0,
        0,
        0,
        0,
        0,
        0,
        0,
        0,
        0,
        0,
        0,
        0,
        0,
        0,
        0,
        0,
        0,
        0,
        0,
        0,
        0,
        0,
        0,
        0,
        0,
        0,
        0,
        0,
        0,
        0,
        0,
        0,
        0,
        0,
        0,
        0,
        0,
        0,
        0,
        0,
        0,
        0,
        0,
        0,
        0,
        0,
        0,
        0,
        0,
        0,
        0,
        0,
        0,
        0,
        0,
        0,
        0,
        0,
        0,
        0,
        0,
        0,
        0,
        0,
        0,
        0,
        0,
        0,
        0,
        0,
        0,
        0,
        0,
        0,
        0,
        0,
        0,
        0,
        0,
        0,
        0,
        0,
        0,
        0,
        0,
        0,
        0,
        0,
        0,
        0,
        0,
        0,
        0,
        0,
        0,
        0,
        0,
        0,
        0,
        0,
        0,
        0,
        0,
        0,
        0,
        0,
        0,
        0,
        0,
        0,
        0,
        0,
        0,
        0,
        0,
        0,
        0,
        0,
        0,
        0,
        0,
        0,
        0,
        0,
        0,
        0,
        0,
        0,
        0,
        0,
        0,
        0
    ],
    "creation_values": [
        0.958053962279322,
        0.958053962279322,
        0.958053962279322,
        0.958053962279322,
        0.958053962279322,
        0.958053962279322,
        0.958053962279322,
        0.958053962279322,
        0.958053962279322,
        0.958053962279322,
        0.958053962279322,
        0.958053962279322,
        0.958053962279322,
        0.958053962279322,
        0.958053962279322,
        0.958053962279322,
        0.958053962279322,
        0.958053962279322,
        0.958053962279322,
        0.958053962279322,
        0.958053962279322,
        0.958053962279322,
        0.958053962279322,
        0.958053962279322,
        0.958053962279322,
        0.958053962279322,
        0.958053962279322,
        0.958053962279322,
        0.958053962279322,
        0.958053962279322,
        0.958053962279322,
        0.958053962279322,
        0.958053962279322,
        0.958053962279322,
        0.958053962279322,
        0.958053962279322,
        0.958053962279322,
        0.958053962279322,
        0.958053962279322,
        0.958053962279322,
        0.958053962279322,
        0.958053962279322,
        0.958053962279322,
        0.958053962279322,
        0.958053962279322,
        0.958053962279322,
        0.958053962279322,
        0.958053962279322,
        0.958053962279322,
        0.958053962279322,
        0.958053962279322,
        0.958053962279322,
        0.958053962279322,
        0.958053962279322,
        0.958053962279322,
        0.958053962279322,
        0.958053962279322,
        0.958053962279322,
        0.958053962279322,
        0.958053962279322,
        0.958053962279322,
        0.958053962279322,
        0.958053962279322,
        0.958053962279322,
        0.958053962279322,
        0.958053962279322,
        0.958053962279322,
        0.958053962279322,
        0.958053962279322,
        0.958053962279322,
        0.958053962279322,
        0.958053962279322,
        0.958053962279322,
        0.958053962279322,
        0.958053962279322,
        0.958053962279322,
        0.958053962279322,
        0.958053962279322,
        0.958053962279322,
        0.958053962279322,
        0.958053962279322,
        0.958053962279322,
        0.958053962279322,
        0.958053962279322,
        0.958053962279322,
        0.958053962279322,
        0.958053962279322,
        0.958053962279322,
        0.958053962279322,
        0.958053962279322,
        0.958053962279322,
        0.958053962279322,
        0.958053962279322,
        0.958053962279322,
        0.958053962279322,
        0.958053962279322,
        0.958053962279322,
        0.958053962279322,
        0.958053962279322,
        0.958053962279322,
        0.958053962279322,
        0.958053962279322,
        0.958053962279322,
        0.958053962279322,
        0.958053962279322,
        0.958053962279322,
        0.958053962279322,
        0.958053962279322,
        0.958053962279322,
        0.958053962279322,
        0.958053962279322,
        0.958053962279322,
        0.958053962279322,
        0.958053962279322,
        0.958053962279322,
        0.958053962279322,
        0.958053962279322,
        0.958053962279322,
        0.958053962279322,
        0.958053962279322,
        0.958053962279322,
        0.958053962279322,
        0.958053962279322,
        0.958053962279322,
        0.958053962279322,
        0.958053962279322,
        0.958053962279322,
        0.958053962279322,
        0.958053962279322,
        0.958053962279322,
        0.958053962279322,
        0.958053962279322,
        0.958053962279322,
        0.958053962279322,
        0.958053962279322,
        0.958053962279322,
        0.958053962279322,
        0.958053962279322,
        0.958053962279322,
        0.958053962279322,
        0.958053962279322,
        0.958053962279322,
        0.958053962279322,
        0.958053962279322,
        0.958053962279322,
        0.958053962279322,
        0.958053962279322,
        0.958053962279322,
        0.958053962279322,
        0.958053962279322,
        0.958053962279322,
        0.958053962279322,
        0.958053962279322,
        0.958053962279322,
        0.958053962279322,
        0.958053962279322,
        0.958053962279322,
        0.958053962279322,
        0.958053962279322,
        0.958053962279322,
        0.958053962279322,
        0.958053962279322,
        0.958053962279322,
        0.958053962279322,
        0.958053962279322,
        0.958053962279322,
        0.958053962279322,
        0.958053962279322
    ],