{
    "dimensions": [
        0,
        0,
        0,
        0,
        0,
        0,
        0,
        0,
        0,
        0,
        0,
        0,
        0,
        0,
        0,
        0,
        0,
        0,
        0,
        0,
        0,
        0,
        0,
        0,
        0,
        0,
        0,
        0,
        0,
        0,
        0,
        0,
        0,
        0,
        0,
        0,
        0,
        0,
        0,
        0,
        0,
        0,
        0,
        0,
        0,
        0,
        0,
        0,
        0,
        0,
        0,
        0,
        0,
        0,
        0,
        0,
        0,
        0,
        0,
        0,
        0,
        0,
        0,
        0,
        0,
        0,
        0,
        0,
        0,
        0,
        0,
        0,
        0,
        0,
        0,
        0,
        0,
        0,
        0,
        0,
        0,
        0,
        0,
        0,
        0,
        0,
        0,
        0,
        0,
        0,
        0,
        0,
        0,
        0,
        0,
        0,
        0,
        0,
        0,
        0,
        0,
        0,
        0,
        0,
        0,
        0,
        0,
        0,
        0,
        0,
        0,
        0,
        0,
        0,
        0,
        0,
        0,
        0,
        0,
        0,
        0,
        0,
        0,
        0,
        0,
        0,
        0,
        0,
        0,
        0,
        0,
        0,
        0,
        0,
        0,
        0,
        0,
        0,
        0,
        0,
        0,
        0,
        0,
        0,
        0,
        0,
        0,
        0,
        0,
        0,
        0,
        0,
        0,
        0,
        0,
        0,
        0,
        0,
        0,
        0,
        0,
        0,
        0,
        0,
        0,
        0,
        0,
        0
    ],
    "creation_values": [
        0.9530639782339104,
        0.9530639782339104,
        0.9530639782339104,
        0.9530639782339104,
        0.9530639782339104,
        0.9530639782339104,
        0.9530639782339104,
        0.9530639782339104,
        0.9530639782339104,
        0.9530639782339104,
        0.9530639782339104,
        0.9530639782339104,
        0.9530639782339104,
        0.9530639782339104,
        0.9530639782339104,
        0.9530639782339104,
        0.9530639782339104,
        0.9530639782339104,
        0.9530639782339104,
        0.9530639782339104,
        0.9530639782339104,
        0.9530639782339104,
        0.9530639782339104,
        0.9530639782339104,
        0.9530639782339104,
        0.9530639782339104,
        0.9530639782339104,
        0.9530639782339104,
        0.9530639782339104,
        0.9530639782339104,
        0.9530639782339104,
        0.9530639782339104,
        0.9530639782339104,
        0.9530639782339104,
        0.9530639782339104,
        0.9530639782339104,
        0.9530639782339104,
        0.9530639782339104,
        0.9530639782339104,
        0.9530639782339104,
        0.9530639782339104,
        0.9530639782339104,
        0.9530639782339104,
        0.9530639782339104,
        0.9530639782339104,
        0.9530639782339104,
        0.9530639782339104,
        0.9530639782339104,
        0.9530639782339104,
        0.9530639782339104,
        0.9530639782339104,
        0.9530639782339104,
        0.9530639782339104,
        0.9530639782339104,
        0.9530639782339104,
        0.9530639782339104,
        0.9530639782339104,
        0.9530639782339104,
        0.9530639782339104,
        0.9530639782339104,
        0.9530639782339104,
        0.9530639782339104,
        0.9530639782339104,
        0.9530639782339104,
        0.9530639782339104,
        0.9530639782339104,
        0.9530639782339104,
        0.9530639782339104,
        0.9530639782339104,
        0.9530639782339104,
        0.9530639782339104,
        0.9530639782339104,
        0.9530639782339104,
        0.9530639782339104,
        0.9530639782339104,
        0.9530639782339104,
        0.9530639782339104,
        0.9530639782339104,
        0.9530639782339104,
        0.9530639782339104,
        0.9530639782339104,
        0.9530639782339104,
        0.9530639782339104,
        0.9530639782339104,
        0.9530639782339104,
        0.9530639782339104,
        0.9530639782339104,
        0.9530639782339104,
        0.9530639782339104,
        0.9530639782339104,
        0.9530639782339104,
        0.9530639782339104,
        0.9530639782339104,
        0.9530639782339104,
        0.9530639782339104,
        0.9530639782339104,
        0.9530639782339104,
        0.9530639782339104,
        0.9530639782339104,
        0.9530639782339104,
        0.9530639782339104,
        0.9530639782339104,
        0.9530639782339104,
        0.9530639782339104,
        0.9530639782339104,
        0.9530639782339104,
        0.9530639782339104,
        0.9530639782339104,
        0.9530639782339104,
        0.9530639782339104,
        0.9530639782339104,
        0.9530639782339104,
        0.9530639782339104,
        0.9530639782339104,
        0.9530639782339104,
        0.9530639782339104,
        0.9530639782339104,
        0.9530639782339104,
        0.9530639782339104,
        0.9530639782339104,
        0.9530639782339104,
        0.9530639782339104,
        0.9530639782339104,
        0.9530639782339104,
        0.9530639782339104,
        0.9530639782339104,
        0.9530639782339104,
        0.9530639782339104,
        0.9530639782339104,
        0.9530639782339104,
        0.9530639782339104,
        0.9530639782339104,
        0.9530639782339104,
        0.9530639782339104,
        0.9530639782339104,
        0.9530639782339104,
        0.9530639782339104,
        0.9530639782339104,
        0.9530639782339104,
        0.9530639782339104,
        0.9530639782339104,
        0.9530639782339104,
        0.9530639782339104,
        0.9530639782339104,
        0.9530639782339104,
        0.9530639782339104,
        0.9530639782339104,
        0.9530639782339104,
        0.9530639782339104,
        0.9530639782339104,
        0.9530639782339104,
        0.9530639782339104,
        0.9530639782339104,
        0.9530639782339104,
        0.9530639782339104,
        0.9530639782339104,
        0.9530639782339104,
        0.9530639782339104,
        0.9530639782339104,
        0.9530639782339104,
        0.9530639782339104,
        0.9530639782339104,
        0.9530639782339104,
        0.9530639782339104,
        0.9530639782339104,
        0.9530639782339104,
        0.9530639782339104,
        0.9530639782339104
    ],