{
    "dimensions": [
        0,
        0,
        0,
        0,
        0,
        0,
        0,
        0,
        0,
        0,
        0,
        0,
        0,
        0,
        0,
        0,
        0,
        0,
        0,
        0,
        0,
        0,
        0,
        0,
        0,
        0,
        0,
        0,
        0,
        0,
        0,
        0,
        0,
        0,
        0,
        0,
        0,
        0,
        0,
        0,
        0,
        0,
        0,
        0,
        0,
        0,
        0,
        0,
        0,
        0,
        0,
        0,
        0,
        0,
        0,
        0,
        0,
        0,
        0,
        0,
        0,
        0,
        0,
        0,
        0,
        0,
        0,
        0,
        0,
        0,
        0,
        0,
        0,
        0,
        0,
        0,
        0,
        0,
        0,
        0,
        0,
        0,
        0,
        0,
        0,
        0,
        0,
        0,
        0,
        0,
        0,
        0,
        0,
        0,
        0,
        0,
        0,
        0,
        0,
        0,
        0,
        0,
        0,
        0,
        0,
        0,
        0,
        0,
        0,
        0,
        0,
        0,
        0,
        0,
        0,
        0,
        0,
        0,
        0,
        0,
        0,
        0,
        0,
        0,
        0,
        0,
        0,
        0,
        0,
        0,
        0,
        0,
        0,
        0,
        0,
        0,
        0,
        0,
        0,
        0,
        0,
        0,
        0,
        0,
        0,
        0,
        0,
        0,
        0,
        0,
        0,
        0,
        0,
        0,
        0,
        0,
        0,
        0,
        0,
        0,
        0,
        0,
        0,
        0,
        0,
        0,
        0,
        0
    ],
    "creation_values": [
        0.9940290615222018,
        0.9940290615222018,
        0.9940290615222018,
        0.9940290615222018,
        0.9940290615222018,
        0.9940290615222018,
        0.9940290615222018,
        0.9940290615222018,
        0.9940290615222018,
        0.9940290615222018,
        0.9940290615222018,
        0.9940290615222018,
        0.9940290615222018,
        0.9940290615222018,
        0.9940290615222018,
        0.9940290615222018,
        0.9940290615222018,
        0.9940290615222018,
        0.9940290615222018,
        0.9940290615222018,
        0.9940290615222018,
        0.9940290615222018,
        0.9940290615222018,
        0.9940290615222018,
        0.9940290615222018,
        0.9940290615222018,
        0.9940290615222018,
        0.9940290615222018,
        0.9940290615222018,
        0.9940290615222018,
        0.9940290615222018,
        0.9940290615222018,
        0.9940290615222018,
        0.9940290615222018,
        0.9940290615222018,
        0.9940290615222018,
        0.9940290615222018,
        0.9940290615222018,
        0.9940290615222018,
        0.9940290615222018,
        0.9940290615222018,
        0.9940290615222018,
        0.9940290615222018,
        0.9940290615222018,
        0.9940290615222018,
        0.9940290615222018,
        0.9940290615222018,
        0.9940290615222018,
        0.9940290615222018,
        0.9940290615222018,
        0.9940290615222018,
        0.9940290615222018,
        0.9940290615222018,
        0.9940290615222018,
        0.9940290615222018,
        0.9940290615222018,
        0.9940290615222018,
        0.9940290615222018,
        0.9940290615222018,
        0.9940290615222018,
        0.9940290615222018,
        0.9940290615222018,
        0.9940290615222018,
        0.9940290615222018,
        0.9940290615222018,
        0.9940290615222018,
        0.9940290615222018,
        0.9940290615222018,
        0.9940290615222018,
        0.9940290615222018,
        0.9940290615222018,
        0.9940290615222018,
        0.9940290615222018,
        0.9940290615222018,
        0.9940290615222018,
        0.9940290615222018,
        0.9940290615222018,
        0.9940290615222018,
        0.9940290615222018,
        0.9940290615222018,
        0.9940290615222018,
        0.9940290615222018,
        0.9940290615222018,
        0.9940290615222018,
        0.9940290615222018,
        0.9940290615222018,
        0.9940290615222018,
        0.9940290615222018,
        0.9940290615222018,
        0.9940290615222018,
        0.9940290615222018,
        0.9940290615222018,
        0.9940290615222018,
        0.9940290615222018,
        0.9940290615222018,
        0.9940290615222018,
        0.9940290615222018,
        0.9940290615222018,
        0.9940290615222018,
        0.9940290615222018,
        0.9940290615222018,
        0.9940290615222018,
        0.9940290615222018,
        0.9940290615222018,
        0.9940290615222018,
        0.9940290615222018,
        0.9940290615222018,
        0.9940290615222018,
        0.9940290615222018,
        0.9940290615222018,
        0.9940290615222018,
        0.9940290615222018,
        0.9940290615222018,
        0.9940290615222018,
        0.9940290615222018,
        0.9940290615222018,
        0.9940290615222018,
        0.9940290615222018,
        0.9940290615222018,
        0.9940290615222018,
        0.9940290615222018,
        0.9940290615222018,
        0.9940290615222018,
        0.9940290615222018,
        0.9940290615222018,
        0.9940290615222018,
        0.9940290615222018,
        0.9940290615222018,
        0.9940290615222018,
        0.9940290615222018,
        0.9940290615222018,
        0.9940290615222018,
        0.9940290615222018,
        0.9940290615222018,
        0.9940290615222018,
        0.9940290615222018,
        0.9940290615222018,
        0.9940290615222018,
        0.9940290615222018,
        0.9940290615222018,
        0.9940290615222018,
        0.9940290615222018,
        0.9940290615222018,
        0.9940290615222018,
        0.9940290615222018,
        0.9940290615222018,
        0.9940290615222018,
        0.9940290615222018,
        0.9940290615222018,
        0.9940290615222018,
        0.9940290615222018,
        0.9940290615222018,
        0.9940290615222018,
        0.9940290615222018,
        0.9940290615222018,
        0.9940290615222018,
        0.9940290615222018,
        0.9940290615222018,
        0.9940290615222018,
        0.9940290615222018,
        0.9940290615222018,
        0.9940290615222018,
        0.9940290615222018,
        0.9940290615222018,
        0.9940290615222018,
        0.9940290615222018,
        0.9940290615222018,
        0.9940290615222018
    ],