{
    "dimensions": [
        0,
        0,
        0,
        0,
        0,
        0,
        0,
        0,
        0,
        0,
        0,
        0,
        0,
        0,
        0,
        0,
        0,
        0,
        0,
        0,
        0,
        0,
        0,
        0,
        0,
        0,
        0,
        0,
        0,
        0,
        0,
        0,
        0,
        0,
        0,
        0,
        0,
        0,
        0,
        0,
        0,
        0,
        0,
        0,
        0,
        0,
        0,
        0,
        0,
        0,
        0,
        0,
        0,
        0,
        0,
        0,
        0,
        0,
        0,
        0,
        0,
        0,
        0,
        0,
        0,
        0,
        0,
        0,
        0,
        0,
        0,
        0,
        0,
        0,
        0,
        0,
        0,
        0,
        0,
        0,
        0,
        0,
        0,
        0,
        0,
        0,
        0,
        0,
        0,
        0,
        0,
        0,
        0,
        0,
        0,
        0,
        0,
        0,
        0,
        0,
        0,
        0,
        0,
        0,
        0,
        0,
        0,
        0,
        0,
        0,
        0,
        0,
        0,
        0,
        0,
        0,
        0,
        0,
        0,
        0,
        0,
        0,
        0,
        0,
        0,
        0,
        0,
        0,
        0,
        0,
        0,
        0,
        0,
        0,
        0,
        0,
        0,
        0,
        0,
        0,
        0,
        0,
        0,
        0,
        0,
        0,
        0,
        0,
        0,
        0,
        0,
        0,
        0,
        0,
        0,
        0,
        0,
        0,
        0,
        0,
        0,
        0,
        0,
        0,
        0,
        0,
        0,
        0
    ],
    "creation_values": [
        0.9400755081139193,
        0.9400755081139193,
        0.9400755081139193,
        0.9400755081139193,
        0.9400755081139193,
        0.9400755081139193,
        0.9400755081139193,
        0.9400755081139193,
        0.9400755081139193,
        0.9400755081139193,
        0.9400755081139193,
        0.9400755081139193,
        0.9400755081139193,
        0.9400755081139193,
        0.9400755081139193,
        0.9400755081139193,
        0.9400755081139193,
        0.9400755081139193,
        0.9400755081139193,
        0.9400755081139193,
        0.9400755081139193,
        0.9400755081139193,
        0.9400755081139193,
        0.9400755081139193,
        0.9400755081139193,
        0.9400755081139193,
        0.9400755081139193,
        0.9400755081139193,
        0.9400755081139193,
        0.9400755081139193,
        0.9400755081139193,
        0.9400755081139193,
        0.9400755081139193,
        0.9400755081139193,
        0.9400755081139193,
        0.9400755081139193,
        0.9400755081139193,
        0.9400755081139193,
        0.9400755081139193,
        0.9400755081139193,
        0.9400755081139193,
        0.9400755081139193,
        0.9400755081139193,
        0.9400755081139193,
        0.9400755081139193,
        0.9400755081139193,
        0.9400755081139193,
        0.9400755081139193,
        0.9400755081139193,
        0.9400755081139193,
        0.9400755081139193,
        0.9400755081139193,
        0.9400755081139193,
        0.9400755081139193,
        0.9400755081139193,
        0.9400755081139193,
        0.9400755081139193,
        0.9400755081139193,
        0.9400755081139193,
        0.9400755081139193,
        0.9400755081139193,
        0.9400755081139193,
        0.9400755081139193,
        0.9400755081139193,
        0.9400755081139193,
        0.9400755081139193,
        0.9400755081139193,
        0.9400755081139193,
        0.9400755081139193,
        0.9400755081139193,
        0.9400755081139193,
        0.9400755081139193,
        0.9400755081139193,
        0.9400755081139193,
        0.9400755081139193,
        0.9400755081139193,
        0.9400755081139193,
        0.9400755081139193,
        0.9400755081139193,
        0.9400755081139193,
        0.9400755081139193,
        0.9400755081139193,
        0.9400755081139193,
        0.9400755081139193,
        0.9400755081139193,
        0.9400755081139193,
        0.9400755081139193,
        0.9400755081139193,
        0.9400755081139193,
        0.9400755081139193,
        0.9400755081139193,
        0.9400755081139193,
        0.9400755081139193,
        0.9400755081139193,
        0.9400755081139193,
        0.9400755081139193,
        0.9400755081139193,
        0.9400755081139193,
        0.9400755081139193,
        0.9400755081139193,
        0.9400755081139193,
        0.9400755081139193,
        0.9400755081139193,
        0.9400755081139193,
        0.9400755081139193,
        0.9400755081139193,
        0.9400755081139193,
        0.9400755081139193,
        0.9400755081139193,
        0.9400755081139193,
        0.9400755081139193,
        0.9400755081139193,
        0.9400755081139193,
        0.9400755081139193,
        0.9400755081139193,
        0.9400755081139193,
        0.9400755081139193,
        0.9400755081139193,
        0.9400755081139193,
        0.9400755081139193,
        0.9400755081139193,
        0.9400755081139193,
        0.9400755081139193,
        0.9400755081139193,
        0.9400755081139193,
        0.9400755081139193,
        0.9400755081139193,
        0.9400755081139193,
        0.9400755081139193,
        0.9400755081139193,
        0.9400755081139193,
        0.9400755081139193,
        0.9400755081139193,
        0.9400755081139193,
        0.9400755081139193,
        0.9400755081139193,
        0.9400755081139193,
        0.9400755081139193,
        0.9400755081139193,
        0.9400755081139193,
        0.9400755081139193,
        0.9400755081139193,
        0.9400755081139193,
        0.9400755081139193,
        0.9400755081139193,
        0.9400755081139193,
        0.9400755081139193,
        0.9400755081139193,
        0.9400755081139193,
        0.9400755081139193,
        0.9400755081139193,
        0.9400755081139193,
        0.9400755081139193,
        0.9400755081139193,
        0.9400755081139193,
        0.9400755081139193,
        0.9400755081139193,
        0.9400755081139193,
        0.9400755081139193,
        0.9400755081139193,
        0.9400755081139193,
        0.9400755081139193,
        0.9400755081139193,
        0.9400755081139193,
        0.9400755081139193,
        0.9400755081139193,
        0.9400755081139193,
        0.9400755081139193
    ],