{
    "dimensions": [
        0,
        0,
        0,
        0,
        0,
        0,
        0,
        0,
        0,
        0,
        0,
        0,
        0,
        0,
        0,
        0,
        0,
        0,
        0,
        0,
        0,
        0,
        0,
        0,
        0,
        0,
        0,
        0,
        0,
        0,
        0,
        0,
        0,
        0,
        0,
        0,
        0,
        0,
        0,
        0,
        0,
        0,
        0,
        0,
        0,
        0,
        0,
        0,
        0,
        0,
        0,
        0,
        0,
        0,
        0,
        0,
        0,
        0,
        0,
        0,
        0,
        0,
        0,
        0,
        0,
        0,
        0,
        0,
        0,
        0,
        0,
        0,
        0,
        0,
        0,
        0,
        0,
        0,
        0,
        0,
        0,
        0,
        0,
        0,
        0,
        0,
        0,
        0,
        0,
        0,
        0,
        0,
        0,
        0,
        0,
        0,
        0,
        0,
        0,
        0,
        0,
        0,
        0,
        0,
        0,
        0,
        0,
        0,
        0,
        0,
        0,
        0,
        0,
        0,
        0,
        0,
        0,
        0,
        0,
        0,
        0,
        0,
        0,
        0,
        0,
        0,
        0,
        0,
        0,
        0,
        0,
        0,
        0,
        0,
        0,
        0,
        0,
        0,
        0,
        0,
        0,
        0,
        0,
        0,
        0,
        0,
        0,
        0,
        0,
        0,
        0,
        0,
        0,
        0,
        0,
        0,
        0,
        0,
        0,
        0,
        0,
        0,
        0,
        0,
        0,
        0,
        0,
        0
    ],
    "creation_values": [
        0.9991611663952805,
        0.9991611663952805,
        0.9991611663952805,
        0.9991611663952805,
        0.9991611663952805,
        0.9991611663952805,
        0.9991611663952805,
        0.9991611663952805,
        0.9991611663952805,
        0.9991611663952805,
        0.9991611663952805,
        0.9991611663952805,
        0.9991611663952805,
        0.9991611663952805,
        0.9991611663952805,
        0.9991611663952805,
        0.9991611663952805,
        0.9991611663952805,
        0.9991611663952805,
        0.9991611663952805,
        0.9991611663952805,
        0.9991611663952805,
        0.9991611663952805,
        0.9991611663952805,
        0.9991611663952805,
        0.9991611663952805,
        0.9991611663952805,
        0.9991611663952805,
        0.9991611663952805,
        0.9991611663952805,
        0.9991611663952805,
        0.9991611663952805,
        0.9991611663952805,
        0.9991611663952805,
        0.9991611663952805,
        0.9991611663952805,
        0.9991611663952805,
        0.9991611663952805,
        0.9991611663952805,
        0.9991611663952805,
        0.9991611663952805,
        0.9991611663952805,
        0.9991611663952805,
        0.9991611663952805,
        0.9991611663952805,
        0.9991611663952805,
        0.9991611663952805,
        0.9991611663952805,
        0.9991611663952805,
        0.9991611663952805,
        0.9991611663952805,
        0.9991611663952805,
        0.9991611663952805,
        0.9991611663952805,
        0.9991611663952805,
        0.9991611663952805,
        0.9991611663952805,
        0.9991611663952805,
        0.9991611663952805,
        0.9991611663952805,
        0.9991611663952805,
        0.9991611663952805,
        0.9991611663952805,
        0.9991611663952805,
        0.9991611663952805,
        0.9991611663952805,
        0.9991611663952805,
        0.9991611663952805,
        0.9991611663952805,
        0.9991611663952805,
        0.9991611663952805,
        0.9991611663952805,
        0.9991611663952805,
        0.9991611663952805,
        0.9991611663952805,
        0.9991611663952805,
        0.9991611663952805,
        0.9991611663952805,
        0.9991611663952805,
        0.9991611663952805,
        0.9991611663952805,
        0.9991611663952805,
        0.9991611663952805,
        0.9991611663952805,
        0.9991611663952805,
        0.9991611663952805,
        0.9991611663952805,
        0.9991611663952805,
        0.9991611663952805,
        0.9991611663952805,
        0.9991611663952805,
        0.9991611663952805,
        0.9991611663952805,
        0.9991611663952805,
        0.9991611663952805,
        0.9991611663952805,
        0.9991611663952805,
        0.9991611663952805,
        0.9991611663952805,
        0.9991611663952805,
        0.9991611663952805,
        0.9991611663952805,
        0.9991611663952805,
        0.9991611663952805,
        0.9991611663952805,
        0.9991611663952805,
        0.9991611663952805,
        0.9991611663952805,
        0.9991611663952805,
        0.9991611663952805,
        0.9991611663952805,
        0.9991611663952805,
        0.9991611663952805,
        0.9991611663952805,
        0.9991611663952805,
        0.9991611663952805,
        0.9991611663952805,
        0.9991611663952805,
        0.9991611663952805,
        0.9991611663952805,
        0.9991611663952805,
        0.9991611663952805,
        0.9991611663952805,
        0.9991611663952805,
        0.9991611663952805,
        0.9991611663952805,
        0.9991611663952805,
        0.9991611663952805,
        0.9991611663952805,
        0.9991611663952805,
        0.9991611663952805,
        0.9991611663952805,
        0.9991611663952805,
        0.9991611663952805,
        0.9991611663952805,
        0.9991611663952805,
        0.9991611663952805,
        0.9991611663952805,
        0.9991611663952805,
        0.9991611663952805,
        0.9991611663952805,
        0.9991611663952805,
        0.9991611663952805,
        0.9991611663952805,
        0.9991611663952805,
        0.9991611663952805,
        0.9991611663952805,
        0.9991611663952805,
        0.9991611663952805,
        0.9991611663952805,
        0.9991611663952805,
        0.9991611663952805,
        0.9991611663952805,
        0.9991611663952805,
        0.9991611663952805,
        0.9991611663952805,
        0.9991611663952805,
        0.9991611663952805,
        0.9991611663952805,
        0.9991611663952805,
        0.9991611663952805,
        0.9991611663952805,
        0.9991611663952805,
        0.9991611663952805,
        0.9991611663952805,
        0.9991611663952805,
        0.9991611663952805,
        0.9991611663952805
    ],