{
    "dimensions": [
        0,
        0,
        0,
        0,
        0,
        0,
        0,
        0,
        0,
        0,
        0,
        0,
        0,
        0,
        0,
        0,
        0,
        0,
        0,
        0,
        0,
        0,
        0,
        0,
        0,
        0,
        0,
        0,
        0,
        0,
        0,
        0,
        0,
        0,
        0,
        0,
        0,
        0,
        0,
        0,
        0,
        0,
        0,
        0,
        0,
        0,
        0,
        0,
        0,
        0,
        0,
        0,
        0,
        0,
        0,
        0,
        0,
        0,
        0,
        0,
        0,
        0,
        0,
        0,
        0,
        0,
        0,
        0,
        0,
        0,
        0,
        0,
        0,
        0,
        0,
        0,
        0,
        0,
        0,
        0,
        0,
        0,
        0,
        0,
        0,
        0,
        0,
        0,
        0,
        0,
        0,
        0,
        0,
        0,
        0,
        0,
        0,
        0,
        0,
        0,
        0,
        0,
        0,
        0,
        0,
        0,
        0,
        0,
        0,
        0,
        0,
        0,
        0,
        0,
        0,
        0,
        0,
        0,
        0,
        0,
        0,
        0,
        0,
        0,
        0,
        0,
        0,
        0,
        0,
        0,
        0,
        0,
        0,
        0,
        0,
        0,
        0,
        0,
        0,
        0,
        0,
        0,
        0,
        0,
        0,
        0,
        0,
        0,
        0,
        0,
        0,
        0,
        0,
        0,
        0,
        0,
        0,
        0,
        0,
        0,
        0,
        0,
        0,
        0,
        0,
        0,
        0,
        0
    ],
    "creation_values": [
        0.7183573425944999,
        0.7183573425944999,
        0.7183573425944999,
        0.7183573425944999,
        0.7183573425944999,
        0.7183573425944999,
        0.7183573425944999,
        0.7183573425944999,
        0.7183573425944999,
        0.7183573425944999,
        0.7183573425944999,
        0.7183573425944999,
        0.7183573425944999,
        0.7183573425944999,
        0.7183573425944999,
        0.7183573425944999,
        0.7183573425944999,
        0.7183573425944999,
        0.7183573425944999,
        0.7183573425944999,
        0.7183573425944999,
        0.7183573425944999,
        0.7183573425944999,
        0.7183573425944999,
        0.7183573425944999,
        0.7183573425944999,
        0.7183573425944999,
        0.7183573425944999,
        0.7183573425944999,
        0.7183573425944999,
        0.7183573425944999,
        0.7183573425944999,
        0.7183573425944999,
        0.7183573425944999,
        0.7183573425944999,
        0.7183573425944999,
        0.7183573425944999,
        0.7183573425944999,
        0.7183573425944999,
        0.7183573425944999,
        0.7183573425944999,
        0.7183573425944999,
        0.7183573425944999,
        0.7183573425944999,
        0.7183573425944999,
        0.7183573425944999,
        0.7183573425944999,
        0.7183573425944999,
        0.7183573425944999,
        0.7183573425944999,
        0.7183573425944999,
        0.7183573425944999,
        0.7183573425944999,
        0.7183573425944999,
        0.7183573425944999,
        0.7183573425944999,
        0.7183573425944999,
        0.7183573425944999,
        0.7183573425944999,
        0.7183573425944999,
        0.7183573425944999,
        0.7183573425944999,
        0.7183573425944999,
        0.7183573425944999,
        0.7183573425944999,
        0.7183573425944999,
        0.7183573425944999,
        0.7183573425944999,
        0.7183573425944999,
        0.7183573425944999,
        0.7183573425944999,
        0.7183573425944999,
        0.7183573425944999,
        0.7183573425944999,
        0.7183573425944999,
        0.7183573425944999,
        0.7183573425944999,
        0.7183573425944999,
        0.7183573425944999,
        0.7183573425944999,
        0.7183573425944999,
        0.7183573425944999,
        0.7183573425944999,
        0.7183573425944999,
        0.7183573425944999,
        0.7183573425944999,
        0.7183573425944999,
        0.7183573425944999,
        0.7183573425944999,
        0.7183573425944999,
        0.7183573425944999,
        0.7183573425944999,
        0.7183573425944999,
        0.7183573425944999,
        0.7183573425944999,
        0.7183573425944999,
        0.7183573425944999,
        0.7183573425944999,
        0.7183573425944999,
        0.7183573425944999,
        0.7183573425944999,
        0.7183573425944999,
        0.7183573425944999,
        0.7183573425944999,
        0.7183573425944999,
        0.7183573425944999,
        0.7183573425944999,
        0.7183573425944999,
        0.7183573425944999,
        0.7183573425944999,
        0.7183573425944999,
        0.7183573425944999,
        0.7183573425944999,
        0.7183573425944999,
        0.7183573425944999,
        0.7183573425944999,
        0.7183573425944999,
        0.7183573425944999,
        0.7183573425944999,
        0.7183573425944999,
        0.7183573425944999,
        0.7183573425944999,
        0.7183573425944999,
        0.7183573425944999,
        0.7183573425944999,
        0.7183573425944999,
        0.7183573425944999,
        0.7183573425944999,
        0.7183573425944999,
        0.7183573425944999,
        0.7183573425944999,
        0.7183573425944999,
        0.7183573425944999,
        0.7183573425944999,
        0.7183573425944999,
        0.7183573425944999,
        0.7183573425944999,
        0.7183573425944999,
        0.7183573425944999,
        0.7183573425944999,
        0.7183573425944999,
        0.7183573425944999,
        0.7183573425944999,
        0.7183573425944999,
        0.7183573425944999,
        0.7183573425944999,
        0.7183573425944999,
        0.7183573425944999,
        0.7183573425944999,
        0.7183573425944999,
        0.7183573425944999,
        0.7183573425944999,
        0.7183573425944999,
        0.7183573425944999,
        0.7183573425944999,
        0.7183573425944999,
        0.7183573425944999,
        0.7183573425944999,
        0.7183573425944999,
        0.7183573425944999,
        0.7183573425944999,
        0.7183573425944999,
        0.7183573425944999,
        0.7183573425944999,
        0.7183573425944999,
        0.7183573425944999,
        0.7183573425944999,
        0.7183573425944999
    ],