{
    "dimensions": [
        0,
        0,
        0,
        0,
        0,
        0,
        0,
        0,
        0,
        0,
        0,
        0,
        0,
        0,
        0,
        0,
        0,
        0,
        0,
        0,
        0,
        0,
        0,
        0,
        0,
        0,
        0,
        0,
        0,
        0,
        0,
        0,
        0,
        0,
        0,
        0,
        0,
        0,
        0,
        0,
        0,
        0,
        0,
        0,
        0,
        0,
        0,
        0,
        0,
        0,
        0,
        0,
        0,
        0,
        0,
        0,
        0,
        0,
        0,
        0,
        0,
        0,
        0,
        0,
        0,
        0,
        0,
        0,
        0,
        0,
        0,
        0,
        0,
        0,
        0,
        0,
        0,
        0,
        0,
        0,
        0,
        0,
        0,
        0,
        0,
        0,
        0,
        0,
        0,
        0,
        0,
        0,
        0,
        0,
        0,
        0,
        0,
        0,
        0,
        0,
        0,
        0,
        0,
        0,
        0,
        0,
        0,
        0,
        0,
        0,
        0,
        0,
        0,
        0,
        0,
        0,
        0,
        0,
        0,
        0,
        0,
        0,
        0,
        0,
        0,
        0,
        0,
        0,
        0,
        0,
        0,
        0,
        0,
        0,
        0,
        0,
        0,
        0,
        0,
        0,
        0,
        0,
        0,
        0,
        0,
        0,
        0,
        0,
        0,
        0,
        0,
        0,
        0,
        0,
        0,
        0,
        0,
        0,
        0,
        0,
        0,
        0,
        0,
        0,
        0,
        0,
        0,
        0
    ],
    "creation_values": [
        0.8117596247152462,
        0.8117596247152462,
        0.8117596247152462,
        0.8117596247152462,
        0.8117596247152462,
        0.8117596247152462,
        0.8117596247152462,
        0.8117596247152462,
        0.8117596247152462,
        0.8117596247152462,
        0.8117596247152462,
        0.8117596247152462,
        0.8117596247152462,
        0.8117596247152462,
        0.8117596247152462,
        0.8117596247152462,
        0.8117596247152462,
        0.8117596247152462,
        0.8117596247152462,
        0.8117596247152462,
        0.8117596247152462,
        0.8117596247152462,
        0.8117596247152462,
        0.8117596247152462,
        0.8117596247152462,
        0.8117596247152462,
        0.8117596247152462,
        0.8117596247152462,
        0.8117596247152462,
        0.8117596247152462,
        0.8117596247152462,
        0.8117596247152462,
        0.8117596247152462,
        0.8117596247152462,
        0.8117596247152462,
        0.8117596247152462,
        0.8117596247152462,
        0.8117596247152462,
        0.8117596247152462,
        0.8117596247152462,
        0.8117596247152462,
        0.8117596247152462,
        0.8117596247152462,
        0.8117596247152462,
        0.8117596247152462,
        0.8117596247152462,
        0.8117596247152462,
        0.8117596247152462,
        0.8117596247152462,
        0.8117596247152462,
        0.8117596247152462,
        0.8117596247152462,
        0.8117596247152462,
        0.8117596247152462,
        0.8117596247152462,
        0.8117596247152462,
        0.8117596247152462,
        0.8117596247152462,
        0.8117596247152462,
        0.8117596247152462,
        0.8117596247152462,
        0.8117596247152462,
        0.8117596247152462,
        0.8117596247152462,
        0.8117596247152462,
        0.8117596247152462,
        0.8117596247152462,
        0.8117596247152462,
        0.8117596247152462,
        0.8117596247152462,
        0.8117596247152462,
        0.8117596247152462,
        0.8117596247152462,
        0.8117596247152462,
        0.8117596247152462,
        0.8117596247152462,
        0.8117596247152462,
        0.8117596247152462,
        0.8117596247152462,
        0.8117596247152462,
        0.8117596247152462,
        0.8117596247152462,
        0.8117596247152462,
        0.8117596247152462,
        0.8117596247152462,
        0.8117596247152462,
        0.8117596247152462,
        0.8117596247152462,
        0.8117596247152462,
        0.8117596247152462,
        0.8117596247152462,
        0.8117596247152462,
        0.8117596247152462,
        0.8117596247152462,
        0.8117596247152462,
        0.8117596247152462,
        0.8117596247152462,
        0.8117596247152462,
        0.8117596247152462,
        0.8117596247152462,
        0.8117596247152462,
        0.8117596247152462,
        0.8117596247152462,
        0.8117596247152462,
        0.8117596247152462,
        0.8117596247152462,
        0.8117596247152462,
        0.8117596247152462,
        0.8117596247152462,
        0.8117596247152462,
        0.8117596247152462,
        0.8117596247152462,
        0.8117596247152462,
        0.8117596247152462,
        0.8117596247152462,
        0.8117596247152462,
        0.8117596247152462,
        0.8117596247152462,
        0.8117596247152462,
        0.8117596247152462,
        0.8117596247152462,
        0.8117596247152462,
        0.8117596247152462,
        0.8117596247152462,
        0.8117596247152462,
        0.8117596247152462,
        0.8117596247152462,
        0.8117596247152462,
        0.8117596247152462,
        0.8117596247152462,
        0.8117596247152462,
        0.8117596247152462,
        0.8117596247152462,
        0.8117596247152462,
        0.8117596247152462,
        0.8117596247152462,
        0.8117596247152462,
        0.8117596247152462,
        0.8117596247152462,
        0.8117596247152462,
        0.8117596247152462,
        0.8117596247152462,
        0.8117596247152462,
        0.8117596247152462,
        0.8117596247152462,
        0.8117596247152462,
        0.8117596247152462,
        0.8117596247152462,
        0.8117596247152462,
        0.8117596247152462,
        0.8117596247152462,
        0.8117596247152462,
        0.8117596247152462,
        0.8117596247152462,
        0.8117596247152462,
        0.8117596247152462,
        0.8117596247152462,
        0.8117596247152462,
        0.8117596247152462,
        0.8117596247152462,
        0.8117596247152462,
        0.8117596247152462,
        0.8117596247152462,
        0.8117596247152462,
        0.8117596247152462,
        0.8117596247152462,
        0.8117596247152462,
        0.8117596247152462
    ],