{
    "dimensions": [
        0,
        0,
        0,
        0,
        0,
        0,
        0,
        0,
        0,
        0,
        0,
        0,
        0,
        0,
        0,
        0,
        0,
        0,
        0,
        0,
        0,
        0,
        0,
        0,
        0,
        0,
        0,
        0,
        0,
        0,
        0,
        0,
        0,
        0,
        0,
        0,
        0,
        0,
        0,
        0,
        0,
        0,
        0,
        0,
        0,
        0,
        0,
        0,
        0,
        0,
        0,
        0,
        0,
        0,
        0,
        0,
        0,
        0,
        0,
        0,
        0,
        0,
        0,
        0,
        0,
        0,
        0,
        0,
        0,
        0,
        0,
        0,
        0,
        0,
        0,
        0,
        0,
        0,
        0,
        0,
        0,
        0,
        0,
        0,
        0,
        0,
        0,
        0,
        0,
        0,
        0,
        0,
        0,
        0,
        0,
        0,
        0,
        0,
        0,
        0,
        0,
        0,
        0,
        0,
        0,
        0,
        0,
        0,
        0,
        0,
        0,
        0,
        0,
        0,
        0,
        0,
        0,
        0,
        0,
        0,
        0,
        0,
        0,
        0,
        0,
        0,
        0,
        0,
        0,
        0,
        0,
        0,
        0,
        0,
        0,
        0,
        0,
        0,
        0,
        0,
        0,
        0,
        0,
        0,
        0,
        0,
        0,
        0,
        0,
        0,
        0,
        0,
        0,
        0,
        0,
        0,
        0,
        0,
        0,
        0,
        0,
        0,
        0,
        0,
        0,
        0,
        0,
        0
    ],
    "creation_values": [
        0.909582477147828,
        0.909582477147828,
        0.909582477147828,
        0.909582477147828,
        0.909582477147828,
        0.909582477147828,
        0.909582477147828,
        0.909582477147828,
        0.909582477147828,
        0.909582477147828,
        0.909582477147828,
        0.909582477147828,
        0.909582477147828,
        0.909582477147828,
        0.909582477147828,
        0.909582477147828,
        0.909582477147828,
        0.909582477147828,
        0.909582477147828,
        0.909582477147828,
        0.909582477147828,
        0.909582477147828,
        0.909582477147828,
        0.909582477147828,
        0.909582477147828,
        0.909582477147828,
        0.909582477147828,
        0.909582477147828,
        0.909582477147828,
        0.909582477147828,
        0.909582477147828,
        0.909582477147828,
        0.909582477147828,
        0.909582477147828,
        0.909582477147828,
        0.909582477147828,
        0.909582477147828,
        0.909582477147828,
        0.909582477147828,
        0.909582477147828,
        0.909582477147828,
        0.909582477147828,
        0.909582477147828,
        0.909582477147828,
        0.909582477147828,
        0.909582477147828,
        0.909582477147828,
        0.909582477147828,
        0.909582477147828,
        0.909582477147828,
        0.909582477147828,
        0.909582477147828,
        0.909582477147828,
        0.909582477147828,
        0.909582477147828,
        0.909582477147828,
        0.909582477147828,
        0.909582477147828,
        0.909582477147828,
        0.909582477147828,
        0.909582477147828,
        0.909582477147828,
        0.909582477147828,
        0.909582477147828,
        0.909582477147828,
        0.909582477147828,
        0.909582477147828,
        0.909582477147828,
        0.909582477147828,
        0.909582477147828,
        0.909582477147828,
        0.909582477147828,
        0.909582477147828,
        0.909582477147828,
        0.909582477147828,
        0.909582477147828,
        0.909582477147828,
        0.909582477147828,
        0.909582477147828,
        0.909582477147828,
        0.909582477147828,
        0.909582477147828,
        0.909582477147828,
        0.909582477147828,
        0.909582477147828,
        0.909582477147828,
        0.909582477147828,
        0.909582477147828,
        0.909582477147828,
        0.909582477147828,
        0.909582477147828,
        0.909582477147828,
        0.909582477147828,
        0.909582477147828,
        0.909582477147828,
        0.909582477147828,
        0.909582477147828,
        0.909582477147828,
        0.909582477147828,
        0.909582477147828,
        0.909582477147828,
        0.909582477147828,
        0.909582477147828,
        0.909582477147828,
        0.909582477147828,
        0.909582477147828,
        0.909582477147828,
        0.909582477147828,
        0.909582477147828,
        0.909582477147828,
        0.909582477147828,
        0.909582477147828,
        0.909582477147828,
        0.909582477147828,
        0.909582477147828,
        0.909582477147828,
        0.909582477147828,
        0.909582477147828,
        0.909582477147828,
        0.909582477147828,
        0.909582477147828,
        0.909582477147828,
        0.909582477147828,
        0.909582477147828,
        0.909582477147828,
        0.909582477147828,
        0.909582477147828,
        0.909582477147828,
        0.909582477147828,
        0.909582477147828,
        0.909582477147828,
        0.909582477147828,
        0.909582477147828,
        0.909582477147828,
        0.909582477147828,
        0.909582477147828,
        0.909582477147828,
        0.909582477147828,
        0.909582477147828,
        0.909582477147828,
        0.909582477147828,
        0.909582477147828,
        0.909582477147828,
        0.909582477147828,
        0.909582477147828,
        0.909582477147828,
        0.909582477147828,
        0.909582477147828,
        0.909582477147828,
        0.909582477147828,
        0.909582477147828,
        0.909582477147828,
        0.909582477147828,
        0.909582477147828,
        0.909582477147828,
        0.909582477147828,
        0.909582477147828,
        0.909582477147828,
        0.909582477147828,
        0.909582477147828,
        0.909582477147828,
        0.909582477147828,
        0.909582477147828,
        0.909582477147828,
        0.909582477147828,
        0.909582477147828,
        0.909582477147828,
        0.909582477147828
    ],