{
    "dimensions": [
        0,
        0,
        0,
        0,
        0,
        0,
        0,
        0,
        0,
        0,
        0,
        0,
        0,
        0,
        0,
        0,
        0,
        0,
        0,
        0,
        0,
        0,
        0,
        0,
        0,
        0,
        0,
        0,
        0,
        0,
        0,
        0,
        0,
        0,
        0,
        0,
        0,
        0,
        0,
        0,
        0,
        0,
        0,
        0,
        0,
        0,
        0,
        0,
        0,
        0,
        0,
        0,
        0,
        0,
        0,
        0,
        0,
        0,
        0,
        0,
        0,
        0,
        0,
        0,
        0,
        0,
        0,
        0,
        0,
        0,
        0,
        0,
        0,
        0,
        0,
        0,
        0,
        0,
        0,
        0,
        0,
        0,
        0,
        0,
        0,
        0,
        0,
        0,
        0,
        0,
        0,
        0,
        0,
        0,
        0,
        0,
        0,
        0,
        0,
        0,
        0,
        0,
        0,
        0,
        0,
        0,
        0,
        0,
        0,
        0,
        0,
        0,
        0,
        0,
        0,
        0,
        0,
        0,
        0,
        0,
        0,
        0,
        0,
        0,
        0,
        0,
        0,
        0,
        0,
        0,
        0,
        0,
        0,
        0,
        0,
        0,
        0,
        0,
        0,
        0,
        0,
        0,
        0,
        0,
        0,
        0,
        0,
        0,
        0,
        0,
        0,
        0,
        0,
        0,
        0,
        0,
        0,
        0,
        0,
        0,
        0,
        0,
        0,
        0,
        0,
        0,
        0,
        0
    ],
    "creation_values": [
        0.9831140471739238,
        0.9831140471739238,
        0.9831140471739238,
        0.9831140471739238,
        0.9831140471739238,
        0.9831140471739238,
        0.9831140471739238,
        0.9831140471739238,
        0.9831140471739238,
        0.9831140471739238,
        0.9831140471739238,
        0.9831140471739238,
        0.9831140471739238,
        0.9831140471739238,
        0.9831140471739238,
        0.9831140471739238,
        0.9831140471739238,
        0.9831140471739238,
        0.9831140471739238,
        0.9831140471739238,
        0.9831140471739238,
        0.9831140471739238,
        0.9831140471739238,
        0.9831140471739238,
        0.9831140471739238,
        0.9831140471739238,
        0.9831140471739238,
        0.9831140471739238,
        0.9831140471739238,
        0.9831140471739238,
        0.9831140471739238,
        0.9831140471739238,
        0.9831140471739238,
        0.9831140471739238,
        0.9831140471739238,
        0.9831140471739238,
        0.9831140471739238,
        0.9831140471739238,
        0.9831140471739238,
        0.9831140471739238,
        0.9831140471739238,
        0.9831140471739238,
        0.9831140471739238,
        0.9831140471739238,
        0.9831140471739238,
        0.9831140471739238,
        0.9831140471739238,
        0.9831140471739238,
        0.9831140471739238,
        0.9831140471739238,
        0.9831140471739238,
        0.9831140471739238,
        0.9831140471739238,
        0.9831140471739238,
        0.9831140471739238,
        0.9831140471739238,
        0.9831140471739238,
        0.9831140471739238,
        0.9831140471739238,
        0.9831140471739238,
        0.9831140471739238,
        0.9831140471739238,
        0.9831140471739238,
        0.9831140471739238,
        0.9831140471739238,
        0.9831140471739238,
        0.9831140471739238,
        0.9831140471739238,
        0.9831140471739238,
        0.9831140471739238,
        0.9831140471739238,
        0.9831140471739238,
        0.9831140471739238,
        0.9831140471739238,
        0.9831140471739238,
        0.9831140471739238,
        0.9831140471739238,
        0.9831140471739238,
        0.9831140471739238,
        0.9831140471739238,
        0.9831140471739238,
        0.9831140471739238,
        0.9831140471739238,
        0.9831140471739238,
        0.9831140471739238,
        0.9831140471739238,
        0.9831140471739238,
        0.9831140471739238,
        0.9831140471739238,
        0.9831140471739238,
        0.9831140471739238,
        0.9831140471739238,
        0.9831140471739238,
        0.9831140471739238,
        0.9831140471739238,
        0.9831140471739238,
        0.9831140471739238,
        0.9831140471739238,
        0.9831140471739238,
        0.9831140471739238,
        0.9831140471739238,
        0.9831140471739238,
        0.9831140471739238,
        0.9831140471739238,
        0.9831140471739238,
        0.9831140471739238,
        0.9831140471739238,
        0.9831140471739238,
        0.9831140471739238,
        0.9831140471739238,
        0.9831140471739238,
        0.9831140471739238,
        0.9831140471739238,
        0.9831140471739238,
        0.9831140471739238,
        0.9831140471739238,
        0.9831140471739238,
        0.9831140471739238,
        0.9831140471739238,
        0.9831140471739238,
        0.9831140471739238,
        0.9831140471739238,
        0.9831140471739238,
        0.9831140471739238,
        0.9831140471739238,
        0.9831140471739238,
        0.9831140471739238,
        0.9831140471739238,
        0.9831140471739238,
        0.9831140471739238,
        0.9831140471739238,
        0.9831140471739238,
        0.9831140471739238,
        0.9831140471739238,
        0.9831140471739238,
        0.9831140471739238,
        0.9831140471739238,
        0.9831140471739238,
        0.9831140471739238,
        0.9831140471739238,
        0.9831140471739238,
        0.9831140471739238,
        0.9831140471739238,
        0.9831140471739238,
        0.9831140471739238,
        0.9831140471739238,
        0.9831140471739238,
        0.9831140471739238,
        0.9831140471739238,
        0.9831140471739238,
        0.9831140471739238,
        0.9831140471739238,
        0.9831140471739238,
        0.9831140471739238,
        0.9831140471739238,
        0.9831140471739238,
        0.9831140471739238,
        0.9831140471739238,
        0.9831140471739238,
        0.9831140471739238,
        0.9831140471739238,
        0.9831140471739238,
        0.9831140471739238,
        0.9831140471739238,
        0.9831140471739238,
        0.9831140471739238,
        0.9831140471739238,
        0.9831140471739238
    ],