{
    "dimensions": [
        0,
        0,
        0,
        0,
        0,
        0,
        0,
        0,
        0,
        0,
        0,
        0,
        0,
        0,
        0,
        0,
        0,
        0,
        0,
        0,
        0,
        0,
        0,
        0,
        0,
        0,
        0,
        0,
        0,
        0,
        0,
        0,
        0,
        0,
        0,
        0,
        0,
        0,
        0,
        0,
        0,
        0,
        0,
        0,
        0,
        0,
        0,
        0,
        0,
        0,
        0,
        0,
        0,
        0,
        0,
        0,
        0,
        0,
        0,
        0,
        0,
        0,
        0,
        0,
        0,
        0,
        0,
        0,
        0,
        0,
        0,
        0,
        0,
        0,
        0,
        0,
        0,
        0,
        0,
        0,
        0,
        0,
        0,
        0,
        0,
        0,
        0,
        0,
        0,
        0,
        0,
        0,
        0,
        0,
        0,
        0,
        0,
        0,
        0,
        0,
        0,
        0,
        0,
        0,
        0,
        0,
        0,
        0,
        0,
        0,
        0,
        0,
        0,
        0,
        0,
        0,
        0,
        0,
        0,
        0,
        0,
        0,
        0,
        0,
        0,
        0,
        0,
        0,
        0,
        0,
        0,
        0,
        0,
        0,
        0,
        0,
        0,
        0,
        0,
        0,
        0,
        0,
        0,
        0,
        0,
        0,
        0,
        0,
        0,
        0,
        0,
        0,
        0,
        0,
        0,
        0,
        0,
        0,
        0,
        0,
        0,
        0,
        0,
        0,
        0,
        0,
        0,
        0
    ],
    "creation_values": [
        0.9945940037872774,
        0.9945940037872774,
        0.9945940037872774,
        0.9945940037872774,
        0.9945940037872774,
        0.9945940037872774,
        0.9945940037872774,
        0.9945940037872774,
        0.9945940037872774,
        0.9945940037872774,
        0.9945940037872774,
        0.9945940037872774,
        0.9945940037872774,
        0.9945940037872774,
        0.9945940037872774,
        0.9945940037872774,
        0.9945940037872774,
        0.9945940037872774,
        0.9945940037872774,
        0.9945940037872774,
        0.9945940037872774,
        0.9945940037872774,
        0.9945940037872774,
        0.9945940037872774,
        0.9945940037872774,
        0.9945940037872774,
        0.9945940037872774,
        0.9945940037872774,
        0.9945940037872774,
        0.9945940037872774,
        0.9945940037872774,
        0.9945940037872774,
        0.9945940037872774,
        0.9945940037872774,
        0.9945940037872774,
        0.9945940037872774,
        0.9945940037872774,
        0.9945940037872774,
        0.9945940037872774,
        0.9945940037872774,
        0.9945940037872774,
        0.9945940037872774,
        0.9945940037872774,
        0.9945940037872774,
        0.9945940037872774,
        0.9945940037872774,
        0.9945940037872774,
        0.9945940037872774,
        0.9945940037872774,
        0.9945940037872774,
        0.9945940037872774,
        0.9945940037872774,
        0.9945940037872774,
        0.9945940037872774,
        0.9945940037872774,
        0.9945940037872774,
        0.9945940037872774,
        0.9945940037872774,
        0.9945940037872774,
        0.9945940037872774,
        0.9945940037872774,
        0.9945940037872774,
        0.9945940037872774,
        0.9945940037872774,
        0.9945940037872774,
        0.9945940037872774,
        0.9945940037872774,
        0.9945940037872774,
        0.9945940037872774,
        0.9945940037872774,
        0.9945940037872774,
        0.9945940037872774,
        0.9945940037872774,
        0.9945940037872774,
        0.9945940037872774,
        0.9945940037872774,
        0.9945940037872774,
        0.9945940037872774,
        0.9945940037872774,
        0.9945940037872774,
        0.9945940037872774,
        0.9945940037872774,
        0.9945940037872774,
        0.9945940037872774,
        0.9945940037872774,
        0.9945940037872774,
        0.9945940037872774,
        0.9945940037872774,
        0.9945940037872774,
        0.9945940037872774,
        0.9945940037872774,
        0.9945940037872774,
        0.9945940037872774,
        0.9945940037872774,
        0.9945940037872774,
        0.9945940037872774,
        0.9945940037872774,
        0.9945940037872774,
        0.9945940037872774,
        0.9945940037872774,
        0.9945940037872774,
        0.9945940037872774,
        0.9945940037872774,
        0.9945940037872774,
        0.9945940037872774,
        0.9945940037872774,
        0.9945940037872774,
        0.9945940037872774,
        0.9945940037872774,
        0.9945940037872774,
        0.9945940037872774,
        0.9945940037872774,
        0.9945940037872774,
        0.9945940037872774,
        0.9945940037872774,
        0.9945940037872774,
        0.9945940037872774,
        0.9945940037872774,
        0.9945940037872774,
        0.9945940037872774,
        0.9945940037872774,
        0.9945940037872774,
        0.9945940037872774,
        0.9945940037872774,
        0.9945940037872774,
        0.9945940037872774,
        0.9945940037872774,
        0.9945940037872774,
        0.9945940037872774,
        0.9945940037872774,
        0.9945940037872774,
        0.9945940037872774,
        0.9945940037872774,
        0.9945940037872774,
        0.9945940037872774,
        0.9945940037872774,
        0.9945940037872774,
        0.9945940037872774,
        0.9945940037872774,
        0.9945940037872774,
        0.9945940037872774,
        0.9945940037872774,
        0.9945940037872774,
        0.9945940037872774,
        0.9945940037872774,
        0.9945940037872774,
        0.9945940037872774,
        0.9945940037872774,
        0.9945940037872774,
        0.9945940037872774,
        0.9945940037872774,
        0.9945940037872774,
        0.9945940037872774,
        0.9945940037872774,
        0.9945940037872774,
        0.9945940037872774,
        0.9945940037872774,
        0.9945940037872774,
        0.9945940037872774,
        0.9945940037872774,
        0.9945940037872774,
        0.9945940037872774,
        0.9945940037872774,
        0.9945940037872774,
        0.9945940037872774,
        0.9945940037872774,
        0.9945940037872774,
        0.9945940037872774
    ],