{
    "dimensions": [
        0,
        0,
        0,
        0,
        0,
        0,
        0,
        0,
        0,
        0,
        0,
        0,
        0,
        0,
        0,
        0,
        0,
        0,
        0,
        0,
        0,
        0,
        0,
        0,
        0,
        0,
        0,
        0,
        0,
        0,
        0,
        0,
        0,
        0,
        0,
        0,
        0,
        0,
        0,
        0,
        0,
        0,
        0,
        0,
        0,
        0,
        0,
        0,
        0,
        0,
        0,
        0,
        0,
        0,
        0,
        0,
        0,
        0,
        0,
        0,
        0,
        0,
        0,
        0,
        0,
        0,
        0,
        0,
        0,
        0,
        0,
        0,
        0,
        0,
        0,
        0,
        0,
        0,
        0,
        0,
        0,
        0,
        0,
        0,
        0,
        0,
        0,
        0,
        0,
        0,
        0,
        0,
        0,
        0,
        0,
        0,
        0,
        0,
        0,
        0,
        0,
        0,
        0,
        0,
        0,
        0,
        0,
        0,
        0,
        0,
        0,
        0,
        0,
        0,
        0,
        0,
        0,
        0,
        0,
        0,
        0,
        0,
        0,
        0,
        0,
        0,
        0,
        0,
        0,
        0,
        0,
        0,
        0,
        0,
        0,
        0,
        0,
        0,
        0,
        0,
        0,
        0,
        0,
        0,
        0,
        0,
        0,
        0,
        0,
        0,
        0,
        0,
        0,
        0,
        0,
        0,
        0,
        0,
        0,
        0,
        0,
        0,
        0,
        0,
        0,
        0,
        0,
        0
    ],
    "creation_values": [
        0.8820779055948585,
        0.8820779055948585,
        0.8820779055948585,
        0.8820779055948585,
        0.8820779055948585,
        0.8820779055948585,
        0.8820779055948585,
        0.8820779055948585,
        0.8820779055948585,
        0.8820779055948585,
        0.8820779055948585,
        0.8820779055948585,
        0.8820779055948585,
        0.8820779055948585,
        0.8820779055948585,
        0.8820779055948585,
        0.8820779055948585,
        0.8820779055948585,
        0.8820779055948585,
        0.8820779055948585,
        0.8820779055948585,
        0.8820779055948585,
        0.8820779055948585,
        0.8820779055948585,
        0.8820779055948585,
        0.8820779055948585,
        0.8820779055948585,
        0.8820779055948585,
        0.8820779055948585,
        0.8820779055948585,
        0.8820779055948585,
        0.8820779055948585,
        0.8820779055948585,
        0.8820779055948585,
        0.8820779055948585,
        0.8820779055948585,
        0.8820779055948585,
        0.8820779055948585,
        0.8820779055948585,
        0.8820779055948585,
        0.8820779055948585,
        0.8820779055948585,
        0.8820779055948585,
        0.8820779055948585,
        0.8820779055948585,
        0.8820779055948585,
        0.8820779055948585,
        0.8820779055948585,
        0.8820779055948585,
        0.8820779055948585,
        0.8820779055948585,
        0.8820779055948585,
        0.8820779055948585,
        0.8820779055948585,
        0.8820779055948585,
        0.8820779055948585,
        0.8820779055948585,
        0.8820779055948585,
        0.8820779055948585,
        0.8820779055948585,
        0.8820779055948585,
        0.8820779055948585,
        0.8820779055948585,
        0.8820779055948585,
        0.8820779055948585,
        0.8820779055948585,
        0.8820779055948585,
        0.8820779055948585,
        0.8820779055948585,
        0.8820779055948585,
        0.8820779055948585,
        0.8820779055948585,
        0.8820779055948585,
        0.8820779055948585,
        0.8820779055948585,
        0.8820779055948585,
        0.8820779055948585,
        0.8820779055948585,
        0.8820779055948585,
        0.8820779055948585,
        0.8820779055948585,
        0.8820779055948585,
        0.8820779055948585,
        0.8820779055948585,
        0.8820779055948585,
        0.8820779055948585,
        0.8820779055948585,
        0.8820779055948585,
        0.8820779055948585,
        0.8820779055948585,
        0.8820779055948585,
        0.8820779055948585,
        0.8820779055948585,
        0.8820779055948585,
        0.8820779055948585,
        0.8820779055948585,
        0.8820779055948585,
        0.8820779055948585,
        0.8820779055948585,
        0.8820779055948585,
        0.8820779055948585,
        0.8820779055948585,
        0.8820779055948585,
        0.8820779055948585,
        0.8820779055948585,
        0.8820779055948585,
        0.8820779055948585,
        0.8820779055948585,
        0.8820779055948585,
        0.8820779055948585,
        0.8820779055948585,
        0.8820779055948585,
        0.8820779055948585,
        0.8820779055948585,
        0.8820779055948585,
        0.8820779055948585,
        0.8820779055948585,
        0.8820779055948585,
        0.8820779055948585,
        0.8820779055948585,
        0.8820779055948585,
        0.8820779055948585,
        0.8820779055948585,
        0.8820779055948585,
        0.8820779055948585,
        0.8820779055948585,
        0.8820779055948585,
        0.8820779055948585,
        0.8820779055948585,
        0.8820779055948585,
        0.8820779055948585,
        0.8820779055948585,
        0.8820779055948585,
        0.8820779055948585,
        0.8820779055948585,
        0.8820779055948585,
        0.8820779055948585,
        0.8820779055948585,
        0.8820779055948585,
        0.8820779055948585,
        0.8820779055948585,
        0.8820779055948585,
        0.8820779055948585,
        0.8820779055948585,
        0.8820779055948585,
        0.8820779055948585,
        0.8820779055948585,
        0.8820779055948585,
        0.8820779055948585,
        0.8820779055948585,
        0.8820779055948585,
        0.8820779055948585,
        0.8820779055948585,
        0.8820779055948585,
        0.8820779055948585,
        0.8820779055948585,
        0.8820779055948585,
        0.8820779055948585,
        0.8820779055948585,
        0.8820779055948585,
        0.8820779055948585,
        0.8820779055948585,
        0.8820779055948585,
        0.8820779055948585,
        0.8820779055948585,
        0.8820779055948585,
        0.8820779055948585,
        0.8820779055948585
    ],