{
    "dimensions": [
        0,
        0,
        0,
        0,
        0,
        0,
        0,
        0,
        0,
        0,
        0,
        0,
        0,
        0,
        0,
        0,
        0,
        0,
        0,
        0,
        0,
        0,
        0,
        0,
        0,
        0,
        0,
        0,
        0,
        0,
        0,
        0,
        0,
        0,
        0,
        0,
        0,
        0,
        0,
        0,
        0,
        0,
        0,
        0,
        0,
        0,
        0,
        0,
        0,
        0,
        0,
        0,
        0,
        0,
        0,
        0,
        0,
        0,
        0,
        0,
        0,
        0,
        0,
        0,
        0,
        0,
        0,
        0,
        0,
        0,
        0,
        0,
        0,
        0,
        0,
        0,
        0,
        0,
        0,
        0,
        0,
        0,
        0,
        0,
        0,
        0,
        0,
        0,
        0,
        0,
        0,
        0,
        0,
        0,
        0,
        0,
        0,
        0,
        0,
        0,
        0,
        0,
        0,
        0,
        0,
        0,
        0,
        0,
        0,
        0,
        0,
        0,
        0,
        0,
        0,
        0,
        0,
        0,
        0,
        0,
        0,
        0,
        0,
        0,
        0,
        0,
        0,
        0,
        0,
        0,
        0,
        0,
        0,
        0,
        0,
        0,
        0,
        0,
        0,
        0,
        0,
        0,
        0,
        0,
        0,
        0,
        0,
        0,
        0,
        0,
        0,
        0,
        0,
        0,
        0,
        0,
        0,
        0,
        0,
        0,
        0,
        0,
        0,
        0,
        0,
        0,
        0,
        0
    ],
    "creation_values": [
        0.9694685669518143,
        0.9694685669518143,
        0.9694685669518143,
        0.9694685669518143,
        0.9694685669518143,
        0.9694685669518143,
        0.9694685669518143,
        0.9694685669518143,
        0.9694685669518143,
        0.9694685669518143,
        0.9694685669518143,
        0.9694685669518143,
        0.9694685669518143,
        0.9694685669518143,
        0.9694685669518143,
        0.9694685669518143,
        0.9694685669518143,
        0.9694685669518143,
        0.9694685669518143,
        0.9694685669518143,
        0.9694685669518143,
        0.9694685669518143,
        0.9694685669518143,
        0.9694685669518143,
        0.9694685669518143,
        0.9694685669518143,
        0.9694685669518143,
        0.9694685669518143,
        0.9694685669518143,
        0.9694685669518143,
        0.9694685669518143,
        0.9694685669518143,
        0.9694685669518143,
        0.9694685669518143,
        0.9694685669518143,
        0.9694685669518143,
        0.9694685669518143,
        0.9694685669518143,
        0.9694685669518143,
        0.9694685669518143,
        0.9694685669518143,
        0.9694685669518143,
        0.9694685669518143,
        0.9694685669518143,
        0.9694685669518143,
        0.9694685669518143,
        0.9694685669518143,
        0.9694685669518143,
        0.9694685669518143,
        0.9694685669518143,
        0.9694685669518143,
        0.9694685669518143,
        0.9694685669518143,
        0.9694685669518143,
        0.9694685669518143,
        0.9694685669518143,
        0.9694685669518143,
        0.9694685669518143,
        0.9694685669518143,
        0.9694685669518143,
        0.9694685669518143,
        0.9694685669518143,
        0.9694685669518143,
        0.9694685669518143,
        0.9694685669518143,
        0.9694685669518143,
        0.9694685669518143,
        0.9694685669518143,
        0.9694685669518143,
        0.9694685669518143,
        0.9694685669518143,
        0.9694685669518143,
        0.9694685669518143,
        0.9694685669518143,
        0.9694685669518143,
        0.9694685669518143,
        0.9694685669518143,
        0.9694685669518143,
        0.9694685669518143,
        0.9694685669518143,
        0.9694685669518143,
        0.9694685669518143,
        0.9694685669518143,
        0.9694685669518143,
        0.9694685669518143,
        0.9694685669518143,
        0.9694685669518143,
        0.9694685669518143,
        0.9694685669518143,
        0.9694685669518143,
        0.9694685669518143,
        0.9694685669518143,
        0.9694685669518143,
        0.9694685669518143,
        0.9694685669518143,
        0.9694685669518143,
        0.9694685669518143,
        0.9694685669518143,
        0.9694685669518143,
        0.9694685669518143,
        0.9694685669518143,
        0.9694685669518143,
        0.9694685669518143,
        0.9694685669518143,
        0.9694685669518143,
        0.9694685669518143,
        0.9694685669518143,
        0.9694685669518143,
        0.9694685669518143,
        0.9694685669518143,
        0.9694685669518143,
        0.9694685669518143,
        0.9694685669518143,
        0.9694685669518143,
        0.9694685669518143,
        0.9694685669518143,
        0.9694685669518143,
        0.9694685669518143,
        0.9694685669518143,
        0.9694685669518143,
        0.9694685669518143,
        0.9694685669518143,
        0.9694685669518143,
        0.9694685669518143,
        0.9694685669518143,
        0.9694685669518143,
        0.9694685669518143,
        0.9694685669518143,
        0.9694685669518143,
        0.9694685669518143,
        0.9694685669518143,
        0.9694685669518143,
        0.9694685669518143,
        0.9694685669518143,
        0.9694685669518143,
        0.9694685669518143,
        0.9694685669518143,
        0.9694685669518143,
        0.9694685669518143,
        0.9694685669518143,
        0.9694685669518143,
        0.9694685669518143,
        0.9694685669518143,
        0.9694685669518143,
        0.9694685669518143,
        0.9694685669518143,
        0.9694685669518143,
        0.9694685669518143,
        0.9694685669518143,
        0.9694685669518143,
        0.9694685669518143,
        0.9694685669518143,
        0.9694685669518143,
        0.9694685669518143,
        0.9694685669518143,
        0.9694685669518143,
        0.9694685669518143,
        0.9694685669518143,
        0.9694685669518143,
        0.9694685669518143,
        0.9694685669518143,
        0.9694685669518143,
        0.9694685669518143,
        0.9694685669518143,
        0.9694685669518143,
        0.9694685669518143,
        0.9694685669518143,
        0.9694685669518143
    ],