{
    "dimensions": [
        0,
        0,
        0,
        0,
        0,
        0,
        0,
        0,
        0,
        0,
        0,
        0,
        0,
        0,
        0,
        0,
        0,
        0,
        0,
        0,
        0,
        0,
        0,
        0,
        0,
        0,
        0,
        0,
        0,
        0,
        0,
        0,
        0,
        0,
        0,
        0,
        0,
        0,
        0,
        0,
        0,
        0,
        0,
        0,
        0,
        0,
        0,
        0,
        0,
        0,
        0,
        0,
        0,
        0,
        0,
        0,
        0,
        0,
        0,
        0,
        0,
        0,
        0,
        0,
        0,
        0,
        0,
        0,
        0,
        0,
        0,
        0,
        0,
        0,
        0,
        0,
        0,
        0,
        0,
        0,
        0,
        0,
        0,
        0,
        0,
        0,
        0,
        0,
        0,
        0,
        0,
        0,
        0,
        0,
        0,
        0,
        0,
        0,
        0,
        0,
        0,
        0,
        0,
        0,
        0,
        0,
        0,
        0,
        0,
        0,
        0,
        0,
        0,
        0,
        0,
        0,
        0,
        0,
        0,
        0,
        0,
        0,
        0,
        0,
        0,
        0,
        0,
        0,
        0,
        0,
        0,
        0,
        0,
        0,
        0,
        0,
        0,
        0,
        0,
        0,
        0,
        0,
        0,
        0,
        0,
        0,
        0,
        0,
        0,
        0,
        0,
        0,
        0,
        0,
        0,
        0,
        0,
        0,
        0,
        0,
        0,
        0,
        0,
        0,
        0,
        0,
        0,
        0
    ],
    "creation_values": [
        0.9900502291121759,
        0.9900502291121759,
        0.9900502291121759,
        0.9900502291121759,
        0.9900502291121759,
        0.9900502291121759,
        0.9900502291121759,
        0.9900502291121759,
        0.9900502291121759,
        0.9900502291121759,
        0.9900502291121759,
        0.9900502291121759,
        0.9900502291121759,
        0.9900502291121759,
        0.9900502291121759,
        0.9900502291121759,
        0.9900502291121759,
        0.9900502291121759,
        0.9900502291121759,
        0.9900502291121759,
        0.9900502291121759,
        0.9900502291121759,
        0.9900502291121759,
        0.9900502291121759,
        0.9900502291121759,
        0.9900502291121759,
        0.9900502291121759,
        0.9900502291121759,
        0.9900502291121759,
        0.9900502291121759,
        0.9900502291121759,
        0.9900502291121759,
        0.9900502291121759,
        0.9900502291121759,
        0.9900502291121759,
        0.9900502291121759,
        0.9900502291121759,
        0.9900502291121759,
        0.9900502291121759,
        0.9900502291121759,
        0.9900502291121759,
        0.9900502291121759,
        0.9900502291121759,
        0.9900502291121759,
        0.9900502291121759,
        0.9900502291121759,
        0.9900502291121759,
        0.9900502291121759,
        0.9900502291121759,
        0.9900502291121759,
        0.9900502291121759,
        0.9900502291121759,
        0.9900502291121759,
        0.9900502291121759,
        0.9900502291121759,
        0.9900502291121759,
        0.9900502291121759,
        0.9900502291121759,
        0.9900502291121759,
        0.9900502291121759,
        0.9900502291121759,
        0.9900502291121759,
        0.9900502291121759,
        0.9900502291121759,
        0.9900502291121759,
        0.9900502291121759,
        0.9900502291121759,
        0.9900502291121759,
        0.9900502291121759,
        0.9900502291121759,
        0.9900502291121759,
        0.9900502291121759,
        0.9900502291121759,
        0.9900502291121759,
        0.9900502291121759,
        0.9900502291121759,
        0.9900502291121759,
        0.9900502291121759,
        0.9900502291121759,
        0.9900502291121759,
        0.9900502291121759,
        0.9900502291121759,
        0.9900502291121759,
        0.9900502291121759,
        0.9900502291121759,
        0.9900502291121759,
        0.9900502291121759,
        0.9900502291121759,
        0.9900502291121759,
        0.9900502291121759,
        0.9900502291121759,
        0.9900502291121759,
        0.9900502291121759,
        0.9900502291121759,
        0.9900502291121759,
        0.9900502291121759,
        0.9900502291121759,
        0.9900502291121759,
        0.9900502291121759,
        0.9900502291121759,
        0.9900502291121759,
        0.9900502291121759,
        0.9900502291121759,
        0.9900502291121759,
        0.9900502291121759,
        0.9900502291121759,
        0.9900502291121759,
        0.9900502291121759,
        0.9900502291121759,
        0.9900502291121759,
        0.9900502291121759,
        0.9900502291121759,
        0.9900502291121759,
        0.9900502291121759,
        0.9900502291121759,
        0.9900502291121759,
        0.9900502291121759,
        0.9900502291121759,
        0.9900502291121759,
        0.9900502291121759,
        0.9900502291121759,
        0.9900502291121759,
        0.9900502291121759,
        0.9900502291121759,
        0.9900502291121759,
        0.9900502291121759,
        0.9900502291121759,
        0.9900502291121759,
        0.9900502291121759,
        0.9900502291121759,
        0.9900502291121759,
        0.9900502291121759,
        0.9900502291121759,
        0.9900502291121759,
        0.9900502291121759,
        0.9900502291121759,
        0.9900502291121759,
        0.9900502291121759,
        0.9900502291121759,
        0.9900502291121759,
        0.9900502291121759,
        0.9900502291121759,
        0.9900502291121759,
        0.9900502291121759,
        0.9900502291121759,
        0.9900502291121759,
        0.9900502291121759,
        0.9900502291121759,
        0.9900502291121759,
        0.9900502291121759,
        0.9900502291121759,
        0.9900502291121759,
        0.9900502291121759,
        0.9900502291121759,
        0.9900502291121759,
        0.9900502291121759,
        0.9900502291121759,
        0.9900502291121759,
        0.9900502291121759,
        0.9900502291121759,
        0.9900502291121759,
        0.9900502291121759,
        0.9900502291121759,
        0.9900502291121759,
        0.9900502291121759,
        0.9900502291121759,
        0.9900502291121759,
        0.9900502291121759
    ],