{
    "dimensions": [
        0,
        0,
        0,
        0,
        0,
        0,
        0,
        0,
        0,
        0,
        0,
        0,
        0,
        0,
        0,
        0,
        0,
        0,
        0,
        0,
        0,
        0,
        0,
        0,
        0,
        0,
        0,
        0,
        0,
        0,
        0,
        0,
        0,
        0,
        0,
        0,
        0,
        0,
        0,
        0,
        0,
        0,
        0,
        0,
        0,
        0,
        0,
        0,
        0,
        0,
        0,
        0,
        0,
        0,
        0,
        0,
        0,
        0,
        0,
        0,
        0,
        0,
        0,
        0,
        0,
        0,
        0,
        0,
        0,
        0,
        0,
        0,
        0,
        0,
        0,
        0,
        0,
        0,
        0,
        0,
        0,
        0,
        0,
        0,
        0,
        0,
        0,
        0,
        0,
        0,
        0,
        0,
        0,
        0,
        0,
        0,
        0,
        0,
        0,
        0,
        0,
        0,
        0,
        0,
        0,
        0,
        0,
        0,
        0,
        0,
        0,
        0,
        0,
        0,
        0,
        0,
        0,
        0,
        0,
        0,
        0,
        0,
        0,
        0,
        0,
        0,
        0,
        0,
        0,
        0,
        0,
        0,
        0,
        0,
        0,
        0,
        0,
        0,
        0,
        0,
        0,
        0,
        0,
        0,
        0,
        0,
        0,
        0,
        0,
        0,
        0,
        0,
        0,
        0,
        0,
        0,
        0,
        0,
        0,
        0,
        0,
        0,
        0,
        0,
        0,
        0,
        0,
        0
    ],
    "creation_values": [
        0.9975525738637664,
        0.9975525738637664,
        0.9975525738637664,
        0.9975525738637664,
        0.9975525738637664,
        0.9975525738637664,
        0.9975525738637664,
        0.9975525738637664,
        0.9975525738637664,
        0.9975525738637664,
        0.9975525738637664,
        0.9975525738637664,
        0.9975525738637664,
        0.9975525738637664,
        0.9975525738637664,
        0.9975525738637664,
        0.9975525738637664,
        0.9975525738637664,
        0.9975525738637664,
        0.9975525738637664,
        0.9975525738637664,
        0.9975525738637664,
        0.9975525738637664,
        0.9975525738637664,
        0.9975525738637664,
        0.9975525738637664,
        0.9975525738637664,
        0.9975525738637664,
        0.9975525738637664,
        0.9975525738637664,
        0.9975525738637664,
        0.9975525738637664,
        0.9975525738637664,
        0.9975525738637664,
        0.9975525738637664,
        0.9975525738637664,
        0.9975525738637664,
        0.9975525738637664,
        0.9975525738637664,
        0.9975525738637664,
        0.9975525738637664,
        0.9975525738637664,
        0.9975525738637664,
        0.9975525738637664,
        0.9975525738637664,
        0.9975525738637664,
        0.9975525738637664,
        0.9975525738637664,
        0.9975525738637664,
        0.9975525738637664,
        0.9975525738637664,
        0.9975525738637664,
        0.9975525738637664,
        0.9975525738637664,
        0.9975525738637664,
        0.9975525738637664,
        0.9975525738637664,
        0.9975525738637664,
        0.9975525738637664,
        0.9975525738637664,
        0.9975525738637664,
        0.9975525738637664,
        0.9975525738637664,
        0.9975525738637664,
        0.9975525738637664,
        0.9975525738637664,
        0.9975525738637664,
        0.9975525738637664,
        0.9975525738637664,
        0.9975525738637664,
        0.9975525738637664,
        0.9975525738637664,
        0.9975525738637664,
        0.9975525738637664,
        0.9975525738637664,
        0.9975525738637664,
        0.9975525738637664,
        0.9975525738637664,
        0.9975525738637664,
        0.9975525738637664,
        0.9975525738637664,
        0.9975525738637664,
        0.9975525738637664,
        0.9975525738637664,
        0.9975525738637664,
        0.9975525738637664,
        0.9975525738637664,
        0.9975525738637664,
        0.9975525738637664,
        0.9975525738637664,
        0.9975525738637664,
        0.9975525738637664,
        0.9975525738637664,
        0.9975525738637664,
        0.9975525738637664,
        0.9975525738637664,
        0.9975525738637664,
        0.9975525738637664,
        0.9975525738637664,
        0.9975525738637664,
        0.9975525738637664,
        0.9975525738637664,
        0.9975525738637664,
        0.9975525738637664,
        0.9975525738637664,
        0.9975525738637664,
        0.9975525738637664,
        0.9975525738637664,
        0.9975525738637664,
        0.9975525738637664,
        0.9975525738637664,
        0.9975525738637664,
        0.9975525738637664,
        0.9975525738637664,
        0.9975525738637664,
        0.9975525738637664,
        0.9975525738637664,
        0.9975525738637664,
        0.9975525738637664,
        0.9975525738637664,
        0.9975525738637664,
        0.9975525738637664,
        0.9975525738637664,
        0.9975525738637664,
        0.9975525738637664,
        0.9975525738637664,
        0.9975525738637664,
        0.9975525738637664,
        0.9975525738637664,
        0.9975525738637664,
        0.9975525738637664,
        0.9975525738637664,
        0.9975525738637664,
        0.9975525738637664,
        0.9975525738637664,
        0.9975525738637664,
        0.9975525738637664,
        0.9975525738637664,
        0.9975525738637664,
        0.9975525738637664,
        0.9975525738637664,
        0.9975525738637664,
        0.9975525738637664,
        0.9975525738637664,
        0.9975525738637664,
        0.9975525738637664,
        0.9975525738637664,
        0.9975525738637664,
        0.9975525738637664,
        0.9975525738637664,
        0.9975525738637664,
        0.9975525738637664,
        0.9975525738637664,
        0.9975525738637664,
        0.9975525738637664,
        0.9975525738637664,
        0.9975525738637664,
        0.9975525738637664,
        0.9975525738637664,
        0.9975525738637664,
        0.9975525738637664,
        0.9975525738637664,
        0.9975525738637664,
        0.9975525738637664,
        0.9975525738637664,
        0.9975525738637664,
        0.9975525738637664,
        0.9975525738637664
    ],