{
    "dimensions": [
        0,
        0,
        0,
        0,
        0,
        0,
        0,
        0,
        0,
        0,
        0,
        0,
        0,
        0,
        0,
        0,
        0,
        0,
        0,
        0,
        0,
        0,
        0,
        0,
        0,
        0,
        0,
        0,
        0,
        0,
        0,
        0,
        0,
        0,
        0,
        0,
        0,
        0,
        0,
        0,
        0,
        0,
        0,
        0,
        0,
        0,
        0,
        0,
        0,
        0,
        0,
        0,
        0,
        0,
        0,
        0,
        0,
        0,
        0,
        0,
        0,
        0,
        0,
        0,
        0,
        0,
        0,
        0,
        0,
        0,
        0,
        0,
        0,
        0,
        0,
        0,
        0,
        0,
        0,
        0,
        0,
        0,
        0,
        0,
        0,
        0,
        0,
        0,
        0,
        0,
        0,
        0,
        0,
        0,
        0,
        0,
        0,
        0,
        0,
        0,
        0,
        0,
        0,
        0,
        0,
        0,
        0,
        0,
        0,
        0,
        0,
        0,
        0,
        0,
        0,
        0,
        0,
        0,
        0,
        0,
        0,
        0,
        0,
        0,
        0,
        0,
        0,
        0,
        0,
        0,
        0,
        0,
        0,
        0,
        0,
        0,
        0,
        0,
        0,
        0,
        0,
        0,
        0,
        0,
        0,
        0,
        0,
        0,
        0,
        0,
        0,
        0,
        0,
        0,
        0,
        0,
        0,
        0,
        0,
        0,
        0,
        0,
        0,
        0,
        0,
        0,
        0,
        0
    ],
    "creation_values": [
        0.9107880636864987,
        0.9107880636864987,
        0.9107880636864987,
        0.9107880636864987,
        0.9107880636864987,
        0.9107880636864987,
        0.9107880636864987,
        0.9107880636864987,
        0.9107880636864987,
        0.9107880636864987,
        0.9107880636864987,
        0.9107880636864987,
        0.9107880636864987,
        0.9107880636864987,
        0.9107880636864987,
        0.9107880636864987,
        0.9107880636864987,
        0.9107880636864987,
        0.9107880636864987,
        0.9107880636864987,
        0.9107880636864987,
        0.9107880636864987,
        0.9107880636864987,
        0.9107880636864987,
        0.9107880636864987,
        0.9107880636864987,
        0.9107880636864987,
        0.9107880636864987,
        0.9107880636864987,
        0.9107880636864987,
        0.9107880636864987,
        0.9107880636864987,
        0.9107880636864987,
        0.9107880636864987,
        0.9107880636864987,
        0.9107880636864987,
        0.9107880636864987,
        0.9107880636864987,
        0.9107880636864987,
        0.9107880636864987,
        0.9107880636864987,
        0.9107880636864987,
        0.9107880636864987,
        0.9107880636864987,
        0.9107880636864987,
        0.9107880636864987,
        0.9107880636864987,
        0.9107880636864987,
        0.9107880636864987,
        0.9107880636864987,
        0.9107880636864987,
        0.9107880636864987,
        0.9107880636864987,
        0.9107880636864987,
        0.9107880636864987,
        0.9107880636864987,
        0.9107880636864987,
        0.9107880636864987,
        0.9107880636864987,
        0.9107880636864987,
        0.9107880636864987,
        0.9107880636864987,
        0.9107880636864987,
        0.9107880636864987,
        0.9107880636864987,
        0.9107880636864987,
        0.9107880636864987,
        0.9107880636864987,
        0.9107880636864987,
        0.9107880636864987,
        0.9107880636864987,
        0.9107880636864987,
        0.9107880636864987,
        0.9107880636864987,
        0.9107880636864987,
        0.9107880636864987,
        0.9107880636864987,
        0.9107880636864987,
        0.9107880636864987,
        0.9107880636864987,
        0.9107880636864987,
        0.9107880636864987,
        0.9107880636864987,
        0.9107880636864987,
        0.9107880636864987,
        0.9107880636864987,
        0.9107880636864987,
        0.9107880636864987,
        0.9107880636864987,
        0.9107880636864987,
        0.9107880636864987,
        0.9107880636864987,
        0.9107880636864987,
        0.9107880636864987,
        0.9107880636864987,
        0.9107880636864987,
        0.9107880636864987,
        0.9107880636864987,
        0.9107880636864987,
        0.9107880636864987,
        0.9107880636864987,
        0.9107880636864987,
        0.9107880636864987,
        0.9107880636864987,
        0.9107880636864987,
        0.9107880636864987,
        0.9107880636864987,
        0.9107880636864987,
        0.9107880636864987,
        0.9107880636864987,
        0.9107880636864987,
        0.9107880636864987,
        0.9107880636864987,
        0.9107880636864987,
        0.9107880636864987,
        0.9107880636864987,
        0.9107880636864987,
        0.9107880636864987,
        0.9107880636864987,
        0.9107880636864987,
        0.9107880636864987,
        0.9107880636864987,
        0.9107880636864987,
        0.9107880636864987,
        0.9107880636864987,
        0.9107880636864987,
        0.9107880636864987,
        0.9107880636864987,
        0.9107880636864987,
        0.9107880636864987,
        0.9107880636864987,
        0.9107880636864987,
        0.9107880636864987,
        0.9107880636864987,
        0.9107880636864987,
        0.9107880636864987,
        0.9107880636864987,
        0.9107880636864987,
        0.9107880636864987,
        0.9107880636864987,
        0.9107880636864987,
        0.9107880636864987,
        0.9107880636864987,
        0.9107880636864987,
        0.9107880636864987,
        0.9107880636864987,
        0.9107880636864987,
        0.9107880636864987,
        0.9107880636864987,
        0.9107880636864987,
        0.9107880636864987,
        0.9107880636864987,
        0.9107880636864987,
        0.9107880636864987,
        0.9107880636864987,
        0.9107880636864987,
        0.9107880636864987,
        0.9107880636864987,
        0.9107880636864987,
        0.9107880636864987,
        0.9107880636864987,
        0.9107880636864987,
        0.9107880636864987,
        0.9107880636864987,
        0.9107880636864987,
        0.9107880636864987,
        0.9107880636864987,
        0.9107880636864987
    ],