{
    "dimensions": [
        0,
        0,
        0,
        0,
        0,
        0,
        0,
        0,
        0,
        0,
        0,
        0,
        0,
        0,
        0,
        0,
        0,
        0,
        0,
        0,
        0,
        0,
        0,
        0,
        0,
        0,
        0,
        0,
        0,
        0,
        0,
        0,
        0,
        0,
        0,
        0,
        0,
        0,
        0,
        0,
        0,
        0,
        0,
        0,
        0,
        0,
        0,
        0,
        0,
        0,
        0,
        0,
        0,
        0,
        0,
        0,
        0,
        0,
        0,
        0,
        0,
        0,
        0,
        0,
        0,
        0,
        0,
        0,
        0,
        0,
        0,
        0,
        0,
        0,
        0,
        0,
        0,
        0,
        0,
        0,
        0,
        0,
        0,
        0,
        0,
        0,
        0,
        0,
        0,
        0,
        0,
        0,
        0,
        0,
        0,
        0,
        0,
        0,
        0,
        0,
        0,
        0,
        0,
        0,
        0,
        0,
        0,
        0,
        0,
        0,
        0,
        0,
        0,
        0,
        0,
        0,
        0,
        0,
        0,
        0,
        0,
        0,
        0,
        0,
        0,
        0,
        0,
        0,
        0,
        0,
        0,
        0,
        0,
        0,
        0,
        0,
        0,
        0,
        0,
        0,
        0,
        0,
        0,
        0,
        0,
        0,
        0,
        0,
        0,
        0,
        0,
        0,
        0,
        0,
        0,
        0,
        0,
        0,
        0,
        0,
        0,
        0,
        0,
        0,
        0,
        0,
        0,
        0
    ],
    "creation_values": [
        0.9935056991374364,
        0.9935056991374364,
        0.9935056991374364,
        0.9935056991374364,
        0.9935056991374364,
        0.9935056991374364,
        0.9935056991374364,
        0.9935056991374364,
        0.9935056991374364,
        0.9935056991374364,
        0.9935056991374364,
        0.9935056991374364,
        0.9935056991374364,
        0.9935056991374364,
        0.9935056991374364,
        0.9935056991374364,
        0.9935056991374364,
        0.9935056991374364,
        0.9935056991374364,
        0.9935056991374364,
        0.9935056991374364,
        0.9935056991374364,
        0.9935056991374364,
        0.9935056991374364,
        0.9935056991374364,
        0.9935056991374364,
        0.9935056991374364,
        0.9935056991374364,
        0.9935056991374364,
        0.9935056991374364,
        0.9935056991374364,
        0.9935056991374364,
        0.9935056991374364,
        0.9935056991374364,
        0.9935056991374364,
        0.9935056991374364,
        0.9935056991374364,
        0.9935056991374364,
        0.9935056991374364,
        0.9935056991374364,
        0.9935056991374364,
        0.9935056991374364,
        0.9935056991374364,
        0.9935056991374364,
        0.9935056991374364,
        0.9935056991374364,
        0.9935056991374364,
        0.9935056991374364,
        0.9935056991374364,
        0.9935056991374364,
        0.9935056991374364,
        0.9935056991374364,
        0.9935056991374364,
        0.9935056991374364,
        0.9935056991374364,
        0.9935056991374364,
        0.9935056991374364,
        0.9935056991374364,
        0.9935056991374364,
        0.9935056991374364,
        0.9935056991374364,
        0.9935056991374364,
        0.9935056991374364,
        0.9935056991374364,
        0.9935056991374364,
        0.9935056991374364,
        0.9935056991374364,
        0.9935056991374364,
        0.9935056991374364,
        0.9935056991374364,
        0.9935056991374364,
        0.9935056991374364,
        0.9935056991374364,
        0.9935056991374364,
        0.9935056991374364,
        0.9935056991374364,
        0.9935056991374364,
        0.9935056991374364,
        0.9935056991374364,
        0.9935056991374364,
        0.9935056991374364,
        0.9935056991374364,
        0.9935056991374364,
        0.9935056991374364,
        0.9935056991374364,
        0.9935056991374364,
        0.9935056991374364,
        0.9935056991374364,
        0.9935056991374364,
        0.9935056991374364,
        0.9935056991374364,
        0.9935056991374364,
        0.9935056991374364,
        0.9935056991374364,
        0.9935056991374364,
        0.9935056991374364,
        0.9935056991374364,
        0.9935056991374364,
        0.9935056991374364,
        0.9935056991374364,
        0.9935056991374364,
        0.9935056991374364,
        0.9935056991374364,
        0.9935056991374364,
        0.9935056991374364,
        0.9935056991374364,
        0.9935056991374364,
        0.9935056991374364,
        0.9935056991374364,
        0.9935056991374364,
        0.9935056991374364,
        0.9935056991374364,
        0.9935056991374364,
        0.9935056991374364,
        0.9935056991374364,
        0.9935056991374364,
        0.9935056991374364,
        0.9935056991374364,
        0.9935056991374364,
        0.9935056991374364,
        0.9935056991374364,
        0.9935056991374364,
        0.9935056991374364,
        0.9935056991374364,
        0.9935056991374364,
        0.9935056991374364,
        0.9935056991374364,
        0.9935056991374364,
        0.9935056991374364,
        0.9935056991374364,
        0.9935056991374364,
        0.9935056991374364,
        0.9935056991374364,
        0.9935056991374364,
        0.9935056991374364,
        0.9935056991374364,
        0.9935056991374364,
        0.9935056991374364,
        0.9935056991374364,
        0.9935056991374364,
        0.9935056991374364,
        0.9935056991374364,
        0.9935056991374364,
        0.9935056991374364,
        0.9935056991374364,
        0.9935056991374364,
        0.9935056991374364,
        0.9935056991374364,
        0.9935056991374364,
        0.9935056991374364,
        0.9935056991374364,
        0.9935056991374364,
        0.9935056991374364,
        0.9935056991374364,
        0.9935056991374364,
        0.9935056991374364,
        0.9935056991374364,
        0.9935056991374364,
        0.9935056991374364,
        0.9935056991374364,
        0.9935056991374364,
        0.9935056991374364,
        0.9935056991374364,
        0.9935056991374364,
        0.9935056991374364,
        0.9935056991374364,
        0.9935056991374364,
        0.9935056991374364
    ],