{
    "dimensions": [
        0,
        0,
        0,
        0,
        0,
        0,
        0,
        0,
        0,
        0,
        0,
        0,
        0,
        0,
        0,
        0,
        0,
        0,
        0,
        0,
        0,
        0,
        0,
        0,
        0,
        0,
        0,
        0,
        0,
        0,
        0,
        0,
        0,
        0,
        0,
        0,
        0,
        0,
        0,
        0,
        0,
        0,
        0,
        0,
        0,
        0,
        0,
        0,
        0,
        0,
        0,
        0,
        0,
        0,
        0,
        0,
        0,
        0,
        0,
        0,
        0,
        0,
        0,
        0,
        0,
        0,
        0,
        0,
        0,
        0,
        0,
        0,
        0,
        0,
        0,
        0,
        0,
        0,
        0,
        0,
        0,
        0,
        0,
        0,
        0,
        0,
        0,
        0,
        0,
        0,
        0,
        0,
        0,
        0,
        0,
        0,
        0,
        0,
        0,
        0,
        0,
        0,
        0,
        0,
        0,
        0,
        0,
        0,
        0,
        0,
        0,
        0,
        0,
        0,
        0,
        0,
        0,
        0,
        0,
        0,
        0,
        0,
        0,
        0,
        0,
        0,
        0,
        0,
        0,
        0,
        0,
        0,
        0,
        0,
        0,
        0,
        0,
        0,
        0,
        0,
        0,
        0,
        0,
        0,
        0,
        0,
        0,
        0,
        0,
        0,
        0,
        0,
        0,
        0,
        0,
        0,
        0,
        0,
        0,
        0,
        0,
        0,
        0,
        0,
        0,
        0,
        0,
        0
    ],
    "creation_values": [
        0.9880603509194598,
        0.9880603509194598,
        0.9880603509194598,
        0.9880603509194598,
        0.9880603509194598,
        0.9880603509194598,
        0.9880603509194598,
        0.9880603509194598,
        0.9880603509194598,
        0.9880603509194598,
        0.9880603509194598,
        0.9880603509194598,
        0.9880603509194598,
        0.9880603509194598,
        0.9880603509194598,
        0.9880603509194598,
        0.9880603509194598,
        0.9880603509194598,
        0.9880603509194598,
        0.9880603509194598,
        0.9880603509194598,
        0.9880603509194598,
        0.9880603509194598,
        0.9880603509194598,
        0.9880603509194598,
        0.9880603509194598,
        0.9880603509194598,
        0.9880603509194598,
        0.9880603509194598,
        0.9880603509194598,
        0.9880603509194598,
        0.9880603509194598,
        0.9880603509194598,
        0.9880603509194598,
        0.9880603509194598,
        0.9880603509194598,
        0.9880603509194598,
        0.9880603509194598,
        0.9880603509194598,
        0.9880603509194598,
        0.9880603509194598,
        0.9880603509194598,
        0.9880603509194598,
        0.9880603509194598,
        0.9880603509194598,
        0.9880603509194598,
        0.9880603509194598,
        0.9880603509194598,
        0.9880603509194598,
        0.9880603509194598,
        0.9880603509194598,
        0.9880603509194598,
        0.9880603509194598,
        0.9880603509194598,
        0.9880603509194598,
        0.9880603509194598,
        0.9880603509194598,
        0.9880603509194598,
        0.9880603509194598,
        0.9880603509194598,
        0.9880603509194598,
        0.9880603509194598,
        0.9880603509194598,
        0.9880603509194598,
        0.9880603509194598,
        0.9880603509194598,
        0.9880603509194598,
        0.9880603509194598,
        0.9880603509194598,
        0.9880603509194598,
        0.9880603509194598,
        0.9880603509194598,
        0.9880603509194598,
        0.9880603509194598,
        0.9880603509194598,
        0.9880603509194598,
        0.9880603509194598,
        0.9880603509194598,
        0.9880603509194598,
        0.9880603509194598,
        0.9880603509194598,
        0.9880603509194598,
        0.9880603509194598,
        0.9880603509194598,
        0.9880603509194598,
        0.9880603509194598,
        0.9880603509194598,
        0.9880603509194598,
        0.9880603509194598,
        0.9880603509194598,
        0.9880603509194598,
        0.9880603509194598,
        0.9880603509194598,
        0.9880603509194598,
        0.9880603509194598,
        0.9880603509194598,
        0.9880603509194598,
        0.9880603509194598,
        0.9880603509194598,
        0.9880603509194598,
        0.9880603509194598,
        0.9880603509194598,
        0.9880603509194598,
        0.9880603509194598,
        0.9880603509194598,
        0.9880603509194598,
        0.9880603509194598,
        0.9880603509194598,
        0.9880603509194598,
        0.9880603509194598,
        0.9880603509194598,
        0.9880603509194598,
        0.9880603509194598,
        0.9880603509194598,
        0.9880603509194598,
        0.9880603509194598,
        0.9880603509194598,
        0.9880603509194598,
        0.9880603509194598,
        0.9880603509194598,
        0.9880603509194598,
        0.9880603509194598,
        0.9880603509194598,
        0.9880603509194598,
        0.9880603509194598,
        0.9880603509194598,
        0.9880603509194598,
        0.9880603509194598,
        0.9880603509194598,
        0.9880603509194598,
        0.9880603509194598,
        0.9880603509194598,
        0.9880603509194598,
        0.9880603509194598,
        0.9880603509194598,
        0.9880603509194598,
        0.9880603509194598,
        0.9880603509194598,
        0.9880603509194598,
        0.9880603509194598,
        0.9880603509194598,
        0.9880603509194598,
        0.9880603509194598,
        0.9880603509194598,
        0.9880603509194598,
        0.9880603509194598,
        0.9880603509194598,
        0.9880603509194598,
        0.9880603509194598,
        0.9880603509194598,
        0.9880603509194598,
        0.9880603509194598,
        0.9880603509194598,
        0.9880603509194598,
        0.9880603509194598,
        0.9880603509194598,
        0.9880603509194598,
        0.9880603509194598,
        0.9880603509194598,
        0.9880603509194598,
        0.9880603509194598,
        0.9880603509194598,
        0.9880603509194598,
        0.9880603509194598,
        0.9880603509194598,
        0.9880603509194598,
        0.9880603509194598,
        0.9880603509194598
    ],