{
    "dimensions": [
        0,
        0,
        0,
        0,
        0,
        0,
        0,
        0,
        0,
        0,
        0,
        0,
        0,
        0,
        0,
        0,
        0,
        0,
        0,
        0,
        0,
        0,
        0,
        0,
        0,
        0,
        0,
        0,
        0,
        0,
        0,
        0,
        0,
        0,
        0,
        0,
        0,
        0,
        0,
        0,
        0,
        0,
        0,
        0,
        0,
        0,
        0,
        0,
        0,
        0,
        0,
        0,
        0,
        0,
        0,
        0,
        0,
        0,
        0,
        0,
        0,
        0,
        0,
        0,
        0,
        0,
        0,
        0,
        0,
        0,
        0,
        0,
        0,
        0,
        0,
        0,
        0,
        0,
        0,
        0,
        0,
        0,
        0,
        0,
        0,
        0,
        0,
        0,
        0,
        0,
        0,
        0,
        0,
        0,
        0,
        0,
        0,
        0,
        0,
        0,
        0,
        0,
        0,
        0,
        0,
        0,
        0,
        0,
        0,
        0,
        0,
        0,
        0,
        0,
        0,
        0,
        0,
        0,
        0,
        0,
        0,
        0,
        0,
        0,
        0,
        0,
        0,
        0,
        0,
        0,
        0,
        0,
        0,
        0,
        0,
        0,
        0,
        0,
        0,
        0,
        0,
        0,
        0,
        0,
        0,
        0,
        0,
        0,
        0,
        0,
        0,
        0,
        0,
        0,
        0,
        0,
        0,
        0,
        0,
        0,
        0,
        0,
        0,
        0,
        0,
        0,
        0,
        0
    ],
    "creation_values": [
        0.9151785325543741,
        0.9151785325543741,
        0.9151785325543741,
        0.9151785325543741,
        0.9151785325543741,
        0.9151785325543741,
        0.9151785325543741,
        0.9151785325543741,
        0.9151785325543741,
        0.9151785325543741,
        0.9151785325543741,
        0.9151785325543741,
        0.9151785325543741,
        0.9151785325543741,
        0.9151785325543741,
        0.9151785325543741,
        0.9151785325543741,
        0.9151785325543741,
        0.9151785325543741,
        0.9151785325543741,
        0.9151785325543741,
        0.9151785325543741,
        0.9151785325543741,
        0.9151785325543741,
        0.9151785325543741,
        0.9151785325543741,
        0.9151785325543741,
        0.9151785325543741,
        0.9151785325543741,
        0.9151785325543741,
        0.9151785325543741,
        0.9151785325543741,
        0.9151785325543741,
        0.9151785325543741,
        0.9151785325543741,
        0.9151785325543741,
        0.9151785325543741,
        0.9151785325543741,
        0.9151785325543741,
        0.9151785325543741,
        0.9151785325543741,
        0.9151785325543741,
        0.9151785325543741,
        0.9151785325543741,
        0.9151785325543741,
        0.9151785325543741,
        0.9151785325543741,
        0.9151785325543741,
        0.9151785325543741,
        0.9151785325543741,
        0.9151785325543741,
        0.9151785325543741,
        0.9151785325543741,
        0.9151785325543741,
        0.9151785325543741,
        0.9151785325543741,
        0.9151785325543741,
        0.9151785325543741,
        0.9151785325543741,
        0.9151785325543741,
        0.9151785325543741,
        0.9151785325543741,
        0.9151785325543741,
        0.9151785325543741,
        0.9151785325543741,
        0.9151785325543741,
        0.9151785325543741,
        0.9151785325543741,
        0.9151785325543741,
        0.9151785325543741,
        0.9151785325543741,
        0.9151785325543741,
        0.9151785325543741,
        0.9151785325543741,
        0.9151785325543741,
        0.9151785325543741,
        0.9151785325543741,
        0.9151785325543741,
        0.9151785325543741,
        0.9151785325543741,
        0.9151785325543741,
        0.9151785325543741,
        0.9151785325543741,
        0.9151785325543741,
        0.9151785325543741,
        0.9151785325543741,
        0.9151785325543741,
        0.9151785325543741,
        0.9151785325543741,
        0.9151785325543741,
        0.9151785325543741,
        0.9151785325543741,
        0.9151785325543741,
        0.9151785325543741,
        0.9151785325543741,
        0.9151785325543741,
        0.9151785325543741,
        0.9151785325543741,
        0.9151785325543741,
        0.9151785325543741,
        0.9151785325543741,
        0.9151785325543741,
        0.9151785325543741,
        0.9151785325543741,
        0.9151785325543741,
        0.9151785325543741,
        0.9151785325543741,
        0.9151785325543741,
        0.9151785325543741,
        0.9151785325543741,
        0.9151785325543741,
        0.9151785325543741,
        0.9151785325543741,
        0.9151785325543741,
        0.9151785325543741,
        0.9151785325543741,
        0.9151785325543741,
        0.9151785325543741,
        0.9151785325543741,
        0.9151785325543741,
        0.9151785325543741,
        0.9151785325543741,
        0.9151785325543741,
        0.9151785325543741,
        0.9151785325543741,
        0.9151785325543741,
        0.9151785325543741,
        0.9151785325543741,
        0.9151785325543741,
        0.9151785325543741,
        0.9151785325543741,
        0.9151785325543741,
        0.9151785325543741,
        0.9151785325543741,
        0.9151785325543741,
        0.9151785325543741,
        0.9151785325543741,
        0.9151785325543741,
        0.9151785325543741,
        0.9151785325543741,
        0.9151785325543741,
        0.9151785325543741,
        0.9151785325543741,
        0.9151785325543741,
        0.9151785325543741,
        0.9151785325543741,
        0.9151785325543741,
        0.9151785325543741,
        0.9151785325543741,
        0.9151785325543741,
        0.9151785325543741,
        0.9151785325543741,
        0.9151785325543741,
        0.9151785325543741,
        0.9151785325543741,
        0.9151785325543741,
        0.9151785325543741,
        0.9151785325543741,
        0.9151785325543741,
        0.9151785325543741,
        0.9151785325543741,
        0.9151785325543741,
        0.9151785325543741,
        0.9151785325543741,
        0.9151785325543741,
        0.9151785325543741,
        0.9151785325543741,
        0.9151785325543741
    ],