{
    "dimensions": [
        0,
        0,
        0,
        0,
        0,
        0,
        0,
        0,
        0,
        0,
        0,
        0,
        0,
        0,
        0,
        0,
        0,
        0,
        0,
        0,
        0,
        0,
        0,
        0,
        0,
        0,
        0,
        0,
        0,
        0,
        0,
        0,
        0,
        0,
        0,
        0,
        0,
        0,
        0,
        0,
        0,
        0,
        0,
        0,
        0,
        0,
        0,
        0,
        0,
        0,
        0,
        0,
        0,
        0,
        0,
        0,
        0,
        0,
        0,
        0,
        0,
        0,
        0,
        0,
        0,
        0,
        0,
        0,
        0,
        0,
        0,
        0,
        0,
        0,
        0,
        0,
        0,
        0,
        0,
        0,
        0,
        0,
        0,
        0,
        0,
        0,
        0,
        0,
        0,
        0,
        0,
        0,
        0,
        0,
        0,
        0,
        0,
        0,
        0,
        0,
        0,
        0,
        0,
        0,
        0,
        0,
        0,
        0,
        0,
        0,
        0,
        0,
        0,
        0,
        0,
        0,
        0,
        0,
        0,
        0,
        0,
        0,
        0,
        0,
        0,
        0,
        0,
        0,
        0,
        0,
        0,
        0,
        0,
        0,
        0,
        0,
        0,
        0,
        0,
        0,
        0,
        0,
        0,
        0,
        0,
        0,
        0,
        0,
        0,
        0,
        0,
        0,
        0,
        0,
        0,
        0,
        0,
        0,
        0,
        0,
        0,
        0,
        0,
        0,
        0,
        0,
        0,
        0
    ],
    "creation_values": [
        0.7541590028291926,
        0.7541590028291926,
        0.7541590028291926,
        0.7541590028291926,
        0.7541590028291926,
        0.7541590028291926,
        0.7541590028291926,
        0.7541590028291926,
        0.7541590028291926,
        0.7541590028291926,
        0.7541590028291926,
        0.7541590028291926,
        0.7541590028291926,
        0.7541590028291926,
        0.7541590028291926,
        0.7541590028291926,
        0.7541590028291926,
        0.7541590028291926,
        0.7541590028291926,
        0.7541590028291926,
        0.7541590028291926,
        0.7541590028291926,
        0.7541590028291926,
        0.7541590028291926,
        0.7541590028291926,
        0.7541590028291926,
        0.7541590028291926,
        0.7541590028291926,
        0.7541590028291926,
        0.7541590028291926,
        0.7541590028291926,
        0.7541590028291926,
        0.7541590028291926,
        0.7541590028291926,
        0.7541590028291926,
        0.7541590028291926,
        0.7541590028291926,
        0.7541590028291926,
        0.7541590028291926,
        0.7541590028291926,
        0.7541590028291926,
        0.7541590028291926,
        0.7541590028291926,
        0.7541590028291926,
        0.7541590028291926,
        0.7541590028291926,
        0.7541590028291926,
        0.7541590028291926,
        0.7541590028291926,
        0.7541590028291926,
        0.7541590028291926,
        0.7541590028291926,
        0.7541590028291926,
        0.7541590028291926,
        0.7541590028291926,
        0.7541590028291926,
        0.7541590028291926,
        0.7541590028291926,
        0.7541590028291926,
        0.7541590028291926,
        0.7541590028291926,
        0.7541590028291926,
        0.7541590028291926,
        0.7541590028291926,
        0.7541590028291926,
        0.7541590028291926,
        0.7541590028291926,
        0.7541590028291926,
        0.7541590028291926,
        0.7541590028291926,
        0.7541590028291926,
        0.7541590028291926,
        0.7541590028291926,
        0.7541590028291926,
        0.7541590028291926,
        0.7541590028291926,
        0.7541590028291926,
        0.7541590028291926,
        0.7541590028291926,
        0.7541590028291926,
        0.7541590028291926,
        0.7541590028291926,
        0.7541590028291926,
        0.7541590028291926,
        0.7541590028291926,
        0.7541590028291926,
        0.7541590028291926,
        0.7541590028291926,
        0.7541590028291926,
        0.7541590028291926,
        0.7541590028291926,
        0.7541590028291926,
        0.7541590028291926,
        0.7541590028291926,
        0.7541590028291926,
        0.7541590028291926,
        0.7541590028291926,
        0.7541590028291926,
        0.7541590028291926,
        0.7541590028291926,
        0.7541590028291926,
        0.7541590028291926,
        0.7541590028291926,
        0.7541590028291926,
        0.7541590028291926,
        0.7541590028291926,
        0.7541590028291926,
        0.7541590028291926,
        0.7541590028291926,
        0.7541590028291926,
        0.7541590028291926,
        0.7541590028291926,
        0.7541590028291926,
        0.7541590028291926,
        0.7541590028291926,
        0.7541590028291926,
        0.7541590028291926,
        0.7541590028291926,
        0.7541590028291926,
        0.7541590028291926,
        0.7541590028291926,
        0.7541590028291926,
        0.7541590028291926,
        0.7541590028291926,
        0.7541590028291926,
        0.7541590028291926,
        0.7541590028291926,
        0.7541590028291926,
        0.7541590028291926,
        0.7541590028291926,
        0.7541590028291926,
        0.7541590028291926,
        0.7541590028291926,
        0.7541590028291926,
        0.7541590028291926,
        0.7541590028291926,
        0.7541590028291926,
        0.7541590028291926,
        0.7541590028291926,
        0.7541590028291926,
        0.7541590028291926,
        0.7541590028291926,
        0.7541590028291926,
        0.7541590028291926,
        0.7541590028291926,
        0.7541590028291926,
        0.7541590028291926,
        0.7541590028291926,
        0.7541590028291926,
        0.7541590028291926,
        0.7541590028291926,
        0.7541590028291926,
        0.7541590028291926,
        0.7541590028291926,
        0.7541590028291926,
        0.7541590028291926,
        0.7541590028291926,
        0.7541590028291926,
        0.7541590028291926,
        0.7541590028291926,
        0.7541590028291926,
        0.7541590028291926,
        0.7541590028291926,
        0.7541590028291926,
        0.7541590028291926,
        0.7541590028291926,
        0.7541590028291926,
        0.7541590028291926
    ],