{
    "dimensions": [
        0,
        0,
        0,
        0,
        0,
        0,
        0,
        0,
        0,
        0,
        0,
        0,
        0,
        0,
        0,
        0,
        0,
        0,
        0,
        0,
        0,
        0,
        0,
        0,
        0,
        0,
        0,
        0,
        0,
        0,
        0,
        0,
        0,
        0,
        0,
        0,
        0,
        0,
        0,
        0,
        0,
        0,
        0,
        0,
        0,
        0,
        0,
        0,
        0,
        0,
        0,
        0,
        0,
        0,
        0,
        0,
        0,
        0,
        0,
        0,
        0,
        0,
        0,
        0,
        0,
        0,
        0,
        0,
        0,
        0,
        0,
        0,
        0,
        0,
        0,
        0,
        0,
        0,
        0,
        0,
        0,
        0,
        0,
        0,
        0,
        0,
        0,
        0,
        0,
        0,
        0,
        0,
        0,
        0,
        0,
        0,
        0,
        0,
        0,
        0,
        0,
        0,
        0,
        0,
        0,
        0,
        0,
        0,
        0,
        0,
        0,
        0,
        0,
        0,
        0,
        0,
        0,
        0,
        0,
        0,
        0,
        0,
        0,
        0,
        0,
        0,
        0,
        0,
        0,
        0,
        0,
        0,
        0,
        0,
        0,
        0,
        0,
        0,
        0,
        0,
        0,
        0,
        0,
        0,
        0,
        0,
        0,
        0,
        0,
        0,
        0,
        0,
        0,
        0,
        0,
        0,
        0,
        0,
        0,
        0,
        0,
        0,
        0,
        0,
        0,
        0,
        0,
        0
    ],
    "creation_values": [
        0.7399566854893964,
        0.7399566854893964,
        0.7399566854893964,
        0.7399566854893964,
        0.7399566854893964,
        0.7399566854893964,
        0.7399566854893964,
        0.7399566854893964,
        0.7399566854893964,
        0.7399566854893964,
        0.7399566854893964,
        0.7399566854893964,
        0.7399566854893964,
        0.7399566854893964,
        0.7399566854893964,
        0.7399566854893964,
        0.7399566854893964,
        0.7399566854893964,
        0.7399566854893964,
        0.7399566854893964,
        0.7399566854893964,
        0.7399566854893964,
        0.7399566854893964,
        0.7399566854893964,
        0.7399566854893964,
        0.7399566854893964,
        0.7399566854893964,
        0.7399566854893964,
        0.7399566854893964,
        0.7399566854893964,
        0.7399566854893964,
        0.7399566854893964,
        0.7399566854893964,
        0.7399566854893964,
        0.7399566854893964,
        0.7399566854893964,
        0.7399566854893964,
        0.7399566854893964,
        0.7399566854893964,
        0.7399566854893964,
        0.7399566854893964,
        0.7399566854893964,
        0.7399566854893964,
        0.7399566854893964,
        0.7399566854893964,
        0.7399566854893964,
        0.7399566854893964,
        0.7399566854893964,
        0.7399566854893964,
        0.7399566854893964,
        0.7399566854893964,
        0.7399566854893964,
        0.7399566854893964,
        0.7399566854893964,
        0.7399566854893964,
        0.7399566854893964,
        0.7399566854893964,
        0.7399566854893964,
        0.7399566854893964,
        0.7399566854893964,
        0.7399566854893964,
        0.7399566854893964,
        0.7399566854893964,
        0.7399566854893964,
        0.7399566854893964,
        0.7399566854893964,
        0.7399566854893964,
        0.7399566854893964,
        0.7399566854893964,
        0.7399566854893964,
        0.7399566854893964,
        0.7399566854893964,
        0.7399566854893964,
        0.7399566854893964,
        0.7399566854893964,
        0.7399566854893964,
        0.7399566854893964,
        0.7399566854893964,
        0.7399566854893964,
        0.7399566854893964,
        0.7399566854893964,
        0.7399566854893964,
        0.7399566854893964,
        0.7399566854893964,
        0.7399566854893964,
        0.7399566854893964,
        0.7399566854893964,
        0.7399566854893964,
        0.7399566854893964,
        0.7399566854893964,
        0.7399566854893964,
        0.7399566854893964,
        0.7399566854893964,
        0.7399566854893964,
        0.7399566854893964,
        0.7399566854893964,
        0.7399566854893964,
        0.7399566854893964,
        0.7399566854893964,
        0.7399566854893964,
        0.7399566854893964,
        0.7399566854893964,
        0.7399566854893964,
        0.7399566854893964,
        0.7399566854893964,
        0.7399566854893964,
        0.7399566854893964,
        0.7399566854893964,
        0.7399566854893964,
        0.7399566854893964,
        0.7399566854893964,
        0.7399566854893964,
        0.7399566854893964,
        0.7399566854893964,
        0.7399566854893964,
        0.7399566854893964,
        0.7399566854893964,
        0.7399566854893964,
        0.7399566854893964,
        0.7399566854893964,
        0.7399566854893964,
        0.7399566854893964,
        0.7399566854893964,
        0.7399566854893964,
        0.7399566854893964,
        0.7399566854893964,
        0.7399566854893964,
        0.7399566854893964,
        0.7399566854893964,
        0.7399566854893964,
        0.7399566854893964,
        0.7399566854893964,
        0.7399566854893964,
        0.7399566854893964,
        0.7399566854893964,
        0.7399566854893964,
        0.7399566854893964,
        0.7399566854893964,
        0.7399566854893964,
        0.7399566854893964,
        0.7399566854893964,
        0.7399566854893964,
        0.7399566854893964,
        0.7399566854893964,
        0.7399566854893964,
        0.7399566854893964,
        0.7399566854893964,
        0.7399566854893964,
        0.7399566854893964,
        0.7399566854893964,
        0.7399566854893964,
        0.7399566854893964,
        0.7399566854893964,
        0.7399566854893964,
        0.7399566854893964,
        0.7399566854893964,
        0.7399566854893964,
        0.7399566854893964,
        0.7399566854893964,
        0.7399566854893964,
        0.7399566854893964,
        0.7399566854893964,
        0.7399566854893964,
        0.7399566854893964,
        0.7399566854893964,
        0.7399566854893964,
        0.7399566854893964,
        0.7399566854893964
    ],