{
    "dimensions": [
        0,
        0,
        0,
        0,
        0,
        0,
        0,
        0,
        0,
        0,
        0,
        0,
        0,
        0,
        0,
        0,
        0,
        0,
        0,
        0,
        0,
        0,
        0,
        0,
        0,
        0,
        0,
        0,
        0,
        0,
        0,
        0,
        0,
        0,
        0,
        0,
        0,
        0,
        0,
        0,
        0,
        0,
        0,
        0,
        0,
        0,
        0,
        0,
        0,
        0,
        0,
        0,
        0,
        0,
        0,
        0,
        0,
        0,
        0,
        0,
        0,
        0,
        0,
        0,
        0,
        0,
        0,
        0,
        0,
        0,
        0,
        0,
        0,
        0,
        0,
        0,
        0,
        0,
        0,
        0,
        0,
        0,
        0,
        0,
        0,
        0,
        0,
        0,
        0,
        0,
        0,
        0,
        0,
        0,
        0,
        0,
        0,
        0,
        0,
        0,
        0,
        0,
        0,
        0,
        0,
        0,
        0,
        0,
        0,
        0,
        0,
        0,
        0,
        0,
        0,
        0,
        0,
        0,
        0,
        0,
        0,
        0,
        0,
        0,
        0,
        0,
        0,
        0,
        0,
        0,
        0,
        0,
        0,
        0,
        0,
        0,
        0,
        0,
        0,
        0,
        0,
        0,
        0,
        0,
        0,
        0,
        0,
        0,
        0,
        0,
        0,
        0,
        0,
        0,
        0,
        0,
        0,
        0,
        0,
        0,
        0,
        0,
        0,
        0,
        0,
        0,
        0,
        0
    ],
    "creation_values": [
        0.9853580480576071,
        0.9853580480576071,
        0.9853580480576071,
        0.9853580480576071,
        0.9853580480576071,
        0.9853580480576071,
        0.9853580480576071,
        0.9853580480576071,
        0.9853580480576071,
        0.9853580480576071,
        0.9853580480576071,
        0.9853580480576071,
        0.9853580480576071,
        0.9853580480576071,
        0.9853580480576071,
        0.9853580480576071,
        0.9853580480576071,
        0.9853580480576071,
        0.9853580480576071,
        0.9853580480576071,
        0.9853580480576071,
        0.9853580480576071,
        0.9853580480576071,
        0.9853580480576071,
        0.9853580480576071,
        0.9853580480576071,
        0.9853580480576071,
        0.9853580480576071,
        0.9853580480576071,
        0.9853580480576071,
        0.9853580480576071,
        0.9853580480576071,
        0.9853580480576071,
        0.9853580480576071,
        0.9853580480576071,
        0.9853580480576071,
        0.9853580480576071,
        0.9853580480576071,
        0.9853580480576071,
        0.9853580480576071,
        0.9853580480576071,
        0.9853580480576071,
        0.9853580480576071,
        0.9853580480576071,
        0.9853580480576071,
        0.9853580480576071,
        0.9853580480576071,
        0.9853580480576071,
        0.9853580480576071,
        0.9853580480576071,
        0.9853580480576071,
        0.9853580480576071,
        0.9853580480576071,
        0.9853580480576071,
        0.9853580480576071,
        0.9853580480576071,
        0.9853580480576071,
        0.9853580480576071,
        0.9853580480576071,
        0.9853580480576071,
        0.9853580480576071,
        0.9853580480576071,
        0.9853580480576071,
        0.9853580480576071,
        0.9853580480576071,
        0.9853580480576071,
        0.9853580480576071,
        0.9853580480576071,
        0.9853580480576071,
        0.9853580480576071,
        0.9853580480576071,
        0.9853580480576071,
        0.9853580480576071,
        0.9853580480576071,
        0.9853580480576071,
        0.9853580480576071,
        0.9853580480576071,
        0.9853580480576071,
        0.9853580480576071,
        0.9853580480576071,
        0.9853580480576071,
        0.9853580480576071,
        0.9853580480576071,
        0.9853580480576071,
        0.9853580480576071,
        0.9853580480576071,
        0.9853580480576071,
        0.9853580480576071,
        0.9853580480576071,
        0.9853580480576071,
        0.9853580480576071,
        0.9853580480576071,
        0.9853580480576071,
        0.9853580480576071,
        0.9853580480576071,
        0.9853580480576071,
        0.9853580480576071,
        0.9853580480576071,
        0.9853580480576071,
        0.9853580480576071,
        0.9853580480576071,
        0.9853580480576071,
        0.9853580480576071,
        0.9853580480576071,
        0.9853580480576071,
        0.9853580480576071,
        0.9853580480576071,
        0.9853580480576071,
        0.9853580480576071,
        0.9853580480576071,
        0.9853580480576071,
        0.9853580480576071,
        0.9853580480576071,
        0.9853580480576071,
        0.9853580480576071,
        0.9853580480576071,
        0.9853580480576071,
        0.9853580480576071,
        0.9853580480576071,
        0.9853580480576071,
        0.9853580480576071,
        0.9853580480576071,
        0.9853580480576071,
        0.9853580480576071,
        0.9853580480576071,
        0.9853580480576071,
        0.9853580480576071,
        0.9853580480576071,
        0.9853580480576071,
        0.9853580480576071,
        0.9853580480576071,
        0.9853580480576071,
        0.9853580480576071,
        0.9853580480576071,
        0.9853580480576071,
        0.9853580480576071,
        0.9853580480576071,
        0.9853580480576071,
        0.9853580480576071,
        0.9853580480576071,
        0.9853580480576071,
        0.9853580480576071,
        0.9853580480576071,
        0.9853580480576071,
        0.9853580480576071,
        0.9853580480576071,
        0.9853580480576071,
        0.9853580480576071,
        0.9853580480576071,
        0.9853580480576071,
        0.9853580480576071,
        0.9853580480576071,
        0.9853580480576071,
        0.9853580480576071,
        0.9853580480576071,
        0.9853580480576071,
        0.9853580480576071,
        0.9853580480576071,
        0.9853580480576071,
        0.9853580480576071,
        0.9853580480576071,
        0.9853580480576071,
        0.9853580480576071,
        0.9853580480576071,
        0.9853580480576071,
        0.9853580480576071,
        0.9853580480576071,
        0.9853580480576071
    ],