{
    "dimensions": [
        0,
        0,
        0,
        0,
        0,
        0,
        0,
        0,
        0,
        0,
        0,
        0,
        0,
        0,
        0,
        0,
        0,
        0,
        0,
        0,
        0,
        0,
        0,
        0,
        0,
        0,
        0,
        0,
        0,
        0,
        0,
        0,
        0,
        0,
        0,
        0,
        0,
        0,
        0,
        0,
        0,
        0,
        0,
        0,
        0,
        0,
        0,
        0,
        0,
        0,
        0,
        0,
        0,
        0,
        0,
        0,
        0,
        0,
        0,
        0,
        0,
        0,
        0,
        0,
        0,
        0,
        0,
        0,
        0,
        0,
        0,
        0,
        0,
        0,
        0,
        0,
        0,
        0,
        0,
        0,
        0,
        0,
        0,
        0,
        0,
        0,
        0,
        0,
        0,
        0,
        0,
        0,
        0,
        0,
        0,
        0,
        0,
        0,
        0,
        0,
        0,
        0,
        0,
        0,
        0,
        0,
        0,
        0,
        0,
        0,
        0,
        0,
        0,
        0,
        0,
        0,
        0,
        0,
        0,
        0,
        0,
        0,
        0,
        0,
        0,
        0,
        0,
        0,
        0,
        0,
        0,
        0,
        0,
        0,
        0,
        0,
        0,
        0,
        0,
        0,
        0,
        0,
        0,
        0,
        0,
        0,
        0,
        0,
        0,
        0,
        0,
        0,
        0,
        0,
        0,
        0,
        0,
        0,
        0,
        0,
        0,
        0,
        0,
        0,
        0,
        0,
        0,
        0
    ],
    "creation_values": [
        0.9601575150822791,
        0.9601575150822791,
        0.9601575150822791,
        0.9601575150822791,
        0.9601575150822791,
        0.9601575150822791,
        0.9601575150822791,
        0.9601575150822791,
        0.9601575150822791,
        0.9601575150822791,
        0.9601575150822791,
        0.9601575150822791,
        0.9601575150822791,
        0.9601575150822791,
        0.9601575150822791,
        0.9601575150822791,
        0.9601575150822791,
        0.9601575150822791,
        0.9601575150822791,
        0.9601575150822791,
        0.9601575150822791,
        0.9601575150822791,
        0.9601575150822791,
        0.9601575150822791,
        0.9601575150822791,
        0.9601575150822791,
        0.9601575150822791,
        0.9601575150822791,
        0.9601575150822791,
        0.9601575150822791,
        0.9601575150822791,
        0.9601575150822791,
        0.9601575150822791,
        0.9601575150822791,
        0.9601575150822791,
        0.9601575150822791,
        0.9601575150822791,
        0.9601575150822791,
        0.9601575150822791,
        0.9601575150822791,
        0.9601575150822791,
        0.9601575150822791,
        0.9601575150822791,
        0.9601575150822791,
        0.9601575150822791,
        0.9601575150822791,
        0.9601575150822791,
        0.9601575150822791,
        0.9601575150822791,
        0.9601575150822791,
        0.9601575150822791,
        0.9601575150822791,
        0.9601575150822791,
        0.9601575150822791,
        0.9601575150822791,
        0.9601575150822791,
        0.9601575150822791,
        0.9601575150822791,
        0.9601575150822791,
        0.9601575150822791,
        0.9601575150822791,
        0.9601575150822791,
        0.9601575150822791,
        0.9601575150822791,
        0.9601575150822791,
        0.9601575150822791,
        0.9601575150822791,
        0.9601575150822791,
        0.9601575150822791,
        0.9601575150822791,
        0.9601575150822791,
        0.9601575150822791,
        0.9601575150822791,
        0.9601575150822791,
        0.9601575150822791,
        0.9601575150822791,
        0.9601575150822791,
        0.9601575150822791,
        0.9601575150822791,
        0.9601575150822791,
        0.9601575150822791,
        0.9601575150822791,
        0.9601575150822791,
        0.9601575150822791,
        0.9601575150822791,
        0.9601575150822791,
        0.9601575150822791,
        0.9601575150822791,
        0.9601575150822791,
        0.9601575150822791,
        0.9601575150822791,
        0.9601575150822791,
        0.9601575150822791,
        0.9601575150822791,
        0.9601575150822791,
        0.9601575150822791,
        0.9601575150822791,
        0.9601575150822791,
        0.9601575150822791,
        0.9601575150822791,
        0.9601575150822791,
        0.9601575150822791,
        0.9601575150822791,
        0.9601575150822791,
        0.9601575150822791,
        0.9601575150822791,
        0.9601575150822791,
        0.9601575150822791,
        0.9601575150822791,
        0.9601575150822791,
        0.9601575150822791,
        0.9601575150822791,
        0.9601575150822791,
        0.9601575150822791,
        0.9601575150822791,
        0.9601575150822791,
        0.9601575150822791,
        0.9601575150822791,
        0.9601575150822791,
        0.9601575150822791,
        0.9601575150822791,
        0.9601575150822791,
        0.9601575150822791,
        0.9601575150822791,
        0.9601575150822791,
        0.9601575150822791,
        0.9601575150822791,
        0.9601575150822791,
        0.9601575150822791,
        0.9601575150822791,
        0.9601575150822791,
        0.9601575150822791,
        0.9601575150822791,
        0.9601575150822791,
        0.9601575150822791,
        0.9601575150822791,
        0.9601575150822791,
        0.9601575150822791,
        0.9601575150822791,
        0.9601575150822791,
        0.9601575150822791,
        0.9601575150822791,
        0.9601575150822791,
        0.9601575150822791,
        0.9601575150822791,
        0.9601575150822791,
        0.9601575150822791,
        0.9601575150822791,
        0.9601575150822791,
        0.9601575150822791,
        0.9601575150822791,
        0.9601575150822791,
        0.9601575150822791,
        0.9601575150822791,
        0.9601575150822791,
        0.9601575150822791,
        0.9601575150822791,
        0.9601575150822791,
        0.9601575150822791,
        0.9601575150822791,
        0.9601575150822791,
        0.9601575150822791,
        0.9601575150822791,
        0.9601575150822791,
        0.9601575150822791,
        0.9601575150822791,
        0.9601575150822791,
        0.9601575150822791
    ],