{
    "dimensions": [
        0,
        0,
        0,
        0,
        0,
        0,
        0,
        0,
        0,
        0,
        0,
        0,
        0,
        0,
        0,
        0,
        0,
        0,
        0,
        0,
        0,
        0,
        0,
        0,
        0,
        0,
        0,
        0,
        0,
        0,
        0,
        0,
        0,
        0,
        0,
        0,
        0,
        0,
        0,
        0,
        0,
        0,
        0,
        0,
        0,
        0,
        0,
        0,
        0,
        0,
        0,
        0,
        0,
        0,
        0,
        0,
        0,
        0,
        0,
        0,
        0,
        0,
        0,
        0,
        0,
        0,
        0,
        0,
        0,
        0,
        0,
        0,
        0,
        0,
        0,
        0,
        0,
        0,
        0,
        0,
        0,
        0,
        0,
        0,
        0,
        0,
        0,
        0,
        0,
        0,
        0,
        0,
        0,
        0,
        0,
        0,
        0,
        0,
        0,
        0,
        0,
        0,
        0,
        0,
        0,
        0,
        0,
        0,
        0,
        0,
        0,
        0,
        0,
        0,
        0,
        0,
        0,
        0,
        0,
        0,
        0,
        0,
        0,
        0,
        0,
        0,
        0,
        0,
        0,
        0,
        0,
        0,
        0,
        0,
        0,
        0,
        0,
        0,
        0,
        0,
        0,
        0,
        0,
        0,
        0,
        0,
        0,
        0,
        0,
        0,
        0,
        0,
        0,
        0,
        0,
        0,
        0,
        0,
        0,
        0,
        0,
        0,
        0,
        0,
        0,
        0,
        0,
        0
    ],
    "creation_values": [
        0.9068457667709168,
        0.9068457667709168,
        0.9068457667709168,
        0.9068457667709168,
        0.9068457667709168,
        0.9068457667709168,
        0.9068457667709168,
        0.9068457667709168,
        0.9068457667709168,
        0.9068457667709168,
        0.9068457667709168,
        0.9068457667709168,
        0.9068457667709168,
        0.9068457667709168,
        0.9068457667709168,
        0.9068457667709168,
        0.9068457667709168,
        0.9068457667709168,
        0.9068457667709168,
        0.9068457667709168,
        0.9068457667709168,
        0.9068457667709168,
        0.9068457667709168,
        0.9068457667709168,
        0.9068457667709168,
        0.9068457667709168,
        0.9068457667709168,
        0.9068457667709168,
        0.9068457667709168,
        0.9068457667709168,
        0.9068457667709168,
        0.9068457667709168,
        0.9068457667709168,
        0.9068457667709168,
        0.9068457667709168,
        0.9068457667709168,
        0.9068457667709168,
        0.9068457667709168,
        0.9068457667709168,
        0.9068457667709168,
        0.9068457667709168,
        0.9068457667709168,
        0.9068457667709168,
        0.9068457667709168,
        0.9068457667709168,
        0.9068457667709168,
        0.9068457667709168,
        0.9068457667709168,
        0.9068457667709168,
        0.9068457667709168,
        0.9068457667709168,
        0.9068457667709168,
        0.9068457667709168,
        0.9068457667709168,
        0.9068457667709168,
        0.9068457667709168,
        0.9068457667709168,
        0.9068457667709168,
        0.9068457667709168,
        0.9068457667709168,
        0.9068457667709168,
        0.9068457667709168,
        0.9068457667709168,
        0.9068457667709168,
        0.9068457667709168,
        0.9068457667709168,
        0.9068457667709168,
        0.9068457667709168,
        0.9068457667709168,
        0.9068457667709168,
        0.9068457667709168,
        0.9068457667709168,
        0.9068457667709168,
        0.9068457667709168,
        0.9068457667709168,
        0.9068457667709168,
        0.9068457667709168,
        0.9068457667709168,
        0.9068457667709168,
        0.9068457667709168,
        0.9068457667709168,
        0.9068457667709168,
        0.9068457667709168,
        0.9068457667709168,
        0.9068457667709168,
        0.9068457667709168,
        0.9068457667709168,
        0.9068457667709168,
        0.9068457667709168,
        0.9068457667709168,
        0.9068457667709168,
        0.9068457667709168,
        0.9068457667709168,
        0.9068457667709168,
        0.9068457667709168,
        0.9068457667709168,
        0.9068457667709168,
        0.9068457667709168,
        0.9068457667709168,
        0.9068457667709168,
        0.9068457667709168,
        0.9068457667709168,
        0.9068457667709168,
        0.9068457667709168,
        0.9068457667709168,
        0.9068457667709168,
        0.9068457667709168,
        0.9068457667709168,
        0.9068457667709168,
        0.9068457667709168,
        0.9068457667709168,
        0.9068457667709168,
        0.9068457667709168,
        0.9068457667709168,
        0.9068457667709168,
        0.9068457667709168,
        0.9068457667709168,
        0.9068457667709168,
        0.9068457667709168,
        0.9068457667709168,
        0.9068457667709168,
        0.9068457667709168,
        0.9068457667709168,
        0.9068457667709168,
        0.9068457667709168,
        0.9068457667709168,
        0.9068457667709168,
        0.9068457667709168,
        0.9068457667709168,
        0.9068457667709168,
        0.9068457667709168,
        0.9068457667709168,
        0.9068457667709168,
        0.9068457667709168,
        0.9068457667709168,
        0.9068457667709168,
        0.9068457667709168,
        0.9068457667709168,
        0.9068457667709168,
        0.9068457667709168,
        0.9068457667709168,
        0.9068457667709168,
        0.9068457667709168,
        0.9068457667709168,
        0.9068457667709168,
        0.9068457667709168,
        0.9068457667709168,
        0.9068457667709168,
        0.9068457667709168,
        0.9068457667709168,
        0.9068457667709168,
        0.9068457667709168,
        0.9068457667709168,
        0.9068457667709168,
        0.9068457667709168,
        0.9068457667709168,
        0.9068457667709168,
        0.9068457667709168,
        0.9068457667709168,
        0.9068457667709168,
        0.9068457667709168,
        0.9068457667709168,
        0.9068457667709168,
        0.9068457667709168,
        0.9068457667709168,
        0.9068457667709168,
        0.9068457667709168,
        0.9068457667709168
    ],