{
    "dimensions": [
        0,
        0,
        0,
        0,
        0,
        0,
        0,
        0,
        0,
        0,
        0,
        0,
        0,
        0,
        0,
        0,
        0,
        0,
        0,
        0,
        0,
        0,
        0,
        0,
        0,
        0,
        0,
        0,
        0,
        0,
        0,
        0,
        0,
        0,
        0,
        0,
        0,
        0,
        0,
        0,
        0,
        0,
        0,
        0,
        0,
        0,
        0,
        0,
        0,
        0,
        0,
        0,
        0,
        0,
        0,
        0,
        0,
        0,
        0,
        0,
        0,
        0,
        0,
        0,
        0,
        0,
        0,
        0,
        0,
        0,
        0,
        0,
        0,
        0,
        0,
        0,
        0,
        0,
        0,
        0,
        0,
        0,
        0,
        0,
        0,
        0,
        0,
        0,
        0,
        0,
        0,
        0,
        0,
        0,
        0,
        0,
        0,
        0,
        0,
        0,
        0,
        0,
        0,
        0,
        0,
        0,
        0,
        0,
        0,
        0,
        0,
        0,
        0,
        0,
        0,
        0,
        0,
        0,
        0,
        0,
        0,
        0,
        0,
        0,
        0,
        0,
        0,
        0,
        0,
        0,
        0,
        0,
        0,
        0,
        0,
        0,
        0,
        0,
        0,
        0,
        0,
        0,
        0,
        0,
        0,
        0,
        0,
        0,
        0,
        0,
        0,
        0,
        0,
        0,
        0,
        0,
        0,
        0,
        0,
        0,
        0,
        0,
        0,
        0,
        0,
        0,
        0,
        0
    ],
    "creation_values": [
        0.9974341207256325,
        0.9974341207256325,
        0.9974341207256325,
        0.9974341207256325,
        0.9974341207256325,
        0.9974341207256325,
        0.9974341207256325,
        0.9974341207256325,
        0.9974341207256325,
        0.9974341207256325,
        0.9974341207256325,
        0.9974341207256325,
        0.9974341207256325,
        0.9974341207256325,
        0.9974341207256325,
        0.9974341207256325,
        0.9974341207256325,
        0.9974341207256325,
        0.9974341207256325,
        0.9974341207256325,
        0.9974341207256325,
        0.9974341207256325,
        0.9974341207256325,
        0.9974341207256325,
        0.9974341207256325,
        0.9974341207256325,
        0.9974341207256325,
        0.9974341207256325,
        0.9974341207256325,
        0.9974341207256325,
        0.9974341207256325,
        0.9974341207256325,
        0.9974341207256325,
        0.9974341207256325,
        0.9974341207256325,
        0.9974341207256325,
        0.9974341207256325,
        0.9974341207256325,
        0.9974341207256325,
        0.9974341207256325,
        0.9974341207256325,
        0.9974341207256325,
        0.9974341207256325,
        0.9974341207256325,
        0.9974341207256325,
        0.9974341207256325,
        0.9974341207256325,
        0.9974341207256325,
        0.9974341207256325,
        0.9974341207256325,
        0.9974341207256325,
        0.9974341207256325,
        0.9974341207256325,
        0.9974341207256325,
        0.9974341207256325,
        0.9974341207256325,
        0.9974341207256325,
        0.9974341207256325,
        0.9974341207256325,
        0.9974341207256325,
        0.9974341207256325,
        0.9974341207256325,
        0.9974341207256325,
        0.9974341207256325,
        0.9974341207256325,
        0.9974341207256325,
        0.9974341207256325,
        0.9974341207256325,
        0.9974341207256325,
        0.9974341207256325,
        0.9974341207256325,
        0.9974341207256325,
        0.9974341207256325,
        0.9974341207256325,
        0.9974341207256325,
        0.9974341207256325,
        0.9974341207256325,
        0.9974341207256325,
        0.9974341207256325,
        0.9974341207256325,
        0.9974341207256325,
        0.9974341207256325,
        0.9974341207256325,
        0.9974341207256325,
        0.9974341207256325,
        0.9974341207256325,
        0.9974341207256325,
        0.9974341207256325,
        0.9974341207256325,
        0.9974341207256325,
        0.9974341207256325,
        0.9974341207256325,
        0.9974341207256325,
        0.9974341207256325,
        0.9974341207256325,
        0.9974341207256325,
        0.9974341207256325,
        0.9974341207256325,
        0.9974341207256325,
        0.9974341207256325,
        0.9974341207256325,
        0.9974341207256325,
        0.9974341207256325,
        0.9974341207256325,
        0.9974341207256325,
        0.9974341207256325,
        0.9974341207256325,
        0.9974341207256325,
        0.9974341207256325,
        0.9974341207256325,
        0.9974341207256325,
        0.9974341207256325,
        0.9974341207256325,
        0.9974341207256325,
        0.9974341207256325,
        0.9974341207256325,
        0.9974341207256325,
        0.9974341207256325,
        0.9974341207256325,
        0.9974341207256325,
        0.9974341207256325,
        0.9974341207256325,
        0.9974341207256325,
        0.9974341207256325,
        0.9974341207256325,
        0.9974341207256325,
        0.9974341207256325,
        0.9974341207256325,
        0.9974341207256325,
        0.9974341207256325,
        0.9974341207256325,
        0.9974341207256325,
        0.9974341207256325,
        0.9974341207256325,
        0.9974341207256325,
        0.9974341207256325,
        0.9974341207256325,
        0.9974341207256325,
        0.9974341207256325,
        0.9974341207256325,
        0.9974341207256325,
        0.9974341207256325,
        0.9974341207256325,
        0.9974341207256325,
        0.9974341207256325,
        0.9974341207256325,
        0.9974341207256325,
        0.9974341207256325,
        0.9974341207256325,
        0.9974341207256325,
        0.9974341207256325,
        0.9974341207256325,
        0.9974341207256325,
        0.9974341207256325,
        0.9974341207256325,
        0.9974341207256325,
        0.9974341207256325,
        0.9974341207256325,
        0.9974341207256325,
        0.9974341207256325,
        0.9974341207256325,
        0.9974341207256325,
        0.9974341207256325,
        0.9974341207256325,
        0.9974341207256325,
        0.9974341207256325,
        0.9974341207256325,
        0.9974341207256325
    ],