{
    "dimensions": [
        0,
        0,
        0,
        0,
        0,
        0,
        0,
        0,
        0,
        0,
        0,
        0,
        0,
        0,
        0,
        0,
        0,
        0,
        0,
        0,
        0,
        0,
        0,
        0,
        0,
        0,
        0,
        0,
        0,
        0,
        0,
        0,
        0,
        0,
        0,
        0,
        0,
        0,
        0,
        0,
        0,
        0,
        0,
        0,
        0,
        0,
        0,
        0,
        0,
        0,
        0,
        0,
        0,
        0,
        0,
        0,
        0,
        0,
        0,
        0,
        0,
        0,
        0,
        0,
        0,
        0,
        0,
        0,
        0,
        0,
        0,
        0,
        0,
        0,
        0,
        0,
        0,
        0,
        0,
        0,
        0,
        0,
        0,
        0,
        0,
        0,
        0,
        0,
        0,
        0,
        0,
        0,
        0,
        0,
        0,
        0,
        0,
        0,
        0,
        0,
        0,
        0,
        0,
        0,
        0,
        0,
        0,
        0,
        0,
        0,
        0,
        0,
        0,
        0,
        0,
        0,
        0,
        0,
        0,
        0,
        0,
        0,
        0,
        0,
        0,
        0,
        0,
        0,
        0,
        0,
        0,
        0,
        0,
        0,
        0,
        0,
        0,
        0,
        0,
        0,
        0,
        0,
        0,
        0,
        0,
        0,
        0,
        0,
        0,
        0,
        0,
        0,
        0,
        0,
        0,
        0,
        0,
        0,
        0,
        0,
        0,
        0,
        0,
        0,
        0,
        0,
        0,
        0
    ],
    "creation_values": [
        0.930556905452383,
        0.930556905452383,
        0.930556905452383,
        0.930556905452383,
        0.930556905452383,
        0.930556905452383,
        0.930556905452383,
        0.930556905452383,
        0.930556905452383,
        0.930556905452383,
        0.930556905452383,
        0.930556905452383,
        0.930556905452383,
        0.930556905452383,
        0.930556905452383,
        0.930556905452383,
        0.930556905452383,
        0.930556905452383,
        0.930556905452383,
        0.930556905452383,
        0.930556905452383,
        0.930556905452383,
        0.930556905452383,
        0.930556905452383,
        0.930556905452383,
        0.930556905452383,
        0.930556905452383,
        0.930556905452383,
        0.930556905452383,
        0.930556905452383,
        0.930556905452383,
        0.930556905452383,
        0.930556905452383,
        0.930556905452383,
        0.930556905452383,
        0.930556905452383,
        0.930556905452383,
        0.930556905452383,
        0.930556905452383,
        0.930556905452383,
        0.930556905452383,
        0.930556905452383,
        0.930556905452383,
        0.930556905452383,
        0.930556905452383,
        0.930556905452383,
        0.930556905452383,
        0.930556905452383,
        0.930556905452383,
        0.930556905452383,
        0.930556905452383,
        0.930556905452383,
        0.930556905452383,
        0.930556905452383,
        0.930556905452383,
        0.930556905452383,
        0.930556905452383,
        0.930556905452383,
        0.930556905452383,
        0.930556905452383,
        0.930556905452383,
        0.930556905452383,
        0.930556905452383,
        0.930556905452383,
        0.930556905452383,
        0.930556905452383,
        0.930556905452383,
        0.930556905452383,
        0.930556905452383,
        0.930556905452383,
        0.930556905452383,
        0.930556905452383,
        0.930556905452383,
        0.930556905452383,
        0.930556905452383,
        0.930556905452383,
        0.930556905452383,
        0.930556905452383,
        0.930556905452383,
        0.930556905452383,
        0.930556905452383,
        0.930556905452383,
        0.930556905452383,
        0.930556905452383,
        0.930556905452383,
        0.930556905452383,
        0.930556905452383,
        0.930556905452383,
        0.930556905452383,
        0.930556905452383,
        0.930556905452383,
        0.930556905452383,
        0.930556905452383,
        0.930556905452383,
        0.930556905452383,
        0.930556905452383,
        0.930556905452383,
        0.930556905452383,
        0.930556905452383,
        0.930556905452383,
        0.930556905452383,
        0.930556905452383,
        0.930556905452383,
        0.930556905452383,
        0.930556905452383,
        0.930556905452383,
        0.930556905452383,
        0.930556905452383,
        0.930556905452383,
        0.930556905452383,
        0.930556905452383,
        0.930556905452383,
        0.930556905452383,
        0.930556905452383,
        0.930556905452383,
        0.930556905452383,
        0.930556905452383,
        0.930556905452383,
        0.930556905452383,
        0.930556905452383,
        0.930556905452383,
        0.930556905452383,
        0.930556905452383,
        0.930556905452383,
        0.930556905452383,
        0.930556905452383,
        0.930556905452383,
        0.930556905452383,
        0.930556905452383,
        0.930556905452383,
        0.930556905452383,
        0.930556905452383,
        0.930556905452383,
        0.930556905452383,
        0.930556905452383,
        0.930556905452383,
        0.930556905452383,
        0.930556905452383,
        0.930556905452383,
        0.930556905452383,
        0.930556905452383,
        0.930556905452383,
        0.930556905452383,
        0.930556905452383,
        0.930556905452383,
        0.930556905452383,
        0.930556905452383,
        0.930556905452383,
        0.930556905452383,
        0.930556905452383,
        0.930556905452383,
        0.930556905452383,
        0.930556905452383,
        0.930556905452383,
        0.930556905452383,
        0.930556905452383,
        0.930556905452383,
        0.930556905452383,
        0.930556905452383,
        0.930556905452383,
        0.930556905452383,
        0.930556905452383,
        0.930556905452383,
        0.930556905452383,
        0.930556905452383,
        0.930556905452383,
        0.930556905452383,
        0.930556905452383
    ],