{
    "dimensions": [
        0,
        0,
        0,
        0,
        0,
        0,
        0,
        0,
        0,
        0,
        0,
        0,
        0,
        0,
        0,
        0,
        0,
        0,
        0,
        0,
        0,
        0,
        0,
        0,
        0,
        0,
        0,
        0,
        0,
        0,
        0,
        0,
        0,
        0,
        0,
        0,
        0,
        0,
        0,
        0,
        0,
        0,
        0,
        0,
        0,
        0,
        0,
        0,
        0,
        0,
        0,
        0,
        0,
        0,
        0,
        0,
        0,
        0,
        0,
        0,
        0,
        0,
        0,
        0,
        0,
        0,
        0,
        0,
        0,
        0,
        0,
        0,
        0,
        0,
        0,
        0,
        0,
        0,
        0,
        0,
        0,
        0,
        0,
        0,
        0,
        0,
        0,
        0,
        0,
        0,
        0,
        0,
        0,
        0,
        0,
        0,
        0,
        0,
        0,
        0,
        0,
        0,
        0,
        0,
        0,
        0,
        0,
        0,
        0,
        0,
        0,
        0,
        0,
        0,
        0,
        0,
        0,
        0,
        0,
        0,
        0,
        0,
        0,
        0,
        0,
        0,
        0,
        0,
        0,
        0,
        0,
        0,
        0,
        0,
        0,
        0,
        0,
        0,
        0,
        0,
        0,
        0,
        0,
        0,
        0,
        0,
        0,
        0,
        0,
        0,
        0,
        0,
        0,
        0,
        0,
        0,
        0,
        0,
        0,
        0,
        0,
        0,
        0,
        0,
        0,
        0,
        0,
        0
    ],
    "creation_values": [
        0.9817964517725862,
        0.9817964517725862,
        0.9817964517725862,
        0.9817964517725862,
        0.9817964517725862,
        0.9817964517725862,
        0.9817964517725862,
        0.9817964517725862,
        0.9817964517725862,
        0.9817964517725862,
        0.9817964517725862,
        0.9817964517725862,
        0.9817964517725862,
        0.9817964517725862,
        0.9817964517725862,
        0.9817964517725862,
        0.9817964517725862,
        0.9817964517725862,
        0.9817964517725862,
        0.9817964517725862,
        0.9817964517725862,
        0.9817964517725862,
        0.9817964517725862,
        0.9817964517725862,
        0.9817964517725862,
        0.9817964517725862,
        0.9817964517725862,
        0.9817964517725862,
        0.9817964517725862,
        0.9817964517725862,
        0.9817964517725862,
        0.9817964517725862,
        0.9817964517725862,
        0.9817964517725862,
        0.9817964517725862,
        0.9817964517725862,
        0.9817964517725862,
        0.9817964517725862,
        0.9817964517725862,
        0.9817964517725862,
        0.9817964517725862,
        0.9817964517725862,
        0.9817964517725862,
        0.9817964517725862,
        0.9817964517725862,
        0.9817964517725862,
        0.9817964517725862,
        0.9817964517725862,
        0.9817964517725862,
        0.9817964517725862,
        0.9817964517725862,
        0.9817964517725862,
        0.9817964517725862,
        0.9817964517725862,
        0.9817964517725862,
        0.9817964517725862,
        0.9817964517725862,
        0.9817964517725862,
        0.9817964517725862,
        0.9817964517725862,
        0.9817964517725862,
        0.9817964517725862,
        0.9817964517725862,
        0.9817964517725862,
        0.9817964517725862,
        0.9817964517725862,
        0.9817964517725862,
        0.9817964517725862,
        0.9817964517725862,
        0.9817964517725862,
        0.9817964517725862,
        0.9817964517725862,
        0.9817964517725862,
        0.9817964517725862,
        0.9817964517725862,
        0.9817964517725862,
        0.9817964517725862,
        0.9817964517725862,
        0.9817964517725862,
        0.9817964517725862,
        0.9817964517725862,
        0.9817964517725862,
        0.9817964517725862,
        0.9817964517725862,
        0.9817964517725862,
        0.9817964517725862,
        0.9817964517725862,
        0.9817964517725862,
        0.9817964517725862,
        0.9817964517725862,
        0.9817964517725862,
        0.9817964517725862,
        0.9817964517725862,
        0.9817964517725862,
        0.9817964517725862,
        0.9817964517725862,
        0.9817964517725862,
        0.9817964517725862,
        0.9817964517725862,
        0.9817964517725862,
        0.9817964517725862,
        0.9817964517725862,
        0.9817964517725862,
        0.9817964517725862,
        0.9817964517725862,
        0.9817964517725862,
        0.9817964517725862,
        0.9817964517725862,
        0.9817964517725862,
        0.9817964517725862,
        0.9817964517725862,
        0.9817964517725862,
        0.9817964517725862,
        0.9817964517725862,
        0.9817964517725862,
        0.9817964517725862,
        0.9817964517725862,
        0.9817964517725862,
        0.9817964517725862,
        0.9817964517725862,
        0.9817964517725862,
        0.9817964517725862,
        0.9817964517725862,
        0.9817964517725862,
        0.9817964517725862,
        0.9817964517725862,
        0.9817964517725862,
        0.9817964517725862,
        0.9817964517725862,
        0.9817964517725862,
        0.9817964517725862,
        0.9817964517725862,
        0.9817964517725862,
        0.9817964517725862,
        0.9817964517725862,
        0.9817964517725862,
        0.9817964517725862,
        0.9817964517725862,
        0.9817964517725862,
        0.9817964517725862,
        0.9817964517725862,
        0.9817964517725862,
        0.9817964517725862,
        0.9817964517725862,
        0.9817964517725862,
        0.9817964517725862,
        0.9817964517725862,
        0.9817964517725862,
        0.9817964517725862,
        0.9817964517725862,
        0.9817964517725862,
        0.9817964517725862,
        0.9817964517725862,
        0.9817964517725862,
        0.9817964517725862,
        0.9817964517725862,
        0.9817964517725862,
        0.9817964517725862,
        0.9817964517725862,
        0.9817964517725862,
        0.9817964517725862,
        0.9817964517725862,
        0.9817964517725862,
        0.9817964517725862,
        0.9817964517725862,
        0.9817964517725862,
        0.9817964517725862,
        0.9817964517725862
    ],