{
    "dimensions": [
        0,
        0,
        0,
        0,
        0,
        0,
        0,
        0,
        0,
        0,
        0,
        0,
        0,
        0,
        0,
        0,
        0,
        0,
        0,
        0,
        0,
        0,
        0,
        0,
        0,
        0,
        0,
        0,
        0,
        0,
        0,
        0,
        0,
        0,
        0,
        0,
        0,
        0,
        0,
        0,
        0,
        0,
        0,
        0,
        0,
        0,
        0,
        0,
        0,
        0,
        0,
        0,
        0,
        0,
        0,
        0,
        0,
        0,
        0,
        0,
        0,
        0,
        0,
        0,
        0,
        0,
        0,
        0,
        0,
        0,
        0,
        0,
        0,
        0,
        0,
        0,
        0,
        0,
        0,
        0,
        0,
        0,
        0,
        0,
        0,
        0,
        0,
        0,
        0,
        0,
        0,
        0,
        0,
        0,
        0,
        0,
        0,
        0,
        0,
        0,
        0,
        0,
        0,
        0,
        0,
        0,
        0,
        0,
        0,
        0,
        0,
        0,
        0,
        0,
        0,
        0,
        0,
        0,
        0,
        0,
        0,
        0,
        0,
        0,
        0,
        0,
        0,
        0,
        0,
        0,
        0,
        0,
        0,
        0,
        0,
        0,
        0,
        0,
        0,
        0,
        0,
        0,
        0,
        0,
        0,
        0,
        0,
        0,
        0,
        0,
        0,
        0,
        0,
        0,
        0,
        0,
        0,
        0,
        0,
        0,
        0,
        0,
        0,
        0,
        0,
        0,
        0,
        0
    ],
    "creation_values": [
        0.9775821369741767,
        0.9775821369741767,
        0.9775821369741767,
        0.9775821369741767,
        0.9775821369741767,
        0.9775821369741767,
        0.9775821369741767,
        0.9775821369741767,
        0.9775821369741767,
        0.9775821369741767,
        0.9775821369741767,
        0.9775821369741767,
        0.9775821369741767,
        0.9775821369741767,
        0.9775821369741767,
        0.9775821369741767,
        0.9775821369741767,
        0.9775821369741767,
        0.9775821369741767,
        0.9775821369741767,
        0.9775821369741767,
        0.9775821369741767,
        0.9775821369741767,
        0.9775821369741767,
        0.9775821369741767,
        0.9775821369741767,
        0.9775821369741767,
        0.9775821369741767,
        0.9775821369741767,
        0.9775821369741767,
        0.9775821369741767,
        0.9775821369741767,
        0.9775821369741767,
        0.9775821369741767,
        0.9775821369741767,
        0.9775821369741767,
        0.9775821369741767,
        0.9775821369741767,
        0.9775821369741767,
        0.9775821369741767,
        0.9775821369741767,
        0.9775821369741767,
        0.9775821369741767,
        0.9775821369741767,
        0.9775821369741767,
        0.9775821369741767,
        0.9775821369741767,
        0.9775821369741767,
        0.9775821369741767,
        0.9775821369741767,
        0.9775821369741767,
        0.9775821369741767,
        0.9775821369741767,
        0.9775821369741767,
        0.9775821369741767,
        0.9775821369741767,
        0.9775821369741767,
        0.9775821369741767,
        0.9775821369741767,
        0.9775821369741767,
        0.9775821369741767,
        0.9775821369741767,
        0.9775821369741767,
        0.9775821369741767,
        0.9775821369741767,
        0.9775821369741767,
        0.9775821369741767,
        0.9775821369741767,
        0.9775821369741767,
        0.9775821369741767,
        0.9775821369741767,
        0.9775821369741767,
        0.9775821369741767,
        0.9775821369741767,
        0.9775821369741767,
        0.9775821369741767,
        0.9775821369741767,
        0.9775821369741767,
        0.9775821369741767,
        0.9775821369741767,
        0.9775821369741767,
        0.9775821369741767,
        0.9775821369741767,
        0.9775821369741767,
        0.9775821369741767,
        0.9775821369741767,
        0.9775821369741767,
        0.9775821369741767,
        0.9775821369741767,
        0.9775821369741767,
        0.9775821369741767,
        0.9775821369741767,
        0.9775821369741767,
        0.9775821369741767,
        0.9775821369741767,
        0.9775821369741767,
        0.9775821369741767,
        0.9775821369741767,
        0.9775821369741767,
        0.9775821369741767,
        0.9775821369741767,
        0.9775821369741767,
        0.9775821369741767,
        0.9775821369741767,
        0.9775821369741767,
        0.9775821369741767,
        0.9775821369741767,
        0.9775821369741767,
        0.9775821369741767,
        0.9775821369741767,
        0.9775821369741767,
        0.9775821369741767,
        0.9775821369741767,
        0.9775821369741767,
        0.9775821369741767,
        0.9775821369741767,
        0.9775821369741767,
        0.9775821369741767,
        0.9775821369741767,
        0.9775821369741767,
        0.9775821369741767,
        0.9775821369741767,
        0.9775821369741767,
        0.9775821369741767,
        0.9775821369741767,
        0.9775821369741767,
        0.9775821369741767,
        0.9775821369741767,
        0.9775821369741767,
        0.9775821369741767,
        0.9775821369741767,
        0.9775821369741767,
        0.9775821369741767,
        0.9775821369741767,
        0.9775821369741767,
        0.9775821369741767,
        0.9775821369741767,
        0.9775821369741767,
        0.9775821369741767,
        0.9775821369741767,
        0.9775821369741767,
        0.9775821369741767,
        0.9775821369741767,
        0.9775821369741767,
        0.9775821369741767,
        0.9775821369741767,
        0.9775821369741767,
        0.9775821369741767,
        0.9775821369741767,
        0.9775821369741767,
        0.9775821369741767,
        0.9775821369741767,
        0.9775821369741767,
        0.9775821369741767,
        0.9775821369741767,
        0.9775821369741767,
        0.9775821369741767,
        0.9775821369741767,
        0.9775821369741767,
        0.9775821369741767,
        0.9775821369741767,
        0.9775821369741767,
        0.9775821369741767,
        0.9775821369741767,
        0.9775821369741767,
        0.9775821369741767,
        0.9775821369741767,
        0.9775821369741767
    ],