{
    "dimensions": [
        0,
        0,
        0,
        0,
        0,
        0,
        0,
        0,
        0,
        0,
        0,
        0,
        0,
        0,
        0,
        0,
        0,
        0,
        0,
        0,
        0,
        0,
        0,
        0,
        0,
        0,
        0,
        0,
        0,
        0,
        0,
        0,
        0,
        0,
        0,
        0,
        0,
        0,
        0,
        0,
        0,
        0,
        0,
        0,
        0,
        0,
        0,
        0,
        0,
        0,
        0,
        0,
        0,
        0,
        0,
        0,
        0,
        0,
        0,
        0,
        0,
        0,
        0,
        0,
        0,
        0,
        0,
        0,
        0,
        0,
        0,
        0,
        0,
        0,
        0,
        0,
        0,
        0,
        0,
        0,
        0,
        0,
        0,
        0,
        0,
        0,
        0,
        0,
        0,
        0,
        0,
        0,
        0,
        0,
        0,
        0,
        0,
        0,
        0,
        0,
        0,
        0,
        0,
        0,
        0,
        0,
        0,
        0,
        0,
        0,
        0,
        0,
        0,
        0,
        0,
        0,
        0,
        0,
        0,
        0,
        0,
        0,
        0,
        0,
        0,
        0,
        0,
        0,
        0,
        0,
        0,
        0,
        0,
        0,
        0,
        0,
        0,
        0,
        0,
        0,
        0,
        0,
        0,
        0,
        0,
        0,
        0,
        0,
        0,
        0,
        0,
        0,
        0,
        0,
        0,
        0,
        0,
        0,
        0,
        0,
        0,
        0,
        0,
        0,
        0,
        0,
        0,
        0
    ],
    "creation_values": [
        0.9723928087022191,
        0.9723928087022191,
        0.9723928087022191,
        0.9723928087022191,
        0.9723928087022191,
        0.9723928087022191,
        0.9723928087022191,
        0.9723928087022191,
        0.9723928087022191,
        0.9723928087022191,
        0.9723928087022191,
        0.9723928087022191,
        0.9723928087022191,
        0.9723928087022191,
        0.9723928087022191,
        0.9723928087022191,
        0.9723928087022191,
        0.9723928087022191,
        0.9723928087022191,
        0.9723928087022191,
        0.9723928087022191,
        0.9723928087022191,
        0.9723928087022191,
        0.9723928087022191,
        0.9723928087022191,
        0.9723928087022191,
        0.9723928087022191,
        0.9723928087022191,
        0.9723928087022191,
        0.9723928087022191,
        0.9723928087022191,
        0.9723928087022191,
        0.9723928087022191,
        0.9723928087022191,
        0.9723928087022191,
        0.9723928087022191,
        0.9723928087022191,
        0.9723928087022191,
        0.9723928087022191,
        0.9723928087022191,
        0.9723928087022191,
        0.9723928087022191,
        0.9723928087022191,
        0.9723928087022191,
        0.9723928087022191,
        0.9723928087022191,
        0.9723928087022191,
        0.9723928087022191,
        0.9723928087022191,
        0.9723928087022191,
        0.9723928087022191,
        0.9723928087022191,
        0.9723928087022191,
        0.9723928087022191,
        0.9723928087022191,
        0.9723928087022191,
        0.9723928087022191,
        0.9723928087022191,
        0.9723928087022191,
        0.9723928087022191,
        0.9723928087022191,
        0.9723928087022191,
        0.9723928087022191,
        0.9723928087022191,
        0.9723928087022191,
        0.9723928087022191,
        0.9723928087022191,
        0.9723928087022191,
        0.9723928087022191,
        0.9723928087022191,
        0.9723928087022191,
        0.9723928087022191,
        0.9723928087022191,
        0.9723928087022191,
        0.9723928087022191,
        0.9723928087022191,
        0.9723928087022191,
        0.9723928087022191,
        0.9723928087022191,
        0.9723928087022191,
        0.9723928087022191,
        0.9723928087022191,
        0.9723928087022191,
        0.9723928087022191,
        0.9723928087022191,
        0.9723928087022191,
        0.9723928087022191,
        0.9723928087022191,
        0.9723928087022191,
        0.9723928087022191,
        0.9723928087022191,
        0.9723928087022191,
        0.9723928087022191,
        0.9723928087022191,
        0.9723928087022191,
        0.9723928087022191,
        0.9723928087022191,
        0.9723928087022191,
        0.9723928087022191,
        0.9723928087022191,
        0.9723928087022191,
        0.9723928087022191,
        0.9723928087022191,
        0.9723928087022191,
        0.9723928087022191,
        0.9723928087022191,
        0.9723928087022191,
        0.9723928087022191,
        0.9723928087022191,
        0.9723928087022191,
        0.9723928087022191,
        0.9723928087022191,
        0.9723928087022191,
        0.9723928087022191,
        0.9723928087022191,
        0.9723928087022191,
        0.9723928087022191,
        0.9723928087022191,
        0.9723928087022191,
        0.9723928087022191,
        0.9723928087022191,
        0.9723928087022191,
        0.9723928087022191,
        0.9723928087022191,
        0.9723928087022191,
        0.9723928087022191,
        0.9723928087022191,
        0.9723928087022191,
        0.9723928087022191,
        0.9723928087022191,
        0.9723928087022191,
        0.9723928087022191,
        0.9723928087022191,
        0.9723928087022191,
        0.9723928087022191,
        0.9723928087022191,
        0.9723928087022191,
        0.9723928087022191,
        0.9723928087022191,
        0.9723928087022191,
        0.9723928087022191,
        0.9723928087022191,
        0.9723928087022191,
        0.9723928087022191,
        0.9723928087022191,
        0.9723928087022191,
        0.9723928087022191,
        0.9723928087022191,
        0.9723928087022191,
        0.9723928087022191,
        0.9723928087022191,
        0.9723928087022191,
        0.9723928087022191,
        0.9723928087022191,
        0.9723928087022191,
        0.9723928087022191,
        0.9723928087022191,
        0.9723928087022191,
        0.9723928087022191,
        0.9723928087022191,
        0.9723928087022191,
        0.9723928087022191,
        0.9723928087022191,
        0.9723928087022191,
        0.9723928087022191,
        0.9723928087022191,
        0.9723928087022191,
        0.9723928087022191
    ],