{
    "dimensions": [
        0,
        0,
        0,
        0,
        0,
        0,
        0,
        0,
        0,
        0,
        0,
        0,
        0,
        0,
        0,
        0,
        0,
        0,
        0,
        0,
        0,
        0,
        0,
        0,
        0,
        0,
        0,
        0,
        0,
        0,
        0,
        0,
        0,
        0,
        0,
        0,
        0,
        0,
        0,
        0,
        0,
        0,
        0,
        0,
        0,
        0,
        0,
        0,
        0,
        0,
        0,
        0,
        0,
        0,
        0,
        0,
        0,
        0,
        0,
        0,
        0,
        0,
        0,
        0,
        0,
        0,
        0,
        0,
        0,
        0,
        0,
        0,
        0,
        0,
        0,
        0,
        0,
        0,
        0,
        0,
        0,
        0,
        0,
        0,
        0,
        0,
        0,
        0,
        0,
        0,
        0,
        0,
        0,
        0,
        0,
        0,
        0,
        0,
        0,
        0,
        0,
        0,
        0,
        0,
        0,
        0,
        0,
        0,
        0,
        0,
        0,
        0,
        0,
        0,
        0,
        0,
        0,
        0,
        0,
        0,
        0,
        0,
        0,
        0,
        0,
        0,
        0,
        0,
        0,
        0,
        0,
        0,
        0,
        0,
        0,
        0,
        0,
        0,
        0,
        0,
        0,
        0,
        0,
        0,
        0,
        0,
        0,
        0,
        0,
        0,
        0,
        0,
        0,
        0,
        0,
        0,
        0,
        0,
        0,
        0,
        0,
        0,
        0,
        0,
        0,
        0,
        0,
        0
    ],
    "creation_values": [
        0.9955995815903341,
        0.9955995815903341,
        0.9955995815903341,
        0.9955995815903341,
        0.9955995815903341,
        0.9955995815903341,
        0.9955995815903341,
        0.9955995815903341,
        0.9955995815903341,
        0.9955995815903341,
        0.9955995815903341,
        0.9955995815903341,
        0.9955995815903341,
        0.9955995815903341,
        0.9955995815903341,
        0.9955995815903341,
        0.9955995815903341,
        0.9955995815903341,
        0.9955995815903341,
        0.9955995815903341,
        0.9955995815903341,
        0.9955995815903341,
        0.9955995815903341,
        0.9955995815903341,
        0.9955995815903341,
        0.9955995815903341,
        0.9955995815903341,
        0.9955995815903341,
        0.9955995815903341,
        0.9955995815903341,
        0.9955995815903341,
        0.9955995815903341,
        0.9955995815903341,
        0.9955995815903341,
        0.9955995815903341,
        0.9955995815903341,
        0.9955995815903341,
        0.9955995815903341,
        0.9955995815903341,
        0.9955995815903341,
        0.9955995815903341,
        0.9955995815903341,
        0.9955995815903341,
        0.9955995815903341,
        0.9955995815903341,
        0.9955995815903341,
        0.9955995815903341,
        0.9955995815903341,
        0.9955995815903341,
        0.9955995815903341,
        0.9955995815903341,
        0.9955995815903341,
        0.9955995815903341,
        0.9955995815903341,
        0.9955995815903341,
        0.9955995815903341,
        0.9955995815903341,
        0.9955995815903341,
        0.9955995815903341,
        0.9955995815903341,
        0.9955995815903341,
        0.9955995815903341,
        0.9955995815903341,
        0.9955995815903341,
        0.9955995815903341,
        0.9955995815903341,
        0.9955995815903341,
        0.9955995815903341,
        0.9955995815903341,
        0.9955995815903341,
        0.9955995815903341,
        0.9955995815903341,
        0.9955995815903341,
        0.9955995815903341,
        0.9955995815903341,
        0.9955995815903341,
        0.9955995815903341,
        0.9955995815903341,
        0.9955995815903341,
        0.9955995815903341,
        0.9955995815903341,
        0.9955995815903341,
        0.9955995815903341,
        0.9955995815903341,
        0.9955995815903341,
        0.9955995815903341,
        0.9955995815903341,
        0.9955995815903341,
        0.9955995815903341,
        0.9955995815903341,
        0.9955995815903341,
        0.9955995815903341,
        0.9955995815903341,
        0.9955995815903341,
        0.9955995815903341,
        0.9955995815903341,
        0.9955995815903341,
        0.9955995815903341,
        0.9955995815903341,
        0.9955995815903341,
        0.9955995815903341,
        0.9955995815903341,
        0.9955995815903341,
        0.9955995815903341,
        0.9955995815903341,
        0.9955995815903341,
        0.9955995815903341,
        0.9955995815903341,
        0.9955995815903341,
        0.9955995815903341,
        0.9955995815903341,
        0.9955995815903341,
        0.9955995815903341,
        0.9955995815903341,
        0.9955995815903341,
        0.9955995815903341,
        0.9955995815903341,
        0.9955995815903341,
        0.9955995815903341,
        0.9955995815903341,
        0.9955995815903341,
        0.9955995815903341,
        0.9955995815903341,
        0.9955995815903341,
        0.9955995815903341,
        0.9955995815903341,
        0.9955995815903341,
        0.9955995815903341,
        0.9955995815903341,
        0.9955995815903341,
        0.9955995815903341,
        0.9955995815903341,
        0.9955995815903341,
        0.9955995815903341,
        0.9955995815903341,
        0.9955995815903341,
        0.9955995815903341,
        0.9955995815903341,
        0.9955995815903341,
        0.9955995815903341,
        0.9955995815903341,
        0.9955995815903341,
        0.9955995815903341,
        0.9955995815903341,
        0.9955995815903341,
        0.9955995815903341,
        0.9955995815903341,
        0.9955995815903341,
        0.9955995815903341,
        0.9955995815903341,
        0.9955995815903341,
        0.9955995815903341,
        0.9955995815903341,
        0.9955995815903341,
        0.9955995815903341,
        0.9955995815903341,
        0.9955995815903341,
        0.9955995815903341,
        0.9955995815903341,
        0.9955995815903341,
        0.9955995815903341,
        0.9955995815903341,
        0.9955995815903341,
        0.9955995815903341,
        0.9955995815903341,
        0.9955995815903341,
        0.9955995815903341,
        0.9955995815903341
    ],