{
    "dimensions": [
        0,
        0,
        0,
        0,
        0,
        0,
        0,
        0,
        0,
        0,
        0,
        0,
        0,
        0,
        0,
        0,
        0,
        0,
        0,
        0,
        0,
        0,
        0,
        0,
        0,
        0,
        0,
        0,
        0,
        0,
        0,
        0,
        0,
        0,
        0,
        0,
        0,
        0,
        0,
        0,
        0,
        0,
        0,
        0,
        0,
        0,
        0,
        0,
        0,
        0,
        0,
        0,
        0,
        0,
        0,
        0,
        0,
        0,
        0,
        0,
        0,
        0,
        0,
        0,
        0,
        0,
        0,
        0,
        0,
        0,
        0,
        0,
        0,
        0,
        0,
        0,
        0,
        0,
        0,
        0,
        0,
        0,
        0,
        0,
        0,
        0,
        0,
        0,
        0,
        0,
        0,
        0,
        0,
        0,
        0,
        0,
        0,
        0,
        0,
        0,
        0,
        0,
        0,
        0,
        0,
        0,
        0,
        0,
        0,
        0,
        0,
        0,
        0,
        0,
        0,
        0,
        0,
        0,
        0,
        0,
        0,
        0,
        0,
        0,
        0,
        0,
        0,
        0,
        0,
        0,
        0,
        0,
        0,
        0,
        0,
        0,
        0,
        0,
        0,
        0,
        0,
        0,
        0,
        0,
        0,
        0,
        0,
        0,
        0,
        0,
        0,
        0,
        0,
        0,
        0,
        0,
        0,
        0,
        0,
        0,
        0,
        0,
        0,
        0,
        0,
        0,
        0,
        0
    ],
    "creation_values": [
        0.9831293252089434,
        0.9831293252089434,
        0.9831293252089434,
        0.9831293252089434,
        0.9831293252089434,
        0.9831293252089434,
        0.9831293252089434,
        0.9831293252089434,
        0.9831293252089434,
        0.9831293252089434,
        0.9831293252089434,
        0.9831293252089434,
        0.9831293252089434,
        0.9831293252089434,
        0.9831293252089434,
        0.9831293252089434,
        0.9831293252089434,
        0.9831293252089434,
        0.9831293252089434,
        0.9831293252089434,
        0.9831293252089434,
        0.9831293252089434,
        0.9831293252089434,
        0.9831293252089434,
        0.9831293252089434,
        0.9831293252089434,
        0.9831293252089434,
        0.9831293252089434,
        0.9831293252089434,
        0.9831293252089434,
        0.9831293252089434,
        0.9831293252089434,
        0.9831293252089434,
        0.9831293252089434,
        0.9831293252089434,
        0.9831293252089434,
        0.9831293252089434,
        0.9831293252089434,
        0.9831293252089434,
        0.9831293252089434,
        0.9831293252089434,
        0.9831293252089434,
        0.9831293252089434,
        0.9831293252089434,
        0.9831293252089434,
        0.9831293252089434,
        0.9831293252089434,
        0.9831293252089434,
        0.9831293252089434,
        0.9831293252089434,
        0.9831293252089434,
        0.9831293252089434,
        0.9831293252089434,
        0.9831293252089434,
        0.9831293252089434,
        0.9831293252089434,
        0.9831293252089434,
        0.9831293252089434,
        0.9831293252089434,
        0.9831293252089434,
        0.9831293252089434,
        0.9831293252089434,
        0.9831293252089434,
        0.9831293252089434,
        0.9831293252089434,
        0.9831293252089434,
        0.9831293252089434,
        0.9831293252089434,
        0.9831293252089434,
        0.9831293252089434,
        0.9831293252089434,
        0.9831293252089434,
        0.9831293252089434,
        0.9831293252089434,
        0.9831293252089434,
        0.9831293252089434,
        0.9831293252089434,
        0.9831293252089434,
        0.9831293252089434,
        0.9831293252089434,
        0.9831293252089434,
        0.9831293252089434,
        0.9831293252089434,
        0.9831293252089434,
        0.9831293252089434,
        0.9831293252089434,
        0.9831293252089434,
        0.9831293252089434,
        0.9831293252089434,
        0.9831293252089434,
        0.9831293252089434,
        0.9831293252089434,
        0.9831293252089434,
        0.9831293252089434,
        0.9831293252089434,
        0.9831293252089434,
        0.9831293252089434,
        0.9831293252089434,
        0.9831293252089434,
        0.9831293252089434,
        0.9831293252089434,
        0.9831293252089434,
        0.9831293252089434,
        0.9831293252089434,
        0.9831293252089434,
        0.9831293252089434,
        0.9831293252089434,
        0.9831293252089434,
        0.9831293252089434,
        0.9831293252089434,
        0.9831293252089434,
        0.9831293252089434,
        0.9831293252089434,
        0.9831293252089434,
        0.9831293252089434,
        0.9831293252089434,
        0.9831293252089434,
        0.9831293252089434,
        0.9831293252089434,
        0.9831293252089434,
        0.9831293252089434,
        0.9831293252089434,
        0.9831293252089434,
        0.9831293252089434,
        0.9831293252089434,
        0.9831293252089434,
        0.9831293252089434,
        0.9831293252089434,
        0.9831293252089434,
        0.9831293252089434,
        0.9831293252089434,
        0.9831293252089434,
        0.9831293252089434,
        0.9831293252089434,
        0.9831293252089434,
        0.9831293252089434,
        0.9831293252089434,
        0.9831293252089434,
        0.9831293252089434,
        0.9831293252089434,
        0.9831293252089434,
        0.9831293252089434,
        0.9831293252089434,
        0.9831293252089434,
        0.9831293252089434,
        0.9831293252089434,
        0.9831293252089434,
        0.9831293252089434,
        0.9831293252089434,
        0.9831293252089434,
        0.9831293252089434,
        0.9831293252089434,
        0.9831293252089434,
        0.9831293252089434,
        0.9831293252089434,
        0.9831293252089434,
        0.9831293252089434,
        0.9831293252089434,
        0.9831293252089434,
        0.9831293252089434,
        0.9831293252089434,
        0.9831293252089434,
        0.9831293252089434,
        0.9831293252089434,
        0.9831293252089434,
        0.9831293252089434,
        0.9831293252089434,
        0.9831293252089434
    ],