{
    "dimensions": [
        0,
        0,
        0,
        0,
        0,
        0,
        0,
        0,
        0,
        0,
        0,
        0,
        0,
        0,
        0,
        0,
        0,
        0,
        0,
        0,
        0,
        0,
        0,
        0,
        0,
        0,
        0,
        0,
        0,
        0,
        0,
        0,
        0,
        0,
        0,
        0,
        0,
        0,
        0,
        0,
        0,
        0,
        0,
        0,
        0,
        0,
        0,
        0,
        0,
        0,
        0,
        0,
        0,
        0,
        0,
        0,
        0,
        0,
        0,
        0,
        0,
        0,
        0,
        0,
        0,
        0,
        0,
        0,
        0,
        0,
        0,
        0,
        0,
        0,
        0,
        0,
        0,
        0,
        0,
        0,
        0,
        0,
        0,
        0,
        0,
        0,
        0,
        0,
        0,
        0,
        0,
        0,
        0,
        0,
        0,
        0,
        0,
        0,
        0,
        0,
        0,
        0,
        0,
        0,
        0,
        0,
        0,
        0,
        0,
        0,
        0,
        0,
        0,
        0,
        0,
        0,
        0,
        0,
        0,
        0,
        0,
        0,
        0,
        0,
        0,
        0,
        0,
        0,
        0,
        0,
        0,
        0,
        0,
        0,
        0,
        0,
        0,
        0,
        0,
        0,
        0,
        0,
        0,
        0,
        0,
        0,
        0,
        0,
        0,
        0,
        0,
        0,
        0,
        0,
        0,
        0,
        0,
        0,
        0,
        0,
        0,
        0,
        0,
        0,
        0,
        0,
        0,
        0
    ],
    "creation_values": [
        0.9897334652435252,
        0.9897334652435252,
        0.9897334652435252,
        0.9897334652435252,
        0.9897334652435252,
        0.9897334652435252,
        0.9897334652435252,
        0.9897334652435252,
        0.9897334652435252,
        0.9897334652435252,
        0.9897334652435252,
        0.9897334652435252,
        0.9897334652435252,
        0.9897334652435252,
        0.9897334652435252,
        0.9897334652435252,
        0.9897334652435252,
        0.9897334652435252,
        0.9897334652435252,
        0.9897334652435252,
        0.9897334652435252,
        0.9897334652435252,
        0.9897334652435252,
        0.9897334652435252,
        0.9897334652435252,
        0.9897334652435252,
        0.9897334652435252,
        0.9897334652435252,
        0.9897334652435252,
        0.9897334652435252,
        0.9897334652435252,
        0.9897334652435252,
        0.9897334652435252,
        0.9897334652435252,
        0.9897334652435252,
        0.9897334652435252,
        0.9897334652435252,
        0.9897334652435252,
        0.9897334652435252,
        0.9897334652435252,
        0.9897334652435252,
        0.9897334652435252,
        0.9897334652435252,
        0.9897334652435252,
        0.9897334652435252,
        0.9897334652435252,
        0.9897334652435252,
        0.9897334652435252,
        0.9897334652435252,
        0.9897334652435252,
        0.9897334652435252,
        0.9897334652435252,
        0.9897334652435252,
        0.9897334652435252,
        0.9897334652435252,
        0.9897334652435252,
        0.9897334652435252,
        0.9897334652435252,
        0.9897334652435252,
        0.9897334652435252,
        0.9897334652435252,
        0.9897334652435252,
        0.9897334652435252,
        0.9897334652435252,
        0.9897334652435252,
        0.9897334652435252,
        0.9897334652435252,
        0.9897334652435252,
        0.9897334652435252,
        0.9897334652435252,
        0.9897334652435252,
        0.9897334652435252,
        0.9897334652435252,
        0.9897334652435252,
        0.9897334652435252,
        0.9897334652435252,
        0.9897334652435252,
        0.9897334652435252,
        0.9897334652435252,
        0.9897334652435252,
        0.9897334652435252,
        0.9897334652435252,
        0.9897334652435252,
        0.9897334652435252,
        0.9897334652435252,
        0.9897334652435252,
        0.9897334652435252,
        0.9897334652435252,
        0.9897334652435252,
        0.9897334652435252,
        0.9897334652435252,
        0.9897334652435252,
        0.9897334652435252,
        0.9897334652435252,
        0.9897334652435252,
        0.9897334652435252,
        0.9897334652435252,
        0.9897334652435252,
        0.9897334652435252,
        0.9897334652435252,
        0.9897334652435252,
        0.9897334652435252,
        0.9897334652435252,
        0.9897334652435252,
        0.9897334652435252,
        0.9897334652435252,
        0.9897334652435252,
        0.9897334652435252,
        0.9897334652435252,
        0.9897334652435252,
        0.9897334652435252,
        0.9897334652435252,
        0.9897334652435252,
        0.9897334652435252,
        0.9897334652435252,
        0.9897334652435252,
        0.9897334652435252,
        0.9897334652435252,
        0.9897334652435252,
        0.9897334652435252,
        0.9897334652435252,
        0.9897334652435252,
        0.9897334652435252,
        0.9897334652435252,
        0.9897334652435252,
        0.9897334652435252,
        0.9897334652435252,
        0.9897334652435252,
        0.9897334652435252,
        0.9897334652435252,
        0.9897334652435252,
        0.9897334652435252,
        0.9897334652435252,
        0.9897334652435252,
        0.9897334652435252,
        0.9897334652435252,
        0.9897334652435252,
        0.9897334652435252,
        0.9897334652435252,
        0.9897334652435252,
        0.9897334652435252,
        0.9897334652435252,
        0.9897334652435252,
        0.9897334652435252,
        0.9897334652435252,
        0.9897334652435252,
        0.9897334652435252,
        0.9897334652435252,
        0.9897334652435252,
        0.9897334652435252,
        0.9897334652435252,
        0.9897334652435252,
        0.9897334652435252,
        0.9897334652435252,
        0.9897334652435252,
        0.9897334652435252,
        0.9897334652435252,
        0.9897334652435252,
        0.9897334652435252,
        0.9897334652435252,
        0.9897334652435252,
        0.9897334652435252,
        0.9897334652435252,
        0.9897334652435252,
        0.9897334652435252,
        0.9897334652435252,
        0.9897334652435252,
        0.9897334652435252
    ],