{
    "dimensions": [
        0,
        0,
        0,
        0,
        0,
        0,
        0,
        0,
        0,
        0,
        0,
        0,
        0,
        0,
        0,
        0,
        0,
        0,
        0,
        0,
        0,
        0,
        0,
        0,
        0,
        0,
        0,
        0,
        0,
        0,
        0,
        0,
        0,
        0,
        0,
        0,
        0,
        0,
        0,
        0,
        0,
        0,
        0,
        0,
        0,
        0,
        0,
        0,
        0,
        0,
        0,
        0,
        0,
        0,
        0,
        0,
        0,
        0,
        0,
        0,
        0,
        0,
        0,
        0,
        0,
        0,
        0,
        0,
        0,
        0,
        0,
        0,
        0,
        0,
        0,
        0,
        0,
        0,
        0,
        0,
        0,
        0,
        0,
        0,
        0,
        0,
        0,
        0,
        0,
        0,
        0,
        0,
        0,
        0,
        0,
        0,
        0,
        0,
        0,
        0,
        0,
        0,
        0,
        0,
        0,
        0,
        0,
        0,
        0,
        0,
        0,
        0,
        0,
        0,
        0,
        0,
        0,
        0,
        0,
        0,
        0,
        0,
        0,
        0,
        0,
        0,
        0,
        0,
        0,
        0,
        0,
        0,
        0,
        0,
        0,
        0,
        0,
        0,
        0,
        0,
        0,
        0,
        0,
        0,
        0,
        0,
        0,
        0,
        0,
        0,
        0,
        0,
        0,
        0,
        0,
        0,
        0,
        0,
        0,
        0,
        0,
        0,
        0,
        0,
        0,
        0,
        0,
        0
    ],
    "creation_values": [
        0.9742294299713986,
        0.9742294299713986,
        0.9742294299713986,
        0.9742294299713986,
        0.9742294299713986,
        0.9742294299713986,
        0.9742294299713986,
        0.9742294299713986,
        0.9742294299713986,
        0.9742294299713986,
        0.9742294299713986,
        0.9742294299713986,
        0.9742294299713986,
        0.9742294299713986,
        0.9742294299713986,
        0.9742294299713986,
        0.9742294299713986,
        0.9742294299713986,
        0.9742294299713986,
        0.9742294299713986,
        0.9742294299713986,
        0.9742294299713986,
        0.9742294299713986,
        0.9742294299713986,
        0.9742294299713986,
        0.9742294299713986,
        0.9742294299713986,
        0.9742294299713986,
        0.9742294299713986,
        0.9742294299713986,
        0.9742294299713986,
        0.9742294299713986,
        0.9742294299713986,
        0.9742294299713986,
        0.9742294299713986,
        0.9742294299713986,
        0.9742294299713986,
        0.9742294299713986,
        0.9742294299713986,
        0.9742294299713986,
        0.9742294299713986,
        0.9742294299713986,
        0.9742294299713986,
        0.9742294299713986,
        0.9742294299713986,
        0.9742294299713986,
        0.9742294299713986,
        0.9742294299713986,
        0.9742294299713986,
        0.9742294299713986,
        0.9742294299713986,
        0.9742294299713986,
        0.9742294299713986,
        0.9742294299713986,
        0.9742294299713986,
        0.9742294299713986,
        0.9742294299713986,
        0.9742294299713986,
        0.9742294299713986,
        0.9742294299713986,
        0.9742294299713986,
        0.9742294299713986,
        0.9742294299713986,
        0.9742294299713986,
        0.9742294299713986,
        0.9742294299713986,
        0.9742294299713986,
        0.9742294299713986,
        0.9742294299713986,
        0.9742294299713986,
        0.9742294299713986,
        0.9742294299713986,
        0.9742294299713986,
        0.9742294299713986,
        0.9742294299713986,
        0.9742294299713986,
        0.9742294299713986,
        0.9742294299713986,
        0.9742294299713986,
        0.9742294299713986,
        0.9742294299713986,
        0.9742294299713986,
        0.9742294299713986,
        0.9742294299713986,
        0.9742294299713986,
        0.9742294299713986,
        0.9742294299713986,
        0.9742294299713986,
        0.9742294299713986,
        0.9742294299713986,
        0.9742294299713986,
        0.9742294299713986,
        0.9742294299713986,
        0.9742294299713986,
        0.9742294299713986,
        0.9742294299713986,
        0.9742294299713986,
        0.9742294299713986,
        0.9742294299713986,
        0.9742294299713986,
        0.9742294299713986,
        0.9742294299713986,
        0.9742294299713986,
        0.9742294299713986,
        0.9742294299713986,
        0.9742294299713986,
        0.9742294299713986,
        0.9742294299713986,
        0.9742294299713986,
        0.9742294299713986,
        0.9742294299713986,
        0.9742294299713986,
        0.9742294299713986,
        0.9742294299713986,
        0.9742294299713986,
        0.9742294299713986,
        0.9742294299713986,
        0.9742294299713986,
        0.9742294299713986,
        0.9742294299713986,
        0.9742294299713986,
        0.9742294299713986,
        0.9742294299713986,
        0.9742294299713986,
        0.9742294299713986,
        0.9742294299713986,
        0.9742294299713986,
        0.9742294299713986,
        0.9742294299713986,
        0.9742294299713986,
        0.9742294299713986,
        0.9742294299713986,
        0.9742294299713986,
        0.9742294299713986,
        0.9742294299713986,
        0.9742294299713986,
        0.9742294299713986,
        0.9742294299713986,
        0.9742294299713986,
        0.9742294299713986,
        0.9742294299713986,
        0.9742294299713986,
        0.9742294299713986,
        0.9742294299713986,
        0.9742294299713986,
        0.9742294299713986,
        0.9742294299713986,
        0.9742294299713986,
        0.9742294299713986,
        0.9742294299713986,
        0.9742294299713986,
        0.9742294299713986,
        0.9742294299713986,
        0.9742294299713986,
        0.9742294299713986,
        0.9742294299713986,
        0.9742294299713986,
        0.9742294299713986,
        0.9742294299713986,
        0.9742294299713986,
        0.9742294299713986,
        0.9742294299713986,
        0.9742294299713986,
        0.9742294299713986,
        0.9742294299713986,
        0.9742294299713986,
        0.9742294299713986,
        0.9742294299713986
    ],