{
    "dimensions": [
        0,
        0,
        0,
        0,
        0,
        0,
        0,
        0,
        0,
        0,
        0,
        0,
        0,
        0,
        0,
        0,
        0,
        0,
        0,
        0,
        0,
        0,
        0,
        0,
        0,
        0,
        0,
        0,
        0,
        0,
        0,
        0,
        0,
        0,
        0,
        0,
        0,
        0,
        0,
        0,
        0,
        0,
        0,
        0,
        0,
        0,
        0,
        0,
        0,
        0,
        0,
        0,
        0,
        0,
        0,
        0,
        0,
        0,
        0,
        0,
        0,
        0,
        0,
        0,
        0,
        0,
        0,
        0,
        0,
        0,
        0,
        0,
        0,
        0,
        0,
        0,
        0,
        0,
        0,
        0,
        0,
        0,
        0,
        0,
        0,
        0,
        0,
        0,
        0,
        0,
        0,
        0,
        0,
        0,
        0,
        0,
        0,
        0,
        0,
        0,
        0,
        0,
        0,
        0,
        0,
        0,
        0,
        0,
        0,
        0,
        0,
        0,
        0,
        0,
        0,
        0,
        0,
        0,
        0,
        0,
        0,
        0,
        0,
        0,
        0,
        0,
        0,
        0,
        0,
        0,
        0,
        0,
        0,
        0,
        0,
        0,
        0,
        0,
        0,
        0,
        0,
        0,
        0,
        0,
        0,
        0,
        0,
        0,
        0,
        0,
        0,
        0,
        0,
        0,
        0,
        0,
        0,
        0,
        0,
        0,
        0,
        0,
        0,
        0,
        0,
        0,
        0,
        0
    ],
    "creation_values": [
        0.9594788414286707,
        0.9594788414286707,
        0.9594788414286707,
        0.9594788414286707,
        0.9594788414286707,
        0.9594788414286707,
        0.9594788414286707,
        0.9594788414286707,
        0.9594788414286707,
        0.9594788414286707,
        0.9594788414286707,
        0.9594788414286707,
        0.9594788414286707,
        0.9594788414286707,
        0.9594788414286707,
        0.9594788414286707,
        0.9594788414286707,
        0.9594788414286707,
        0.9594788414286707,
        0.9594788414286707,
        0.9594788414286707,
        0.9594788414286707,
        0.9594788414286707,
        0.9594788414286707,
        0.9594788414286707,
        0.9594788414286707,
        0.9594788414286707,
        0.9594788414286707,
        0.9594788414286707,
        0.9594788414286707,
        0.9594788414286707,
        0.9594788414286707,
        0.9594788414286707,
        0.9594788414286707,
        0.9594788414286707,
        0.9594788414286707,
        0.9594788414286707,
        0.9594788414286707,
        0.9594788414286707,
        0.9594788414286707,
        0.9594788414286707,
        0.9594788414286707,
        0.9594788414286707,
        0.9594788414286707,
        0.9594788414286707,
        0.9594788414286707,
        0.9594788414286707,
        0.9594788414286707,
        0.9594788414286707,
        0.9594788414286707,
        0.9594788414286707,
        0.9594788414286707,
        0.9594788414286707,
        0.9594788414286707,
        0.9594788414286707,
        0.9594788414286707,
        0.9594788414286707,
        0.9594788414286707,
        0.9594788414286707,
        0.9594788414286707,
        0.9594788414286707,
        0.9594788414286707,
        0.9594788414286707,
        0.9594788414286707,
        0.9594788414286707,
        0.9594788414286707,
        0.9594788414286707,
        0.9594788414286707,
        0.9594788414286707,
        0.9594788414286707,
        0.9594788414286707,
        0.9594788414286707,
        0.9594788414286707,
        0.9594788414286707,
        0.9594788414286707,
        0.9594788414286707,
        0.9594788414286707,
        0.9594788414286707,
        0.9594788414286707,
        0.9594788414286707,
        0.9594788414286707,
        0.9594788414286707,
        0.9594788414286707,
        0.9594788414286707,
        0.9594788414286707,
        0.9594788414286707,
        0.9594788414286707,
        0.9594788414286707,
        0.9594788414286707,
        0.9594788414286707,
        0.9594788414286707,
        0.9594788414286707,
        0.9594788414286707,
        0.9594788414286707,
        0.9594788414286707,
        0.9594788414286707,
        0.9594788414286707,
        0.9594788414286707,
        0.9594788414286707,
        0.9594788414286707,
        0.9594788414286707,
        0.9594788414286707,
        0.9594788414286707,
        0.9594788414286707,
        0.9594788414286707,
        0.9594788414286707,
        0.9594788414286707,
        0.9594788414286707,
        0.9594788414286707,
        0.9594788414286707,
        0.9594788414286707,
        0.9594788414286707,
        0.9594788414286707,
        0.9594788414286707,
        0.9594788414286707,
        0.9594788414286707,
        0.9594788414286707,
        0.9594788414286707,
        0.9594788414286707,
        0.9594788414286707,
        0.9594788414286707,
        0.9594788414286707,
        0.9594788414286707,
        0.9594788414286707,
        0.9594788414286707,
        0.9594788414286707,
        0.9594788414286707,
        0.9594788414286707,
        0.9594788414286707,
        0.9594788414286707,
        0.9594788414286707,
        0.9594788414286707,
        0.9594788414286707,
        0.9594788414286707,
        0.9594788414286707,
        0.9594788414286707,
        0.9594788414286707,
        0.9594788414286707,
        0.9594788414286707,
        0.9594788414286707,
        0.9594788414286707,
        0.9594788414286707,
        0.9594788414286707,
        0.9594788414286707,
        0.9594788414286707,
        0.9594788414286707,
        0.9594788414286707,
        0.9594788414286707,
        0.9594788414286707,
        0.9594788414286707,
        0.9594788414286707,
        0.9594788414286707,
        0.9594788414286707,
        0.9594788414286707,
        0.9594788414286707,
        0.9594788414286707,
        0.9594788414286707,
        0.9594788414286707,
        0.9594788414286707,
        0.9594788414286707,
        0.9594788414286707,
        0.9594788414286707,
        0.9594788414286707,
        0.9594788414286707,
        0.9594788414286707,
        0.9594788414286707,
        0.9594788414286707,
        0.9594788414286707
    ],