{
    "dimensions": [
        0,
        0,
        0,
        0,
        0,
        0,
        0,
        0,
        0,
        0,
        0,
        0,
        0,
        0,
        0,
        0,
        0,
        0,
        0,
        0,
        0,
        0,
        0,
        0,
        0,
        0,
        0,
        0,
        0,
        0,
        0,
        0,
        0,
        0,
        0,
        0,
        0,
        0,
        0,
        0,
        0,
        0,
        0,
        0,
        0,
        0,
        0,
        0,
        0,
        0,
        0,
        0,
        0,
        0,
        0,
        0,
        0,
        0,
        0,
        0,
        0,
        0,
        0,
        0,
        0,
        0,
        0,
        0,
        0,
        0,
        0,
        0,
        0,
        0,
        0,
        0,
        0,
        0,
        0,
        0,
        0,
        0,
        0,
        0,
        0,
        0,
        0,
        0,
        0,
        0,
        0,
        0,
        0,
        0,
        0,
        0,
        0,
        0,
        0,
        0,
        0,
        0,
        0,
        0,
        0,
        0,
        0,
        0,
        0,
        0,
        0,
        0,
        0,
        0,
        0,
        0,
        0,
        0,
        0,
        0,
        0,
        0,
        0,
        0,
        0,
        0,
        0,
        0,
        0,
        0,
        0,
        0,
        0,
        0,
        0,
        0,
        0,
        0,
        0,
        0,
        0,
        0,
        0,
        0,
        0,
        0,
        0,
        0,
        0,
        0,
        0,
        0,
        0,
        0,
        0,
        0,
        0,
        0,
        0,
        0,
        0,
        0,
        0,
        0,
        0,
        0,
        0,
        0
    ],
    "creation_values": [
        0.9811452691216533,
        0.9811452691216533,
        0.9811452691216533,
        0.9811452691216533,
        0.9811452691216533,
        0.9811452691216533,
        0.9811452691216533,
        0.9811452691216533,
        0.9811452691216533,
        0.9811452691216533,
        0.9811452691216533,
        0.9811452691216533,
        0.9811452691216533,
        0.9811452691216533,
        0.9811452691216533,
        0.9811452691216533,
        0.9811452691216533,
        0.9811452691216533,
        0.9811452691216533,
        0.9811452691216533,
        0.9811452691216533,
        0.9811452691216533,
        0.9811452691216533,
        0.9811452691216533,
        0.9811452691216533,
        0.9811452691216533,
        0.9811452691216533,
        0.9811452691216533,
        0.9811452691216533,
        0.9811452691216533,
        0.9811452691216533,
        0.9811452691216533,
        0.9811452691216533,
        0.9811452691216533,
        0.9811452691216533,
        0.9811452691216533,
        0.9811452691216533,
        0.9811452691216533,
        0.9811452691216533,
        0.9811452691216533,
        0.9811452691216533,
        0.9811452691216533,
        0.9811452691216533,
        0.9811452691216533,
        0.9811452691216533,
        0.9811452691216533,
        0.9811452691216533,
        0.9811452691216533,
        0.9811452691216533,
        0.9811452691216533,
        0.9811452691216533,
        0.9811452691216533,
        0.9811452691216533,
        0.9811452691216533,
        0.9811452691216533,
        0.9811452691216533,
        0.9811452691216533,
        0.9811452691216533,
        0.9811452691216533,
        0.9811452691216533,
        0.9811452691216533,
        0.9811452691216533,
        0.9811452691216533,
        0.9811452691216533,
        0.9811452691216533,
        0.9811452691216533,
        0.9811452691216533,
        0.9811452691216533,
        0.9811452691216533,
        0.9811452691216533,
        0.9811452691216533,
        0.9811452691216533,
        0.9811452691216533,
        0.9811452691216533,
        0.9811452691216533,
        0.9811452691216533,
        0.9811452691216533,
        0.9811452691216533,
        0.9811452691216533,
        0.9811452691216533,
        0.9811452691216533,
        0.9811452691216533,
        0.9811452691216533,
        0.9811452691216533,
        0.9811452691216533,
        0.9811452691216533,
        0.9811452691216533,
        0.9811452691216533,
        0.9811452691216533,
        0.9811452691216533,
        0.9811452691216533,
        0.9811452691216533,
        0.9811452691216533,
        0.9811452691216533,
        0.9811452691216533,
        0.9811452691216533,
        0.9811452691216533,
        0.9811452691216533,
        0.9811452691216533,
        0.9811452691216533,
        0.9811452691216533,
        0.9811452691216533,
        0.9811452691216533,
        0.9811452691216533,
        0.9811452691216533,
        0.9811452691216533,
        0.9811452691216533,
        0.9811452691216533,
        0.9811452691216533,
        0.9811452691216533,
        0.9811452691216533,
        0.9811452691216533,
        0.9811452691216533,
        0.9811452691216533,
        0.9811452691216533,
        0.9811452691216533,
        0.9811452691216533,
        0.9811452691216533,
        0.9811452691216533,
        0.9811452691216533,
        0.9811452691216533,
        0.9811452691216533,
        0.9811452691216533,
        0.9811452691216533,
        0.9811452691216533,
        0.9811452691216533,
        0.9811452691216533,
        0.9811452691216533,
        0.9811452691216533,
        0.9811452691216533,
        0.9811452691216533,
        0.9811452691216533,
        0.9811452691216533,
        0.9811452691216533,
        0.9811452691216533,
        0.9811452691216533,
        0.9811452691216533,
        0.9811452691216533,
        0.9811452691216533,
        0.9811452691216533,
        0.9811452691216533,
        0.9811452691216533,
        0.9811452691216533,
        0.9811452691216533,
        0.9811452691216533,
        0.9811452691216533,
        0.9811452691216533,
        0.9811452691216533,
        0.9811452691216533,
        0.9811452691216533,
        0.9811452691216533,
        0.9811452691216533,
        0.9811452691216533,
        0.9811452691216533,
        0.9811452691216533,
        0.9811452691216533,
        0.9811452691216533,
        0.9811452691216533,
        0.9811452691216533,
        0.9811452691216533,
        0.9811452691216533,
        0.9811452691216533,
        0.9811452691216533,
        0.9811452691216533,
        0.9811452691216533,
        0.9811452691216533,
        0.9811452691216533,
        0.9811452691216533
    ],