{
    "dimensions": [
        0,
        0,
        0,
        0,
        0,
        0,
        0,
        0,
        0,
        0,
        0,
        0,
        0,
        0,
        0,
        0,
        0,
        0,
        0,
        0,
        0,
        0,
        0,
        0,
        0,
        0,
        0,
        0,
        0,
        0,
        0,
        0,
        0,
        0,
        0,
        0,
        0,
        0,
        0,
        0,
        0,
        0,
        0,
        0,
        0,
        0,
        0,
        0,
        0,
        0,
        0,
        0,
        0,
        0,
        0,
        0,
        0,
        0,
        0,
        0,
        0,
        0,
        0,
        0,
        0,
        0,
        0,
        0,
        0,
        0,
        0,
        0,
        0,
        0,
        0,
        0,
        0,
        0,
        0,
        0,
        0,
        0,
        0,
        0,
        0,
        0,
        0,
        0,
        0,
        0,
        0,
        0,
        0,
        0,
        0,
        0,
        0,
        0,
        0,
        0,
        0,
        0,
        0,
        0,
        0,
        0,
        0,
        0,
        0,
        0,
        0,
        0,
        0,
        0,
        0,
        0,
        0,
        0,
        0,
        0,
        0,
        0,
        0,
        0,
        0,
        0,
        0,
        0,
        0,
        0,
        0,
        0,
        0,
        0,
        0,
        0,
        0,
        0,
        0,
        0,
        0,
        0,
        0,
        0,
        0,
        0,
        0,
        0,
        0,
        0,
        0,
        0,
        0,
        0,
        0,
        0,
        0,
        0,
        0,
        0,
        0,
        0,
        0,
        0,
        0,
        0,
        0,
        0
    ],
    "creation_values": [
        0.996641980336273,
        0.996641980336273,
        0.996641980336273,
        0.996641980336273,
        0.996641980336273,
        0.996641980336273,
        0.996641980336273,
        0.996641980336273,
        0.996641980336273,
        0.996641980336273,
        0.996641980336273,
        0.996641980336273,
        0.996641980336273,
        0.996641980336273,
        0.996641980336273,
        0.996641980336273,
        0.996641980336273,
        0.996641980336273,
        0.996641980336273,
        0.996641980336273,
        0.996641980336273,
        0.996641980336273,
        0.996641980336273,
        0.996641980336273,
        0.996641980336273,
        0.996641980336273,
        0.996641980336273,
        0.996641980336273,
        0.996641980336273,
        0.996641980336273,
        0.996641980336273,
        0.996641980336273,
        0.996641980336273,
        0.996641980336273,
        0.996641980336273,
        0.996641980336273,
        0.996641980336273,
        0.996641980336273,
        0.996641980336273,
        0.996641980336273,
        0.996641980336273,
        0.996641980336273,
        0.996641980336273,
        0.996641980336273,
        0.996641980336273,
        0.996641980336273,
        0.996641980336273,
        0.996641980336273,
        0.996641980336273,
        0.996641980336273,
        0.996641980336273,
        0.996641980336273,
        0.996641980336273,
        0.996641980336273,
        0.996641980336273,
        0.996641980336273,
        0.996641980336273,
        0.996641980336273,
        0.996641980336273,
        0.996641980336273,
        0.996641980336273,
        0.996641980336273,
        0.996641980336273,
        0.996641980336273,
        0.996641980336273,
        0.996641980336273,
        0.996641980336273,
        0.996641980336273,
        0.996641980336273,
        0.996641980336273,
        0.996641980336273,
        0.996641980336273,
        0.996641980336273,
        0.996641980336273,
        0.996641980336273,
        0.996641980336273,
        0.996641980336273,
        0.996641980336273,
        0.996641980336273,
        0.996641980336273,
        0.996641980336273,
        0.996641980336273,
        0.996641980336273,
        0.996641980336273,
        0.996641980336273,
        0.996641980336273,
        0.996641980336273,
        0.996641980336273,
        0.996641980336273,
        0.996641980336273,
        0.996641980336273,
        0.996641980336273,
        0.996641980336273,
        0.996641980336273,
        0.996641980336273,
        0.996641980336273,
        0.996641980336273,
        0.996641980336273,
        0.996641980336273,
        0.996641980336273,
        0.996641980336273,
        0.996641980336273,
        0.996641980336273,
        0.996641980336273,
        0.996641980336273,
        0.996641980336273,
        0.996641980336273,
        0.996641980336273,
        0.996641980336273,
        0.996641980336273,
        0.996641980336273,
        0.996641980336273,
        0.996641980336273,
        0.996641980336273,
        0.996641980336273,
        0.996641980336273,
        0.996641980336273,
        0.996641980336273,
        0.996641980336273,
        0.996641980336273,
        0.996641980336273,
        0.996641980336273,
        0.996641980336273,
        0.996641980336273,
        0.996641980336273,
        0.996641980336273,
        0.996641980336273,
        0.996641980336273,
        0.996641980336273,
        0.996641980336273,
        0.996641980336273,
        0.996641980336273,
        0.996641980336273,
        0.996641980336273,
        0.996641980336273,
        0.996641980336273,
        0.996641980336273,
        0.996641980336273,
        0.996641980336273,
        0.996641980336273,
        0.996641980336273,
        0.996641980336273,
        0.996641980336273,
        0.996641980336273,
        0.996641980336273,
        0.996641980336273,
        0.996641980336273,
        0.996641980336273,
        0.996641980336273,
        0.996641980336273,
        0.996641980336273,
        0.996641980336273,
        0.996641980336273,
        0.996641980336273,
        0.996641980336273,
        0.996641980336273,
        0.996641980336273,
        0.996641980336273,
        0.996641980336273,
        0.996641980336273,
        0.996641980336273,
        0.996641980336273,
        0.996641980336273,
        0.996641980336273,
        0.996641980336273,
        0.996641980336273,
        0.996641980336273,
        0.996641980336273
    ],