{
    "dimensions": [
        0,
        0,
        0,
        0,
        0,
        0,
        0,
        0,
        0,
        0,
        0,
        0,
        0,
        0,
        0,
        0,
        0,
        0,
        0,
        0,
        0,
        0,
        0,
        0,
        0,
        0,
        0,
        0,
        0,
        0,
        0,
        0,
        0,
        0,
        0,
        0,
        0,
        0,
        0,
        0,
        0,
        0,
        0,
        0,
        0,
        0,
        0,
        0,
        0,
        0,
        0,
        0,
        0,
        0,
        0,
        0,
        0,
        0,
        0,
        0,
        0,
        0,
        0,
        0,
        0,
        0,
        0,
        0,
        0,
        0,
        0,
        0,
        0,
        0,
        0,
        0,
        0,
        0,
        0,
        0,
        0,
        0,
        0,
        0,
        0,
        0,
        0,
        0,
        0,
        0,
        0,
        0,
        0,
        0,
        0,
        0,
        0,
        0,
        0,
        0,
        0,
        0,
        0,
        0,
        0,
        0,
        0,
        0,
        0,
        0,
        0,
        0,
        0,
        0,
        0,
        0,
        0,
        0,
        0,
        0,
        0,
        0,
        0,
        0,
        0,
        0,
        0,
        0,
        0,
        0,
        0,
        0,
        0,
        0,
        0,
        0,
        0,
        0,
        0,
        0,
        0,
        0,
        0,
        0,
        0,
        0,
        0,
        0,
        0,
        0,
        0,
        0,
        0,
        0,
        0,
        0,
        0,
        0,
        0,
        0,
        0,
        0,
        0,
        0,
        0,
        0,
        0,
        0
    ],
    "creation_values": [
        0.9936497835695863,
        0.9936497835695863,
        0.9936497835695863,
        0.9936497835695863,
        0.9936497835695863,
        0.9936497835695863,
        0.9936497835695863,
        0.9936497835695863,
        0.9936497835695863,
        0.9936497835695863,
        0.9936497835695863,
        0.9936497835695863,
        0.9936497835695863,
        0.9936497835695863,
        0.9936497835695863,
        0.9936497835695863,
        0.9936497835695863,
        0.9936497835695863,
        0.9936497835695863,
        0.9936497835695863,
        0.9936497835695863,
        0.9936497835695863,
        0.9936497835695863,
        0.9936497835695863,
        0.9936497835695863,
        0.9936497835695863,
        0.9936497835695863,
        0.9936497835695863,
        0.9936497835695863,
        0.9936497835695863,
        0.9936497835695863,
        0.9936497835695863,
        0.9936497835695863,
        0.9936497835695863,
        0.9936497835695863,
        0.9936497835695863,
        0.9936497835695863,
        0.9936497835695863,
        0.9936497835695863,
        0.9936497835695863,
        0.9936497835695863,
        0.9936497835695863,
        0.9936497835695863,
        0.9936497835695863,
        0.9936497835695863,
        0.9936497835695863,
        0.9936497835695863,
        0.9936497835695863,
        0.9936497835695863,
        0.9936497835695863,
        0.9936497835695863,
        0.9936497835695863,
        0.9936497835695863,
        0.9936497835695863,
        0.9936497835695863,
        0.9936497835695863,
        0.9936497835695863,
        0.9936497835695863,
        0.9936497835695863,
        0.9936497835695863,
        0.9936497835695863,
        0.9936497835695863,
        0.9936497835695863,
        0.9936497835695863,
        0.9936497835695863,
        0.9936497835695863,
        0.9936497835695863,
        0.9936497835695863,
        0.9936497835695863,
        0.9936497835695863,
        0.9936497835695863,
        0.9936497835695863,
        0.9936497835695863,
        0.9936497835695863,
        0.9936497835695863,
        0.9936497835695863,
        0.9936497835695863,
        0.9936497835695863,
        0.9936497835695863,
        0.9936497835695863,
        0.9936497835695863,
        0.9936497835695863,
        0.9936497835695863,
        0.9936497835695863,
        0.9936497835695863,
        0.9936497835695863,
        0.9936497835695863,
        0.9936497835695863,
        0.9936497835695863,
        0.9936497835695863,
        0.9936497835695863,
        0.9936497835695863,
        0.9936497835695863,
        0.9936497835695863,
        0.9936497835695863,
        0.9936497835695863,
        0.9936497835695863,
        0.9936497835695863,
        0.9936497835695863,
        0.9936497835695863,
        0.9936497835695863,
        0.9936497835695863,
        0.9936497835695863,
        0.9936497835695863,
        0.9936497835695863,
        0.9936497835695863,
        0.9936497835695863,
        0.9936497835695863,
        0.9936497835695863,
        0.9936497835695863,
        0.9936497835695863,
        0.9936497835695863,
        0.9936497835695863,
        0.9936497835695863,
        0.9936497835695863,
        0.9936497835695863,
        0.9936497835695863,
        0.9936497835695863,
        0.9936497835695863,
        0.9936497835695863,
        0.9936497835695863,
        0.9936497835695863,
        0.9936497835695863,
        0.9936497835695863,
        0.9936497835695863,
        0.9936497835695863,
        0.9936497835695863,
        0.9936497835695863,
        0.9936497835695863,
        0.9936497835695863,
        0.9936497835695863,
        0.9936497835695863,
        0.9936497835695863,
        0.9936497835695863,
        0.9936497835695863,
        0.9936497835695863,
        0.9936497835695863,
        0.9936497835695863,
        0.9936497835695863,
        0.9936497835695863,
        0.9936497835695863,
        0.9936497835695863,
        0.9936497835695863,
        0.9936497835695863,
        0.9936497835695863,
        0.9936497835695863,
        0.9936497835695863,
        0.9936497835695863,
        0.9936497835695863,
        0.9936497835695863,
        0.9936497835695863,
        0.9936497835695863,
        0.9936497835695863,
        0.9936497835695863,
        0.9936497835695863,
        0.9936497835695863,
        0.9936497835695863,
        0.9936497835695863,
        0.9936497835695863,
        0.9936497835695863,
        0.9936497835695863,
        0.9936497835695863,
        0.9936497835695863,
        0.9936497835695863,
        0.9936497835695863,
        0.9936497835695863,
        0.9936497835695863,
        0.9936497835695863
    ],