{
    "dimensions": [
        0,
        0,
        0,
        0,
        0,
        0,
        0,
        0,
        0,
        0,
        0,
        0,
        0,
        0,
        0,
        0,
        0,
        0,
        0,
        0,
        0,
        0,
        0,
        0,
        0,
        0,
        0,
        0,
        0,
        0,
        0,
        0,
        0,
        0,
        0,
        0,
        0,
        0,
        0,
        0,
        0,
        0,
        0,
        0,
        0,
        0,
        0,
        0,
        0,
        0,
        0,
        0,
        0,
        0,
        0,
        0,
        0,
        0,
        0,
        0,
        0,
        0,
        0,
        0,
        0,
        0,
        0,
        0,
        0,
        0,
        0,
        0,
        0,
        0,
        0,
        0,
        0,
        0,
        0,
        0,
        0,
        0,
        0,
        0,
        0,
        0,
        0,
        0,
        0,
        0,
        0,
        0,
        0,
        0,
        0,
        0,
        0,
        0,
        0,
        0,
        0,
        0,
        0,
        0,
        0,
        0,
        0,
        0,
        0,
        0,
        0,
        0,
        0,
        0,
        0,
        0,
        0,
        0,
        0,
        0,
        0,
        0,
        0,
        0,
        0,
        0,
        0,
        0,
        0,
        0,
        0,
        0,
        0,
        0,
        0,
        0,
        0,
        0,
        0,
        0,
        0,
        0,
        0,
        0,
        0,
        0,
        0,
        0,
        0,
        0,
        0,
        0,
        0,
        0,
        0,
        0,
        0,
        0,
        0,
        0,
        0,
        0,
        0,
        0,
        0,
        0,
        0,
        0
    ],
    "creation_values": [
        0.9478633134106876,
        0.9478633134106876,
        0.9478633134106876,
        0.9478633134106876,
        0.9478633134106876,
        0.9478633134106876,
        0.9478633134106876,
        0.9478633134106876,
        0.9478633134106876,
        0.9478633134106876,
        0.9478633134106876,
        0.9478633134106876,
        0.9478633134106876,
        0.9478633134106876,
        0.9478633134106876,
        0.9478633134106876,
        0.9478633134106876,
        0.9478633134106876,
        0.9478633134106876,
        0.9478633134106876,
        0.9478633134106876,
        0.9478633134106876,
        0.9478633134106876,
        0.9478633134106876,
        0.9478633134106876,
        0.9478633134106876,
        0.9478633134106876,
        0.9478633134106876,
        0.9478633134106876,
        0.9478633134106876,
        0.9478633134106876,
        0.9478633134106876,
        0.9478633134106876,
        0.9478633134106876,
        0.9478633134106876,
        0.9478633134106876,
        0.9478633134106876,
        0.9478633134106876,
        0.9478633134106876,
        0.9478633134106876,
        0.9478633134106876,
        0.9478633134106876,
        0.9478633134106876,
        0.9478633134106876,
        0.9478633134106876,
        0.9478633134106876,
        0.9478633134106876,
        0.9478633134106876,
        0.9478633134106876,
        0.9478633134106876,
        0.9478633134106876,
        0.9478633134106876,
        0.9478633134106876,
        0.9478633134106876,
        0.9478633134106876,
        0.9478633134106876,
        0.9478633134106876,
        0.9478633134106876,
        0.9478633134106876,
        0.9478633134106876,
        0.9478633134106876,
        0.9478633134106876,
        0.9478633134106876,
        0.9478633134106876,
        0.9478633134106876,
        0.9478633134106876,
        0.9478633134106876,
        0.9478633134106876,
        0.9478633134106876,
        0.9478633134106876,
        0.9478633134106876,
        0.9478633134106876,
        0.9478633134106876,
        0.9478633134106876,
        0.9478633134106876,
        0.9478633134106876,
        0.9478633134106876,
        0.9478633134106876,
        0.9478633134106876,
        0.9478633134106876,
        0.9478633134106876,
        0.9478633134106876,
        0.9478633134106876,
        0.9478633134106876,
        0.9478633134106876,
        0.9478633134106876,
        0.9478633134106876,
        0.9478633134106876,
        0.9478633134106876,
        0.9478633134106876,
        0.9478633134106876,
        0.9478633134106876,
        0.9478633134106876,
        0.9478633134106876,
        0.9478633134106876,
        0.9478633134106876,
        0.9478633134106876,
        0.9478633134106876,
        0.9478633134106876,
        0.9478633134106876,
        0.9478633134106876,
        0.9478633134106876,
        0.9478633134106876,
        0.9478633134106876,
        0.9478633134106876,
        0.9478633134106876,
        0.9478633134106876,
        0.9478633134106876,
        0.9478633134106876,
        0.9478633134106876,
        0.9478633134106876,
        0.9478633134106876,
        0.9478633134106876,
        0.9478633134106876,
        0.9478633134106876,
        0.9478633134106876,
        0.9478633134106876,
        0.9478633134106876,
        0.9478633134106876,
        0.9478633134106876,
        0.9478633134106876,
        0.9478633134106876,
        0.9478633134106876,
        0.9478633134106876,
        0.9478633134106876,
        0.9478633134106876,
        0.9478633134106876,
        0.9478633134106876,
        0.9478633134106876,
        0.9478633134106876,
        0.9478633134106876,
        0.9478633134106876,
        0.9478633134106876,
        0.9478633134106876,
        0.9478633134106876,
        0.9478633134106876,
        0.9478633134106876,
        0.9478633134106876,
        0.9478633134106876,
        0.9478633134106876,
        0.9478633134106876,
        0.9478633134106876,
        0.9478633134106876,
        0.9478633134106876,
        0.9478633134106876,
        0.9478633134106876,
        0.9478633134106876,
        0.9478633134106876,
        0.9478633134106876,
        0.9478633134106876,
        0.9478633134106876,
        0.9478633134106876,
        0.9478633134106876,
        0.9478633134106876,
        0.9478633134106876,
        0.9478633134106876,
        0.9478633134106876,
        0.9478633134106876,
        0.9478633134106876,
        0.9478633134106876,
        0.9478633134106876,
        0.9478633134106876,
        0.9478633134106876,
        0.9478633134106876,
        0.9478633134106876,
        0.9478633134106876,
        0.9478633134106876,
        0.9478633134106876
    ],