{
    "dimensions": [
        0,
        0,
        0,
        0,
        0,
        0,
        0,
        0,
        0,
        0,
        0,
        0,
        0,
        0,
        0,
        0,
        0,
        0,
        0,
        0,
        0,
        0,
        0,
        0,
        0,
        0,
        0,
        0,
        0,
        0,
        0,
        0,
        0,
        0,
        0,
        0,
        0,
        0,
        0,
        0,
        0,
        0,
        0,
        0,
        0,
        0,
        0,
        0,
        0,
        0,
        0,
        0,
        0,
        0,
        0,
        0,
        0,
        0,
        0,
        0,
        0,
        0,
        0,
        0,
        0,
        0,
        0,
        0,
        0,
        0,
        0,
        0,
        0,
        0,
        0,
        0,
        0,
        0,
        0,
        0,
        0,
        0,
        0,
        0,
        0,
        0,
        0,
        0,
        0,
        0,
        0,
        0,
        0,
        0,
        0,
        0,
        0,
        0,
        0,
        0,
        0,
        0,
        0,
        0,
        0,
        0,
        0,
        0,
        0,
        0,
        0,
        0,
        0,
        0,
        0,
        0,
        0,
        0,
        0,
        0,
        0,
        0,
        0,
        0,
        0,
        0,
        0,
        0,
        0,
        0,
        0,
        0,
        0,
        0,
        0,
        0,
        0,
        0,
        0,
        0,
        0,
        0,
        0,
        0,
        0,
        0,
        0,
        0,
        0,
        0,
        0,
        0,
        0,
        0,
        0,
        0,
        0,
        0,
        0,
        0,
        0,
        0,
        0,
        0,
        0,
        0,
        0,
        0
    ],
    "creation_values": [
        0.9784796928520897,
        0.9784796928520897,
        0.9784796928520897,
        0.9784796928520897,
        0.9784796928520897,
        0.9784796928520897,
        0.9784796928520897,
        0.9784796928520897,
        0.9784796928520897,
        0.9784796928520897,
        0.9784796928520897,
        0.9784796928520897,
        0.9784796928520897,
        0.9784796928520897,
        0.9784796928520897,
        0.9784796928520897,
        0.9784796928520897,
        0.9784796928520897,
        0.9784796928520897,
        0.9784796928520897,
        0.9784796928520897,
        0.9784796928520897,
        0.9784796928520897,
        0.9784796928520897,
        0.9784796928520897,
        0.9784796928520897,
        0.9784796928520897,
        0.9784796928520897,
        0.9784796928520897,
        0.9784796928520897,
        0.9784796928520897,
        0.9784796928520897,
        0.9784796928520897,
        0.9784796928520897,
        0.9784796928520897,
        0.9784796928520897,
        0.9784796928520897,
        0.9784796928520897,
        0.9784796928520897,
        0.9784796928520897,
        0.9784796928520897,
        0.9784796928520897,
        0.9784796928520897,
        0.9784796928520897,
        0.9784796928520897,
        0.9784796928520897,
        0.9784796928520897,
        0.9784796928520897,
        0.9784796928520897,
        0.9784796928520897,
        0.9784796928520897,
        0.9784796928520897,
        0.9784796928520897,
        0.9784796928520897,
        0.9784796928520897,
        0.9784796928520897,
        0.9784796928520897,
        0.9784796928520897,
        0.9784796928520897,
        0.9784796928520897,
        0.9784796928520897,
        0.9784796928520897,
        0.9784796928520897,
        0.9784796928520897,
        0.9784796928520897,
        0.9784796928520897,
        0.9784796928520897,
        0.9784796928520897,
        0.9784796928520897,
        0.9784796928520897,
        0.9784796928520897,
        0.9784796928520897,
        0.9784796928520897,
        0.9784796928520897,
        0.9784796928520897,
        0.9784796928520897,
        0.9784796928520897,
        0.9784796928520897,
        0.9784796928520897,
        0.9784796928520897,
        0.9784796928520897,
        0.9784796928520897,
        0.9784796928520897,
        0.9784796928520897,
        0.9784796928520897,
        0.9784796928520897,
        0.9784796928520897,
        0.9784796928520897,
        0.9784796928520897,
        0.9784796928520897,
        0.9784796928520897,
        0.9784796928520897,
        0.9784796928520897,
        0.9784796928520897,
        0.9784796928520897,
        0.9784796928520897,
        0.9784796928520897,
        0.9784796928520897,
        0.9784796928520897,
        0.9784796928520897,
        0.9784796928520897,
        0.9784796928520897,
        0.9784796928520897,
        0.9784796928520897,
        0.9784796928520897,
        0.9784796928520897,
        0.9784796928520897,
        0.9784796928520897,
        0.9784796928520897,
        0.9784796928520897,
        0.9784796928520897,
        0.9784796928520897,
        0.9784796928520897,
        0.9784796928520897,
        0.9784796928520897,
        0.9784796928520897,
        0.9784796928520897,
        0.9784796928520897,
        0.9784796928520897,
        0.9784796928520897,
        0.9784796928520897,
        0.9784796928520897,
        0.9784796928520897,
        0.9784796928520897,
        0.9784796928520897,
        0.9784796928520897,
        0.9784796928520897,
        0.9784796928520897,
        0.9784796928520897,
        0.9784796928520897,
        0.9784796928520897,
        0.9784796928520897,
        0.9784796928520897,
        0.9784796928520897,
        0.9784796928520897,
        0.9784796928520897,
        0.9784796928520897,
        0.9784796928520897,
        0.9784796928520897,
        0.9784796928520897,
        0.9784796928520897,
        0.9784796928520897,
        0.9784796928520897,
        0.9784796928520897,
        0.9784796928520897,
        0.9784796928520897,
        0.9784796928520897,
        0.9784796928520897,
        0.9784796928520897,
        0.9784796928520897,
        0.9784796928520897,
        0.9784796928520897,
        0.9784796928520897,
        0.9784796928520897,
        0.9784796928520897,
        0.9784796928520897,
        0.9784796928520897,
        0.9784796928520897,
        0.9784796928520897,
        0.9784796928520897,
        0.9784796928520897,
        0.9784796928520897,
        0.9784796928520897,
        0.9784796928520897,
        0.9784796928520897,
        0.9784796928520897,
        0.9784796928520897,
        0.9784796928520897
    ],