{
    "dimensions": [
        0,
        0,
        0,
        0,
        0,
        0,
        0,
        0,
        0,
        0,
        0,
        0,
        0,
        0,
        0,
        0,
        0,
        0,
        0,
        0,
        0,
        0,
        0,
        0,
        0,
        0,
        0,
        0,
        0,
        0,
        0,
        0,
        0,
        0,
        0,
        0,
        0,
        0,
        0,
        0,
        0,
        0,
        0,
        0,
        0,
        0,
        0,
        0,
        0,
        0,
        0,
        0,
        0,
        0,
        0,
        0,
        0,
        0,
        0,
        0,
        0,
        0,
        0,
        0,
        0,
        0,
        0,
        0,
        0,
        0,
        0,
        0,
        0,
        0,
        0,
        0,
        0,
        0,
        0,
        0,
        0,
        0,
        0,
        0,
        0,
        0,
        0,
        0,
        0,
        0,
        0,
        0,
        0,
        0,
        0,
        0,
        0,
        0,
        0,
        0,
        0,
        0,
        0,
        0,
        0,
        0,
        0,
        0,
        0,
        0,
        0,
        0,
        0,
        0,
        0,
        0,
        0,
        0,
        0,
        0,
        0,
        0,
        0,
        0,
        0,
        0,
        0,
        0,
        0,
        0,
        0,
        0,
        0,
        0,
        0,
        0,
        0,
        0,
        0,
        0,
        0,
        0,
        0,
        0,
        0,
        0,
        0,
        0,
        0,
        0,
        0,
        0,
        0,
        0,
        0,
        0,
        0,
        0,
        0,
        0,
        0,
        0,
        0,
        0,
        0,
        0,
        0,
        0
    ],
    "creation_values": [
        0.9785235761168373,
        0.9785235761168373,
        0.9785235761168373,
        0.9785235761168373,
        0.9785235761168373,
        0.9785235761168373,
        0.9785235761168373,
        0.9785235761168373,
        0.9785235761168373,
        0.9785235761168373,
        0.9785235761168373,
        0.9785235761168373,
        0.9785235761168373,
        0.9785235761168373,
        0.9785235761168373,
        0.9785235761168373,
        0.9785235761168373,
        0.9785235761168373,
        0.9785235761168373,
        0.9785235761168373,
        0.9785235761168373,
        0.9785235761168373,
        0.9785235761168373,
        0.9785235761168373,
        0.9785235761168373,
        0.9785235761168373,
        0.9785235761168373,
        0.9785235761168373,
        0.9785235761168373,
        0.9785235761168373,
        0.9785235761168373,
        0.9785235761168373,
        0.9785235761168373,
        0.9785235761168373,
        0.9785235761168373,
        0.9785235761168373,
        0.9785235761168373,
        0.9785235761168373,
        0.9785235761168373,
        0.9785235761168373,
        0.9785235761168373,
        0.9785235761168373,
        0.9785235761168373,
        0.9785235761168373,
        0.9785235761168373,
        0.9785235761168373,
        0.9785235761168373,
        0.9785235761168373,
        0.9785235761168373,
        0.9785235761168373,
        0.9785235761168373,
        0.9785235761168373,
        0.9785235761168373,
        0.9785235761168373,
        0.9785235761168373,
        0.9785235761168373,
        0.9785235761168373,
        0.9785235761168373,
        0.9785235761168373,
        0.9785235761168373,
        0.9785235761168373,
        0.9785235761168373,
        0.9785235761168373,
        0.9785235761168373,
        0.9785235761168373,
        0.9785235761168373,
        0.9785235761168373,
        0.9785235761168373,
        0.9785235761168373,
        0.9785235761168373,
        0.9785235761168373,
        0.9785235761168373,
        0.9785235761168373,
        0.9785235761168373,
        0.9785235761168373,
        0.9785235761168373,
        0.9785235761168373,
        0.9785235761168373,
        0.9785235761168373,
        0.9785235761168373,
        0.9785235761168373,
        0.9785235761168373,
        0.9785235761168373,
        0.9785235761168373,
        0.9785235761168373,
        0.9785235761168373,
        0.9785235761168373,
        0.9785235761168373,
        0.9785235761168373,
        0.9785235761168373,
        0.9785235761168373,
        0.9785235761168373,
        0.9785235761168373,
        0.9785235761168373,
        0.9785235761168373,
        0.9785235761168373,
        0.9785235761168373,
        0.9785235761168373,
        0.9785235761168373,
        0.9785235761168373,
        0.9785235761168373,
        0.9785235761168373,
        0.9785235761168373,
        0.9785235761168373,
        0.9785235761168373,
        0.9785235761168373,
        0.9785235761168373,
        0.9785235761168373,
        0.9785235761168373,
        0.9785235761168373,
        0.9785235761168373,
        0.9785235761168373,
        0.9785235761168373,
        0.9785235761168373,
        0.9785235761168373,
        0.9785235761168373,
        0.9785235761168373,
        0.9785235761168373,
        0.9785235761168373,
        0.9785235761168373,
        0.9785235761168373,
        0.9785235761168373,
        0.9785235761168373,
        0.9785235761168373,
        0.9785235761168373,
        0.9785235761168373,
        0.9785235761168373,
        0.9785235761168373,
        0.9785235761168373,
        0.9785235761168373,
        0.9785235761168373,
        0.9785235761168373,
        0.9785235761168373,
        0.9785235761168373,
        0.9785235761168373,
        0.9785235761168373,
        0.9785235761168373,
        0.9785235761168373,
        0.9785235761168373,
        0.9785235761168373,
        0.9785235761168373,
        0.9785235761168373,
        0.9785235761168373,
        0.9785235761168373,
        0.9785235761168373,
        0.9785235761168373,
        0.9785235761168373,
        0.9785235761168373,
        0.9785235761168373,
        0.9785235761168373,
        0.9785235761168373,
        0.9785235761168373,
        0.9785235761168373,
        0.9785235761168373,
        0.9785235761168373,
        0.9785235761168373,
        0.9785235761168373,
        0.9785235761168373,
        0.9785235761168373,
        0.9785235761168373,
        0.9785235761168373,
        0.9785235761168373,
        0.9785235761168373,
        0.9785235761168373,
        0.9785235761168373,
        0.9785235761168373,
        0.9785235761168373,
        0.9785235761168373
    ],