{
    "dimensions": [
        0,
        0,
        0,
        0,
        0,
        0,
        0,
        0,
        0,
        0,
        0,
        0,
        0,
        0,
        0,
        0,
        0,
        0,
        0,
        0,
        0,
        0,
        0,
        0,
        0,
        0,
        0,
        0,
        0,
        0,
        0,
        0,
        0,
        0,
        0,
        0,
        0,
        0,
        0,
        0,
        0,
        0,
        0,
        0,
        0,
        0,
        0,
        0,
        0,
        0,
        0,
        0,
        0,
        0,
        0,
        0,
        0,
        0,
        0,
        0,
        0,
        0,
        0,
        0,
        0,
        0,
        0,
        0,
        0,
        0,
        0,
        0,
        0,
        0,
        0,
        0,
        0,
        0,
        0,
        0,
        0,
        0,
        0,
        0,
        0,
        0,
        0,
        0,
        0,
        0,
        0,
        0,
        0,
        0,
        0,
        0,
        0,
        0,
        0,
        0,
        0,
        0,
        0,
        0,
        0,
        0,
        0,
        0,
        0,
        0,
        0,
        0,
        0,
        0,
        0,
        0,
        0,
        0,
        0,
        0,
        0,
        0,
        0,
        0,
        0,
        0,
        0,
        0,
        0,
        0,
        0,
        0,
        0,
        0,
        0,
        0,
        0,
        0,
        0,
        0,
        0,
        0,
        0,
        0,
        0,
        0,
        0,
        0,
        0,
        0,
        0,
        0,
        0,
        0,
        0,
        0,
        0,
        0,
        0,
        0,
        0,
        0,
        0,
        0,
        0,
        0,
        0,
        0
    ],
    "creation_values": [
        0.9674105054824784,
        0.9674105054824784,
        0.9674105054824784,
        0.9674105054824784,
        0.9674105054824784,
        0.9674105054824784,
        0.9674105054824784,
        0.9674105054824784,
        0.9674105054824784,
        0.9674105054824784,
        0.9674105054824784,
        0.9674105054824784,
        0.9674105054824784,
        0.9674105054824784,
        0.9674105054824784,
        0.9674105054824784,
        0.9674105054824784,
        0.9674105054824784,
        0.9674105054824784,
        0.9674105054824784,
        0.9674105054824784,
        0.9674105054824784,
        0.9674105054824784,
        0.9674105054824784,
        0.9674105054824784,
        0.9674105054824784,
        0.9674105054824784,
        0.9674105054824784,
        0.9674105054824784,
        0.9674105054824784,
        0.9674105054824784,
        0.9674105054824784,
        0.9674105054824784,
        0.9674105054824784,
        0.9674105054824784,
        0.9674105054824784,
        0.9674105054824784,
        0.9674105054824784,
        0.9674105054824784,
        0.9674105054824784,
        0.9674105054824784,
        0.9674105054824784,
        0.9674105054824784,
        0.9674105054824784,
        0.9674105054824784,
        0.9674105054824784,
        0.9674105054824784,
        0.9674105054824784,
        0.9674105054824784,
        0.9674105054824784,
        0.9674105054824784,
        0.9674105054824784,
        0.9674105054824784,
        0.9674105054824784,
        0.9674105054824784,
        0.9674105054824784,
        0.9674105054824784,
        0.9674105054824784,
        0.9674105054824784,
        0.9674105054824784,
        0.9674105054824784,
        0.9674105054824784,
        0.9674105054824784,
        0.9674105054824784,
        0.9674105054824784,
        0.9674105054824784,
        0.9674105054824784,
        0.9674105054824784,
        0.9674105054824784,
        0.9674105054824784,
        0.9674105054824784,
        0.9674105054824784,
        0.9674105054824784,
        0.9674105054824784,
        0.9674105054824784,
        0.9674105054824784,
        0.9674105054824784,
        0.9674105054824784,
        0.9674105054824784,
        0.9674105054824784,
        0.9674105054824784,
        0.9674105054824784,
        0.9674105054824784,
        0.9674105054824784,
        0.9674105054824784,
        0.9674105054824784,
        0.9674105054824784,
        0.9674105054824784,
        0.9674105054824784,
        0.9674105054824784,
        0.9674105054824784,
        0.9674105054824784,
        0.9674105054824784,
        0.9674105054824784,
        0.9674105054824784,
        0.9674105054824784,
        0.9674105054824784,
        0.9674105054824784,
        0.9674105054824784,
        0.9674105054824784,
        0.9674105054824784,
        0.9674105054824784,
        0.9674105054824784,
        0.9674105054824784,
        0.9674105054824784,
        0.9674105054824784,
        0.9674105054824784,
        0.9674105054824784,
        0.9674105054824784,
        0.9674105054824784,
        0.9674105054824784,
        0.9674105054824784,
        0.9674105054824784,
        0.9674105054824784,
        0.9674105054824784,
        0.9674105054824784,
        0.9674105054824784,
        0.9674105054824784,
        0.9674105054824784,
        0.9674105054824784,
        0.9674105054824784,
        0.9674105054824784,
        0.9674105054824784,
        0.9674105054824784,
        0.9674105054824784,
        0.9674105054824784,
        0.9674105054824784,
        0.9674105054824784,
        0.9674105054824784,
        0.9674105054824784,
        0.9674105054824784,
        0.9674105054824784,
        0.9674105054824784,
        0.9674105054824784,
        0.9674105054824784,
        0.9674105054824784,
        0.9674105054824784,
        0.9674105054824784,
        0.9674105054824784,
        0.9674105054824784,
        0.9674105054824784,
        0.9674105054824784,
        0.9674105054824784,
        0.9674105054824784,
        0.9674105054824784,
        0.9674105054824784,
        0.9674105054824784,
        0.9674105054824784,
        0.9674105054824784,
        0.9674105054824784,
        0.9674105054824784,
        0.9674105054824784,
        0.9674105054824784,
        0.9674105054824784,
        0.9674105054824784,
        0.9674105054824784,
        0.9674105054824784,
        0.9674105054824784,
        0.9674105054824784,
        0.9674105054824784,
        0.9674105054824784,
        0.9674105054824784,
        0.9674105054824784,
        0.9674105054824784,
        0.9674105054824784,
        0.9674105054824784,
        0.9674105054824784,
        0.9674105054824784
    ],