{
    "dimensions": [
        0,
        0,
        0,
        0,
        0,
        0,
        0,
        0,
        0,
        0,
        0,
        0,
        0,
        0,
        0,
        0,
        0,
        0,
        0,
        0,
        0,
        0,
        0,
        0,
        0,
        0,
        0,
        0,
        0,
        0,
        0,
        0,
        0,
        0,
        0,
        0,
        0,
        0,
        0,
        0,
        0,
        0,
        0,
        0,
        0,
        0,
        0,
        0,
        0,
        0,
        0,
        0,
        0,
        0,
        0,
        0,
        0,
        0,
        0,
        0,
        0,
        0,
        0,
        0,
        0,
        0,
        0,
        0,
        0,
        0,
        0,
        0,
        0,
        0,
        0,
        0,
        0,
        0,
        0,
        0,
        0,
        0,
        0,
        0,
        0,
        0,
        0,
        0,
        0,
        0,
        0,
        0,
        0,
        0,
        0,
        0,
        0,
        0,
        0,
        0,
        0,
        0,
        0,
        0,
        0,
        0,
        0,
        0,
        0,
        0,
        0,
        0,
        0,
        0,
        0,
        0,
        0,
        0,
        0,
        0,
        0,
        0,
        0,
        0,
        0,
        0,
        0,
        0,
        0,
        0,
        0,
        0,
        0,
        0,
        0,
        0,
        0,
        0,
        0,
        0,
        0,
        0,
        0,
        0,
        0,
        0,
        0,
        0,
        0,
        0,
        0,
        0,
        0,
        0,
        0,
        0,
        0,
        0,
        0,
        0,
        0,
        0,
        0,
        0,
        0,
        0,
        0,
        0
    ],
    "creation_values": [
        0.9959436855189948,
        0.9959436855189948,
        0.9959436855189948,
        0.9959436855189948,
        0.9959436855189948,
        0.9959436855189948,
        0.9959436855189948,
        0.9959436855189948,
        0.9959436855189948,
        0.9959436855189948,
        0.9959436855189948,
        0.9959436855189948,
        0.9959436855189948,
        0.9959436855189948,
        0.9959436855189948,
        0.9959436855189948,
        0.9959436855189948,
        0.9959436855189948,
        0.9959436855189948,
        0.9959436855189948,
        0.9959436855189948,
        0.9959436855189948,
        0.9959436855189948,
        0.9959436855189948,
        0.9959436855189948,
        0.9959436855189948,
        0.9959436855189948,
        0.9959436855189948,
        0.9959436855189948,
        0.9959436855189948,
        0.9959436855189948,
        0.9959436855189948,
        0.9959436855189948,
        0.9959436855189948,
        0.9959436855189948,
        0.9959436855189948,
        0.9959436855189948,
        0.9959436855189948,
        0.9959436855189948,
        0.9959436855189948,
        0.9959436855189948,
        0.9959436855189948,
        0.9959436855189948,
        0.9959436855189948,
        0.9959436855189948,
        0.9959436855189948,
        0.9959436855189948,
        0.9959436855189948,
        0.9959436855189948,
        0.9959436855189948,
        0.9959436855189948,
        0.9959436855189948,
        0.9959436855189948,
        0.9959436855189948,
        0.9959436855189948,
        0.9959436855189948,
        0.9959436855189948,
        0.9959436855189948,
        0.9959436855189948,
        0.9959436855189948,
        0.9959436855189948,
        0.9959436855189948,
        0.9959436855189948,
        0.9959436855189948,
        0.9959436855189948,
        0.9959436855189948,
        0.9959436855189948,
        0.9959436855189948,
        0.9959436855189948,
        0.9959436855189948,
        0.9959436855189948,
        0.9959436855189948,
        0.9959436855189948,
        0.9959436855189948,
        0.9959436855189948,
        0.9959436855189948,
        0.9959436855189948,
        0.9959436855189948,
        0.9959436855189948,
        0.9959436855189948,
        0.9959436855189948,
        0.9959436855189948,
        0.9959436855189948,
        0.9959436855189948,
        0.9959436855189948,
        0.9959436855189948,
        0.9959436855189948,
        0.9959436855189948,
        0.9959436855189948,
        0.9959436855189948,
        0.9959436855189948,
        0.9959436855189948,
        0.9959436855189948,
        0.9959436855189948,
        0.9959436855189948,
        0.9959436855189948,
        0.9959436855189948,
        0.9959436855189948,
        0.9959436855189948,
        0.9959436855189948,
        0.9959436855189948,
        0.9959436855189948,
        0.9959436855189948,
        0.9959436855189948,
        0.9959436855189948,
        0.9959436855189948,
        0.9959436855189948,
        0.9959436855189948,
        0.9959436855189948,
        0.9959436855189948,
        0.9959436855189948,
        0.9959436855189948,
        0.9959436855189948,
        0.9959436855189948,
        0.9959436855189948,
        0.9959436855189948,
        0.9959436855189948,
        0.9959436855189948,
        0.9959436855189948,
        0.9959436855189948,
        0.9959436855189948,
        0.9959436855189948,
        0.9959436855189948,
        0.9959436855189948,
        0.9959436855189948,
        0.9959436855189948,
        0.9959436855189948,
        0.9959436855189948,
        0.9959436855189948,
        0.9959436855189948,
        0.9959436855189948,
        0.9959436855189948,
        0.9959436855189948,
        0.9959436855189948,
        0.9959436855189948,
        0.9959436855189948,
        0.9959436855189948,
        0.9959436855189948,
        0.9959436855189948,
        0.9959436855189948,
        0.9959436855189948,
        0.9959436855189948,
        0.9959436855189948,
        0.9959436855189948,
        0.9959436855189948,
        0.9959436855189948,
        0.9959436855189948,
        0.9959436855189948,
        0.9959436855189948,
        0.9959436855189948,
        0.9959436855189948,
        0.9959436855189948,
        0.9959436855189948,
        0.9959436855189948,
        0.9959436855189948,
        0.9959436855189948,
        0.9959436855189948,
        0.9959436855189948,
        0.9959436855189948,
        0.9959436855189948,
        0.9959436855189948,
        0.9959436855189948,
        0.9959436855189948,
        0.9959436855189948,
        0.9959436855189948,
        0.9959436855189948,
        0.9959436855189948,
        0.9959436855189948
    ],