{
    "dimensions": [
        0,
        0,
        0,
        0,
        0,
        0,
        0,
        0,
        0,
        0,
        0,
        0,
        0,
        0,
        0,
        0,
        0,
        0,
        0,
        0,
        0,
        0,
        0,
        0,
        0,
        0,
        0,
        0,
        0,
        0,
        0,
        0,
        0,
        0,
        0,
        0,
        0,
        0,
        0,
        0,
        0,
        0,
        0,
        0,
        0,
        0,
        0,
        0,
        0,
        0,
        0,
        0,
        0,
        0,
        0,
        0,
        0,
        0,
        0,
        0,
        0,
        0,
        0,
        0,
        0,
        0,
        0,
        0,
        0,
        0,
        0,
        0,
        0,
        0,
        0,
        0,
        0,
        0,
        0,
        0,
        0,
        0,
        0,
        0,
        0,
        0,
        0,
        0,
        0,
        0,
        0,
        0,
        0,
        0,
        0,
        0,
        0,
        0,
        0,
        0,
        0,
        0,
        0,
        0,
        0,
        0,
        0,
        0,
        0,
        0,
        0,
        0,
        0,
        0,
        0,
        0,
        0,
        0,
        0,
        0,
        0,
        0,
        0,
        0,
        0,
        0,
        0,
        0,
        0,
        0,
        0,
        0,
        0,
        0,
        0,
        0,
        0,
        0,
        0,
        0,
        0,
        0,
        0,
        0,
        0,
        0,
        0,
        0,
        0,
        0,
        0,
        0,
        0,
        0,
        0,
        0,
        0,
        0,
        0,
        0,
        0,
        0,
        0,
        0,
        0,
        0,
        0,
        0
    ],
    "creation_values": [
        0.9966798171654843,
        0.9966798171654843,
        0.9966798171654843,
        0.9966798171654843,
        0.9966798171654843,
        0.9966798171654843,
        0.9966798171654843,
        0.9966798171654843,
        0.9966798171654843,
        0.9966798171654843,
        0.9966798171654843,
        0.9966798171654843,
        0.9966798171654843,
        0.9966798171654843,
        0.9966798171654843,
        0.9966798171654843,
        0.9966798171654843,
        0.9966798171654843,
        0.9966798171654843,
        0.9966798171654843,
        0.9966798171654843,
        0.9966798171654843,
        0.9966798171654843,
        0.9966798171654843,
        0.9966798171654843,
        0.9966798171654843,
        0.9966798171654843,
        0.9966798171654843,
        0.9966798171654843,
        0.9966798171654843,
        0.9966798171654843,
        0.9966798171654843,
        0.9966798171654843,
        0.9966798171654843,
        0.9966798171654843,
        0.9966798171654843,
        0.9966798171654843,
        0.9966798171654843,
        0.9966798171654843,
        0.9966798171654843,
        0.9966798171654843,
        0.9966798171654843,
        0.9966798171654843,
        0.9966798171654843,
        0.9966798171654843,
        0.9966798171654843,
        0.9966798171654843,
        0.9966798171654843,
        0.9966798171654843,
        0.9966798171654843,
        0.9966798171654843,
        0.9966798171654843,
        0.9966798171654843,
        0.9966798171654843,
        0.9966798171654843,
        0.9966798171654843,
        0.9966798171654843,
        0.9966798171654843,
        0.9966798171654843,
        0.9966798171654843,
        0.9966798171654843,
        0.9966798171654843,
        0.9966798171654843,
        0.9966798171654843,
        0.9966798171654843,
        0.9966798171654843,
        0.9966798171654843,
        0.9966798171654843,
        0.9966798171654843,
        0.9966798171654843,
        0.9966798171654843,
        0.9966798171654843,
        0.9966798171654843,
        0.9966798171654843,
        0.9966798171654843,
        0.9966798171654843,
        0.9966798171654843,
        0.9966798171654843,
        0.9966798171654843,
        0.9966798171654843,
        0.9966798171654843,
        0.9966798171654843,
        0.9966798171654843,
        0.9966798171654843,
        0.9966798171654843,
        0.9966798171654843,
        0.9966798171654843,
        0.9966798171654843,
        0.9966798171654843,
        0.9966798171654843,
        0.9966798171654843,
        0.9966798171654843,
        0.9966798171654843,
        0.9966798171654843,
        0.9966798171654843,
        0.9966798171654843,
        0.9966798171654843,
        0.9966798171654843,
        0.9966798171654843,
        0.9966798171654843,
        0.9966798171654843,
        0.9966798171654843,
        0.9966798171654843,
        0.9966798171654843,
        0.9966798171654843,
        0.9966798171654843,
        0.9966798171654843,
        0.9966798171654843,
        0.9966798171654843,
        0.9966798171654843,
        0.9966798171654843,
        0.9966798171654843,
        0.9966798171654843,
        0.9966798171654843,
        0.9966798171654843,
        0.9966798171654843,
        0.9966798171654843,
        0.9966798171654843,
        0.9966798171654843,
        0.9966798171654843,
        0.9966798171654843,
        0.9966798171654843,
        0.9966798171654843,
        0.9966798171654843,
        0.9966798171654843,
        0.9966798171654843,
        0.9966798171654843,
        0.9966798171654843,
        0.9966798171654843,
        0.9966798171654843,
        0.9966798171654843,
        0.9966798171654843,
        0.9966798171654843,
        0.9966798171654843,
        0.9966798171654843,
        0.9966798171654843,
        0.9966798171654843,
        0.9966798171654843,
        0.9966798171654843,
        0.9966798171654843,
        0.9966798171654843,
        0.9966798171654843,
        0.9966798171654843,
        0.9966798171654843,
        0.9966798171654843,
        0.9966798171654843,
        0.9966798171654843,
        0.9966798171654843,
        0.9966798171654843,
        0.9966798171654843,
        0.9966798171654843,
        0.9966798171654843,
        0.9966798171654843,
        0.9966798171654843,
        0.9966798171654843,
        0.9966798171654843,
        0.9966798171654843,
        0.9966798171654843,
        0.9966798171654843,
        0.9966798171654843,
        0.9966798171654843,
        0.9966798171654843,
        0.9966798171654843,
        0.9966798171654843,
        0.9966798171654843,
        0.9966798171654843,
        0.9966798171654843,
        0.9966798171654843
    ],