{
    "dimensions": [
        0,
        0,
        0,
        0,
        0,
        0,
        0,
        0,
        0,
        0,
        0,
        0,
        0,
        0,
        0,
        0,
        0,
        0,
        0,
        0,
        0,
        0,
        0,
        0,
        0,
        0,
        0,
        0,
        0,
        0,
        0,
        0,
        0,
        0,
        0,
        0,
        0,
        0,
        0,
        0,
        0,
        0,
        0,
        0,
        0,
        0,
        0,
        0,
        0,
        0,
        0,
        0,
        0,
        0,
        0,
        0,
        0,
        0,
        0,
        0,
        0,
        0,
        0,
        0,
        0,
        0,
        0,
        0,
        0,
        0,
        0,
        0,
        0,
        0,
        0,
        0,
        0,
        0,
        0,
        0,
        0,
        0,
        0,
        0,
        0,
        0,
        0,
        0,
        0,
        0,
        0,
        0,
        0,
        0,
        0,
        0,
        0,
        0,
        0,
        0,
        0,
        0,
        0,
        0,
        0,
        0,
        0,
        0,
        0,
        0,
        0,
        0,
        0,
        0,
        0,
        0,
        0,
        0,
        0,
        0,
        0,
        0,
        0,
        0,
        0,
        0,
        0,
        0,
        0,
        0,
        0,
        0,
        0,
        0,
        0,
        0,
        0,
        0,
        0,
        0,
        0,
        0,
        0,
        0,
        0,
        0,
        0,
        0,
        0,
        0,
        0,
        0,
        0,
        0,
        0,
        0,
        0,
        0,
        0,
        0,
        0,
        0,
        0,
        0,
        0,
        0,
        0,
        0
    ],
    "creation_values": [
        0.8874218803368195,
        0.8874218803368195,
        0.8874218803368195,
        0.8874218803368195,
        0.8874218803368195,
        0.8874218803368195,
        0.8874218803368195,
        0.8874218803368195,
        0.8874218803368195,
        0.8874218803368195,
        0.8874218803368195,
        0.8874218803368195,
        0.8874218803368195,
        0.8874218803368195,
        0.8874218803368195,
        0.8874218803368195,
        0.8874218803368195,
        0.8874218803368195,
        0.8874218803368195,
        0.8874218803368195,
        0.8874218803368195,
        0.8874218803368195,
        0.8874218803368195,
        0.8874218803368195,
        0.8874218803368195,
        0.8874218803368195,
        0.8874218803368195,
        0.8874218803368195,
        0.8874218803368195,
        0.8874218803368195,
        0.8874218803368195,
        0.8874218803368195,
        0.8874218803368195,
        0.8874218803368195,
        0.8874218803368195,
        0.8874218803368195,
        0.8874218803368195,
        0.8874218803368195,
        0.8874218803368195,
        0.8874218803368195,
        0.8874218803368195,
        0.8874218803368195,
        0.8874218803368195,
        0.8874218803368195,
        0.8874218803368195,
        0.8874218803368195,
        0.8874218803368195,
        0.8874218803368195,
        0.8874218803368195,
        0.8874218803368195,
        0.8874218803368195,
        0.8874218803368195,
        0.8874218803368195,
        0.8874218803368195,
        0.8874218803368195,
        0.8874218803368195,
        0.8874218803368195,
        0.8874218803368195,
        0.8874218803368195,
        0.8874218803368195,
        0.8874218803368195,
        0.8874218803368195,
        0.8874218803368195,
        0.8874218803368195,
        0.8874218803368195,
        0.8874218803368195,
        0.8874218803368195,
        0.8874218803368195,
        0.8874218803368195,
        0.8874218803368195,
        0.8874218803368195,
        0.8874218803368195,
        0.8874218803368195,
        0.8874218803368195,
        0.8874218803368195,
        0.8874218803368195,
        0.8874218803368195,
        0.8874218803368195,
        0.8874218803368195,
        0.8874218803368195,
        0.8874218803368195,
        0.8874218803368195,
        0.8874218803368195,
        0.8874218803368195,
        0.8874218803368195,
        0.8874218803368195,
        0.8874218803368195,
        0.8874218803368195,
        0.8874218803368195,
        0.8874218803368195,
        0.8874218803368195,
        0.8874218803368195,
        0.8874218803368195,
        0.8874218803368195,
        0.8874218803368195,
        0.8874218803368195,
        0.8874218803368195,
        0.8874218803368195,
        0.8874218803368195,
        0.8874218803368195,
        0.8874218803368195,
        0.8874218803368195,
        0.8874218803368195,
        0.8874218803368195,
        0.8874218803368195,
        0.8874218803368195,
        0.8874218803368195,
        0.8874218803368195,
        0.8874218803368195,
        0.8874218803368195,
        0.8874218803368195,
        0.8874218803368195,
        0.8874218803368195,
        0.8874218803368195,
        0.8874218803368195,
        0.8874218803368195,
        0.8874218803368195,
        0.8874218803368195,
        0.8874218803368195,
        0.8874218803368195,
        0.8874218803368195,
        0.8874218803368195,
        0.8874218803368195,
        0.8874218803368195,
        0.8874218803368195,
        0.8874218803368195,
        0.8874218803368195,
        0.8874218803368195,
        0.8874218803368195,
        0.8874218803368195,
        0.8874218803368195,
        0.8874218803368195,
        0.8874218803368195,
        0.8874218803368195,
        0.8874218803368195,
        0.8874218803368195,
        0.8874218803368195,
        0.8874218803368195,
        0.8874218803368195,
        0.8874218803368195,
        0.8874218803368195,
        0.8874218803368195,
        0.8874218803368195,
        0.8874218803368195,
        0.8874218803368195,
        0.8874218803368195,
        0.8874218803368195,
        0.8874218803368195,
        0.8874218803368195,
        0.8874218803368195,
        0.8874218803368195,
        0.8874218803368195,
        0.8874218803368195,
        0.8874218803368195,
        0.8874218803368195,
        0.8874218803368195,
        0.8874218803368195,
        0.8874218803368195,
        0.8874218803368195,
        0.8874218803368195,
        0.8874218803368195,
        0.8874218803368195,
        0.8874218803368195,
        0.8874218803368195,
        0.8874218803368195,
        0.8874218803368195,
        0.8874218803368195,
        0.8874218803368195
    ],