{
    "dimensions": [
        0,
        0,
        0,
        0,
        0,
        0,
        0,
        0,
        0,
        0,
        0,
        0,
        0,
        0,
        0,
        0,
        0,
        0,
        0,
        0,
        0,
        0,
        0,
        0,
        0,
        0,
        0,
        0,
        0,
        0,
        0,
        0,
        0,
        0,
        0,
        0,
        0,
        0,
        0,
        0,
        0,
        0,
        0,
        0,
        0,
        0,
        0,
        0,
        0,
        0,
        0,
        0,
        0,
        0,
        0,
        0,
        0,
        0,
        0,
        0,
        0,
        0,
        0,
        0,
        0,
        0,
        0,
        0,
        0,
        0,
        0,
        0,
        0,
        0,
        0,
        0,
        0,
        0,
        0,
        0,
        0,
        0,
        0,
        0,
        0,
        0,
        0,
        0,
        0,
        0,
        0,
        0,
        0,
        0,
        0,
        0,
        0,
        0,
        0,
        0,
        0,
        0,
        0,
        0,
        0,
        0,
        0,
        0,
        0,
        0,
        0,
        0,
        0,
        0,
        0,
        0,
        0,
        0,
        0,
        0,
        0,
        0,
        0,
        0,
        0,
        0,
        0,
        0,
        0,
        0,
        0,
        0,
        0,
        0,
        0,
        0,
        0,
        0,
        0,
        0,
        0,
        0,
        0,
        0,
        0,
        0,
        0,
        0,
        0,
        0,
        0,
        0,
        0,
        0,
        0,
        0,
        0,
        0,
        0,
        0,
        0,
        0,
        0,
        0,
        0,
        0,
        0,
        0
    ],
    "creation_values": [
        0.9412867285319421,
        0.9412867285319421,
        0.9412867285319421,
        0.9412867285319421,
        0.9412867285319421,
        0.9412867285319421,
        0.9412867285319421,
        0.9412867285319421,
        0.9412867285319421,
        0.9412867285319421,
        0.9412867285319421,
        0.9412867285319421,
        0.9412867285319421,
        0.9412867285319421,
        0.9412867285319421,
        0.9412867285319421,
        0.9412867285319421,
        0.9412867285319421,
        0.9412867285319421,
        0.9412867285319421,
        0.9412867285319421,
        0.9412867285319421,
        0.9412867285319421,
        0.9412867285319421,
        0.9412867285319421,
        0.9412867285319421,
        0.9412867285319421,
        0.9412867285319421,
        0.9412867285319421,
        0.9412867285319421,
        0.9412867285319421,
        0.9412867285319421,
        0.9412867285319421,
        0.9412867285319421,
        0.9412867285319421,
        0.9412867285319421,
        0.9412867285319421,
        0.9412867285319421,
        0.9412867285319421,
        0.9412867285319421,
        0.9412867285319421,
        0.9412867285319421,
        0.9412867285319421,
        0.9412867285319421,
        0.9412867285319421,
        0.9412867285319421,
        0.9412867285319421,
        0.9412867285319421,
        0.9412867285319421,
        0.9412867285319421,
        0.9412867285319421,
        0.9412867285319421,
        0.9412867285319421,
        0.9412867285319421,
        0.9412867285319421,
        0.9412867285319421,
        0.9412867285319421,
        0.9412867285319421,
        0.9412867285319421,
        0.9412867285319421,
        0.9412867285319421,
        0.9412867285319421,
        0.9412867285319421,
        0.9412867285319421,
        0.9412867285319421,
        0.9412867285319421,
        0.9412867285319421,
        0.9412867285319421,
        0.9412867285319421,
        0.9412867285319421,
        0.9412867285319421,
        0.9412867285319421,
        0.9412867285319421,
        0.9412867285319421,
        0.9412867285319421,
        0.9412867285319421,
        0.9412867285319421,
        0.9412867285319421,
        0.9412867285319421,
        0.9412867285319421,
        0.9412867285319421,
        0.9412867285319421,
        0.9412867285319421,
        0.9412867285319421,
        0.9412867285319421,
        0.9412867285319421,
        0.9412867285319421,
        0.9412867285319421,
        0.9412867285319421,
        0.9412867285319421,
        0.9412867285319421,
        0.9412867285319421,
        0.9412867285319421,
        0.9412867285319421,
        0.9412867285319421,
        0.9412867285319421,
        0.9412867285319421,
        0.9412867285319421,
        0.9412867285319421,
        0.9412867285319421,
        0.9412867285319421,
        0.9412867285319421,
        0.9412867285319421,
        0.9412867285319421,
        0.9412867285319421,
        0.9412867285319421,
        0.9412867285319421,
        0.9412867285319421,
        0.9412867285319421,
        0.9412867285319421,
        0.9412867285319421,
        0.9412867285319421,
        0.9412867285319421,
        0.9412867285319421,
        0.9412867285319421,
        0.9412867285319421,
        0.9412867285319421,
        0.9412867285319421,
        0.9412867285319421,
        0.9412867285319421,
        0.9412867285319421,
        0.9412867285319421,
        0.9412867285319421,
        0.9412867285319421,
        0.9412867285319421,
        0.9412867285319421,
        0.9412867285319421,
        0.9412867285319421,
        0.9412867285319421,
        0.9412867285319421,
        0.9412867285319421,
        0.9412867285319421,
        0.9412867285319421,
        0.9412867285319421,
        0.9412867285319421,
        0.9412867285319421,
        0.9412867285319421,
        0.9412867285319421,
        0.9412867285319421,
        0.9412867285319421,
        0.9412867285319421,
        0.9412867285319421,
        0.9412867285319421,
        0.9412867285319421,
        0.9412867285319421,
        0.9412867285319421,
        0.9412867285319421,
        0.9412867285319421,
        0.9412867285319421,
        0.9412867285319421,
        0.9412867285319421,
        0.9412867285319421,
        0.9412867285319421,
        0.9412867285319421,
        0.9412867285319421,
        0.9412867285319421,
        0.9412867285319421,
        0.9412867285319421,
        0.9412867285319421,
        0.9412867285319421,
        0.9412867285319421,
        0.9412867285319421,
        0.9412867285319421,
        0.9412867285319421,
        0.9412867285319421,
        0.9412867285319421,
        0.9412867285319421,
        0.9412867285319421
    ],