{
    "dimensions": [
        0,
        0,
        0,
        0,
        0,
        0,
        0,
        0,
        0,
        0,
        0,
        0,
        0,
        0,
        0,
        0,
        0,
        0,
        0,
        0,
        0,
        0,
        0,
        0,
        0,
        0,
        0,
        0,
        0,
        0,
        0,
        0,
        0,
        0,
        0,
        0,
        0,
        0,
        0,
        0,
        0,
        0,
        0,
        0,
        0,
        0,
        0,
        0,
        0,
        0,
        0,
        0,
        0,
        0,
        0,
        0,
        0,
        0,
        0,
        0,
        0,
        0,
        0,
        0,
        0,
        0,
        0,
        0,
        0,
        0,
        0,
        0,
        0,
        0,
        0,
        0,
        0,
        0,
        0,
        0,
        0,
        0,
        0,
        0,
        0,
        0,
        0,
        0,
        0,
        0,
        0,
        0,
        0,
        0,
        0,
        0,
        0,
        0,
        0,
        0,
        0,
        0,
        0,
        0,
        0,
        0,
        0,
        0,
        0,
        0,
        0,
        0,
        0,
        0,
        0,
        0,
        0,
        0,
        0,
        0,
        0,
        0,
        0,
        0,
        0,
        0,
        0,
        0,
        0,
        0,
        0,
        0,
        0,
        0,
        0,
        0,
        0,
        0,
        0,
        0,
        0,
        0,
        0,
        0,
        0,
        0,
        0,
        0,
        0,
        0,
        0,
        0,
        0,
        0,
        0,
        0,
        0,
        0,
        0,
        0,
        0,
        0,
        0,
        0,
        0,
        0,
        0,
        0
    ],
    "creation_values": [
        0.9269970445914945,
        0.9269970445914945,
        0.9269970445914945,
        0.9269970445914945,
        0.9269970445914945,
        0.9269970445914945,
        0.9269970445914945,
        0.9269970445914945,
        0.9269970445914945,
        0.9269970445914945,
        0.9269970445914945,
        0.9269970445914945,
        0.9269970445914945,
        0.9269970445914945,
        0.9269970445914945,
        0.9269970445914945,
        0.9269970445914945,
        0.9269970445914945,
        0.9269970445914945,
        0.9269970445914945,
        0.9269970445914945,
        0.9269970445914945,
        0.9269970445914945,
        0.9269970445914945,
        0.9269970445914945,
        0.9269970445914945,
        0.9269970445914945,
        0.9269970445914945,
        0.9269970445914945,
        0.9269970445914945,
        0.9269970445914945,
        0.9269970445914945,
        0.9269970445914945,
        0.9269970445914945,
        0.9269970445914945,
        0.9269970445914945,
        0.9269970445914945,
        0.9269970445914945,
        0.9269970445914945,
        0.9269970445914945,
        0.9269970445914945,
        0.9269970445914945,
        0.9269970445914945,
        0.9269970445914945,
        0.9269970445914945,
        0.9269970445914945,
        0.9269970445914945,
        0.9269970445914945,
        0.9269970445914945,
        0.9269970445914945,
        0.9269970445914945,
        0.9269970445914945,
        0.9269970445914945,
        0.9269970445914945,
        0.9269970445914945,
        0.9269970445914945,
        0.9269970445914945,
        0.9269970445914945,
        0.9269970445914945,
        0.9269970445914945,
        0.9269970445914945,
        0.9269970445914945,
        0.9269970445914945,
        0.9269970445914945,
        0.9269970445914945,
        0.9269970445914945,
        0.9269970445914945,
        0.9269970445914945,
        0.9269970445914945,
        0.9269970445914945,
        0.9269970445914945,
        0.9269970445914945,
        0.9269970445914945,
        0.9269970445914945,
        0.9269970445914945,
        0.9269970445914945,
        0.9269970445914945,
        0.9269970445914945,
        0.9269970445914945,
        0.9269970445914945,
        0.9269970445914945,
        0.9269970445914945,
        0.9269970445914945,
        0.9269970445914945,
        0.9269970445914945,
        0.9269970445914945,
        0.9269970445914945,
        0.9269970445914945,
        0.9269970445914945,
        0.9269970445914945,
        0.9269970445914945,
        0.9269970445914945,
        0.9269970445914945,
        0.9269970445914945,
        0.9269970445914945,
        0.9269970445914945,
        0.9269970445914945,
        0.9269970445914945,
        0.9269970445914945,
        0.9269970445914945,
        0.9269970445914945,
        0.9269970445914945,
        0.9269970445914945,
        0.9269970445914945,
        0.9269970445914945,
        0.9269970445914945,
        0.9269970445914945,
        0.9269970445914945,
        0.9269970445914945,
        0.9269970445914945,
        0.9269970445914945,
        0.9269970445914945,
        0.9269970445914945,
        0.9269970445914945,
        0.9269970445914945,
        0.9269970445914945,
        0.9269970445914945,
        0.9269970445914945,
        0.9269970445914945,
        0.9269970445914945,
        0.9269970445914945,
        0.9269970445914945,
        0.9269970445914945,
        0.9269970445914945,
        0.9269970445914945,
        0.9269970445914945,
        0.9269970445914945,
        0.9269970445914945,
        0.9269970445914945,
        0.9269970445914945,
        0.9269970445914945,
        0.9269970445914945,
        0.9269970445914945,
        0.9269970445914945,
        0.9269970445914945,
        0.9269970445914945,
        0.9269970445914945,
        0.9269970445914945,
        0.9269970445914945,
        0.9269970445914945,
        0.9269970445914945,
        0.9269970445914945,
        0.9269970445914945,
        0.9269970445914945,
        0.9269970445914945,
        0.9269970445914945,
        0.9269970445914945,
        0.9269970445914945,
        0.9269970445914945,
        0.9269970445914945,
        0.9269970445914945,
        0.9269970445914945,
        0.9269970445914945,
        0.9269970445914945,
        0.9269970445914945,
        0.9269970445914945,
        0.9269970445914945,
        0.9269970445914945,
        0.9269970445914945,
        0.9269970445914945,
        0.9269970445914945,
        0.9269970445914945,
        0.9269970445914945,
        0.9269970445914945,
        0.9269970445914945,
        0.9269970445914945,
        0.9269970445914945,
        0.9269970445914945
    ],