{
    "dimensions": [
        0,
        0,
        0,
        0,
        0,
        0,
        0,
        0,
        0,
        0,
        0,
        0,
        0,
        0,
        0,
        0,
        0,
        0,
        0,
        0,
        0,
        0,
        0,
        0,
        0,
        0,
        0,
        0,
        0,
        0,
        0,
        0,
        0,
        0,
        0,
        0,
        0,
        0,
        0,
        0,
        0,
        0,
        0,
        0,
        0,
        0,
        0,
        0,
        0,
        0,
        0,
        0,
        0,
        0,
        0,
        0,
        0,
        0,
        0,
        0,
        0,
        0,
        0,
        0,
        0,
        0,
        0,
        0,
        0,
        0,
        0,
        0,
        0,
        0,
        0,
        0,
        0,
        0,
        0,
        0,
        0,
        0,
        0,
        0,
        0,
        0,
        0,
        0,
        0,
        0,
        0,
        0,
        0,
        0,
        0,
        0,
        0,
        0,
        0,
        0,
        0,
        0,
        0,
        0,
        0,
        0,
        0,
        0,
        0,
        0,
        0,
        0,
        0,
        0,
        0,
        0,
        0,
        0,
        0,
        0,
        0,
        0,
        0,
        0,
        0,
        0,
        0,
        0,
        0,
        0,
        0,
        0,
        0,
        0,
        0,
        0,
        0,
        0,
        0,
        0,
        0,
        0,
        0,
        0,
        0,
        0,
        0,
        0,
        0,
        0,
        0,
        0,
        0,
        0,
        0,
        0,
        0,
        0,
        0,
        0,
        0,
        0,
        0,
        0,
        0,
        0,
        0,
        0
    ],
    "creation_values": [
        0.9943151622726428,
        0.9943151622726428,
        0.9943151622726428,
        0.9943151622726428,
        0.9943151622726428,
        0.9943151622726428,
        0.9943151622726428,
        0.9943151622726428,
        0.9943151622726428,
        0.9943151622726428,
        0.9943151622726428,
        0.9943151622726428,
        0.9943151622726428,
        0.9943151622726428,
        0.9943151622726428,
        0.9943151622726428,
        0.9943151622726428,
        0.9943151622726428,
        0.9943151622726428,
        0.9943151622726428,
        0.9943151622726428,
        0.9943151622726428,
        0.9943151622726428,
        0.9943151622726428,
        0.9943151622726428,
        0.9943151622726428,
        0.9943151622726428,
        0.9943151622726428,
        0.9943151622726428,
        0.9943151622726428,
        0.9943151622726428,
        0.9943151622726428,
        0.9943151622726428,
        0.9943151622726428,
        0.9943151622726428,
        0.9943151622726428,
        0.9943151622726428,
        0.9943151622726428,
        0.9943151622726428,
        0.9943151622726428,
        0.9943151622726428,
        0.9943151622726428,
        0.9943151622726428,
        0.9943151622726428,
        0.9943151622726428,
        0.9943151622726428,
        0.9943151622726428,
        0.9943151622726428,
        0.9943151622726428,
        0.9943151622726428,
        0.9943151622726428,
        0.9943151622726428,
        0.9943151622726428,
        0.9943151622726428,
        0.9943151622726428,
        0.9943151622726428,
        0.9943151622726428,
        0.9943151622726428,
        0.9943151622726428,
        0.9943151622726428,
        0.9943151622726428,
        0.9943151622726428,
        0.9943151622726428,
        0.9943151622726428,
        0.9943151622726428,
        0.9943151622726428,
        0.9943151622726428,
        0.9943151622726428,
        0.9943151622726428,
        0.9943151622726428,
        0.9943151622726428,
        0.9943151622726428,
        0.9943151622726428,
        0.9943151622726428,
        0.9943151622726428,
        0.9943151622726428,
        0.9943151622726428,
        0.9943151622726428,
        0.9943151622726428,
        0.9943151622726428,
        0.9943151622726428,
        0.9943151622726428,
        0.9943151622726428,
        0.9943151622726428,
        0.9943151622726428,
        0.9943151622726428,
        0.9943151622726428,
        0.9943151622726428,
        0.9943151622726428,
        0.9943151622726428,
        0.9943151622726428,
        0.9943151622726428,
        0.9943151622726428,
        0.9943151622726428,
        0.9943151622726428,
        0.9943151622726428,
        0.9943151622726428,
        0.9943151622726428,
        0.9943151622726428,
        0.9943151622726428,
        0.9943151622726428,
        0.9943151622726428,
        0.9943151622726428,
        0.9943151622726428,
        0.9943151622726428,
        0.9943151622726428,
        0.9943151622726428,
        0.9943151622726428,
        0.9943151622726428,
        0.9943151622726428,
        0.9943151622726428,
        0.9943151622726428,
        0.9943151622726428,
        0.9943151622726428,
        0.9943151622726428,
        0.9943151622726428,
        0.9943151622726428,
        0.9943151622726428,
        0.9943151622726428,
        0.9943151622726428,
        0.9943151622726428,
        0.9943151622726428,
        0.9943151622726428,
        0.9943151622726428,
        0.9943151622726428,
        0.9943151622726428,
        0.9943151622726428,
        0.9943151622726428,
        0.9943151622726428,
        0.9943151622726428,
        0.9943151622726428,
        0.9943151622726428,
        0.9943151622726428,
        0.9943151622726428,
        0.9943151622726428,
        0.9943151622726428,
        0.9943151622726428,
        0.9943151622726428,
        0.9943151622726428,
        0.9943151622726428,
        0.9943151622726428,
        0.9943151622726428,
        0.9943151622726428,
        0.9943151622726428,
        0.9943151622726428,
        0.9943151622726428,
        0.9943151622726428,
        0.9943151622726428,
        0.9943151622726428,
        0.9943151622726428,
        0.9943151622726428,
        0.9943151622726428,
        0.9943151622726428,
        0.9943151622726428,
        0.9943151622726428,
        0.9943151622726428,
        0.9943151622726428,
        0.9943151622726428,
        0.9943151622726428,
        0.9943151622726428,
        0.9943151622726428,
        0.9943151622726428,
        0.9943151622726428,
        0.9943151622726428,
        0.9943151622726428,
        0.9943151622726428,
        0.9943151622726428,
        0.9943151622726428
    ],