{
    "dimensions": [
        0,
        0,
        0,
        0,
        0,
        0,
        0,
        0,
        0,
        0,
        0,
        0,
        0,
        0,
        0,
        0,
        0,
        0,
        0,
        0,
        0,
        0,
        0,
        0,
        0,
        0,
        0,
        0,
        0,
        0,
        0,
        0,
        0,
        0,
        0,
        0,
        0,
        0,
        0,
        0,
        0,
        0,
        0,
        0,
        0,
        0,
        0,
        0,
        0,
        0,
        0,
        0,
        0,
        0,
        0,
        0,
        0,
        0,
        0,
        0,
        0,
        0,
        0,
        0,
        0,
        0,
        0,
        0,
        0,
        0,
        0,
        0,
        0,
        0,
        0,
        0,
        0,
        0,
        0,
        0,
        0,
        0,
        0,
        0,
        0,
        0,
        0,
        0,
        0,
        0,
        0,
        0,
        0,
        0,
        0,
        0,
        0,
        0,
        0,
        0,
        0,
        0,
        0,
        0,
        0,
        0,
        0,
        0,
        0,
        0,
        0,
        0,
        0,
        0,
        0,
        0,
        0,
        0,
        0,
        0,
        0,
        0,
        0,
        0,
        0,
        0,
        0,
        0,
        0,
        0,
        0,
        0,
        0,
        0,
        0,
        0,
        0,
        0,
        0,
        0,
        0,
        0,
        0,
        0,
        0,
        0,
        0,
        0,
        0,
        0,
        0,
        0,
        0,
        0,
        0,
        0,
        0,
        0,
        0,
        0,
        0,
        0,
        0,
        0,
        0,
        0,
        0,
        0
    ],
    "creation_values": [
        0.9962429923211398,
        0.9962429923211398,
        0.9962429923211398,
        0.9962429923211398,
        0.9962429923211398,
        0.9962429923211398,
        0.9962429923211398,
        0.9962429923211398,
        0.9962429923211398,
        0.9962429923211398,
        0.9962429923211398,
        0.9962429923211398,
        0.9962429923211398,
        0.9962429923211398,
        0.9962429923211398,
        0.9962429923211398,
        0.9962429923211398,
        0.9962429923211398,
        0.9962429923211398,
        0.9962429923211398,
        0.9962429923211398,
        0.9962429923211398,
        0.9962429923211398,
        0.9962429923211398,
        0.9962429923211398,
        0.9962429923211398,
        0.9962429923211398,
        0.9962429923211398,
        0.9962429923211398,
        0.9962429923211398,
        0.9962429923211398,
        0.9962429923211398,
        0.9962429923211398,
        0.9962429923211398,
        0.9962429923211398,
        0.9962429923211398,
        0.9962429923211398,
        0.9962429923211398,
        0.9962429923211398,
        0.9962429923211398,
        0.9962429923211398,
        0.9962429923211398,
        0.9962429923211398,
        0.9962429923211398,
        0.9962429923211398,
        0.9962429923211398,
        0.9962429923211398,
        0.9962429923211398,
        0.9962429923211398,
        0.9962429923211398,
        0.9962429923211398,
        0.9962429923211398,
        0.9962429923211398,
        0.9962429923211398,
        0.9962429923211398,
        0.9962429923211398,
        0.9962429923211398,
        0.9962429923211398,
        0.9962429923211398,
        0.9962429923211398,
        0.9962429923211398,
        0.9962429923211398,
        0.9962429923211398,
        0.9962429923211398,
        0.9962429923211398,
        0.9962429923211398,
        0.9962429923211398,
        0.9962429923211398,
        0.9962429923211398,
        0.9962429923211398,
        0.9962429923211398,
        0.9962429923211398,
        0.9962429923211398,
        0.9962429923211398,
        0.9962429923211398,
        0.9962429923211398,
        0.9962429923211398,
        0.9962429923211398,
        0.9962429923211398,
        0.9962429923211398,
        0.9962429923211398,
        0.9962429923211398,
        0.9962429923211398,
        0.9962429923211398,
        0.9962429923211398,
        0.9962429923211398,
        0.9962429923211398,
        0.9962429923211398,
        0.9962429923211398,
        0.9962429923211398,
        0.9962429923211398,
        0.9962429923211398,
        0.9962429923211398,
        0.9962429923211398,
        0.9962429923211398,
        0.9962429923211398,
        0.9962429923211398,
        0.9962429923211398,
        0.9962429923211398,
        0.9962429923211398,
        0.9962429923211398,
        0.9962429923211398,
        0.9962429923211398,
        0.9962429923211398,
        0.9962429923211398,
        0.9962429923211398,
        0.9962429923211398,
        0.9962429923211398,
        0.9962429923211398,
        0.9962429923211398,
        0.9962429923211398,
        0.9962429923211398,
        0.9962429923211398,
        0.9962429923211398,
        0.9962429923211398,
        0.9962429923211398,
        0.9962429923211398,
        0.9962429923211398,
        0.9962429923211398,
        0.9962429923211398,
        0.9962429923211398,
        0.9962429923211398,
        0.9962429923211398,
        0.9962429923211398,
        0.9962429923211398,
        0.9962429923211398,
        0.9962429923211398,
        0.9962429923211398,
        0.9962429923211398,
        0.9962429923211398,
        0.9962429923211398,
        0.9962429923211398,
        0.9962429923211398,
        0.9962429923211398,
        0.9962429923211398,
        0.9962429923211398,
        0.9962429923211398,
        0.9962429923211398,
        0.9962429923211398,
        0.9962429923211398,
        0.9962429923211398,
        0.9962429923211398,
        0.9962429923211398,
        0.9962429923211398,
        0.9962429923211398,
        0.9962429923211398,
        0.9962429923211398,
        0.9962429923211398,
        0.9962429923211398,
        0.9962429923211398,
        0.9962429923211398,
        0.9962429923211398,
        0.9962429923211398,
        0.9962429923211398,
        0.9962429923211398,
        0.9962429923211398,
        0.9962429923211398,
        0.9962429923211398,
        0.9962429923211398,
        0.9962429923211398,
        0.9962429923211398,
        0.9962429923211398,
        0.9962429923211398,
        0.9962429923211398,
        0.9962429923211398,
        0.9962429923211398,
        0.9962429923211398,
        0.9962429923211398
    ],