{
    "dimensions": [
        0,
        0,
        0,
        0,
        0,
        0,
        0,
        0,
        0,
        0,
        0,
        0,
        0,
        0,
        0,
        0,
        0,
        0,
        0,
        0,
        0,
        0,
        0,
        0,
        0,
        0,
        0,
        0,
        0,
        0,
        0,
        0,
        0,
        0,
        0,
        0,
        0,
        0,
        0,
        0,
        0,
        0,
        0,
        0,
        0,
        0,
        0,
        0,
        0,
        0,
        0,
        0,
        0,
        0,
        0,
        0,
        0,
        0,
        0,
        0,
        0,
        0,
        0,
        0,
        0,
        0,
        0,
        0,
        0,
        0,
        0,
        0,
        0,
        0,
        0,
        0,
        0,
        0,
        0,
        0,
        0,
        0,
        0,
        0,
        0,
        0,
        0,
        0,
        0,
        0,
        0,
        0,
        0,
        0,
        0,
        0,
        0,
        0,
        0,
        0,
        0,
        0,
        0,
        0,
        0,
        0,
        0,
        0,
        0,
        0,
        0,
        0,
        0,
        0,
        0,
        0,
        0,
        0,
        0,
        0,
        0,
        0,
        0,
        0,
        0,
        0,
        0,
        0,
        0,
        0,
        0,
        0,
        0,
        0,
        0,
        0,
        0,
        0,
        0,
        0,
        0,
        0,
        0,
        0,
        0,
        0,
        0,
        0,
        0,
        0,
        0,
        0,
        0,
        0,
        0,
        0,
        0,
        0,
        0,
        0,
        0,
        0,
        0,
        0,
        0,
        0,
        0,
        0
    ],
    "creation_values": [
        0.9850329765301343,
        0.9850329765301343,
        0.9850329765301343,
        0.9850329765301343,
        0.9850329765301343,
        0.9850329765301343,
        0.9850329765301343,
        0.9850329765301343,
        0.9850329765301343,
        0.9850329765301343,
        0.9850329765301343,
        0.9850329765301343,
        0.9850329765301343,
        0.9850329765301343,
        0.9850329765301343,
        0.9850329765301343,
        0.9850329765301343,
        0.9850329765301343,
        0.9850329765301343,
        0.9850329765301343,
        0.9850329765301343,
        0.9850329765301343,
        0.9850329765301343,
        0.9850329765301343,
        0.9850329765301343,
        0.9850329765301343,
        0.9850329765301343,
        0.9850329765301343,
        0.9850329765301343,
        0.9850329765301343,
        0.9850329765301343,
        0.9850329765301343,
        0.9850329765301343,
        0.9850329765301343,
        0.9850329765301343,
        0.9850329765301343,
        0.9850329765301343,
        0.9850329765301343,
        0.9850329765301343,
        0.9850329765301343,
        0.9850329765301343,
        0.9850329765301343,
        0.9850329765301343,
        0.9850329765301343,
        0.9850329765301343,
        0.9850329765301343,
        0.9850329765301343,
        0.9850329765301343,
        0.9850329765301343,
        0.9850329765301343,
        0.9850329765301343,
        0.9850329765301343,
        0.9850329765301343,
        0.9850329765301343,
        0.9850329765301343,
        0.9850329765301343,
        0.9850329765301343,
        0.9850329765301343,
        0.9850329765301343,
        0.9850329765301343,
        0.9850329765301343,
        0.9850329765301343,
        0.9850329765301343,
        0.9850329765301343,
        0.9850329765301343,
        0.9850329765301343,
        0.9850329765301343,
        0.9850329765301343,
        0.9850329765301343,
        0.9850329765301343,
        0.9850329765301343,
        0.9850329765301343,
        0.9850329765301343,
        0.9850329765301343,
        0.9850329765301343,
        0.9850329765301343,
        0.9850329765301343,
        0.9850329765301343,
        0.9850329765301343,
        0.9850329765301343,
        0.9850329765301343,
        0.9850329765301343,
        0.9850329765301343,
        0.9850329765301343,
        0.9850329765301343,
        0.9850329765301343,
        0.9850329765301343,
        0.9850329765301343,
        0.9850329765301343,
        0.9850329765301343,
        0.9850329765301343,
        0.9850329765301343,
        0.9850329765301343,
        0.9850329765301343,
        0.9850329765301343,
        0.9850329765301343,
        0.9850329765301343,
        0.9850329765301343,
        0.9850329765301343,
        0.9850329765301343,
        0.9850329765301343,
        0.9850329765301343,
        0.9850329765301343,
        0.9850329765301343,
        0.9850329765301343,
        0.9850329765301343,
        0.9850329765301343,
        0.9850329765301343,
        0.9850329765301343,
        0.9850329765301343,
        0.9850329765301343,
        0.9850329765301343,
        0.9850329765301343,
        0.9850329765301343,
        0.9850329765301343,
        0.9850329765301343,
        0.9850329765301343,
        0.9850329765301343,
        0.9850329765301343,
        0.9850329765301343,
        0.9850329765301343,
        0.9850329765301343,
        0.9850329765301343,
        0.9850329765301343,
        0.9850329765301343,
        0.9850329765301343,
        0.9850329765301343,
        0.9850329765301343,
        0.9850329765301343,
        0.9850329765301343,
        0.9850329765301343,
        0.9850329765301343,
        0.9850329765301343,
        0.9850329765301343,
        0.9850329765301343,
        0.9850329765301343,
        0.9850329765301343,
        0.9850329765301343,
        0.9850329765301343,
        0.9850329765301343,
        0.9850329765301343,
        0.9850329765301343,
        0.9850329765301343,
        0.9850329765301343,
        0.9850329765301343,
        0.9850329765301343,
        0.9850329765301343,
        0.9850329765301343,
        0.9850329765301343,
        0.9850329765301343,
        0.9850329765301343,
        0.9850329765301343,
        0.9850329765301343,
        0.9850329765301343,
        0.9850329765301343,
        0.9850329765301343,
        0.9850329765301343,
        0.9850329765301343,
        0.9850329765301343,
        0.9850329765301343,
        0.9850329765301343,
        0.9850329765301343,
        0.9850329765301343,
        0.9850329765301343,
        0.9850329765301343,
        0.9850329765301343,
        0.9850329765301343,
        0.9850329765301343
    ],