{
    "dimensions": [
        0,
        0,
        0,
        0,
        0,
        0,
        0,
        0,
        0,
        0,
        0,
        0,
        0,
        0,
        0,
        0,
        0,
        0,
        0,
        0,
        0,
        0,
        0,
        0,
        0,
        0,
        0,
        0,
        0,
        0,
        0,
        0,
        0,
        0,
        0,
        0,
        0,
        0,
        0,
        0,
        0,
        0,
        0,
        0,
        0,
        0,
        0,
        0,
        0,
        0,
        0,
        0,
        0,
        0,
        0,
        0,
        0,
        0,
        0,
        0,
        0,
        0,
        0,
        0,
        0,
        0,
        0,
        0,
        0,
        0,
        0,
        0,
        0,
        0,
        0,
        0,
        0,
        0,
        0,
        0,
        0,
        0,
        0,
        0,
        0,
        0,
        0,
        0,
        0,
        0,
        0,
        0,
        0,
        0,
        0,
        0,
        0,
        0,
        0,
        0,
        0,
        0,
        0,
        0,
        0,
        0,
        0,
        0,
        0,
        0,
        0,
        0,
        0,
        0,
        0,
        0,
        0,
        0,
        0,
        0,
        0,
        0,
        0,
        0,
        0,
        0,
        0,
        0,
        0,
        0,
        0,
        0,
        0,
        0,
        0,
        0,
        0,
        0,
        0,
        0,
        0,
        0,
        0,
        0,
        0,
        0,
        0,
        0,
        0,
        0,
        0,
        0,
        0,
        0,
        0,
        0,
        0,
        0,
        0,
        0,
        0,
        0,
        0,
        0,
        0,
        0,
        0,
        0
    ],
    "creation_values": [
        0.9839949585858682,
        0.9839949585858682,
        0.9839949585858682,
        0.9839949585858682,
        0.9839949585858682,
        0.9839949585858682,
        0.9839949585858682,
        0.9839949585858682,
        0.9839949585858682,
        0.9839949585858682,
        0.9839949585858682,
        0.9839949585858682,
        0.9839949585858682,
        0.9839949585858682,
        0.9839949585858682,
        0.9839949585858682,
        0.9839949585858682,
        0.9839949585858682,
        0.9839949585858682,
        0.9839949585858682,
        0.9839949585858682,
        0.9839949585858682,
        0.9839949585858682,
        0.9839949585858682,
        0.9839949585858682,
        0.9839949585858682,
        0.9839949585858682,
        0.9839949585858682,
        0.9839949585858682,
        0.9839949585858682,
        0.9839949585858682,
        0.9839949585858682,
        0.9839949585858682,
        0.9839949585858682,
        0.9839949585858682,
        0.9839949585858682,
        0.9839949585858682,
        0.9839949585858682,
        0.9839949585858682,
        0.9839949585858682,
        0.9839949585858682,
        0.9839949585858682,
        0.9839949585858682,
        0.9839949585858682,
        0.9839949585858682,
        0.9839949585858682,
        0.9839949585858682,
        0.9839949585858682,
        0.9839949585858682,
        0.9839949585858682,
        0.9839949585858682,
        0.9839949585858682,
        0.9839949585858682,
        0.9839949585858682,
        0.9839949585858682,
        0.9839949585858682,
        0.9839949585858682,
        0.9839949585858682,
        0.9839949585858682,
        0.9839949585858682,
        0.9839949585858682,
        0.9839949585858682,
        0.9839949585858682,
        0.9839949585858682,
        0.9839949585858682,
        0.9839949585858682,
        0.9839949585858682,
        0.9839949585858682,
        0.9839949585858682,
        0.9839949585858682,
        0.9839949585858682,
        0.9839949585858682,
        0.9839949585858682,
        0.9839949585858682,
        0.9839949585858682,
        0.9839949585858682,
        0.9839949585858682,
        0.9839949585858682,
        0.9839949585858682,
        0.9839949585858682,
        0.9839949585858682,
        0.9839949585858682,
        0.9839949585858682,
        0.9839949585858682,
        0.9839949585858682,
        0.9839949585858682,
        0.9839949585858682,
        0.9839949585858682,
        0.9839949585858682,
        0.9839949585858682,
        0.9839949585858682,
        0.9839949585858682,
        0.9839949585858682,
        0.9839949585858682,
        0.9839949585858682,
        0.9839949585858682,
        0.9839949585858682,
        0.9839949585858682,
        0.9839949585858682,
        0.9839949585858682,
        0.9839949585858682,
        0.9839949585858682,
        0.9839949585858682,
        0.9839949585858682,
        0.9839949585858682,
        0.9839949585858682,
        0.9839949585858682,
        0.9839949585858682,
        0.9839949585858682,
        0.9839949585858682,
        0.9839949585858682,
        0.9839949585858682,
        0.9839949585858682,
        0.9839949585858682,
        0.9839949585858682,
        0.9839949585858682,
        0.9839949585858682,
        0.9839949585858682,
        0.9839949585858682,
        0.9839949585858682,
        0.9839949585858682,
        0.9839949585858682,
        0.9839949585858682,
        0.9839949585858682,
        0.9839949585858682,
        0.9839949585858682,
        0.9839949585858682,
        0.9839949585858682,
        0.9839949585858682,
        0.9839949585858682,
        0.9839949585858682,
        0.9839949585858682,
        0.9839949585858682,
        0.9839949585858682,
        0.9839949585858682,
        0.9839949585858682,
        0.9839949585858682,
        0.9839949585858682,
        0.9839949585858682,
        0.9839949585858682,
        0.9839949585858682,
        0.9839949585858682,
        0.9839949585858682,
        0.9839949585858682,
        0.9839949585858682,
        0.9839949585858682,
        0.9839949585858682,
        0.9839949585858682,
        0.9839949585858682,
        0.9839949585858682,
        0.9839949585858682,
        0.9839949585858682,
        0.9839949585858682,
        0.9839949585858682,
        0.9839949585858682,
        0.9839949585858682,
        0.9839949585858682,
        0.9839949585858682,
        0.9839949585858682,
        0.9839949585858682,
        0.9839949585858682,
        0.9839949585858682,
        0.9839949585858682,
        0.9839949585858682,
        0.9839949585858682,
        0.9839949585858682,
        0.9839949585858682,
        0.9839949585858682
    ],