{
    "dimensions": [
        0,
        0,
        0,
        0,
        0,
        0,
        0,
        0,
        0,
        0,
        0,
        0,
        0,
        0,
        0,
        0,
        0,
        0,
        0,
        0,
        0,
        0,
        0,
        0,
        0,
        0,
        0,
        0,
        0,
        0,
        0,
        0,
        0,
        0,
        0,
        0,
        0,
        0,
        0,
        0,
        0,
        0,
        0,
        0,
        0,
        0,
        0,
        0,
        0,
        0,
        0,
        0,
        0,
        0,
        0,
        0,
        0,
        0,
        0,
        0,
        0,
        0,
        0,
        0,
        0,
        0,
        0,
        0,
        0,
        0,
        0,
        0,
        0,
        0,
        0,
        0,
        0,
        0,
        0,
        0,
        0,
        0,
        0,
        0,
        0,
        0,
        0,
        0,
        0,
        0,
        0,
        0,
        0,
        0,
        0,
        0,
        0,
        0,
        0,
        0,
        0,
        0,
        0,
        0,
        0,
        0,
        0,
        0,
        0,
        0,
        0,
        0,
        0,
        0,
        0,
        0,
        0,
        0,
        0,
        0,
        0,
        0,
        0,
        0,
        0,
        0,
        0,
        0,
        0,
        0,
        0,
        0,
        0,
        0,
        0,
        0,
        0,
        0,
        0,
        0,
        0,
        0,
        0,
        0,
        0,
        0,
        0,
        0,
        0,
        0,
        0,
        0,
        0,
        0,
        0,
        0,
        0,
        0,
        0,
        0,
        0,
        0,
        0,
        0,
        0,
        0,
        0,
        0
    ],
    "creation_values": [
        0.9884574945719675,
        0.9884574945719675,
        0.9884574945719675,
        0.9884574945719675,
        0.9884574945719675,
        0.9884574945719675,
        0.9884574945719675,
        0.9884574945719675,
        0.9884574945719675,
        0.9884574945719675,
        0.9884574945719675,
        0.9884574945719675,
        0.9884574945719675,
        0.9884574945719675,
        0.9884574945719675,
        0.9884574945719675,
        0.9884574945719675,
        0.9884574945719675,
        0.9884574945719675,
        0.9884574945719675,
        0.9884574945719675,
        0.9884574945719675,
        0.9884574945719675,
        0.9884574945719675,
        0.9884574945719675,
        0.9884574945719675,
        0.9884574945719675,
        0.9884574945719675,
        0.9884574945719675,
        0.9884574945719675,
        0.9884574945719675,
        0.9884574945719675,
        0.9884574945719675,
        0.9884574945719675,
        0.9884574945719675,
        0.9884574945719675,
        0.9884574945719675,
        0.9884574945719675,
        0.9884574945719675,
        0.9884574945719675,
        0.9884574945719675,
        0.9884574945719675,
        0.9884574945719675,
        0.9884574945719675,
        0.9884574945719675,
        0.9884574945719675,
        0.9884574945719675,
        0.9884574945719675,
        0.9884574945719675,
        0.9884574945719675,
        0.9884574945719675,
        0.9884574945719675,
        0.9884574945719675,
        0.9884574945719675,
        0.9884574945719675,
        0.9884574945719675,
        0.9884574945719675,
        0.9884574945719675,
        0.9884574945719675,
        0.9884574945719675,
        0.9884574945719675,
        0.9884574945719675,
        0.9884574945719675,
        0.9884574945719675,
        0.9884574945719675,
        0.9884574945719675,
        0.9884574945719675,
        0.9884574945719675,
        0.9884574945719675,
        0.9884574945719675,
        0.9884574945719675,
        0.9884574945719675,
        0.9884574945719675,
        0.9884574945719675,
        0.9884574945719675,
        0.9884574945719675,
        0.9884574945719675,
        0.9884574945719675,
        0.9884574945719675,
        0.9884574945719675,
        0.9884574945719675,
        0.9884574945719675,
        0.9884574945719675,
        0.9884574945719675,
        0.9884574945719675,
        0.9884574945719675,
        0.9884574945719675,
        0.9884574945719675,
        0.9884574945719675,
        0.9884574945719675,
        0.9884574945719675,
        0.9884574945719675,
        0.9884574945719675,
        0.9884574945719675,
        0.9884574945719675,
        0.9884574945719675,
        0.9884574945719675,
        0.9884574945719675,
        0.9884574945719675,
        0.9884574945719675,
        0.9884574945719675,
        0.9884574945719675,
        0.9884574945719675,
        0.9884574945719675,
        0.9884574945719675,
        0.9884574945719675,
        0.9884574945719675,
        0.9884574945719675,
        0.9884574945719675,
        0.9884574945719675,
        0.9884574945719675,
        0.9884574945719675,
        0.9884574945719675,
        0.9884574945719675,
        0.9884574945719675,
        0.9884574945719675,
        0.9884574945719675,
        0.9884574945719675,
        0.9884574945719675,
        0.9884574945719675,
        0.9884574945719675,
        0.9884574945719675,
        0.9884574945719675,
        0.9884574945719675,
        0.9884574945719675,
        0.9884574945719675,
        0.9884574945719675,
        0.9884574945719675,
        0.9884574945719675,
        0.9884574945719675,
        0.9884574945719675,
        0.9884574945719675,
        0.9884574945719675,
        0.9884574945719675,
        0.9884574945719675,
        0.9884574945719675,
        0.9884574945719675,
        0.9884574945719675,
        0.9884574945719675,
        0.9884574945719675,
        0.9884574945719675,
        0.9884574945719675,
        0.9884574945719675,
        0.9884574945719675,
        0.9884574945719675,
        0.9884574945719675,
        0.9884574945719675,
        0.9884574945719675,
        0.9884574945719675,
        0.9884574945719675,
        0.9884574945719675,
        0.9884574945719675,
        0.9884574945719675,
        0.9884574945719675,
        0.9884574945719675,
        0.9884574945719675,
        0.9884574945719675,
        0.9884574945719675,
        0.9884574945719675,
        0.9884574945719675,
        0.9884574945719675,
        0.9884574945719675,
        0.9884574945719675,
        0.9884574945719675,
        0.9884574945719675,
        0.9884574945719675,
        0.9884574945719675,
        0.9884574945719675
    ],