{
    "dimensions": [
        0,
        0,
        0,
        0,
        0,
        0,
        0,
        0,
        0,
        0,
        0,
        0,
        0,
        0,
        0,
        0,
        0,
        0,
        0,
        0,
        0,
        0,
        0,
        0,
        0,
        0,
        0,
        0,
        0,
        0,
        0,
        0,
        0,
        0,
        0,
        0,
        0,
        0,
        0,
        0,
        0,
        0,
        0,
        0,
        0,
        0,
        0,
        0,
        0,
        0,
        0,
        0,
        0,
        0,
        0,
        0,
        0,
        0,
        0,
        0,
        0,
        0,
        0,
        0,
        0,
        0,
        0,
        0,
        0,
        0,
        0,
        0,
        0,
        0,
        0,
        0,
        0,
        0,
        0,
        0,
        0,
        0,
        0,
        0,
        0,
        0,
        0,
        0,
        0,
        0,
        0,
        0,
        0,
        0,
        0,
        0,
        0,
        0,
        0,
        0,
        0,
        0,
        0,
        0,
        0,
        0,
        0,
        0,
        0,
        0,
        0,
        0,
        0,
        0,
        0,
        0,
        0,
        0,
        0,
        0,
        0,
        0,
        0,
        0,
        0,
        0,
        0,
        0,
        0,
        0,
        0,
        0,
        0,
        0,
        0,
        0,
        0,
        0,
        0,
        0,
        0,
        0,
        0,
        0,
        0,
        0,
        0,
        0,
        0,
        0,
        0,
        0,
        0,
        0,
        0,
        0,
        0,
        0,
        0,
        0,
        0,
        0,
        0,
        0,
        0,
        0,
        0,
        0
    ],
    "creation_values": [
        0.9922910637889482,
        0.9922910637889482,
        0.9922910637889482,
        0.9922910637889482,
        0.9922910637889482,
        0.9922910637889482,
        0.9922910637889482,
        0.9922910637889482,
        0.9922910637889482,
        0.9922910637889482,
        0.9922910637889482,
        0.9922910637889482,
        0.9922910637889482,
        0.9922910637889482,
        0.9922910637889482,
        0.9922910637889482,
        0.9922910637889482,
        0.9922910637889482,
        0.9922910637889482,
        0.9922910637889482,
        0.9922910637889482,
        0.9922910637889482,
        0.9922910637889482,
        0.9922910637889482,
        0.9922910637889482,
        0.9922910637889482,
        0.9922910637889482,
        0.9922910637889482,
        0.9922910637889482,
        0.9922910637889482,
        0.9922910637889482,
        0.9922910637889482,
        0.9922910637889482,
        0.9922910637889482,
        0.9922910637889482,
        0.9922910637889482,
        0.9922910637889482,
        0.9922910637889482,
        0.9922910637889482,
        0.9922910637889482,
        0.9922910637889482,
        0.9922910637889482,
        0.9922910637889482,
        0.9922910637889482,
        0.9922910637889482,
        0.9922910637889482,
        0.9922910637889482,
        0.9922910637889482,
        0.9922910637889482,
        0.9922910637889482,
        0.9922910637889482,
        0.9922910637889482,
        0.9922910637889482,
        0.9922910637889482,
        0.9922910637889482,
        0.9922910637889482,
        0.9922910637889482,
        0.9922910637889482,
        0.9922910637889482,
        0.9922910637889482,
        0.9922910637889482,
        0.9922910637889482,
        0.9922910637889482,
        0.9922910637889482,
        0.9922910637889482,
        0.9922910637889482,
        0.9922910637889482,
        0.9922910637889482,
        0.9922910637889482,
        0.9922910637889482,
        0.9922910637889482,
        0.9922910637889482,
        0.9922910637889482,
        0.9922910637889482,
        0.9922910637889482,
        0.9922910637889482,
        0.9922910637889482,
        0.9922910637889482,
        0.9922910637889482,
        0.9922910637889482,
        0.9922910637889482,
        0.9922910637889482,
        0.9922910637889482,
        0.9922910637889482,
        0.9922910637889482,
        0.9922910637889482,
        0.9922910637889482,
        0.9922910637889482,
        0.9922910637889482,
        0.9922910637889482,
        0.9922910637889482,
        0.9922910637889482,
        0.9922910637889482,
        0.9922910637889482,
        0.9922910637889482,
        0.9922910637889482,
        0.9922910637889482,
        0.9922910637889482,
        0.9922910637889482,
        0.9922910637889482,
        0.9922910637889482,
        0.9922910637889482,
        0.9922910637889482,
        0.9922910637889482,
        0.9922910637889482,
        0.9922910637889482,
        0.9922910637889482,
        0.9922910637889482,
        0.9922910637889482,
        0.9922910637889482,
        0.9922910637889482,
        0.9922910637889482,
        0.9922910637889482,
        0.9922910637889482,
        0.9922910637889482,
        0.9922910637889482,
        0.9922910637889482,
        0.9922910637889482,
        0.9922910637889482,
        0.9922910637889482,
        0.9922910637889482,
        0.9922910637889482,
        0.9922910637889482,
        0.9922910637889482,
        0.9922910637889482,
        0.9922910637889482,
        0.9922910637889482,
        0.9922910637889482,
        0.9922910637889482,
        0.9922910637889482,
        0.9922910637889482,
        0.9922910637889482,
        0.9922910637889482,
        0.9922910637889482,
        0.9922910637889482,
        0.9922910637889482,
        0.9922910637889482,
        0.9922910637889482,
        0.9922910637889482,
        0.9922910637889482,
        0.9922910637889482,
        0.9922910637889482,
        0.9922910637889482,
        0.9922910637889482,
        0.9922910637889482,
        0.9922910637889482,
        0.9922910637889482,
        0.9922910637889482,
        0.9922910637889482,
        0.9922910637889482,
        0.9922910637889482,
        0.9922910637889482,
        0.9922910637889482,
        0.9922910637889482,
        0.9922910637889482,
        0.9922910637889482,
        0.9922910637889482,
        0.9922910637889482,
        0.9922910637889482,
        0.9922910637889482,
        0.9922910637889482,
        0.9922910637889482,
        0.9922910637889482,
        0.9922910637889482,
        0.9922910637889482,
        0.9922910637889482,
        0.9922910637889482,
        0.9922910637889482
    ],