{
    "dimensions": [
        0,
        0,
        0,
        0,
        0,
        0,
        0,
        0,
        0,
        0,
        0,
        0,
        0,
        0,
        0,
        0,
        0,
        0,
        0,
        0,
        0,
        0,
        0,
        0,
        0,
        0,
        0,
        0,
        0,
        0,
        0,
        0,
        0,
        0,
        0,
        0,
        0,
        0,
        0,
        0,
        0,
        0,
        0,
        0,
        0,
        0,
        0,
        0,
        0,
        0,
        0,
        0,
        0,
        0,
        0,
        0,
        0,
        0,
        0,
        0,
        0,
        0,
        0,
        0,
        0,
        0,
        0,
        0,
        0,
        0,
        0,
        0,
        0,
        0,
        0,
        0,
        0,
        0,
        0,
        0,
        0,
        0,
        0,
        0,
        0,
        0,
        0,
        0,
        0,
        0,
        0,
        0,
        0,
        0,
        0,
        0,
        0,
        0,
        0,
        0,
        0,
        0,
        0,
        0,
        0,
        0,
        0,
        0,
        0,
        0,
        0,
        0,
        0,
        0,
        0,
        0,
        0,
        0,
        0,
        0,
        0,
        0,
        0,
        0,
        0,
        0,
        0,
        0,
        0,
        0,
        0,
        0,
        0,
        0,
        0,
        0,
        0,
        0,
        0,
        0,
        0,
        0,
        0,
        0,
        0,
        0,
        0,
        0,
        0,
        0,
        0,
        0,
        0,
        0,
        0,
        0,
        0,
        0,
        0,
        0,
        0,
        0,
        0,
        0,
        0,
        0,
        0,
        0
    ],
    "creation_values": [
        0.9462265604815122,
        0.9462265604815122,
        0.9462265604815122,
        0.9462265604815122,
        0.9462265604815122,
        0.9462265604815122,
        0.9462265604815122,
        0.9462265604815122,
        0.9462265604815122,
        0.9462265604815122,
        0.9462265604815122,
        0.9462265604815122,
        0.9462265604815122,
        0.9462265604815122,
        0.9462265604815122,
        0.9462265604815122,
        0.9462265604815122,
        0.9462265604815122,
        0.9462265604815122,
        0.9462265604815122,
        0.9462265604815122,
        0.9462265604815122,
        0.9462265604815122,
        0.9462265604815122,
        0.9462265604815122,
        0.9462265604815122,
        0.9462265604815122,
        0.9462265604815122,
        0.9462265604815122,
        0.9462265604815122,
        0.9462265604815122,
        0.9462265604815122,
        0.9462265604815122,
        0.9462265604815122,
        0.9462265604815122,
        0.9462265604815122,
        0.9462265604815122,
        0.9462265604815122,
        0.9462265604815122,
        0.9462265604815122,
        0.9462265604815122,
        0.9462265604815122,
        0.9462265604815122,
        0.9462265604815122,
        0.9462265604815122,
        0.9462265604815122,
        0.9462265604815122,
        0.9462265604815122,
        0.9462265604815122,
        0.9462265604815122,
        0.9462265604815122,
        0.9462265604815122,
        0.9462265604815122,
        0.9462265604815122,
        0.9462265604815122,
        0.9462265604815122,
        0.9462265604815122,
        0.9462265604815122,
        0.9462265604815122,
        0.9462265604815122,
        0.9462265604815122,
        0.9462265604815122,
        0.9462265604815122,
        0.9462265604815122,
        0.9462265604815122,
        0.9462265604815122,
        0.9462265604815122,
        0.9462265604815122,
        0.9462265604815122,
        0.9462265604815122,
        0.9462265604815122,
        0.9462265604815122,
        0.9462265604815122,
        0.9462265604815122,
        0.9462265604815122,
        0.9462265604815122,
        0.9462265604815122,
        0.9462265604815122,
        0.9462265604815122,
        0.9462265604815122,
        0.9462265604815122,
        0.9462265604815122,
        0.9462265604815122,
        0.9462265604815122,
        0.9462265604815122,
        0.9462265604815122,
        0.9462265604815122,
        0.9462265604815122,
        0.9462265604815122,
        0.9462265604815122,
        0.9462265604815122,
        0.9462265604815122,
        0.9462265604815122,
        0.9462265604815122,
        0.9462265604815122,
        0.9462265604815122,
        0.9462265604815122,
        0.9462265604815122,
        0.9462265604815122,
        0.9462265604815122,
        0.9462265604815122,
        0.9462265604815122,
        0.9462265604815122,
        0.9462265604815122,
        0.9462265604815122,
        0.9462265604815122,
        0.9462265604815122,
        0.9462265604815122,
        0.9462265604815122,
        0.9462265604815122,
        0.9462265604815122,
        0.9462265604815122,
        0.9462265604815122,
        0.9462265604815122,
        0.9462265604815122,
        0.9462265604815122,
        0.9462265604815122,
        0.9462265604815122,
        0.9462265604815122,
        0.9462265604815122,
        0.9462265604815122,
        0.9462265604815122,
        0.9462265604815122,
        0.9462265604815122,
        0.9462265604815122,
        0.9462265604815122,
        0.9462265604815122,
        0.9462265604815122,
        0.9462265604815122,
        0.9462265604815122,
        0.9462265604815122,
        0.9462265604815122,
        0.9462265604815122,
        0.9462265604815122,
        0.9462265604815122,
        0.9462265604815122,
        0.9462265604815122,
        0.9462265604815122,
        0.9462265604815122,
        0.9462265604815122,
        0.9462265604815122,
        0.9462265604815122,
        0.9462265604815122,
        0.9462265604815122,
        0.9462265604815122,
        0.9462265604815122,
        0.9462265604815122,
        0.9462265604815122,
        0.9462265604815122,
        0.9462265604815122,
        0.9462265604815122,
        0.9462265604815122,
        0.9462265604815122,
        0.9462265604815122,
        0.9462265604815122,
        0.9462265604815122,
        0.9462265604815122,
        0.9462265604815122,
        0.9462265604815122,
        0.9462265604815122,
        0.9462265604815122,
        0.9462265604815122,
        0.9462265604815122,
        0.9462265604815122,
        0.9462265604815122,
        0.9462265604815122,
        0.9462265604815122,
        0.9462265604815122
    ],