{
    "dimensions": [
        0,
        0,
        0,
        0,
        0,
        0,
        0,
        0,
        0,
        0,
        0,
        0,
        0,
        0,
        0,
        0,
        0,
        0,
        0,
        0,
        0,
        0,
        0,
        0,
        0,
        0,
        0,
        0,
        0,
        0,
        0,
        0,
        0,
        0,
        0,
        0,
        0,
        0,
        0,
        0,
        0,
        0,
        0,
        0,
        0,
        0,
        0,
        0,
        0,
        0,
        0,
        0,
        0,
        0,
        0,
        0,
        0,
        0,
        0,
        0,
        0,
        0,
        0,
        0,
        0,
        0,
        0,
        0,
        0,
        0,
        0,
        0,
        0,
        0,
        0,
        0,
        0,
        0,
        0,
        0,
        0,
        0,
        0,
        0,
        0,
        0,
        0,
        0,
        0,
        0,
        0,
        0,
        0,
        0,
        0,
        0,
        0,
        0,
        0,
        0,
        0,
        0,
        0,
        0,
        0,
        0,
        0,
        0,
        0,
        0,
        0,
        0,
        0,
        0,
        0,
        0,
        0,
        0,
        0,
        0,
        0,
        0,
        0,
        0,
        0,
        0,
        0,
        0,
        0,
        0,
        0,
        0,
        0,
        0,
        0,
        0,
        0,
        0,
        0,
        0,
        0,
        0,
        0,
        0,
        0,
        0,
        0,
        0,
        0,
        0,
        0,
        0,
        0,
        0,
        0,
        0,
        0,
        0,
        0,
        0,
        0,
        0,
        0,
        0,
        0,
        0,
        0,
        0
    ],
    "creation_values": [
        0.9831475014541795,
        0.9831475014541795,
        0.9831475014541795,
        0.9831475014541795,
        0.9831475014541795,
        0.9831475014541795,
        0.9831475014541795,
        0.9831475014541795,
        0.9831475014541795,
        0.9831475014541795,
        0.9831475014541795,
        0.9831475014541795,
        0.9831475014541795,
        0.9831475014541795,
        0.9831475014541795,
        0.9831475014541795,
        0.9831475014541795,
        0.9831475014541795,
        0.9831475014541795,
        0.9831475014541795,
        0.9831475014541795,
        0.9831475014541795,
        0.9831475014541795,
        0.9831475014541795,
        0.9831475014541795,
        0.9831475014541795,
        0.9831475014541795,
        0.9831475014541795,
        0.9831475014541795,
        0.9831475014541795,
        0.9831475014541795,
        0.9831475014541795,
        0.9831475014541795,
        0.9831475014541795,
        0.9831475014541795,
        0.9831475014541795,
        0.9831475014541795,
        0.9831475014541795,
        0.9831475014541795,
        0.9831475014541795,
        0.9831475014541795,
        0.9831475014541795,
        0.9831475014541795,
        0.9831475014541795,
        0.9831475014541795,
        0.9831475014541795,
        0.9831475014541795,
        0.9831475014541795,
        0.9831475014541795,
        0.9831475014541795,
        0.9831475014541795,
        0.9831475014541795,
        0.9831475014541795,
        0.9831475014541795,
        0.9831475014541795,
        0.9831475014541795,
        0.9831475014541795,
        0.9831475014541795,
        0.9831475014541795,
        0.9831475014541795,
        0.9831475014541795,
        0.9831475014541795,
        0.9831475014541795,
        0.9831475014541795,
        0.9831475014541795,
        0.9831475014541795,
        0.9831475014541795,
        0.9831475014541795,
        0.9831475014541795,
        0.9831475014541795,
        0.9831475014541795,
        0.9831475014541795,
        0.9831475014541795,
        0.9831475014541795,
        0.9831475014541795,
        0.9831475014541795,
        0.9831475014541795,
        0.9831475014541795,
        0.9831475014541795,
        0.9831475014541795,
        0.9831475014541795,
        0.9831475014541795,
        0.9831475014541795,
        0.9831475014541795,
        0.9831475014541795,
        0.9831475014541795,
        0.9831475014541795,
        0.9831475014541795,
        0.9831475014541795,
        0.9831475014541795,
        0.9831475014541795,
        0.9831475014541795,
        0.9831475014541795,
        0.9831475014541795,
        0.9831475014541795,
        0.9831475014541795,
        0.9831475014541795,
        0.9831475014541795,
        0.9831475014541795,
        0.9831475014541795,
        0.9831475014541795,
        0.9831475014541795,
        0.9831475014541795,
        0.9831475014541795,
        0.9831475014541795,
        0.9831475014541795,
        0.9831475014541795,
        0.9831475014541795,
        0.9831475014541795,
        0.9831475014541795,
        0.9831475014541795,
        0.9831475014541795,
        0.9831475014541795,
        0.9831475014541795,
        0.9831475014541795,
        0.9831475014541795,
        0.9831475014541795,
        0.9831475014541795,
        0.9831475014541795,
        0.9831475014541795,
        0.9831475014541795,
        0.9831475014541795,
        0.9831475014541795,
        0.9831475014541795,
        0.9831475014541795,
        0.9831475014541795,
        0.9831475014541795,
        0.9831475014541795,
        0.9831475014541795,
        0.9831475014541795,
        0.9831475014541795,
        0.9831475014541795,
        0.9831475014541795,
        0.9831475014541795,
        0.9831475014541795,
        0.9831475014541795,
        0.9831475014541795,
        0.9831475014541795,
        0.9831475014541795,
        0.9831475014541795,
        0.9831475014541795,
        0.9831475014541795,
        0.9831475014541795,
        0.9831475014541795,
        0.9831475014541795,
        0.9831475014541795,
        0.9831475014541795,
        0.9831475014541795,
        0.9831475014541795,
        0.9831475014541795,
        0.9831475014541795,
        0.9831475014541795,
        0.9831475014541795,
        0.9831475014541795,
        0.9831475014541795,
        0.9831475014541795,
        0.9831475014541795,
        0.9831475014541795,
        0.9831475014541795,
        0.9831475014541795,
        0.9831475014541795,
        0.9831475014541795,
        0.9831475014541795,
        0.9831475014541795,
        0.9831475014541795,
        0.9831475014541795,
        0.9831475014541795,
        0.9831475014541795
    ],