{
    "dimensions": [
        0,
        0,
        0,
        0,
        0,
        0,
        0,
        0,
        0,
        0,
        0,
        0,
        0,
        0,
        0,
        0,
        0,
        0,
        0,
        0,
        0,
        0,
        0,
        0,
        0,
        0,
        0,
        0,
        0,
        0,
        0,
        0,
        0,
        0,
        0,
        0,
        0,
        0,
        0,
        0,
        0,
        0,
        0,
        0,
        0,
        0,
        0,
        0,
        0,
        0,
        0,
        0,
        0,
        0,
        0,
        0,
        0,
        0,
        0,
        0,
        0,
        0,
        0,
        0,
        0,
        0,
        0,
        0,
        0,
        0,
        0,
        0,
        0,
        0,
        0,
        0,
        0,
        0,
        0,
        0,
        0,
        0,
        0,
        0,
        0,
        0,
        0,
        0,
        0,
        0,
        0,
        0,
        0,
        0,
        0,
        0,
        0,
        0,
        0,
        0,
        0,
        0,
        0,
        0,
        0,
        0,
        0,
        0,
        0,
        0,
        0,
        0,
        0,
        0,
        0,
        0,
        0,
        0,
        0,
        0,
        0,
        0,
        0,
        0,
        0,
        0,
        0,
        0,
        0,
        0,
        0,
        0,
        0,
        0,
        0,
        0,
        0,
        0,
        0,
        0,
        0,
        0,
        0,
        0,
        0,
        0,
        0,
        0,
        0,
        0,
        0,
        0,
        0,
        0,
        0,
        0,
        0,
        0,
        0,
        0,
        0,
        0,
        0,
        0,
        0,
        0,
        0,
        0
    ],
    "creation_values": [
        0.9439653070818256,
        0.9439653070818256,
        0.9439653070818256,
        0.9439653070818256,
        0.9439653070818256,
        0.9439653070818256,
        0.9439653070818256,
        0.9439653070818256,
        0.9439653070818256,
        0.9439653070818256,
        0.9439653070818256,
        0.9439653070818256,
        0.9439653070818256,
        0.9439653070818256,
        0.9439653070818256,
        0.9439653070818256,
        0.9439653070818256,
        0.9439653070818256,
        0.9439653070818256,
        0.9439653070818256,
        0.9439653070818256,
        0.9439653070818256,
        0.9439653070818256,
        0.9439653070818256,
        0.9439653070818256,
        0.9439653070818256,
        0.9439653070818256,
        0.9439653070818256,
        0.9439653070818256,
        0.9439653070818256,
        0.9439653070818256,
        0.9439653070818256,
        0.9439653070818256,
        0.9439653070818256,
        0.9439653070818256,
        0.9439653070818256,
        0.9439653070818256,
        0.9439653070818256,
        0.9439653070818256,
        0.9439653070818256,
        0.9439653070818256,
        0.9439653070818256,
        0.9439653070818256,
        0.9439653070818256,
        0.9439653070818256,
        0.9439653070818256,
        0.9439653070818256,
        0.9439653070818256,
        0.9439653070818256,
        0.9439653070818256,
        0.9439653070818256,
        0.9439653070818256,
        0.9439653070818256,
        0.9439653070818256,
        0.9439653070818256,
        0.9439653070818256,
        0.9439653070818256,
        0.9439653070818256,
        0.9439653070818256,
        0.9439653070818256,
        0.9439653070818256,
        0.9439653070818256,
        0.9439653070818256,
        0.9439653070818256,
        0.9439653070818256,
        0.9439653070818256,
        0.9439653070818256,
        0.9439653070818256,
        0.9439653070818256,
        0.9439653070818256,
        0.9439653070818256,
        0.9439653070818256,
        0.9439653070818256,
        0.9439653070818256,
        0.9439653070818256,
        0.9439653070818256,
        0.9439653070818256,
        0.9439653070818256,
        0.9439653070818256,
        0.9439653070818256,
        0.9439653070818256,
        0.9439653070818256,
        0.9439653070818256,
        0.9439653070818256,
        0.9439653070818256,
        0.9439653070818256,
        0.9439653070818256,
        0.9439653070818256,
        0.9439653070818256,
        0.9439653070818256,
        0.9439653070818256,
        0.9439653070818256,
        0.9439653070818256,
        0.9439653070818256,
        0.9439653070818256,
        0.9439653070818256,
        0.9439653070818256,
        0.9439653070818256,
        0.9439653070818256,
        0.9439653070818256,
        0.9439653070818256,
        0.9439653070818256,
        0.9439653070818256,
        0.9439653070818256,
        0.9439653070818256,
        0.9439653070818256,
        0.9439653070818256,
        0.9439653070818256,
        0.9439653070818256,
        0.9439653070818256,
        0.9439653070818256,
        0.9439653070818256,
        0.9439653070818256,
        0.9439653070818256,
        0.9439653070818256,
        0.9439653070818256,
        0.9439653070818256,
        0.9439653070818256,
        0.9439653070818256,
        0.9439653070818256,
        0.9439653070818256,
        0.9439653070818256,
        0.9439653070818256,
        0.9439653070818256,
        0.9439653070818256,
        0.9439653070818256,
        0.9439653070818256,
        0.9439653070818256,
        0.9439653070818256,
        0.9439653070818256,
        0.9439653070818256,
        0.9439653070818256,
        0.9439653070818256,
        0.9439653070818256,
        0.9439653070818256,
        0.9439653070818256,
        0.9439653070818256,
        0.9439653070818256,
        0.9439653070818256,
        0.9439653070818256,
        0.9439653070818256,
        0.9439653070818256,
        0.9439653070818256,
        0.9439653070818256,
        0.9439653070818256,
        0.9439653070818256,
        0.9439653070818256,
        0.9439653070818256,
        0.9439653070818256,
        0.9439653070818256,
        0.9439653070818256,
        0.9439653070818256,
        0.9439653070818256,
        0.9439653070818256,
        0.9439653070818256,
        0.9439653070818256,
        0.9439653070818256,
        0.9439653070818256,
        0.9439653070818256,
        0.9439653070818256,
        0.9439653070818256,
        0.9439653070818256,
        0.9439653070818256,
        0.9439653070818256,
        0.9439653070818256,
        0.9439653070818256,
        0.9439653070818256,
        0.9439653070818256
    ],