{
    "dimensions": [
        0,
        0,
        0,
        0,
        0,
        0,
        0,
        0,
        0,
        0,
        0,
        0,
        0,
        0,
        0,
        0,
        0,
        0,
        0,
        0,
        0,
        0,
        0,
        0,
        0,
        0,
        0,
        0,
        0,
        0,
        0,
        0,
        0,
        0,
        0,
        0,
        0,
        0,
        0,
        0,
        0,
        0,
        0,
        0,
        0,
        0,
        0,
        0,
        0,
        0,
        0,
        0,
        0,
        0,
        0,
        0,
        0,
        0,
        0,
        0,
        0,
        0,
        0,
        0,
        0,
        0,
        0,
        0,
        0,
        0,
        0,
        0,
        0,
        0,
        0,
        0,
        0,
        0,
        0,
        0,
        0,
        0,
        0,
        0,
        0,
        0,
        0,
        0,
        0,
        0,
        0,
        0,
        0,
        0,
        0,
        0,
        0,
        0,
        0,
        0,
        0,
        0,
        0,
        0,
        0,
        0,
        0,
        0,
        0,
        0,
        0,
        0,
        0,
        0,
        0,
        0,
        0,
        0,
        0,
        0,
        0,
        0,
        0,
        0,
        0,
        0,
        0,
        0,
        0,
        0,
        0,
        0,
        0,
        0,
        0,
        0,
        0,
        0,
        0,
        0,
        0,
        0,
        0,
        0,
        0,
        0,
        0,
        0,
        0,
        0,
        0,
        0,
        0,
        0,
        0,
        0,
        0,
        0,
        0,
        0,
        0,
        0,
        0,
        0,
        0,
        0,
        0,
        0
    ],
    "creation_values": [
        0.976428407530914,
        0.976428407530914,
        0.976428407530914,
        0.976428407530914,
        0.976428407530914,
        0.976428407530914,
        0.976428407530914,
        0.976428407530914,
        0.976428407530914,
        0.976428407530914,
        0.976428407530914,
        0.976428407530914,
        0.976428407530914,
        0.976428407530914,
        0.976428407530914,
        0.976428407530914,
        0.976428407530914,
        0.976428407530914,
        0.976428407530914,
        0.976428407530914,
        0.976428407530914,
        0.976428407530914,
        0.976428407530914,
        0.976428407530914,
        0.976428407530914,
        0.976428407530914,
        0.976428407530914,
        0.976428407530914,
        0.976428407530914,
        0.976428407530914,
        0.976428407530914,
        0.976428407530914,
        0.976428407530914,
        0.976428407530914,
        0.976428407530914,
        0.976428407530914,
        0.976428407530914,
        0.976428407530914,
        0.976428407530914,
        0.976428407530914,
        0.976428407530914,
        0.976428407530914,
        0.976428407530914,
        0.976428407530914,
        0.976428407530914,
        0.976428407530914,
        0.976428407530914,
        0.976428407530914,
        0.976428407530914,
        0.976428407530914,
        0.976428407530914,
        0.976428407530914,
        0.976428407530914,
        0.976428407530914,
        0.976428407530914,
        0.976428407530914,
        0.976428407530914,
        0.976428407530914,
        0.976428407530914,
        0.976428407530914,
        0.976428407530914,
        0.976428407530914,
        0.976428407530914,
        0.976428407530914,
        0.976428407530914,
        0.976428407530914,
        0.976428407530914,
        0.976428407530914,
        0.976428407530914,
        0.976428407530914,
        0.976428407530914,
        0.976428407530914,
        0.976428407530914,
        0.976428407530914,
        0.976428407530914,
        0.976428407530914,
        0.976428407530914,
        0.976428407530914,
        0.976428407530914,
        0.976428407530914,
        0.976428407530914,
        0.976428407530914,
        0.976428407530914,
        0.976428407530914,
        0.976428407530914,
        0.976428407530914,
        0.976428407530914,
        0.976428407530914,
        0.976428407530914,
        0.976428407530914,
        0.976428407530914,
        0.976428407530914,
        0.976428407530914,
        0.976428407530914,
        0.976428407530914,
        0.976428407530914,
        0.976428407530914,
        0.976428407530914,
        0.976428407530914,
        0.976428407530914,
        0.976428407530914,
        0.976428407530914,
        0.976428407530914,
        0.976428407530914,
        0.976428407530914,
        0.976428407530914,
        0.976428407530914,
        0.976428407530914,
        0.976428407530914,
        0.976428407530914,
        0.976428407530914,
        0.976428407530914,
        0.976428407530914,
        0.976428407530914,
        0.976428407530914,
        0.976428407530914,
        0.976428407530914,
        0.976428407530914,
        0.976428407530914,
        0.976428407530914,
        0.976428407530914,
        0.976428407530914,
        0.976428407530914,
        0.976428407530914,
        0.976428407530914,
        0.976428407530914,
        0.976428407530914,
        0.976428407530914,
        0.976428407530914,
        0.976428407530914,
        0.976428407530914,
        0.976428407530914,
        0.976428407530914,
        0.976428407530914,
        0.976428407530914,
        0.976428407530914,
        0.976428407530914,
        0.976428407530914,
        0.976428407530914,
        0.976428407530914,
        0.976428407530914,
        0.976428407530914,
        0.976428407530914,
        0.976428407530914,
        0.976428407530914,
        0.976428407530914,
        0.976428407530914,
        0.976428407530914,
        0.976428407530914,
        0.976428407530914,
        0.976428407530914,
        0.976428407530914,
        0.976428407530914,
        0.976428407530914,
        0.976428407530914,
        0.976428407530914,
        0.976428407530914,
        0.976428407530914,
        0.976428407530914,
        0.976428407530914,
        0.976428407530914,
        0.976428407530914,
        0.976428407530914,
        0.976428407530914,
        0.976428407530914,
        0.976428407530914,
        0.976428407530914,
        0.976428407530914
    ],