{
    "dimensions": [
        0,
        0,
        0,
        0,
        0,
        0,
        0,
        0,
        0,
        0,
        0,
        0,
        0,
        0,
        0,
        0,
        0,
        0,
        0,
        0,
        0,
        0,
        0,
        0,
        0,
        0,
        0,
        0,
        0,
        0,
        0,
        0,
        0,
        0,
        0,
        0,
        0,
        0,
        0,
        0,
        0,
        0,
        0,
        0,
        0,
        0,
        0,
        0,
        0,
        0,
        0,
        0,
        0,
        0,
        0,
        0,
        0,
        0,
        0,
        0,
        0,
        0,
        0,
        0,
        0,
        0,
        0,
        0,
        0,
        0,
        0,
        0,
        0,
        0,
        0,
        0,
        0,
        0,
        0,
        0,
        0,
        0,
        0,
        0,
        0,
        0,
        0,
        0,
        0,
        0,
        0,
        0,
        0,
        0,
        0,
        0,
        0,
        0,
        0,
        0,
        0,
        0,
        0,
        0,
        0,
        0,
        0,
        0,
        0,
        0,
        0,
        0,
        0,
        0,
        0,
        0,
        0,
        0,
        0,
        0,
        0,
        0,
        0,
        0,
        0,
        0,
        0,
        0,
        0,
        0,
        0,
        0,
        0,
        0,
        0,
        0,
        0,
        0,
        0,
        0,
        0,
        0,
        0,
        0,
        0,
        0,
        0,
        0,
        0,
        0,
        0,
        0,
        0,
        0,
        0,
        0,
        0,
        0,
        0,
        0,
        0,
        0,
        0,
        0,
        0,
        0,
        0,
        0
    ],
    "creation_values": [
        0.9789288973221136,
        0.9789288973221136,
        0.9789288973221136,
        0.9789288973221136,
        0.9789288973221136,
        0.9789288973221136,
        0.9789288973221136,
        0.9789288973221136,
        0.9789288973221136,
        0.9789288973221136,
        0.9789288973221136,
        0.9789288973221136,
        0.9789288973221136,
        0.9789288973221136,
        0.9789288973221136,
        0.9789288973221136,
        0.9789288973221136,
        0.9789288973221136,
        0.9789288973221136,
        0.9789288973221136,
        0.9789288973221136,
        0.9789288973221136,
        0.9789288973221136,
        0.9789288973221136,
        0.9789288973221136,
        0.9789288973221136,
        0.9789288973221136,
        0.9789288973221136,
        0.9789288973221136,
        0.9789288973221136,
        0.9789288973221136,
        0.9789288973221136,
        0.9789288973221136,
        0.9789288973221136,
        0.9789288973221136,
        0.9789288973221136,
        0.9789288973221136,
        0.9789288973221136,
        0.9789288973221136,
        0.9789288973221136,
        0.9789288973221136,
        0.9789288973221136,
        0.9789288973221136,
        0.9789288973221136,
        0.9789288973221136,
        0.9789288973221136,
        0.9789288973221136,
        0.9789288973221136,
        0.9789288973221136,
        0.9789288973221136,
        0.9789288973221136,
        0.9789288973221136,
        0.9789288973221136,
        0.9789288973221136,
        0.9789288973221136,
        0.9789288973221136,
        0.9789288973221136,
        0.9789288973221136,
        0.9789288973221136,
        0.9789288973221136,
        0.9789288973221136,
        0.9789288973221136,
        0.9789288973221136,
        0.9789288973221136,
        0.9789288973221136,
        0.9789288973221136,
        0.9789288973221136,
        0.9789288973221136,
        0.9789288973221136,
        0.9789288973221136,
        0.9789288973221136,
        0.9789288973221136,
        0.9789288973221136,
        0.9789288973221136,
        0.9789288973221136,
        0.9789288973221136,
        0.9789288973221136,
        0.9789288973221136,
        0.9789288973221136,
        0.9789288973221136,
        0.9789288973221136,
        0.9789288973221136,
        0.9789288973221136,
        0.9789288973221136,
        0.9789288973221136,
        0.9789288973221136,
        0.9789288973221136,
        0.9789288973221136,
        0.9789288973221136,
        0.9789288973221136,
        0.9789288973221136,
        0.9789288973221136,
        0.9789288973221136,
        0.9789288973221136,
        0.9789288973221136,
        0.9789288973221136,
        0.9789288973221136,
        0.9789288973221136,
        0.9789288973221136,
        0.9789288973221136,
        0.9789288973221136,
        0.9789288973221136,
        0.9789288973221136,
        0.9789288973221136,
        0.9789288973221136,
        0.9789288973221136,
        0.9789288973221136,
        0.9789288973221136,
        0.9789288973221136,
        0.9789288973221136,
        0.9789288973221136,
        0.9789288973221136,
        0.9789288973221136,
        0.9789288973221136,
        0.9789288973221136,
        0.9789288973221136,
        0.9789288973221136,
        0.9789288973221136,
        0.9789288973221136,
        0.9789288973221136,
        0.9789288973221136,
        0.9789288973221136,
        0.9789288973221136,
        0.9789288973221136,
        0.9789288973221136,
        0.9789288973221136,
        0.9789288973221136,
        0.9789288973221136,
        0.9789288973221136,
        0.9789288973221136,
        0.9789288973221136,
        0.9789288973221136,
        0.9789288973221136,
        0.9789288973221136,
        0.9789288973221136,
        0.9789288973221136,
        0.9789288973221136,
        0.9789288973221136,
        0.9789288973221136,
        0.9789288973221136,
        0.9789288973221136,
        0.9789288973221136,
        0.9789288973221136,
        0.9789288973221136,
        0.9789288973221136,
        0.9789288973221136,
        0.9789288973221136,
        0.9789288973221136,
        0.9789288973221136,
        0.9789288973221136,
        0.9789288973221136,
        0.9789288973221136,
        0.9789288973221136,
        0.9789288973221136,
        0.9789288973221136,
        0.9789288973221136,
        0.9789288973221136,
        0.9789288973221136,
        0.9789288973221136,
        0.9789288973221136,
        0.9789288973221136,
        0.9789288973221136,
        0.9789288973221136,
        0.9789288973221136,
        0.9789288973221136,
        0.9789288973221136,
        0.9789288973221136,
        0.9789288973221136
    ],