{
    "dimensions": [
        0,
        0,
        0,
        0,
        0,
        0,
        0,
        0,
        0,
        0,
        0,
        0,
        0,
        0,
        0,
        0,
        0,
        0,
        0,
        0,
        0,
        0,
        0,
        0,
        0,
        0,
        0,
        0,
        0,
        0,
        0,
        0,
        0,
        0,
        0,
        0,
        0,
        0,
        0,
        0,
        0,
        0,
        0,
        0,
        0,
        0,
        0,
        0,
        0,
        0,
        0,
        0,
        0,
        0,
        0,
        0,
        0,
        0,
        0,
        0,
        0,
        0,
        0,
        0,
        0,
        0,
        0,
        0,
        0,
        0,
        0,
        0,
        0,
        0,
        0,
        0,
        0,
        0,
        0,
        0,
        0,
        0,
        0,
        0,
        0,
        0,
        0,
        0,
        0,
        0,
        0,
        0,
        0,
        0,
        0,
        0,
        0,
        0,
        0,
        0,
        0,
        0,
        0,
        0,
        0,
        0,
        0,
        0,
        0,
        0,
        0,
        0,
        0,
        0,
        0,
        0,
        0,
        0,
        0,
        0,
        0,
        0,
        0,
        0,
        0,
        0,
        0,
        0,
        0,
        0,
        0,
        0,
        0,
        0,
        0,
        0,
        0,
        0,
        0,
        0,
        0,
        0,
        0,
        0,
        0,
        0,
        0,
        0,
        0,
        0,
        0,
        0,
        0,
        0,
        0,
        0,
        0,
        0,
        0,
        0,
        0,
        0,
        0,
        0,
        0,
        0,
        0,
        0
    ],
    "creation_values": [
        0.9471896276126296,
        0.9471896276126296,
        0.9471896276126296,
        0.9471896276126296,
        0.9471896276126296,
        0.9471896276126296,
        0.9471896276126296,
        0.9471896276126296,
        0.9471896276126296,
        0.9471896276126296,
        0.9471896276126296,
        0.9471896276126296,
        0.9471896276126296,
        0.9471896276126296,
        0.9471896276126296,
        0.9471896276126296,
        0.9471896276126296,
        0.9471896276126296,
        0.9471896276126296,
        0.9471896276126296,
        0.9471896276126296,
        0.9471896276126296,
        0.9471896276126296,
        0.9471896276126296,
        0.9471896276126296,
        0.9471896276126296,
        0.9471896276126296,
        0.9471896276126296,
        0.9471896276126296,
        0.9471896276126296,
        0.9471896276126296,
        0.9471896276126296,
        0.9471896276126296,
        0.9471896276126296,
        0.9471896276126296,
        0.9471896276126296,
        0.9471896276126296,
        0.9471896276126296,
        0.9471896276126296,
        0.9471896276126296,
        0.9471896276126296,
        0.9471896276126296,
        0.9471896276126296,
        0.9471896276126296,
        0.9471896276126296,
        0.9471896276126296,
        0.9471896276126296,
        0.9471896276126296,
        0.9471896276126296,
        0.9471896276126296,
        0.9471896276126296,
        0.9471896276126296,
        0.9471896276126296,
        0.9471896276126296,
        0.9471896276126296,
        0.9471896276126296,
        0.9471896276126296,
        0.9471896276126296,
        0.9471896276126296,
        0.9471896276126296,
        0.9471896276126296,
        0.9471896276126296,
        0.9471896276126296,
        0.9471896276126296,
        0.9471896276126296,
        0.9471896276126296,
        0.9471896276126296,
        0.9471896276126296,
        0.9471896276126296,
        0.9471896276126296,
        0.9471896276126296,
        0.9471896276126296,
        0.9471896276126296,
        0.9471896276126296,
        0.9471896276126296,
        0.9471896276126296,
        0.9471896276126296,
        0.9471896276126296,
        0.9471896276126296,
        0.9471896276126296,
        0.9471896276126296,
        0.9471896276126296,
        0.9471896276126296,
        0.9471896276126296,
        0.9471896276126296,
        0.9471896276126296,
        0.9471896276126296,
        0.9471896276126296,
        0.9471896276126296,
        0.9471896276126296,
        0.9471896276126296,
        0.9471896276126296,
        0.9471896276126296,
        0.9471896276126296,
        0.9471896276126296,
        0.9471896276126296,
        0.9471896276126296,
        0.9471896276126296,
        0.9471896276126296,
        0.9471896276126296,
        0.9471896276126296,
        0.9471896276126296,
        0.9471896276126296,
        0.9471896276126296,
        0.9471896276126296,
        0.9471896276126296,
        0.9471896276126296,
        0.9471896276126296,
        0.9471896276126296,
        0.9471896276126296,
        0.9471896276126296,
        0.9471896276126296,
        0.9471896276126296,
        0.9471896276126296,
        0.9471896276126296,
        0.9471896276126296,
        0.9471896276126296,
        0.9471896276126296,
        0.9471896276126296,
        0.9471896276126296,
        0.9471896276126296,
        0.9471896276126296,
        0.9471896276126296,
        0.9471896276126296,
        0.9471896276126296,
        0.9471896276126296,
        0.9471896276126296,
        0.9471896276126296,
        0.9471896276126296,
        0.9471896276126296,
        0.9471896276126296,
        0.9471896276126296,
        0.9471896276126296,
        0.9471896276126296,
        0.9471896276126296,
        0.9471896276126296,
        0.9471896276126296,
        0.9471896276126296,
        0.9471896276126296,
        0.9471896276126296,
        0.9471896276126296,
        0.9471896276126296,
        0.9471896276126296,
        0.9471896276126296,
        0.9471896276126296,
        0.9471896276126296,
        0.9471896276126296,
        0.9471896276126296,
        0.9471896276126296,
        0.9471896276126296,
        0.9471896276126296,
        0.9471896276126296,
        0.9471896276126296,
        0.9471896276126296,
        0.9471896276126296,
        0.9471896276126296,
        0.9471896276126296,
        0.9471896276126296,
        0.9471896276126296,
        0.9471896276126296,
        0.9471896276126296,
        0.9471896276126296,
        0.9471896276126296,
        0.9471896276126296,
        0.9471896276126296,
        0.9471896276126296,
        0.9471896276126296,
        0.9471896276126296
    ],