{
    "dimensions": [
        0,
        0,
        0,
        0,
        0,
        0,
        0,
        0,
        0,
        0,
        0,
        0,
        0,
        0,
        0,
        0,
        0,
        0,
        0,
        0,
        0,
        0,
        0,
        0,
        0,
        0,
        0,
        0,
        0,
        0,
        0,
        0,
        0,
        0,
        0,
        0,
        0,
        0,
        0,
        0,
        0,
        0,
        0,
        0,
        0,
        0,
        0,
        0,
        0,
        0,
        0,
        0,
        0,
        0,
        0,
        0,
        0,
        0,
        0,
        0,
        0,
        0,
        0,
        0,
        0,
        0,
        0,
        0,
        0,
        0,
        0,
        0,
        0,
        0,
        0,
        0,
        0,
        0,
        0,
        0,
        0,
        0,
        0,
        0,
        0,
        0,
        0,
        0,
        0,
        0,
        0,
        0,
        0,
        0,
        0,
        0,
        0,
        0,
        0,
        0,
        0,
        0,
        0,
        0,
        0,
        0,
        0,
        0,
        0,
        0,
        0,
        0,
        0,
        0,
        0,
        0,
        0,
        0,
        0,
        0,
        0,
        0,
        0,
        0,
        0,
        0,
        0,
        0,
        0,
        0,
        0,
        0,
        0,
        0,
        0,
        0,
        0,
        0,
        0,
        0,
        0,
        0,
        0,
        0,
        0,
        0,
        0,
        0,
        0,
        0,
        0,
        0,
        0,
        0,
        0,
        0,
        0,
        0,
        0,
        0,
        0,
        0,
        0,
        0,
        0,
        0,
        0,
        0
    ],
    "creation_values": [
        0.910463737510969,
        0.910463737510969,
        0.910463737510969,
        0.910463737510969,
        0.910463737510969,
        0.910463737510969,
        0.910463737510969,
        0.910463737510969,
        0.910463737510969,
        0.910463737510969,
        0.910463737510969,
        0.910463737510969,
        0.910463737510969,
        0.910463737510969,
        0.910463737510969,
        0.910463737510969,
        0.910463737510969,
        0.910463737510969,
        0.910463737510969,
        0.910463737510969,
        0.910463737510969,
        0.910463737510969,
        0.910463737510969,
        0.910463737510969,
        0.910463737510969,
        0.910463737510969,
        0.910463737510969,
        0.910463737510969,
        0.910463737510969,
        0.910463737510969,
        0.910463737510969,
        0.910463737510969,
        0.910463737510969,
        0.910463737510969,
        0.910463737510969,
        0.910463737510969,
        0.910463737510969,
        0.910463737510969,
        0.910463737510969,
        0.910463737510969,
        0.910463737510969,
        0.910463737510969,
        0.910463737510969,
        0.910463737510969,
        0.910463737510969,
        0.910463737510969,
        0.910463737510969,
        0.910463737510969,
        0.910463737510969,
        0.910463737510969,
        0.910463737510969,
        0.910463737510969,
        0.910463737510969,
        0.910463737510969,
        0.910463737510969,
        0.910463737510969,
        0.910463737510969,
        0.910463737510969,
        0.910463737510969,
        0.910463737510969,
        0.910463737510969,
        0.910463737510969,
        0.910463737510969,
        0.910463737510969,
        0.910463737510969,
        0.910463737510969,
        0.910463737510969,
        0.910463737510969,
        0.910463737510969,
        0.910463737510969,
        0.910463737510969,
        0.910463737510969,
        0.910463737510969,
        0.910463737510969,
        0.910463737510969,
        0.910463737510969,
        0.910463737510969,
        0.910463737510969,
        0.910463737510969,
        0.910463737510969,
        0.910463737510969,
        0.910463737510969,
        0.910463737510969,
        0.910463737510969,
        0.910463737510969,
        0.910463737510969,
        0.910463737510969,
        0.910463737510969,
        0.910463737510969,
        0.910463737510969,
        0.910463737510969,
        0.910463737510969,
        0.910463737510969,
        0.910463737510969,
        0.910463737510969,
        0.910463737510969,
        0.910463737510969,
        0.910463737510969,
        0.910463737510969,
        0.910463737510969,
        0.910463737510969,
        0.910463737510969,
        0.910463737510969,
        0.910463737510969,
        0.910463737510969,
        0.910463737510969,
        0.910463737510969,
        0.910463737510969,
        0.910463737510969,
        0.910463737510969,
        0.910463737510969,
        0.910463737510969,
        0.910463737510969,
        0.910463737510969,
        0.910463737510969,
        0.910463737510969,
        0.910463737510969,
        0.910463737510969,
        0.910463737510969,
        0.910463737510969,
        0.910463737510969,
        0.910463737510969,
        0.910463737510969,
        0.910463737510969,
        0.910463737510969,
        0.910463737510969,
        0.910463737510969,
        0.910463737510969,
        0.910463737510969,
        0.910463737510969,
        0.910463737510969,
        0.910463737510969,
        0.910463737510969,
        0.910463737510969,
        0.910463737510969,
        0.910463737510969,
        0.910463737510969,
        0.910463737510969,
        0.910463737510969,
        0.910463737510969,
        0.910463737510969,
        0.910463737510969,
        0.910463737510969,
        0.910463737510969,
        0.910463737510969,
        0.910463737510969,
        0.910463737510969,
        0.910463737510969,
        0.910463737510969,
        0.910463737510969,
        0.910463737510969,
        0.910463737510969,
        0.910463737510969,
        0.910463737510969,
        0.910463737510969,
        0.910463737510969,
        0.910463737510969,
        0.910463737510969,
        0.910463737510969,
        0.910463737510969,
        0.910463737510969,
        0.910463737510969,
        0.910463737510969,
        0.910463737510969,
        0.910463737510969,
        0.910463737510969,
        0.910463737510969,
        0.910463737510969
    ],