{
    "dimensions": [
        0,
        0,
        0,
        0,
        0,
        0,
        0,
        0,
        0,
        0,
        0,
        0,
        0,
        0,
        0,
        0,
        0,
        0,
        0,
        0,
        0,
        0,
        0,
        0,
        0,
        0,
        0,
        0,
        0,
        0,
        0,
        0,
        0,
        0,
        0,
        0,
        0,
        0,
        0,
        0,
        0,
        0,
        0,
        0,
        0,
        0,
        0,
        0,
        0,
        0,
        0,
        0,
        0,
        0,
        0,
        0,
        0,
        0,
        0,
        0,
        0,
        0,
        0,
        0,
        0,
        0,
        0,
        0,
        0,
        0,
        0,
        0,
        0,
        0,
        0,
        0,
        0,
        0,
        0,
        0,
        0,
        0,
        0,
        0,
        0,
        0,
        0,
        0,
        0,
        0,
        0,
        0,
        0,
        0,
        0,
        0,
        0,
        0,
        0,
        0,
        0,
        0,
        0,
        0,
        0,
        0,
        0,
        0,
        0,
        0,
        0,
        0,
        0,
        0,
        0,
        0,
        0,
        0,
        0,
        0,
        0,
        0,
        0,
        0,
        0,
        0,
        0,
        0,
        0,
        0,
        0,
        0,
        0,
        0,
        0,
        0,
        0,
        0,
        0,
        0,
        0,
        0,
        0,
        0,
        0,
        0,
        0,
        0,
        0,
        0,
        0,
        0,
        0,
        0,
        0,
        0,
        0,
        0,
        0,
        0,
        0,
        0,
        0,
        0,
        0,
        0,
        0,
        0
    ],
    "creation_values": [
        0.9942044974144464,
        0.9942044974144464,
        0.9942044974144464,
        0.9942044974144464,
        0.9942044974144464,
        0.9942044974144464,
        0.9942044974144464,
        0.9942044974144464,
        0.9942044974144464,
        0.9942044974144464,
        0.9942044974144464,
        0.9942044974144464,
        0.9942044974144464,
        0.9942044974144464,
        0.9942044974144464,
        0.9942044974144464,
        0.9942044974144464,
        0.9942044974144464,
        0.9942044974144464,
        0.9942044974144464,
        0.9942044974144464,
        0.9942044974144464,
        0.9942044974144464,
        0.9942044974144464,
        0.9942044974144464,
        0.9942044974144464,
        0.9942044974144464,
        0.9942044974144464,
        0.9942044974144464,
        0.9942044974144464,
        0.9942044974144464,
        0.9942044974144464,
        0.9942044974144464,
        0.9942044974144464,
        0.9942044974144464,
        0.9942044974144464,
        0.9942044974144464,
        0.9942044974144464,
        0.9942044974144464,
        0.9942044974144464,
        0.9942044974144464,
        0.9942044974144464,
        0.9942044974144464,
        0.9942044974144464,
        0.9942044974144464,
        0.9942044974144464,
        0.9942044974144464,
        0.9942044974144464,
        0.9942044974144464,
        0.9942044974144464,
        0.9942044974144464,
        0.9942044974144464,
        0.9942044974144464,
        0.9942044974144464,
        0.9942044974144464,
        0.9942044974144464,
        0.9942044974144464,
        0.9942044974144464,
        0.9942044974144464,
        0.9942044974144464,
        0.9942044974144464,
        0.9942044974144464,
        0.9942044974144464,
        0.9942044974144464,
        0.9942044974144464,
        0.9942044974144464,
        0.9942044974144464,
        0.9942044974144464,
        0.9942044974144464,
        0.9942044974144464,
        0.9942044974144464,
        0.9942044974144464,
        0.9942044974144464,
        0.9942044974144464,
        0.9942044974144464,
        0.9942044974144464,
        0.9942044974144464,
        0.9942044974144464,
        0.9942044974144464,
        0.9942044974144464,
        0.9942044974144464,
        0.9942044974144464,
        0.9942044974144464,
        0.9942044974144464,
        0.9942044974144464,
        0.9942044974144464,
        0.9942044974144464,
        0.9942044974144464,
        0.9942044974144464,
        0.9942044974144464,
        0.9942044974144464,
        0.9942044974144464,
        0.9942044974144464,
        0.9942044974144464,
        0.9942044974144464,
        0.9942044974144464,
        0.9942044974144464,
        0.9942044974144464,
        0.9942044974144464,
        0.9942044974144464,
        0.9942044974144464,
        0.9942044974144464,
        0.9942044974144464,
        0.9942044974144464,
        0.9942044974144464,
        0.9942044974144464,
        0.9942044974144464,
        0.9942044974144464,
        0.9942044974144464,
        0.9942044974144464,
        0.9942044974144464,
        0.9942044974144464,
        0.9942044974144464,
        0.9942044974144464,
        0.9942044974144464,
        0.9942044974144464,
        0.9942044974144464,
        0.9942044974144464,
        0.9942044974144464,
        0.9942044974144464,
        0.9942044974144464,
        0.9942044974144464,
        0.9942044974144464,
        0.9942044974144464,
        0.9942044974144464,
        0.9942044974144464,
        0.9942044974144464,
        0.9942044974144464,
        0.9942044974144464,
        0.9942044974144464,
        0.9942044974144464,
        0.9942044974144464,
        0.9942044974144464,
        0.9942044974144464,
        0.9942044974144464,
        0.9942044974144464,
        0.9942044974144464,
        0.9942044974144464,
        0.9942044974144464,
        0.9942044974144464,
        0.9942044974144464,
        0.9942044974144464,
        0.9942044974144464,
        0.9942044974144464,
        0.9942044974144464,
        0.9942044974144464,
        0.9942044974144464,
        0.9942044974144464,
        0.9942044974144464,
        0.9942044974144464,
        0.9942044974144464,
        0.9942044974144464,
        0.9942044974144464,
        0.9942044974144464,
        0.9942044974144464,
        0.9942044974144464,
        0.9942044974144464,
        0.9942044974144464,
        0.9942044974144464,
        0.9942044974144464,
        0.9942044974144464,
        0.9942044974144464,
        0.9942044974144464,
        0.9942044974144464,
        0.9942044974144464,
        0.9942044974144464,
        0.9942044974144464,
        0.9942044974144464
    ],