{
    "dimensions": [
        0,
        0,
        0,
        0,
        0,
        0,
        0,
        0,
        0,
        0,
        0,
        0,
        0,
        0,
        0,
        0,
        0,
        0,
        0,
        0,
        0,
        0,
        0,
        0,
        0,
        0,
        0,
        0,
        0,
        0,
        0,
        0,
        0,
        0,
        0,
        0,
        0,
        0,
        0,
        0,
        0,
        0,
        0,
        0,
        0,
        0,
        0,
        0,
        0,
        0,
        0,
        0,
        0,
        0,
        0,
        0,
        0,
        0,
        0,
        0,
        0,
        0,
        0,
        0,
        0,
        0,
        0,
        0,
        0,
        0,
        0,
        0,
        0,
        0,
        0,
        0,
        0,
        0,
        0,
        0,
        0,
        0,
        0,
        0,
        0,
        0,
        0,
        0,
        0,
        0,
        0,
        0,
        0,
        0,
        0,
        0,
        0,
        0,
        0,
        0,
        0,
        0,
        0,
        0,
        0,
        0,
        0,
        0,
        0,
        0,
        0,
        0,
        0,
        0,
        0,
        0,
        0,
        0,
        0,
        0,
        0,
        0,
        0,
        0,
        0,
        0,
        0,
        0,
        0,
        0,
        0,
        0,
        0,
        0,
        0,
        0,
        0,
        0,
        0,
        0,
        0,
        0,
        0,
        0,
        0,
        0,
        0,
        0,
        0,
        0,
        0,
        0,
        0,
        0,
        0,
        0,
        0,
        0,
        0,
        0,
        0,
        0,
        0,
        0,
        0,
        0,
        0,
        0
    ],
    "creation_values": [
        0.9853044358531582,
        0.9853044358531582,
        0.9853044358531582,
        0.9853044358531582,
        0.9853044358531582,
        0.9853044358531582,
        0.9853044358531582,
        0.9853044358531582,
        0.9853044358531582,
        0.9853044358531582,
        0.9853044358531582,
        0.9853044358531582,
        0.9853044358531582,
        0.9853044358531582,
        0.9853044358531582,
        0.9853044358531582,
        0.9853044358531582,
        0.9853044358531582,
        0.9853044358531582,
        0.9853044358531582,
        0.9853044358531582,
        0.9853044358531582,
        0.9853044358531582,
        0.9853044358531582,
        0.9853044358531582,
        0.9853044358531582,
        0.9853044358531582,
        0.9853044358531582,
        0.9853044358531582,
        0.9853044358531582,
        0.9853044358531582,
        0.9853044358531582,
        0.9853044358531582,
        0.9853044358531582,
        0.9853044358531582,
        0.9853044358531582,
        0.9853044358531582,
        0.9853044358531582,
        0.9853044358531582,
        0.9853044358531582,
        0.9853044358531582,
        0.9853044358531582,
        0.9853044358531582,
        0.9853044358531582,
        0.9853044358531582,
        0.9853044358531582,
        0.9853044358531582,
        0.9853044358531582,
        0.9853044358531582,
        0.9853044358531582,
        0.9853044358531582,
        0.9853044358531582,
        0.9853044358531582,
        0.9853044358531582,
        0.9853044358531582,
        0.9853044358531582,
        0.9853044358531582,
        0.9853044358531582,
        0.9853044358531582,
        0.9853044358531582,
        0.9853044358531582,
        0.9853044358531582,
        0.9853044358531582,
        0.9853044358531582,
        0.9853044358531582,
        0.9853044358531582,
        0.9853044358531582,
        0.9853044358531582,
        0.9853044358531582,
        0.9853044358531582,
        0.9853044358531582,
        0.9853044358531582,
        0.9853044358531582,
        0.9853044358531582,
        0.9853044358531582,
        0.9853044358531582,
        0.9853044358531582,
        0.9853044358531582,
        0.9853044358531582,
        0.9853044358531582,
        0.9853044358531582,
        0.9853044358531582,
        0.9853044358531582,
        0.9853044358531582,
        0.9853044358531582,
        0.9853044358531582,
        0.9853044358531582,
        0.9853044358531582,
        0.9853044358531582,
        0.9853044358531582,
        0.9853044358531582,
        0.9853044358531582,
        0.9853044358531582,
        0.9853044358531582,
        0.9853044358531582,
        0.9853044358531582,
        0.9853044358531582,
        0.9853044358531582,
        0.9853044358531582,
        0.9853044358531582,
        0.9853044358531582,
        0.9853044358531582,
        0.9853044358531582,
        0.9853044358531582,
        0.9853044358531582,
        0.9853044358531582,
        0.9853044358531582,
        0.9853044358531582,
        0.9853044358531582,
        0.9853044358531582,
        0.9853044358531582,
        0.9853044358531582,
        0.9853044358531582,
        0.9853044358531582,
        0.9853044358531582,
        0.9853044358531582,
        0.9853044358531582,
        0.9853044358531582,
        0.9853044358531582,
        0.9853044358531582,
        0.9853044358531582,
        0.9853044358531582,
        0.9853044358531582,
        0.9853044358531582,
        0.9853044358531582,
        0.9853044358531582,
        0.9853044358531582,
        0.9853044358531582,
        0.9853044358531582,
        0.9853044358531582,
        0.9853044358531582,
        0.9853044358531582,
        0.9853044358531582,
        0.9853044358531582,
        0.9853044358531582,
        0.9853044358531582,
        0.9853044358531582,
        0.9853044358531582,
        0.9853044358531582,
        0.9853044358531582,
        0.9853044358531582,
        0.9853044358531582,
        0.9853044358531582,
        0.9853044358531582,
        0.9853044358531582,
        0.9853044358531582,
        0.9853044358531582,
        0.9853044358531582,
        0.9853044358531582,
        0.9853044358531582,
        0.9853044358531582,
        0.9853044358531582,
        0.9853044358531582,
        0.9853044358531582,
        0.9853044358531582,
        0.9853044358531582,
        0.9853044358531582,
        0.9853044358531582,
        0.9853044358531582,
        0.9853044358531582,
        0.9853044358531582,
        0.9853044358531582,
        0.9853044358531582,
        0.9853044358531582,
        0.9853044358531582,
        0.9853044358531582,
        0.9853044358531582,
        0.9853044358531582
    ],