{
    "dimensions": [
        0,
        0,
        0,
        0,
        0,
        0,
        0,
        0,
        0,
        0,
        0,
        0,
        0,
        0,
        0,
        0,
        0,
        0,
        0,
        0,
        0,
        0,
        0,
        0,
        0,
        0,
        0,
        0,
        0,
        0,
        0,
        0,
        0,
        0,
        0,
        0,
        0,
        0,
        0,
        0,
        0,
        0,
        0,
        0,
        0,
        0,
        0,
        0,
        0,
        0,
        0,
        0,
        0,
        0,
        0,
        0,
        0,
        0,
        0,
        0,
        0,
        0,
        0,
        0,
        0,
        0,
        0,
        0,
        0,
        0,
        0,
        0,
        0,
        0,
        0,
        0,
        0,
        0,
        0,
        0,
        0,
        0,
        0,
        0,
        0,
        0,
        0,
        0,
        0,
        0,
        0,
        0,
        0,
        0,
        0,
        0,
        0,
        0,
        0,
        0,
        0,
        0,
        0,
        0,
        0,
        0,
        0,
        0,
        0,
        0,
        0,
        0,
        0,
        0,
        0,
        0,
        0,
        0,
        0,
        0,
        0,
        0,
        0,
        0,
        0,
        0,
        0,
        0,
        0,
        0,
        0,
        0,
        0,
        0,
        0,
        0,
        0,
        0,
        0,
        0,
        0,
        0,
        0,
        0,
        0,
        0,
        0,
        0,
        0,
        0,
        0,
        0,
        0,
        0,
        0,
        0,
        0,
        0,
        0,
        0,
        0,
        0,
        0,
        0,
        0,
        0,
        0,
        0
    ],
    "creation_values": [
        0.9543624793367816,
        0.9543624793367816,
        0.9543624793367816,
        0.9543624793367816,
        0.9543624793367816,
        0.9543624793367816,
        0.9543624793367816,
        0.9543624793367816,
        0.9543624793367816,
        0.9543624793367816,
        0.9543624793367816,
        0.9543624793367816,
        0.9543624793367816,
        0.9543624793367816,
        0.9543624793367816,
        0.9543624793367816,
        0.9543624793367816,
        0.9543624793367816,
        0.9543624793367816,
        0.9543624793367816,
        0.9543624793367816,
        0.9543624793367816,
        0.9543624793367816,
        0.9543624793367816,
        0.9543624793367816,
        0.9543624793367816,
        0.9543624793367816,
        0.9543624793367816,
        0.9543624793367816,
        0.9543624793367816,
        0.9543624793367816,
        0.9543624793367816,
        0.9543624793367816,
        0.9543624793367816,
        0.9543624793367816,
        0.9543624793367816,
        0.9543624793367816,
        0.9543624793367816,
        0.9543624793367816,
        0.9543624793367816,
        0.9543624793367816,
        0.9543624793367816,
        0.9543624793367816,
        0.9543624793367816,
        0.9543624793367816,
        0.9543624793367816,
        0.9543624793367816,
        0.9543624793367816,
        0.9543624793367816,
        0.9543624793367816,
        0.9543624793367816,
        0.9543624793367816,
        0.9543624793367816,
        0.9543624793367816,
        0.9543624793367816,
        0.9543624793367816,
        0.9543624793367816,
        0.9543624793367816,
        0.9543624793367816,
        0.9543624793367816,
        0.9543624793367816,
        0.9543624793367816,
        0.9543624793367816,
        0.9543624793367816,
        0.9543624793367816,
        0.9543624793367816,
        0.9543624793367816,
        0.9543624793367816,
        0.9543624793367816,
        0.9543624793367816,
        0.9543624793367816,
        0.9543624793367816,
        0.9543624793367816,
        0.9543624793367816,
        0.9543624793367816,
        0.9543624793367816,
        0.9543624793367816,
        0.9543624793367816,
        0.9543624793367816,
        0.9543624793367816,
        0.9543624793367816,
        0.9543624793367816,
        0.9543624793367816,
        0.9543624793367816,
        0.9543624793367816,
        0.9543624793367816,
        0.9543624793367816,
        0.9543624793367816,
        0.9543624793367816,
        0.9543624793367816,
        0.9543624793367816,
        0.9543624793367816,
        0.9543624793367816,
        0.9543624793367816,
        0.9543624793367816,
        0.9543624793367816,
        0.9543624793367816,
        0.9543624793367816,
        0.9543624793367816,
        0.9543624793367816,
        0.9543624793367816,
        0.9543624793367816,
        0.9543624793367816,
        0.9543624793367816,
        0.9543624793367816,
        0.9543624793367816,
        0.9543624793367816,
        0.9543624793367816,
        0.9543624793367816,
        0.9543624793367816,
        0.9543624793367816,
        0.9543624793367816,
        0.9543624793367816,
        0.9543624793367816,
        0.9543624793367816,
        0.9543624793367816,
        0.9543624793367816,
        0.9543624793367816,
        0.9543624793367816,
        0.9543624793367816,
        0.9543624793367816,
        0.9543624793367816,
        0.9543624793367816,
        0.9543624793367816,
        0.9543624793367816,
        0.9543624793367816,
        0.9543624793367816,
        0.9543624793367816,
        0.9543624793367816,
        0.9543624793367816,
        0.9543624793367816,
        0.9543624793367816,
        0.9543624793367816,
        0.9543624793367816,
        0.9543624793367816,
        0.9543624793367816,
        0.9543624793367816,
        0.9543624793367816,
        0.9543624793367816,
        0.9543624793367816,
        0.9543624793367816,
        0.9543624793367816,
        0.9543624793367816,
        0.9543624793367816,
        0.9543624793367816,
        0.9543624793367816,
        0.9543624793367816,
        0.9543624793367816,
        0.9543624793367816,
        0.9543624793367816,
        0.9543624793367816,
        0.9543624793367816,
        0.9543624793367816,
        0.9543624793367816,
        0.9543624793367816,
        0.9543624793367816,
        0.9543624793367816,
        0.9543624793367816,
        0.9543624793367816,
        0.9543624793367816,
        0.9543624793367816,
        0.9543624793367816,
        0.9543624793367816,
        0.9543624793367816,
        0.9543624793367816,
        0.9543624793367816,
        0.9543624793367816,
        0.9543624793367816
    ],