{
    "dimensions": [
        0,
        0,
        0,
        0,
        0,
        0,
        0,
        0,
        0,
        0,
        0,
        0,
        0,
        0,
        0,
        0,
        0,
        0,
        0,
        0,
        0,
        0,
        0,
        0,
        0,
        0,
        0,
        0,
        0,
        0,
        0,
        0,
        0,
        0,
        0,
        0,
        0,
        0,
        0,
        0,
        0,
        0,
        0,
        0,
        0,
        0,
        0,
        0,
        0,
        0,
        0,
        0,
        0,
        0,
        0,
        0,
        0,
        0,
        0,
        0,
        0,
        0,
        0,
        0,
        0,
        0,
        0,
        0,
        0,
        0,
        0,
        0,
        0,
        0,
        0,
        0,
        0,
        0,
        0,
        0,
        0,
        0,
        0,
        0,
        0,
        0,
        0,
        0,
        0,
        0,
        0,
        0,
        0,
        0,
        0,
        0,
        0,
        0,
        0,
        0,
        0,
        0,
        0,
        0,
        0,
        0,
        0,
        0,
        0,
        0,
        0,
        0,
        0,
        0,
        0,
        0,
        0,
        0,
        0,
        0,
        0,
        0,
        0,
        0,
        0,
        0,
        0,
        0,
        0,
        0,
        0,
        0,
        0,
        0,
        0,
        0,
        0,
        0,
        0,
        0,
        0,
        0,
        0,
        0,
        0,
        0,
        0,
        0,
        0,
        0,
        0,
        0,
        0,
        0,
        0,
        0,
        0,
        0,
        0,
        0,
        0,
        0,
        0,
        0,
        0,
        0,
        0,
        0
    ],
    "creation_values": [
        0.9770528616964448,
        0.9770528616964448,
        0.9770528616964448,
        0.9770528616964448,
        0.9770528616964448,
        0.9770528616964448,
        0.9770528616964448,
        0.9770528616964448,
        0.9770528616964448,
        0.9770528616964448,
        0.9770528616964448,
        0.9770528616964448,
        0.9770528616964448,
        0.9770528616964448,
        0.9770528616964448,
        0.9770528616964448,
        0.9770528616964448,
        0.9770528616964448,
        0.9770528616964448,
        0.9770528616964448,
        0.9770528616964448,
        0.9770528616964448,
        0.9770528616964448,
        0.9770528616964448,
        0.9770528616964448,
        0.9770528616964448,
        0.9770528616964448,
        0.9770528616964448,
        0.9770528616964448,
        0.9770528616964448,
        0.9770528616964448,
        0.9770528616964448,
        0.9770528616964448,
        0.9770528616964448,
        0.9770528616964448,
        0.9770528616964448,
        0.9770528616964448,
        0.9770528616964448,
        0.9770528616964448,
        0.9770528616964448,
        0.9770528616964448,
        0.9770528616964448,
        0.9770528616964448,
        0.9770528616964448,
        0.9770528616964448,
        0.9770528616964448,
        0.9770528616964448,
        0.9770528616964448,
        0.9770528616964448,
        0.9770528616964448,
        0.9770528616964448,
        0.9770528616964448,
        0.9770528616964448,
        0.9770528616964448,
        0.9770528616964448,
        0.9770528616964448,
        0.9770528616964448,
        0.9770528616964448,
        0.9770528616964448,
        0.9770528616964448,
        0.9770528616964448,
        0.9770528616964448,
        0.9770528616964448,
        0.9770528616964448,
        0.9770528616964448,
        0.9770528616964448,
        0.9770528616964448,
        0.9770528616964448,
        0.9770528616964448,
        0.9770528616964448,
        0.9770528616964448,
        0.9770528616964448,
        0.9770528616964448,
        0.9770528616964448,
        0.9770528616964448,
        0.9770528616964448,
        0.9770528616964448,
        0.9770528616964448,
        0.9770528616964448,
        0.9770528616964448,
        0.9770528616964448,
        0.9770528616964448,
        0.9770528616964448,
        0.9770528616964448,
        0.9770528616964448,
        0.9770528616964448,
        0.9770528616964448,
        0.9770528616964448,
        0.9770528616964448,
        0.9770528616964448,
        0.9770528616964448,
        0.9770528616964448,
        0.9770528616964448,
        0.9770528616964448,
        0.9770528616964448,
        0.9770528616964448,
        0.9770528616964448,
        0.9770528616964448,
        0.9770528616964448,
        0.9770528616964448,
        0.9770528616964448,
        0.9770528616964448,
        0.9770528616964448,
        0.9770528616964448,
        0.9770528616964448,
        0.9770528616964448,
        0.9770528616964448,
        0.9770528616964448,
        0.9770528616964448,
        0.9770528616964448,
        0.9770528616964448,
        0.9770528616964448,
        0.9770528616964448,
        0.9770528616964448,
        0.9770528616964448,
        0.9770528616964448,
        0.9770528616964448,
        0.9770528616964448,
        0.9770528616964448,
        0.9770528616964448,
        0.9770528616964448,
        0.9770528616964448,
        0.9770528616964448,
        0.9770528616964448,
        0.9770528616964448,
        0.9770528616964448,
        0.9770528616964448,
        0.9770528616964448,
        0.9770528616964448,
        0.9770528616964448,
        0.9770528616964448,
        0.9770528616964448,
        0.9770528616964448,
        0.9770528616964448,
        0.9770528616964448,
        0.9770528616964448,
        0.9770528616964448,
        0.9770528616964448,
        0.9770528616964448,
        0.9770528616964448,
        0.9770528616964448,
        0.9770528616964448,
        0.9770528616964448,
        0.9770528616964448,
        0.9770528616964448,
        0.9770528616964448,
        0.9770528616964448,
        0.9770528616964448,
        0.9770528616964448,
        0.9770528616964448,
        0.9770528616964448,
        0.9770528616964448,
        0.9770528616964448,
        0.9770528616964448,
        0.9770528616964448,
        0.9770528616964448,
        0.9770528616964448,
        0.9770528616964448,
        0.9770528616964448,
        0.9770528616964448,
        0.9770528616964448,
        0.9770528616964448,
        0.9770528616964448,
        0.9770528616964448,
        0.9770528616964448,
        0.9770528616964448,
        0.9770528616964448,
        0.9770528616964448
    ],