{
    "dimensions": [
        0,
        0,
        0,
        0,
        0,
        0,
        0,
        0,
        0,
        0,
        0,
        0,
        0,
        0,
        0,
        0,
        0,
        0,
        0,
        0,
        0,
        0,
        0,
        0,
        0,
        0,
        0,
        0,
        0,
        0,
        0,
        0,
        0,
        0,
        0,
        0,
        0,
        0,
        0,
        0,
        0,
        0,
        0,
        0,
        0,
        0,
        0,
        0,
        0,
        0,
        0,
        0,
        0,
        0,
        0,
        0,
        0,
        0,
        0,
        0,
        0,
        0,
        0,
        0,
        0,
        0,
        0,
        0,
        0,
        0,
        0,
        0,
        0,
        0,
        0,
        0,
        0,
        0,
        0,
        0,
        0,
        0,
        0,
        0,
        0,
        0,
        0,
        0,
        0,
        0,
        0,
        0,
        0,
        0,
        0,
        0,
        0,
        0,
        0,
        0,
        0,
        0,
        0,
        0,
        0,
        0,
        0,
        0,
        0,
        0,
        0,
        0,
        0,
        0,
        0,
        0,
        0,
        0,
        0,
        0,
        0,
        0,
        0,
        0,
        0,
        0,
        0,
        0,
        0,
        0,
        0,
        0,
        0,
        0,
        0,
        0,
        0,
        0,
        0,
        0,
        0,
        0,
        0,
        0,
        0,
        0,
        0,
        0,
        0,
        0,
        0,
        0,
        0,
        0,
        0,
        0,
        0,
        0,
        0,
        0,
        0,
        0,
        0,
        0,
        0,
        0,
        0,
        0
    ],
    "creation_values": [
        0.9491922381337493,
        0.9491922381337493,
        0.9491922381337493,
        0.9491922381337493,
        0.9491922381337493,
        0.9491922381337493,
        0.9491922381337493,
        0.9491922381337493,
        0.9491922381337493,
        0.9491922381337493,
        0.9491922381337493,
        0.9491922381337493,
        0.9491922381337493,
        0.9491922381337493,
        0.9491922381337493,
        0.9491922381337493,
        0.9491922381337493,
        0.9491922381337493,
        0.9491922381337493,
        0.9491922381337493,
        0.9491922381337493,
        0.9491922381337493,
        0.9491922381337493,
        0.9491922381337493,
        0.9491922381337493,
        0.9491922381337493,
        0.9491922381337493,
        0.9491922381337493,
        0.9491922381337493,
        0.9491922381337493,
        0.9491922381337493,
        0.9491922381337493,
        0.9491922381337493,
        0.9491922381337493,
        0.9491922381337493,
        0.9491922381337493,
        0.9491922381337493,
        0.9491922381337493,
        0.9491922381337493,
        0.9491922381337493,
        0.9491922381337493,
        0.9491922381337493,
        0.9491922381337493,
        0.9491922381337493,
        0.9491922381337493,
        0.9491922381337493,
        0.9491922381337493,
        0.9491922381337493,
        0.9491922381337493,
        0.9491922381337493,
        0.9491922381337493,
        0.9491922381337493,
        0.9491922381337493,
        0.9491922381337493,
        0.9491922381337493,
        0.9491922381337493,
        0.9491922381337493,
        0.9491922381337493,
        0.9491922381337493,
        0.9491922381337493,
        0.9491922381337493,
        0.9491922381337493,
        0.9491922381337493,
        0.9491922381337493,
        0.9491922381337493,
        0.9491922381337493,
        0.9491922381337493,
        0.9491922381337493,
        0.9491922381337493,
        0.9491922381337493,
        0.9491922381337493,
        0.9491922381337493,
        0.9491922381337493,
        0.9491922381337493,
        0.9491922381337493,
        0.9491922381337493,
        0.9491922381337493,
        0.9491922381337493,
        0.9491922381337493,
        0.9491922381337493,
        0.9491922381337493,
        0.9491922381337493,
        0.9491922381337493,
        0.9491922381337493,
        0.9491922381337493,
        0.9491922381337493,
        0.9491922381337493,
        0.9491922381337493,
        0.9491922381337493,
        0.9491922381337493,
        0.9491922381337493,
        0.9491922381337493,
        0.9491922381337493,
        0.9491922381337493,
        0.9491922381337493,
        0.9491922381337493,
        0.9491922381337493,
        0.9491922381337493,
        0.9491922381337493,
        0.9491922381337493,
        0.9491922381337493,
        0.9491922381337493,
        0.9491922381337493,
        0.9491922381337493,
        0.9491922381337493,
        0.9491922381337493,
        0.9491922381337493,
        0.9491922381337493,
        0.9491922381337493,
        0.9491922381337493,
        0.9491922381337493,
        0.9491922381337493,
        0.9491922381337493,
        0.9491922381337493,
        0.9491922381337493,
        0.9491922381337493,
        0.9491922381337493,
        0.9491922381337493,
        0.9491922381337493,
        0.9491922381337493,
        0.9491922381337493,
        0.9491922381337493,
        0.9491922381337493,
        0.9491922381337493,
        0.9491922381337493,
        0.9491922381337493,
        0.9491922381337493,
        0.9491922381337493,
        0.9491922381337493,
        0.9491922381337493,
        0.9491922381337493,
        0.9491922381337493,
        0.9491922381337493,
        0.9491922381337493,
        0.9491922381337493,
        0.9491922381337493,
        0.9491922381337493,
        0.9491922381337493,
        0.9491922381337493,
        0.9491922381337493,
        0.9491922381337493,
        0.9491922381337493,
        0.9491922381337493,
        0.9491922381337493,
        0.9491922381337493,
        0.9491922381337493,
        0.9491922381337493,
        0.9491922381337493,
        0.9491922381337493,
        0.9491922381337493,
        0.9491922381337493,
        0.9491922381337493,
        0.9491922381337493,
        0.9491922381337493,
        0.9491922381337493,
        0.9491922381337493,
        0.9491922381337493,
        0.9491922381337493,
        0.9491922381337493,
        0.9491922381337493,
        0.9491922381337493,
        0.9491922381337493,
        0.9491922381337493,
        0.9491922381337493,
        0.9491922381337493,
        0.9491922381337493,
        0.9491922381337493,
        0.9491922381337493
    ],