{
    "dimensions": [
        0,
        0,
        0,
        0,
        0,
        0,
        0,
        0,
        0,
        0,
        0,
        0,
        0,
        0,
        0,
        0,
        0,
        0,
        0,
        0,
        0,
        0,
        0,
        0,
        0,
        0,
        0,
        0,
        0,
        0,
        0,
        0,
        0,
        0,
        0,
        0,
        0,
        0,
        0,
        0,
        0,
        0,
        0,
        0,
        0,
        0,
        0,
        0,
        0,
        0,
        0,
        0,
        0,
        0,
        0,
        0,
        0,
        0,
        0,
        0,
        0,
        0,
        0,
        0,
        0,
        0,
        0,
        0,
        0,
        0,
        0,
        0,
        0,
        0,
        0,
        0,
        0,
        0,
        0,
        0,
        0,
        0,
        0,
        0,
        0,
        0,
        0,
        0,
        0,
        0,
        0,
        0,
        0,
        0,
        0,
        0,
        0,
        0,
        0,
        0,
        0,
        0,
        0,
        0,
        0,
        0,
        0,
        0,
        0,
        0,
        0,
        0,
        0,
        0,
        0,
        0,
        0,
        0,
        0,
        0,
        0,
        0,
        0,
        0,
        0,
        0,
        0,
        0,
        0,
        0,
        0,
        0,
        0,
        0,
        0,
        0,
        0,
        0,
        0,
        0,
        0,
        0,
        0,
        0,
        0,
        0,
        0,
        0,
        0,
        0,
        0,
        0,
        0,
        0,
        0,
        0,
        0,
        0,
        0,
        0,
        0,
        0,
        0,
        0,
        0,
        0,
        0,
        0
    ],
    "creation_values": [
        0.9933549385490149,
        0.9933549385490149,
        0.9933549385490149,
        0.9933549385490149,
        0.9933549385490149,
        0.9933549385490149,
        0.9933549385490149,
        0.9933549385490149,
        0.9933549385490149,
        0.9933549385490149,
        0.9933549385490149,
        0.9933549385490149,
        0.9933549385490149,
        0.9933549385490149,
        0.9933549385490149,
        0.9933549385490149,
        0.9933549385490149,
        0.9933549385490149,
        0.9933549385490149,
        0.9933549385490149,
        0.9933549385490149,
        0.9933549385490149,
        0.9933549385490149,
        0.9933549385490149,
        0.9933549385490149,
        0.9933549385490149,
        0.9933549385490149,
        0.9933549385490149,
        0.9933549385490149,
        0.9933549385490149,
        0.9933549385490149,
        0.9933549385490149,
        0.9933549385490149,
        0.9933549385490149,
        0.9933549385490149,
        0.9933549385490149,
        0.9933549385490149,
        0.9933549385490149,
        0.9933549385490149,
        0.9933549385490149,
        0.9933549385490149,
        0.9933549385490149,
        0.9933549385490149,
        0.9933549385490149,
        0.9933549385490149,
        0.9933549385490149,
        0.9933549385490149,
        0.9933549385490149,
        0.9933549385490149,
        0.9933549385490149,
        0.9933549385490149,
        0.9933549385490149,
        0.9933549385490149,
        0.9933549385490149,
        0.9933549385490149,
        0.9933549385490149,
        0.9933549385490149,
        0.9933549385490149,
        0.9933549385490149,
        0.9933549385490149,
        0.9933549385490149,
        0.9933549385490149,
        0.9933549385490149,
        0.9933549385490149,
        0.9933549385490149,
        0.9933549385490149,
        0.9933549385490149,
        0.9933549385490149,
        0.9933549385490149,
        0.9933549385490149,
        0.9933549385490149,
        0.9933549385490149,
        0.9933549385490149,
        0.9933549385490149,
        0.9933549385490149,
        0.9933549385490149,
        0.9933549385490149,
        0.9933549385490149,
        0.9933549385490149,
        0.9933549385490149,
        0.9933549385490149,
        0.9933549385490149,
        0.9933549385490149,
        0.9933549385490149,
        0.9933549385490149,
        0.9933549385490149,
        0.9933549385490149,
        0.9933549385490149,
        0.9933549385490149,
        0.9933549385490149,
        0.9933549385490149,
        0.9933549385490149,
        0.9933549385490149,
        0.9933549385490149,
        0.9933549385490149,
        0.9933549385490149,
        0.9933549385490149,
        0.9933549385490149,
        0.9933549385490149,
        0.9933549385490149,
        0.9933549385490149,
        0.9933549385490149,
        0.9933549385490149,
        0.9933549385490149,
        0.9933549385490149,
        0.9933549385490149,
        0.9933549385490149,
        0.9933549385490149,
        0.9933549385490149,
        0.9933549385490149,
        0.9933549385490149,
        0.9933549385490149,
        0.9933549385490149,
        0.9933549385490149,
        0.9933549385490149,
        0.9933549385490149,
        0.9933549385490149,
        0.9933549385490149,
        0.9933549385490149,
        0.9933549385490149,
        0.9933549385490149,
        0.9933549385490149,
        0.9933549385490149,
        0.9933549385490149,
        0.9933549385490149,
        0.9933549385490149,
        0.9933549385490149,
        0.9933549385490149,
        0.9933549385490149,
        0.9933549385490149,
        0.9933549385490149,
        0.9933549385490149,
        0.9933549385490149,
        0.9933549385490149,
        0.9933549385490149,
        0.9933549385490149,
        0.9933549385490149,
        0.9933549385490149,
        0.9933549385490149,
        0.9933549385490149,
        0.9933549385490149,
        0.9933549385490149,
        0.9933549385490149,
        0.9933549385490149,
        0.9933549385490149,
        0.9933549385490149,
        0.9933549385490149,
        0.9933549385490149,
        0.9933549385490149,
        0.9933549385490149,
        0.9933549385490149,
        0.9933549385490149,
        0.9933549385490149,
        0.9933549385490149,
        0.9933549385490149,
        0.9933549385490149,
        0.9933549385490149,
        0.9933549385490149,
        0.9933549385490149,
        0.9933549385490149,
        0.9933549385490149,
        0.9933549385490149,
        0.9933549385490149,
        0.9933549385490149,
        0.9933549385490149,
        0.9933549385490149,
        0.9933549385490149,
        0.9933549385490149
    ],