{
    "dimensions": [
        0,
        0,
        0,
        0,
        0,
        0,
        0,
        0,
        0,
        0,
        0,
        0,
        0,
        0,
        0,
        0,
        0,
        0,
        0,
        0,
        0,
        0,
        0,
        0,
        0,
        0,
        0,
        0,
        0,
        0,
        0,
        0,
        0,
        0,
        0,
        0,
        0,
        0,
        0,
        0,
        0,
        0,
        0,
        0,
        0,
        0,
        0,
        0,
        0,
        0,
        0,
        0,
        0,
        0,
        0,
        0,
        0,
        0,
        0,
        0,
        0,
        0,
        0,
        0,
        0,
        0,
        0,
        0,
        0,
        0,
        0,
        0,
        0,
        0,
        0,
        0,
        0,
        0,
        0,
        0,
        0,
        0,
        0,
        0,
        0,
        0,
        0,
        0,
        0,
        0,
        0,
        0,
        0,
        0,
        0,
        0,
        0,
        0,
        0,
        0,
        0,
        0,
        0,
        0,
        0,
        0,
        0,
        0,
        0,
        0,
        0,
        0,
        0,
        0,
        0,
        0,
        0,
        0,
        0,
        0,
        0,
        0,
        0,
        0,
        0,
        0,
        0,
        0,
        0,
        0,
        0,
        0,
        0,
        0,
        0,
        0,
        0,
        0,
        0,
        0,
        0,
        0,
        0,
        0,
        0,
        0,
        0,
        0,
        0,
        0,
        0,
        0,
        0,
        0,
        0,
        0,
        0,
        0,
        0,
        0,
        0,
        0,
        0,
        0,
        0,
        0,
        0,
        0
    ],
    "creation_values": [
        0.9940817765194826,
        0.9940817765194826,
        0.9940817765194826,
        0.9940817765194826,
        0.9940817765194826,
        0.9940817765194826,
        0.9940817765194826,
        0.9940817765194826,
        0.9940817765194826,
        0.9940817765194826,
        0.9940817765194826,
        0.9940817765194826,
        0.9940817765194826,
        0.9940817765194826,
        0.9940817765194826,
        0.9940817765194826,
        0.9940817765194826,
        0.9940817765194826,
        0.9940817765194826,
        0.9940817765194826,
        0.9940817765194826,
        0.9940817765194826,
        0.9940817765194826,
        0.9940817765194826,
        0.9940817765194826,
        0.9940817765194826,
        0.9940817765194826,
        0.9940817765194826,
        0.9940817765194826,
        0.9940817765194826,
        0.9940817765194826,
        0.9940817765194826,
        0.9940817765194826,
        0.9940817765194826,
        0.9940817765194826,
        0.9940817765194826,
        0.9940817765194826,
        0.9940817765194826,
        0.9940817765194826,
        0.9940817765194826,
        0.9940817765194826,
        0.9940817765194826,
        0.9940817765194826,
        0.9940817765194826,
        0.9940817765194826,
        0.9940817765194826,
        0.9940817765194826,
        0.9940817765194826,
        0.9940817765194826,
        0.9940817765194826,
        0.9940817765194826,
        0.9940817765194826,
        0.9940817765194826,
        0.9940817765194826,
        0.9940817765194826,
        0.9940817765194826,
        0.9940817765194826,
        0.9940817765194826,
        0.9940817765194826,
        0.9940817765194826,
        0.9940817765194826,
        0.9940817765194826,
        0.9940817765194826,
        0.9940817765194826,
        0.9940817765194826,
        0.9940817765194826,
        0.9940817765194826,
        0.9940817765194826,
        0.9940817765194826,
        0.9940817765194826,
        0.9940817765194826,
        0.9940817765194826,
        0.9940817765194826,
        0.9940817765194826,
        0.9940817765194826,
        0.9940817765194826,
        0.9940817765194826,
        0.9940817765194826,
        0.9940817765194826,
        0.9940817765194826,
        0.9940817765194826,
        0.9940817765194826,
        0.9940817765194826,
        0.9940817765194826,
        0.9940817765194826,
        0.9940817765194826,
        0.9940817765194826,
        0.9940817765194826,
        0.9940817765194826,
        0.9940817765194826,
        0.9940817765194826,
        0.9940817765194826,
        0.9940817765194826,
        0.9940817765194826,
        0.9940817765194826,
        0.9940817765194826,
        0.9940817765194826,
        0.9940817765194826,
        0.9940817765194826,
        0.9940817765194826,
        0.9940817765194826,
        0.9940817765194826,
        0.9940817765194826,
        0.9940817765194826,
        0.9940817765194826,
        0.9940817765194826,
        0.9940817765194826,
        0.9940817765194826,
        0.9940817765194826,
        0.9940817765194826,
        0.9940817765194826,
        0.9940817765194826,
        0.9940817765194826,
        0.9940817765194826,
        0.9940817765194826,
        0.9940817765194826,
        0.9940817765194826,
        0.9940817765194826,
        0.9940817765194826,
        0.9940817765194826,
        0.9940817765194826,
        0.9940817765194826,
        0.9940817765194826,
        0.9940817765194826,
        0.9940817765194826,
        0.9940817765194826,
        0.9940817765194826,
        0.9940817765194826,
        0.9940817765194826,
        0.9940817765194826,
        0.9940817765194826,
        0.9940817765194826,
        0.9940817765194826,
        0.9940817765194826,
        0.9940817765194826,
        0.9940817765194826,
        0.9940817765194826,
        0.9940817765194826,
        0.9940817765194826,
        0.9940817765194826,
        0.9940817765194826,
        0.9940817765194826,
        0.9940817765194826,
        0.9940817765194826,
        0.9940817765194826,
        0.9940817765194826,
        0.9940817765194826,
        0.9940817765194826,
        0.9940817765194826,
        0.9940817765194826,
        0.9940817765194826,
        0.9940817765194826,
        0.9940817765194826,
        0.9940817765194826,
        0.9940817765194826,
        0.9940817765194826,
        0.9940817765194826,
        0.9940817765194826,
        0.9940817765194826,
        0.9940817765194826,
        0.9940817765194826,
        0.9940817765194826,
        0.9940817765194826,
        0.9940817765194826,
        0.9940817765194826,
        0.9940817765194826,
        0.9940817765194826,
        0.9940817765194826
    ],