{
    "dimensions": [
        0,
        0,
        0,
        0,
        0,
        0,
        0,
        0,
        0,
        0,
        0,
        0,
        0,
        0,
        0,
        0,
        0,
        0,
        0,
        0,
        0,
        0,
        0,
        0,
        0,
        0,
        0,
        0,
        0,
        0,
        0,
        0,
        0,
        0,
        0,
        0,
        0,
        0,
        0,
        0,
        0,
        0,
        0,
        0,
        0,
        0,
        0,
        0,
        0,
        0,
        0,
        0,
        0,
        0,
        0,
        0,
        0,
        0,
        0,
        0,
        0,
        0,
        0,
        0,
        0,
        0,
        0,
        0,
        0,
        0,
        0,
        0,
        0,
        0,
        0,
        0,
        0,
        0,
        0,
        0,
        0,
        0,
        0,
        0,
        0,
        0,
        0,
        0,
        0,
        0,
        0,
        0,
        0,
        0,
        0,
        0,
        0,
        0,
        0,
        0,
        0,
        0,
        0,
        0,
        0,
        0,
        0,
        0,
        0,
        0,
        0,
        0,
        0,
        0,
        0,
        0,
        0,
        0,
        0,
        0,
        0,
        0,
        0,
        0,
        0,
        0,
        0,
        0,
        0,
        0,
        0,
        0,
        0,
        0,
        0,
        0,
        0,
        0,
        0,
        0,
        0,
        0,
        0,
        0,
        0,
        0,
        0,
        0,
        0,
        0,
        0,
        0,
        0,
        0,
        0,
        0,
        0,
        0,
        0,
        0,
        0,
        0,
        0,
        0,
        0,
        0,
        0,
        0
    ],
    "creation_values": [
        0.9949437955891559,
        0.9949437955891559,
        0.9949437955891559,
        0.9949437955891559,
        0.9949437955891559,
        0.9949437955891559,
        0.9949437955891559,
        0.9949437955891559,
        0.9949437955891559,
        0.9949437955891559,
        0.9949437955891559,
        0.9949437955891559,
        0.9949437955891559,
        0.9949437955891559,
        0.9949437955891559,
        0.9949437955891559,
        0.9949437955891559,
        0.9949437955891559,
        0.9949437955891559,
        0.9949437955891559,
        0.9949437955891559,
        0.9949437955891559,
        0.9949437955891559,
        0.9949437955891559,
        0.9949437955891559,
        0.9949437955891559,
        0.9949437955891559,
        0.9949437955891559,
        0.9949437955891559,
        0.9949437955891559,
        0.9949437955891559,
        0.9949437955891559,
        0.9949437955891559,
        0.9949437955891559,
        0.9949437955891559,
        0.9949437955891559,
        0.9949437955891559,
        0.9949437955891559,
        0.9949437955891559,
        0.9949437955891559,
        0.9949437955891559,
        0.9949437955891559,
        0.9949437955891559,
        0.9949437955891559,
        0.9949437955891559,
        0.9949437955891559,
        0.9949437955891559,
        0.9949437955891559,
        0.9949437955891559,
        0.9949437955891559,
        0.9949437955891559,
        0.9949437955891559,
        0.9949437955891559,
        0.9949437955891559,
        0.9949437955891559,
        0.9949437955891559,
        0.9949437955891559,
        0.9949437955891559,
        0.9949437955891559,
        0.9949437955891559,
        0.9949437955891559,
        0.9949437955891559,
        0.9949437955891559,
        0.9949437955891559,
        0.9949437955891559,
        0.9949437955891559,
        0.9949437955891559,
        0.9949437955891559,
        0.9949437955891559,
        0.9949437955891559,
        0.9949437955891559,
        0.9949437955891559,
        0.9949437955891559,
        0.9949437955891559,
        0.9949437955891559,
        0.9949437955891559,
        0.9949437955891559,
        0.9949437955891559,
        0.9949437955891559,
        0.9949437955891559,
        0.9949437955891559,
        0.9949437955891559,
        0.9949437955891559,
        0.9949437955891559,
        0.9949437955891559,
        0.9949437955891559,
        0.9949437955891559,
        0.9949437955891559,
        0.9949437955891559,
        0.9949437955891559,
        0.9949437955891559,
        0.9949437955891559,
        0.9949437955891559,
        0.9949437955891559,
        0.9949437955891559,
        0.9949437955891559,
        0.9949437955891559,
        0.9949437955891559,
        0.9949437955891559,
        0.9949437955891559,
        0.9949437955891559,
        0.9949437955891559,
        0.9949437955891559,
        0.9949437955891559,
        0.9949437955891559,
        0.9949437955891559,
        0.9949437955891559,
        0.9949437955891559,
        0.9949437955891559,
        0.9949437955891559,
        0.9949437955891559,
        0.9949437955891559,
        0.9949437955891559,
        0.9949437955891559,
        0.9949437955891559,
        0.9949437955891559,
        0.9949437955891559,
        0.9949437955891559,
        0.9949437955891559,
        0.9949437955891559,
        0.9949437955891559,
        0.9949437955891559,
        0.9949437955891559,
        0.9949437955891559,
        0.9949437955891559,
        0.9949437955891559,
        0.9949437955891559,
        0.9949437955891559,
        0.9949437955891559,
        0.9949437955891559,
        0.9949437955891559,
        0.9949437955891559,
        0.9949437955891559,
        0.9949437955891559,
        0.9949437955891559,
        0.9949437955891559,
        0.9949437955891559,
        0.9949437955891559,
        0.9949437955891559,
        0.9949437955891559,
        0.9949437955891559,
        0.9949437955891559,
        0.9949437955891559,
        0.9949437955891559,
        0.9949437955891559,
        0.9949437955891559,
        0.9949437955891559,
        0.9949437955891559,
        0.9949437955891559,
        0.9949437955891559,
        0.9949437955891559,
        0.9949437955891559,
        0.9949437955891559,
        0.9949437955891559,
        0.9949437955891559,
        0.9949437955891559,
        0.9949437955891559,
        0.9949437955891559,
        0.9949437955891559,
        0.9949437955891559,
        0.9949437955891559,
        0.9949437955891559,
        0.9949437955891559,
        0.9949437955891559,
        0.9949437955891559,
        0.9949437955891559,
        0.9949437955891559,
        0.9949437955891559
    ],