{
    "dimensions": [
        0,
        0,
        0,
        0,
        0,
        0,
        0,
        0,
        0,
        0,
        0,
        0,
        0,
        0,
        0,
        0,
        0,
        0,
        0,
        0,
        0,
        0,
        0,
        0,
        0,
        0,
        0,
        0,
        0,
        0,
        0,
        0,
        0,
        0,
        0,
        0,
        0,
        0,
        0,
        0,
        0,
        0,
        0,
        0,
        0,
        0,
        0,
        0,
        0,
        0,
        0,
        0,
        0,
        0,
        0,
        0,
        0,
        0,
        0,
        0,
        0,
        0,
        0,
        0,
        0,
        0,
        0,
        0,
        0,
        0,
        0,
        0,
        0,
        0,
        0,
        0,
        0,
        0,
        0,
        0,
        0,
        0,
        0,
        0,
        0,
        0,
        0,
        0,
        0,
        0,
        0,
        0,
        0,
        0,
        0,
        0,
        0,
        0,
        0,
        0,
        0,
        0,
        0,
        0,
        0,
        0,
        0,
        0,
        0,
        0,
        0,
        0,
        0,
        0,
        0,
        0,
        0,
        0,
        0,
        0,
        0,
        0,
        0,
        0,
        0,
        0,
        0,
        0,
        0,
        0,
        0,
        0,
        0,
        0,
        0,
        0,
        0,
        0,
        0,
        0,
        0,
        0,
        0,
        0,
        0,
        0,
        0,
        0,
        0,
        0,
        0,
        0,
        0,
        0,
        0,
        0,
        0,
        0,
        0,
        0,
        0,
        0,
        0,
        0,
        0,
        0,
        0,
        0
    ],
    "creation_values": [
        0.995346579066919,
        0.995346579066919,
        0.995346579066919,
        0.995346579066919,
        0.995346579066919,
        0.995346579066919,
        0.995346579066919,
        0.995346579066919,
        0.995346579066919,
        0.995346579066919,
        0.995346579066919,
        0.995346579066919,
        0.995346579066919,
        0.995346579066919,
        0.995346579066919,
        0.995346579066919,
        0.995346579066919,
        0.995346579066919,
        0.995346579066919,
        0.995346579066919,
        0.995346579066919,
        0.995346579066919,
        0.995346579066919,
        0.995346579066919,
        0.995346579066919,
        0.995346579066919,
        0.995346579066919,
        0.995346579066919,
        0.995346579066919,
        0.995346579066919,
        0.995346579066919,
        0.995346579066919,
        0.995346579066919,
        0.995346579066919,
        0.995346579066919,
        0.995346579066919,
        0.995346579066919,
        0.995346579066919,
        0.995346579066919,
        0.995346579066919,
        0.995346579066919,
        0.995346579066919,
        0.995346579066919,
        0.995346579066919,
        0.995346579066919,
        0.995346579066919,
        0.995346579066919,
        0.995346579066919,
        0.995346579066919,
        0.995346579066919,
        0.995346579066919,
        0.995346579066919,
        0.995346579066919,
        0.995346579066919,
        0.995346579066919,
        0.995346579066919,
        0.995346579066919,
        0.995346579066919,
        0.995346579066919,
        0.995346579066919,
        0.995346579066919,
        0.995346579066919,
        0.995346579066919,
        0.995346579066919,
        0.995346579066919,
        0.995346579066919,
        0.995346579066919,
        0.995346579066919,
        0.995346579066919,
        0.995346579066919,
        0.995346579066919,
        0.995346579066919,
        0.995346579066919,
        0.995346579066919,
        0.995346579066919,
        0.995346579066919,
        0.995346579066919,
        0.995346579066919,
        0.995346579066919,
        0.995346579066919,
        0.995346579066919,
        0.995346579066919,
        0.995346579066919,
        0.995346579066919,
        0.995346579066919,
        0.995346579066919,
        0.995346579066919,
        0.995346579066919,
        0.995346579066919,
        0.995346579066919,
        0.995346579066919,
        0.995346579066919,
        0.995346579066919,
        0.995346579066919,
        0.995346579066919,
        0.995346579066919,
        0.995346579066919,
        0.995346579066919,
        0.995346579066919,
        0.995346579066919,
        0.995346579066919,
        0.995346579066919,
        0.995346579066919,
        0.995346579066919,
        0.995346579066919,
        0.995346579066919,
        0.995346579066919,
        0.995346579066919,
        0.995346579066919,
        0.995346579066919,
        0.995346579066919,
        0.995346579066919,
        0.995346579066919,
        0.995346579066919,
        0.995346579066919,
        0.995346579066919,
        0.995346579066919,
        0.995346579066919,
        0.995346579066919,
        0.995346579066919,
        0.995346579066919,
        0.995346579066919,
        0.995346579066919,
        0.995346579066919,
        0.995346579066919,
        0.995346579066919,
        0.995346579066919,
        0.995346579066919,
        0.995346579066919,
        0.995346579066919,
        0.995346579066919,
        0.995346579066919,
        0.995346579066919,
        0.995346579066919,
        0.995346579066919,
        0.995346579066919,
        0.995346579066919,
        0.995346579066919,
        0.995346579066919,
        0.995346579066919,
        0.995346579066919,
        0.995346579066919,
        0.995346579066919,
        0.995346579066919,
        0.995346579066919,
        0.995346579066919,
        0.995346579066919,
        0.995346579066919,
        0.995346579066919,
        0.995346579066919,
        0.995346579066919,
        0.995346579066919,
        0.995346579066919,
        0.995346579066919,
        0.995346579066919,
        0.995346579066919,
        0.995346579066919,
        0.995346579066919,
        0.995346579066919,
        0.995346579066919,
        0.995346579066919,
        0.995346579066919,
        0.995346579066919,
        0.995346579066919,
        0.995346579066919,
        0.995346579066919,
        0.995346579066919,
        0.995346579066919
    ],