{
    "dimensions": [
        0,
        0,
        0,
        0,
        0,
        0,
        0,
        0,
        0,
        0,
        0,
        0,
        0,
        0,
        0,
        0,
        0,
        0,
        0,
        0,
        0,
        0,
        0,
        0,
        0,
        0,
        0,
        0,
        0,
        0,
        0,
        0,
        0,
        0,
        0,
        0,
        0,
        0,
        0,
        0,
        0,
        0,
        0,
        0,
        0,
        0,
        0,
        0,
        0,
        0,
        0,
        0,
        0,
        0,
        0,
        0,
        0,
        0,
        0,
        0,
        0,
        0,
        0,
        0,
        0,
        0,
        0,
        0,
        0,
        0,
        0,
        0,
        0,
        0,
        0,
        0,
        0,
        0,
        0,
        0,
        0,
        0,
        0,
        0,
        0,
        0,
        0,
        0,
        0,
        0,
        0,
        0,
        0,
        0,
        0,
        0,
        0,
        0,
        0,
        0,
        0,
        0,
        0,
        0,
        0,
        0,
        0,
        0,
        0,
        0,
        0,
        0,
        0,
        0,
        0,
        0,
        0,
        0,
        0,
        0,
        0,
        0,
        0,
        0,
        0,
        0,
        0,
        0,
        0,
        0,
        0,
        0,
        0,
        0,
        0,
        0,
        0,
        0,
        0,
        0,
        0,
        0,
        0,
        0,
        0,
        0,
        0,
        0,
        0,
        0,
        0,
        0,
        0,
        0,
        0,
        0,
        0,
        0,
        0,
        0,
        0,
        0,
        0,
        0,
        0,
        0,
        0,
        0
    ],
    "creation_values": [
        0.986115204205752,
        0.986115204205752,
        0.986115204205752,
        0.986115204205752,
        0.986115204205752,
        0.986115204205752,
        0.986115204205752,
        0.986115204205752,
        0.986115204205752,
        0.986115204205752,
        0.986115204205752,
        0.986115204205752,
        0.986115204205752,
        0.986115204205752,
        0.986115204205752,
        0.986115204205752,
        0.986115204205752,
        0.986115204205752,
        0.986115204205752,
        0.986115204205752,
        0.986115204205752,
        0.986115204205752,
        0.986115204205752,
        0.986115204205752,
        0.986115204205752,
        0.986115204205752,
        0.986115204205752,
        0.986115204205752,
        0.986115204205752,
        0.986115204205752,
        0.986115204205752,
        0.986115204205752,
        0.986115204205752,
        0.986115204205752,
        0.986115204205752,
        0.986115204205752,
        0.986115204205752,
        0.986115204205752,
        0.986115204205752,
        0.986115204205752,
        0.986115204205752,
        0.986115204205752,
        0.986115204205752,
        0.986115204205752,
        0.986115204205752,
        0.986115204205752,
        0.986115204205752,
        0.986115204205752,
        0.986115204205752,
        0.986115204205752,
        0.986115204205752,
        0.986115204205752,
        0.986115204205752,
        0.986115204205752,
        0.986115204205752,
        0.986115204205752,
        0.986115204205752,
        0.986115204205752,
        0.986115204205752,
        0.986115204205752,
        0.986115204205752,
        0.986115204205752,
        0.986115204205752,
        0.986115204205752,
        0.986115204205752,
        0.986115204205752,
        0.986115204205752,
        0.986115204205752,
        0.986115204205752,
        0.986115204205752,
        0.986115204205752,
        0.986115204205752,
        0.986115204205752,
        0.986115204205752,
        0.986115204205752,
        0.986115204205752,
        0.986115204205752,
        0.986115204205752,
        0.986115204205752,
        0.986115204205752,
        0.986115204205752,
        0.986115204205752,
        0.986115204205752,
        0.986115204205752,
        0.986115204205752,
        0.986115204205752,
        0.986115204205752,
        0.986115204205752,
        0.986115204205752,
        0.986115204205752,
        0.986115204205752,
        0.986115204205752,
        0.986115204205752,
        0.986115204205752,
        0.986115204205752,
        0.986115204205752,
        0.986115204205752,
        0.986115204205752,
        0.986115204205752,
        0.986115204205752,
        0.986115204205752,
        0.986115204205752,
        0.986115204205752,
        0.986115204205752,
        0.986115204205752,
        0.986115204205752,
        0.986115204205752,
        0.986115204205752,
        0.986115204205752,
        0.986115204205752,
        0.986115204205752,
        0.986115204205752,
        0.986115204205752,
        0.986115204205752,
        0.986115204205752,
        0.986115204205752,
        0.986115204205752,
        0.986115204205752,
        0.986115204205752,
        0.986115204205752,
        0.986115204205752,
        0.986115204205752,
        0.986115204205752,
        0.986115204205752,
        0.986115204205752,
        0.986115204205752,
        0.986115204205752,
        0.986115204205752,
        0.986115204205752,
        0.986115204205752,
        0.986115204205752,
        0.986115204205752,
        0.986115204205752,
        0.986115204205752,
        0.986115204205752,
        0.986115204205752,
        0.986115204205752,
        0.986115204205752,
        0.986115204205752,
        0.986115204205752,
        0.986115204205752,
        0.986115204205752,
        0.986115204205752,
        0.986115204205752,
        0.986115204205752,
        0.986115204205752,
        0.986115204205752,
        0.986115204205752,
        0.986115204205752,
        0.986115204205752,
        0.986115204205752,
        0.986115204205752,
        0.986115204205752,
        0.986115204205752,
        0.986115204205752,
        0.986115204205752,
        0.986115204205752,
        0.986115204205752,
        0.986115204205752,
        0.986115204205752,
        0.986115204205752,
        0.986115204205752,
        0.986115204205752,
        0.986115204205752,
        0.986115204205752,
        0.986115204205752,
        0.986115204205752,
        0.986115204205752
    ],