{
    "dimensions": [
        0,
        0,
        0,
        0,
        0,
        0,
        0,
        0,
        0,
        0,
        0,
        0,
        0,
        0,
        0,
        0,
        0,
        0,
        0,
        0,
        0,
        0,
        0,
        0,
        0,
        0,
        0,
        0,
        0,
        0,
        0,
        0,
        0,
        0,
        0,
        0,
        0,
        0,
        0,
        0,
        0,
        0,
        0,
        0,
        0,
        0,
        0,
        0,
        0,
        0,
        0,
        0,
        0,
        0,
        0,
        0,
        0,
        0,
        0,
        0,
        0,
        0,
        0,
        0,
        0,
        0,
        0,
        0,
        0,
        0,
        0,
        0,
        0,
        0,
        0,
        0,
        0,
        0,
        0,
        0,
        0,
        0,
        0,
        0,
        0,
        0,
        0,
        0,
        0,
        0,
        0,
        0,
        0,
        0,
        0,
        0,
        0,
        0,
        0,
        0,
        0,
        0,
        0,
        0,
        0,
        0,
        0,
        0,
        0,
        0,
        0,
        0,
        0,
        0,
        0,
        0,
        0,
        0,
        0,
        0,
        0,
        0,
        0,
        0,
        0,
        0,
        0,
        0,
        0,
        0,
        0,
        0,
        0,
        0,
        0,
        0,
        0,
        0,
        0,
        0,
        0,
        0,
        0,
        0,
        0,
        0,
        0,
        0,
        0,
        0,
        0,
        0,
        0,
        0,
        0,
        0,
        0,
        0,
        0,
        0,
        0,
        0,
        0,
        0,
        0,
        0,
        0,
        0
    ],
    "creation_values": [
        0.9943615183223755,
        0.9943615183223755,
        0.9943615183223755,
        0.9943615183223755,
        0.9943615183223755,
        0.9943615183223755,
        0.9943615183223755,
        0.9943615183223755,
        0.9943615183223755,
        0.9943615183223755,
        0.9943615183223755,
        0.9943615183223755,
        0.9943615183223755,
        0.9943615183223755,
        0.9943615183223755,
        0.9943615183223755,
        0.9943615183223755,
        0.9943615183223755,
        0.9943615183223755,
        0.9943615183223755,
        0.9943615183223755,
        0.9943615183223755,
        0.9943615183223755,
        0.9943615183223755,
        0.9943615183223755,
        0.9943615183223755,
        0.9943615183223755,
        0.9943615183223755,
        0.9943615183223755,
        0.9943615183223755,
        0.9943615183223755,
        0.9943615183223755,
        0.9943615183223755,
        0.9943615183223755,
        0.9943615183223755,
        0.9943615183223755,
        0.9943615183223755,
        0.9943615183223755,
        0.9943615183223755,
        0.9943615183223755,
        0.9943615183223755,
        0.9943615183223755,
        0.9943615183223755,
        0.9943615183223755,
        0.9943615183223755,
        0.9943615183223755,
        0.9943615183223755,
        0.9943615183223755,
        0.9943615183223755,
        0.9943615183223755,
        0.9943615183223755,
        0.9943615183223755,
        0.9943615183223755,
        0.9943615183223755,
        0.9943615183223755,
        0.9943615183223755,
        0.9943615183223755,
        0.9943615183223755,
        0.9943615183223755,
        0.9943615183223755,
        0.9943615183223755,
        0.9943615183223755,
        0.9943615183223755,
        0.9943615183223755,
        0.9943615183223755,
        0.9943615183223755,
        0.9943615183223755,
        0.9943615183223755,
        0.9943615183223755,
        0.9943615183223755,
        0.9943615183223755,
        0.9943615183223755,
        0.9943615183223755,
        0.9943615183223755,
        0.9943615183223755,
        0.9943615183223755,
        0.9943615183223755,
        0.9943615183223755,
        0.9943615183223755,
        0.9943615183223755,
        0.9943615183223755,
        0.9943615183223755,
        0.9943615183223755,
        0.9943615183223755,
        0.9943615183223755,
        0.9943615183223755,
        0.9943615183223755,
        0.9943615183223755,
        0.9943615183223755,
        0.9943615183223755,
        0.9943615183223755,
        0.9943615183223755,
        0.9943615183223755,
        0.9943615183223755,
        0.9943615183223755,
        0.9943615183223755,
        0.9943615183223755,
        0.9943615183223755,
        0.9943615183223755,
        0.9943615183223755,
        0.9943615183223755,
        0.9943615183223755,
        0.9943615183223755,
        0.9943615183223755,
        0.9943615183223755,
        0.9943615183223755,
        0.9943615183223755,
        0.9943615183223755,
        0.9943615183223755,
        0.9943615183223755,
        0.9943615183223755,
        0.9943615183223755,
        0.9943615183223755,
        0.9943615183223755,
        0.9943615183223755,
        0.9943615183223755,
        0.9943615183223755,
        0.9943615183223755,
        0.9943615183223755,
        0.9943615183223755,
        0.9943615183223755,
        0.9943615183223755,
        0.9943615183223755,
        0.9943615183223755,
        0.9943615183223755,
        0.9943615183223755,
        0.9943615183223755,
        0.9943615183223755,
        0.9943615183223755,
        0.9943615183223755,
        0.9943615183223755,
        0.9943615183223755,
        0.9943615183223755,
        0.9943615183223755,
        0.9943615183223755,
        0.9943615183223755,
        0.9943615183223755,
        0.9943615183223755,
        0.9943615183223755,
        0.9943615183223755,
        0.9943615183223755,
        0.9943615183223755,
        0.9943615183223755,
        0.9943615183223755,
        0.9943615183223755,
        0.9943615183223755,
        0.9943615183223755,
        0.9943615183223755,
        0.9943615183223755,
        0.9943615183223755,
        0.9943615183223755,
        0.9943615183223755,
        0.9943615183223755,
        0.9943615183223755,
        0.9943615183223755,
        0.9943615183223755,
        0.9943615183223755,
        0.9943615183223755,
        0.9943615183223755,
        0.9943615183223755,
        0.9943615183223755,
        0.9943615183223755,
        0.9943615183223755,
        0.9943615183223755,
        0.9943615183223755,
        0.9943615183223755,
        0.9943615183223755,
        0.9943615183223755
    ],