{
    "dimensions": [
        0,
        0,
        0,
        0,
        0,
        0,
        0,
        0,
        0,
        0,
        0,
        0,
        0,
        0,
        0,
        0,
        0,
        0,
        0,
        0,
        0,
        0,
        0,
        0,
        0,
        0,
        0,
        0,
        0,
        0,
        0,
        0,
        0,
        0,
        0,
        0,
        0,
        0,
        0,
        0,
        0,
        0,
        0,
        0,
        0,
        0,
        0,
        0,
        0,
        0,
        0,
        0,
        0,
        0,
        0,
        0,
        0,
        0,
        0,
        0,
        0,
        0,
        0,
        0,
        0,
        0,
        0,
        0,
        0,
        0,
        0,
        0,
        0,
        0,
        0,
        0,
        0,
        0,
        0,
        0,
        0,
        0,
        0,
        0,
        0,
        0,
        0,
        0,
        0,
        0,
        0,
        0,
        0,
        0,
        0,
        0,
        0,
        0,
        0,
        0,
        0,
        0,
        0,
        0,
        0,
        0,
        0,
        0,
        0,
        0,
        0,
        0,
        0,
        0,
        0,
        0,
        0,
        0,
        0,
        0,
        0,
        0,
        0,
        0,
        0,
        0,
        0,
        0,
        0,
        0,
        0,
        0,
        0,
        0,
        0,
        0,
        0,
        0,
        0,
        0,
        0,
        0,
        0,
        0,
        0,
        0,
        0,
        0,
        0,
        0,
        0,
        0,
        0,
        0,
        0,
        0,
        0,
        0,
        0,
        0,
        0,
        0,
        0,
        0,
        0,
        0,
        0,
        0
    ],
    "creation_values": [
        0.9903902197816663,
        0.9903902197816663,
        0.9903902197816663,
        0.9903902197816663,
        0.9903902197816663,
        0.9903902197816663,
        0.9903902197816663,
        0.9903902197816663,
        0.9903902197816663,
        0.9903902197816663,
        0.9903902197816663,
        0.9903902197816663,
        0.9903902197816663,
        0.9903902197816663,
        0.9903902197816663,
        0.9903902197816663,
        0.9903902197816663,
        0.9903902197816663,
        0.9903902197816663,
        0.9903902197816663,
        0.9903902197816663,
        0.9903902197816663,
        0.9903902197816663,
        0.9903902197816663,
        0.9903902197816663,
        0.9903902197816663,
        0.9903902197816663,
        0.9903902197816663,
        0.9903902197816663,
        0.9903902197816663,
        0.9903902197816663,
        0.9903902197816663,
        0.9903902197816663,
        0.9903902197816663,
        0.9903902197816663,
        0.9903902197816663,
        0.9903902197816663,
        0.9903902197816663,
        0.9903902197816663,
        0.9903902197816663,
        0.9903902197816663,
        0.9903902197816663,
        0.9903902197816663,
        0.9903902197816663,
        0.9903902197816663,
        0.9903902197816663,
        0.9903902197816663,
        0.9903902197816663,
        0.9903902197816663,
        0.9903902197816663,
        0.9903902197816663,
        0.9903902197816663,
        0.9903902197816663,
        0.9903902197816663,
        0.9903902197816663,
        0.9903902197816663,
        0.9903902197816663,
        0.9903902197816663,
        0.9903902197816663,
        0.9903902197816663,
        0.9903902197816663,
        0.9903902197816663,
        0.9903902197816663,
        0.9903902197816663,
        0.9903902197816663,
        0.9903902197816663,
        0.9903902197816663,
        0.9903902197816663,
        0.9903902197816663,
        0.9903902197816663,
        0.9903902197816663,
        0.9903902197816663,
        0.9903902197816663,
        0.9903902197816663,
        0.9903902197816663,
        0.9903902197816663,
        0.9903902197816663,
        0.9903902197816663,
        0.9903902197816663,
        0.9903902197816663,
        0.9903902197816663,
        0.9903902197816663,
        0.9903902197816663,
        0.9903902197816663,
        0.9903902197816663,
        0.9903902197816663,
        0.9903902197816663,
        0.9903902197816663,
        0.9903902197816663,
        0.9903902197816663,
        0.9903902197816663,
        0.9903902197816663,
        0.9903902197816663,
        0.9903902197816663,
        0.9903902197816663,
        0.9903902197816663,
        0.9903902197816663,
        0.9903902197816663,
        0.9903902197816663,
        0.9903902197816663,
        0.9903902197816663,
        0.9903902197816663,
        0.9903902197816663,
        0.9903902197816663,
        0.9903902197816663,
        0.9903902197816663,
        0.9903902197816663,
        0.9903902197816663,
        0.9903902197816663,
        0.9903902197816663,
        0.9903902197816663,
        0.9903902197816663,
        0.9903902197816663,
        0.9903902197816663,
        0.9903902197816663,
        0.9903902197816663,
        0.9903902197816663,
        0.9903902197816663,
        0.9903902197816663,
        0.9903902197816663,
        0.9903902197816663,
        0.9903902197816663,
        0.9903902197816663,
        0.9903902197816663,
        0.9903902197816663,
        0.9903902197816663,
        0.9903902197816663,
        0.9903902197816663,
        0.9903902197816663,
        0.9903902197816663,
        0.9903902197816663,
        0.9903902197816663,
        0.9903902197816663,
        0.9903902197816663,
        0.9903902197816663,
        0.9903902197816663,
        0.9903902197816663,
        0.9903902197816663,
        0.9903902197816663,
        0.9903902197816663,
        0.9903902197816663,
        0.9903902197816663,
        0.9903902197816663,
        0.9903902197816663,
        0.9903902197816663,
        0.9903902197816663,
        0.9903902197816663,
        0.9903902197816663,
        0.9903902197816663,
        0.9903902197816663,
        0.9903902197816663,
        0.9903902197816663,
        0.9903902197816663,
        0.9903902197816663,
        0.9903902197816663,
        0.9903902197816663,
        0.9903902197816663,
        0.9903902197816663,
        0.9903902197816663,
        0.9903902197816663,
        0.9903902197816663,
        0.9903902197816663,
        0.9903902197816663,
        0.9903902197816663,
        0.9903902197816663,
        0.9903902197816663,
        0.9903902197816663,
        0.9903902197816663
    ],