{
    "dimensions": [
        0,
        0,
        0,
        0,
        0,
        0,
        0,
        0,
        0,
        0,
        0,
        0,
        0,
        0,
        0,
        0,
        0,
        0,
        0,
        0,
        0,
        0,
        0,
        0,
        0,
        0,
        0,
        0,
        0,
        0,
        0,
        0,
        0,
        0,
        0,
        0,
        0,
        0,
        0,
        0,
        0,
        0,
        0,
        0,
        0,
        0,
        0,
        0,
        0,
        0,
        0,
        0,
        0,
        0,
        0,
        0,
        0,
        0,
        0,
        0,
        0,
        0,
        0,
        0,
        0,
        0,
        0,
        0,
        0,
        0,
        0,
        0,
        0,
        0,
        0,
        0,
        0,
        0,
        0,
        0,
        0,
        0,
        0,
        0,
        0,
        0,
        0,
        0,
        0,
        0,
        0,
        0,
        0,
        0,
        0,
        0,
        0,
        0,
        0,
        0,
        0,
        0,
        0,
        0,
        0,
        0,
        0,
        0,
        0,
        0,
        0,
        0,
        0,
        0,
        0,
        0,
        0,
        0,
        0,
        0,
        0,
        0,
        0,
        0,
        0,
        0,
        0,
        0,
        0,
        0,
        0,
        0,
        0,
        0,
        0,
        0,
        0,
        0,
        0,
        0,
        0,
        0,
        0,
        0,
        0,
        0,
        0,
        0,
        0,
        0,
        0,
        0,
        0,
        0,
        0,
        0,
        0,
        0,
        0,
        0,
        0,
        0,
        0,
        0,
        0,
        0,
        0,
        0
    ],
    "creation_values": [
        0.9678896663322162,
        0.9678896663322162,
        0.9678896663322162,
        0.9678896663322162,
        0.9678896663322162,
        0.9678896663322162,
        0.9678896663322162,
        0.9678896663322162,
        0.9678896663322162,
        0.9678896663322162,
        0.9678896663322162,
        0.9678896663322162,
        0.9678896663322162,
        0.9678896663322162,
        0.9678896663322162,
        0.9678896663322162,
        0.9678896663322162,
        0.9678896663322162,
        0.9678896663322162,
        0.9678896663322162,
        0.9678896663322162,
        0.9678896663322162,
        0.9678896663322162,
        0.9678896663322162,
        0.9678896663322162,
        0.9678896663322162,
        0.9678896663322162,
        0.9678896663322162,
        0.9678896663322162,
        0.9678896663322162,
        0.9678896663322162,
        0.9678896663322162,
        0.9678896663322162,
        0.9678896663322162,
        0.9678896663322162,
        0.9678896663322162,
        0.9678896663322162,
        0.9678896663322162,
        0.9678896663322162,
        0.9678896663322162,
        0.9678896663322162,
        0.9678896663322162,
        0.9678896663322162,
        0.9678896663322162,
        0.9678896663322162,
        0.9678896663322162,
        0.9678896663322162,
        0.9678896663322162,
        0.9678896663322162,
        0.9678896663322162,
        0.9678896663322162,
        0.9678896663322162,
        0.9678896663322162,
        0.9678896663322162,
        0.9678896663322162,
        0.9678896663322162,
        0.9678896663322162,
        0.9678896663322162,
        0.9678896663322162,
        0.9678896663322162,
        0.9678896663322162,
        0.9678896663322162,
        0.9678896663322162,
        0.9678896663322162,
        0.9678896663322162,
        0.9678896663322162,
        0.9678896663322162,
        0.9678896663322162,
        0.9678896663322162,
        0.9678896663322162,
        0.9678896663322162,
        0.9678896663322162,
        0.9678896663322162,
        0.9678896663322162,
        0.9678896663322162,
        0.9678896663322162,
        0.9678896663322162,
        0.9678896663322162,
        0.9678896663322162,
        0.9678896663322162,
        0.9678896663322162,
        0.9678896663322162,
        0.9678896663322162,
        0.9678896663322162,
        0.9678896663322162,
        0.9678896663322162,
        0.9678896663322162,
        0.9678896663322162,
        0.9678896663322162,
        0.9678896663322162,
        0.9678896663322162,
        0.9678896663322162,
        0.9678896663322162,
        0.9678896663322162,
        0.9678896663322162,
        0.9678896663322162,
        0.9678896663322162,
        0.9678896663322162,
        0.9678896663322162,
        0.9678896663322162,
        0.9678896663322162,
        0.9678896663322162,
        0.9678896663322162,
        0.9678896663322162,
        0.9678896663322162,
        0.9678896663322162,
        0.9678896663322162,
        0.9678896663322162,
        0.9678896663322162,
        0.9678896663322162,
        0.9678896663322162,
        0.9678896663322162,
        0.9678896663322162,
        0.9678896663322162,
        0.9678896663322162,
        0.9678896663322162,
        0.9678896663322162,
        0.9678896663322162,
        0.9678896663322162,
        0.9678896663322162,
        0.9678896663322162,
        0.9678896663322162,
        0.9678896663322162,
        0.9678896663322162,
        0.9678896663322162,
        0.9678896663322162,
        0.9678896663322162,
        0.9678896663322162,
        0.9678896663322162,
        0.9678896663322162,
        0.9678896663322162,
        0.9678896663322162,
        0.9678896663322162,
        0.9678896663322162,
        0.9678896663322162,
        0.9678896663322162,
        0.9678896663322162,
        0.9678896663322162,
        0.9678896663322162,
        0.9678896663322162,
        0.9678896663322162,
        0.9678896663322162,
        0.9678896663322162,
        0.9678896663322162,
        0.9678896663322162,
        0.9678896663322162,
        0.9678896663322162,
        0.9678896663322162,
        0.9678896663322162,
        0.9678896663322162,
        0.9678896663322162,
        0.9678896663322162,
        0.9678896663322162,
        0.9678896663322162,
        0.9678896663322162,
        0.9678896663322162,
        0.9678896663322162,
        0.9678896663322162,
        0.9678896663322162,
        0.9678896663322162,
        0.9678896663322162,
        0.9678896663322162,
        0.9678896663322162,
        0.9678896663322162,
        0.9678896663322162,
        0.9678896663322162,
        0.9678896663322162,
        0.9678896663322162
    ],