{
    "dimensions": [
        0,
        0,
        0,
        0,
        0,
        0,
        0,
        0,
        0,
        0,
        0,
        0,
        0,
        0,
        0,
        0,
        0,
        0,
        0,
        0,
        0,
        0,
        0,
        0,
        0,
        0,
        0,
        0,
        0,
        0,
        0,
        0,
        0,
        0,
        0,
        0,
        0,
        0,
        0,
        0,
        0,
        0,
        0,
        0,
        0,
        0,
        0,
        0,
        0,
        0,
        0,
        0,
        0,
        0,
        0,
        0,
        0,
        0,
        0,
        0,
        0,
        0,
        0,
        0,
        0,
        0,
        0,
        0,
        0,
        0,
        0,
        0,
        0,
        0,
        0,
        0,
        0,
        0,
        0,
        0,
        0,
        0,
        0,
        0,
        0,
        0,
        0,
        0,
        0,
        0,
        0,
        0,
        0,
        0,
        0,
        0,
        0,
        0,
        0,
        0,
        0,
        0,
        0,
        0,
        0,
        0,
        0,
        0,
        0,
        0,
        0,
        0,
        0,
        0,
        0,
        0,
        0,
        0,
        0,
        0,
        0,
        0,
        0,
        0,
        0,
        0,
        0,
        0,
        0,
        0,
        0,
        0,
        0,
        0,
        0,
        0,
        0,
        0,
        0,
        0,
        0,
        0,
        0,
        0,
        0,
        0,
        0,
        0,
        0,
        0,
        0,
        0,
        0,
        0,
        0,
        0,
        0,
        0,
        0,
        0,
        0,
        0,
        0,
        0,
        0,
        0,
        0,
        0
    ],
    "creation_values": [
        0.9822975163120322,
        0.9822975163120322,
        0.9822975163120322,
        0.9822975163120322,
        0.9822975163120322,
        0.9822975163120322,
        0.9822975163120322,
        0.9822975163120322,
        0.9822975163120322,
        0.9822975163120322,
        0.9822975163120322,
        0.9822975163120322,
        0.9822975163120322,
        0.9822975163120322,
        0.9822975163120322,
        0.9822975163120322,
        0.9822975163120322,
        0.9822975163120322,
        0.9822975163120322,
        0.9822975163120322,
        0.9822975163120322,
        0.9822975163120322,
        0.9822975163120322,
        0.9822975163120322,
        0.9822975163120322,
        0.9822975163120322,
        0.9822975163120322,
        0.9822975163120322,
        0.9822975163120322,
        0.9822975163120322,
        0.9822975163120322,
        0.9822975163120322,
        0.9822975163120322,
        0.9822975163120322,
        0.9822975163120322,
        0.9822975163120322,
        0.9822975163120322,
        0.9822975163120322,
        0.9822975163120322,
        0.9822975163120322,
        0.9822975163120322,
        0.9822975163120322,
        0.9822975163120322,
        0.9822975163120322,
        0.9822975163120322,
        0.9822975163120322,
        0.9822975163120322,
        0.9822975163120322,
        0.9822975163120322,
        0.9822975163120322,
        0.9822975163120322,
        0.9822975163120322,
        0.9822975163120322,
        0.9822975163120322,
        0.9822975163120322,
        0.9822975163120322,
        0.9822975163120322,
        0.9822975163120322,
        0.9822975163120322,
        0.9822975163120322,
        0.9822975163120322,
        0.9822975163120322,
        0.9822975163120322,
        0.9822975163120322,
        0.9822975163120322,
        0.9822975163120322,
        0.9822975163120322,
        0.9822975163120322,
        0.9822975163120322,
        0.9822975163120322,
        0.9822975163120322,
        0.9822975163120322,
        0.9822975163120322,
        0.9822975163120322,
        0.9822975163120322,
        0.9822975163120322,
        0.9822975163120322,
        0.9822975163120322,
        0.9822975163120322,
        0.9822975163120322,
        0.9822975163120322,
        0.9822975163120322,
        0.9822975163120322,
        0.9822975163120322,
        0.9822975163120322,
        0.9822975163120322,
        0.9822975163120322,
        0.9822975163120322,
        0.9822975163120322,
        0.9822975163120322,
        0.9822975163120322,
        0.9822975163120322,
        0.9822975163120322,
        0.9822975163120322,
        0.9822975163120322,
        0.9822975163120322,
        0.9822975163120322,
        0.9822975163120322,
        0.9822975163120322,
        0.9822975163120322,
        0.9822975163120322,
        0.9822975163120322,
        0.9822975163120322,
        0.9822975163120322,
        0.9822975163120322,
        0.9822975163120322,
        0.9822975163120322,
        0.9822975163120322,
        0.9822975163120322,
        0.9822975163120322,
        0.9822975163120322,
        0.9822975163120322,
        0.9822975163120322,
        0.9822975163120322,
        0.9822975163120322,
        0.9822975163120322,
        0.9822975163120322,
        0.9822975163120322,
        0.9822975163120322,
        0.9822975163120322,
        0.9822975163120322,
        0.9822975163120322,
        0.9822975163120322,
        0.9822975163120322,
        0.9822975163120322,
        0.9822975163120322,
        0.9822975163120322,
        0.9822975163120322,
        0.9822975163120322,
        0.9822975163120322,
        0.9822975163120322,
        0.9822975163120322,
        0.9822975163120322,
        0.9822975163120322,
        0.9822975163120322,
        0.9822975163120322,
        0.9822975163120322,
        0.9822975163120322,
        0.9822975163120322,
        0.9822975163120322,
        0.9822975163120322,
        0.9822975163120322,
        0.9822975163120322,
        0.9822975163120322,
        0.9822975163120322,
        0.9822975163120322,
        0.9822975163120322,
        0.9822975163120322,
        0.9822975163120322,
        0.9822975163120322,
        0.9822975163120322,
        0.9822975163120322,
        0.9822975163120322,
        0.9822975163120322,
        0.9822975163120322,
        0.9822975163120322,
        0.9822975163120322,
        0.9822975163120322,
        0.9822975163120322,
        0.9822975163120322,
        0.9822975163120322,
        0.9822975163120322,
        0.9822975163120322,
        0.9822975163120322,
        0.9822975163120322,
        0.9822975163120322,
        0.9822975163120322,
        0.9822975163120322
    ],