{
    "dimensions": [
        0,
        0,
        0,
        0,
        0,
        0,
        0,
        0,
        0,
        0,
        0,
        0,
        0,
        0,
        0,
        0,
        0,
        0,
        0,
        0,
        0,
        0,
        0,
        0,
        0,
        0,
        0,
        0,
        0,
        0,
        0,
        0,
        0,
        0,
        0,
        0,
        0,
        0,
        0,
        0,
        0,
        0,
        0,
        0,
        0,
        0,
        0,
        0,
        0,
        0,
        0,
        0,
        0,
        0,
        0,
        0,
        0,
        0,
        0,
        0,
        0,
        0,
        0,
        0,
        0,
        0,
        0,
        0,
        0,
        0,
        0,
        0,
        0,
        0,
        0,
        0,
        0,
        0,
        0,
        0,
        0,
        0,
        0,
        0,
        0,
        0,
        0,
        0,
        0,
        0,
        0,
        0,
        0,
        0,
        0,
        0,
        0,
        0,
        0,
        0,
        0,
        0,
        0,
        0,
        0,
        0,
        0,
        0,
        0,
        0,
        0,
        0,
        0,
        0,
        0,
        0,
        0,
        0,
        0,
        0,
        0,
        0,
        0,
        0,
        0,
        0,
        0,
        0,
        0,
        0,
        0,
        0,
        0,
        0,
        0,
        0,
        0,
        0,
        0,
        0,
        0,
        0,
        0,
        0,
        0,
        0,
        0,
        0,
        0,
        0,
        0,
        0,
        0,
        0,
        0,
        0,
        0,
        0,
        0,
        0,
        0,
        0,
        0,
        0,
        0,
        0,
        0,
        0
    ],
    "creation_values": [
        0.9953539590066321,
        0.9953539590066321,
        0.9953539590066321,
        0.9953539590066321,
        0.9953539590066321,
        0.9953539590066321,
        0.9953539590066321,
        0.9953539590066321,
        0.9953539590066321,
        0.9953539590066321,
        0.9953539590066321,
        0.9953539590066321,
        0.9953539590066321,
        0.9953539590066321,
        0.9953539590066321,
        0.9953539590066321,
        0.9953539590066321,
        0.9953539590066321,
        0.9953539590066321,
        0.9953539590066321,
        0.9953539590066321,
        0.9953539590066321,
        0.9953539590066321,
        0.9953539590066321,
        0.9953539590066321,
        0.9953539590066321,
        0.9953539590066321,
        0.9953539590066321,
        0.9953539590066321,
        0.9953539590066321,
        0.9953539590066321,
        0.9953539590066321,
        0.9953539590066321,
        0.9953539590066321,
        0.9953539590066321,
        0.9953539590066321,
        0.9953539590066321,
        0.9953539590066321,
        0.9953539590066321,
        0.9953539590066321,
        0.9953539590066321,
        0.9953539590066321,
        0.9953539590066321,
        0.9953539590066321,
        0.9953539590066321,
        0.9953539590066321,
        0.9953539590066321,
        0.9953539590066321,
        0.9953539590066321,
        0.9953539590066321,
        0.9953539590066321,
        0.9953539590066321,
        0.9953539590066321,
        0.9953539590066321,
        0.9953539590066321,
        0.9953539590066321,
        0.9953539590066321,
        0.9953539590066321,
        0.9953539590066321,
        0.9953539590066321,
        0.9953539590066321,
        0.9953539590066321,
        0.9953539590066321,
        0.9953539590066321,
        0.9953539590066321,
        0.9953539590066321,
        0.9953539590066321,
        0.9953539590066321,
        0.9953539590066321,
        0.9953539590066321,
        0.9953539590066321,
        0.9953539590066321,
        0.9953539590066321,
        0.9953539590066321,
        0.9953539590066321,
        0.9953539590066321,
        0.9953539590066321,
        0.9953539590066321,
        0.9953539590066321,
        0.9953539590066321,
        0.9953539590066321,
        0.9953539590066321,
        0.9953539590066321,
        0.9953539590066321,
        0.9953539590066321,
        0.9953539590066321,
        0.9953539590066321,
        0.9953539590066321,
        0.9953539590066321,
        0.9953539590066321,
        0.9953539590066321,
        0.9953539590066321,
        0.9953539590066321,
        0.9953539590066321,
        0.9953539590066321,
        0.9953539590066321,
        0.9953539590066321,
        0.9953539590066321,
        0.9953539590066321,
        0.9953539590066321,
        0.9953539590066321,
        0.9953539590066321,
        0.9953539590066321,
        0.9953539590066321,
        0.9953539590066321,
        0.9953539590066321,
        0.9953539590066321,
        0.9953539590066321,
        0.9953539590066321,
        0.9953539590066321,
        0.9953539590066321,
        0.9953539590066321,
        0.9953539590066321,
        0.9953539590066321,
        0.9953539590066321,
        0.9953539590066321,
        0.9953539590066321,
        0.9953539590066321,
        0.9953539590066321,
        0.9953539590066321,
        0.9953539590066321,
        0.9953539590066321,
        0.9953539590066321,
        0.9953539590066321,
        0.9953539590066321,
        0.9953539590066321,
        0.9953539590066321,
        0.9953539590066321,
        0.9953539590066321,
        0.9953539590066321,
        0.9953539590066321,
        0.9953539590066321,
        0.9953539590066321,
        0.9953539590066321,
        0.9953539590066321,
        0.9953539590066321,
        0.9953539590066321,
        0.9953539590066321,
        0.9953539590066321,
        0.9953539590066321,
        0.9953539590066321,
        0.9953539590066321,
        0.9953539590066321,
        0.9953539590066321,
        0.9953539590066321,
        0.9953539590066321,
        0.9953539590066321,
        0.9953539590066321,
        0.9953539590066321,
        0.9953539590066321,
        0.9953539590066321,
        0.9953539590066321,
        0.9953539590066321,
        0.9953539590066321,
        0.9953539590066321,
        0.9953539590066321,
        0.9953539590066321,
        0.9953539590066321,
        0.9953539590066321,
        0.9953539590066321,
        0.9953539590066321,
        0.9953539590066321,
        0.9953539590066321,
        0.9953539590066321,
        0.9953539590066321,
        0.9953539590066321,
        0.9953539590066321,
        0.9953539590066321
    ],