{
    "dimensions": [
        0,
        0,
        0,
        0,
        0,
        0,
        0,
        0,
        0,
        0,
        0,
        0,
        0,
        0,
        0,
        0,
        0,
        0,
        0,
        0,
        0,
        0,
        0,
        0,
        0,
        0,
        0,
        0,
        0,
        0,
        0,
        0,
        0,
        0,
        0,
        0,
        0,
        0,
        0,
        0,
        0,
        0,
        0,
        0,
        0,
        0,
        0,
        0,
        0,
        0,
        0,
        0,
        0,
        0,
        0,
        0,
        0,
        0,
        0,
        0,
        0,
        0,
        0,
        0,
        0,
        0,
        0,
        0,
        0,
        0,
        0,
        0,
        0,
        0,
        0,
        0,
        0,
        0,
        0,
        0,
        0,
        0,
        0,
        0,
        0,
        0,
        0,
        0,
        0,
        0,
        0,
        0,
        0,
        0,
        0,
        0,
        0,
        0,
        0,
        0,
        0,
        0,
        0,
        0,
        0,
        0,
        0,
        0,
        0,
        0,
        0,
        0,
        0,
        0,
        0,
        0,
        0,
        0,
        0,
        0,
        0,
        0,
        0,
        0,
        0,
        0,
        0,
        0,
        0,
        0,
        0,
        0,
        0,
        0,
        0,
        0,
        0,
        0,
        0,
        0,
        0,
        0,
        0,
        0,
        0,
        0,
        0,
        0,
        0,
        0,
        0,
        0,
        0,
        0,
        0,
        0,
        0,
        0,
        0,
        0,
        0,
        0,
        0,
        0,
        0,
        0,
        0,
        0
    ],
    "creation_values": [
        0.9763495949302572,
        0.9763495949302572,
        0.9763495949302572,
        0.9763495949302572,
        0.9763495949302572,
        0.9763495949302572,
        0.9763495949302572,
        0.9763495949302572,
        0.9763495949302572,
        0.9763495949302572,
        0.9763495949302572,
        0.9763495949302572,
        0.9763495949302572,
        0.9763495949302572,
        0.9763495949302572,
        0.9763495949302572,
        0.9763495949302572,
        0.9763495949302572,
        0.9763495949302572,
        0.9763495949302572,
        0.9763495949302572,
        0.9763495949302572,
        0.9763495949302572,
        0.9763495949302572,
        0.9763495949302572,
        0.9763495949302572,
        0.9763495949302572,
        0.9763495949302572,
        0.9763495949302572,
        0.9763495949302572,
        0.9763495949302572,
        0.9763495949302572,
        0.9763495949302572,
        0.9763495949302572,
        0.9763495949302572,
        0.9763495949302572,
        0.9763495949302572,
        0.9763495949302572,
        0.9763495949302572,
        0.9763495949302572,
        0.9763495949302572,
        0.9763495949302572,
        0.9763495949302572,
        0.9763495949302572,
        0.9763495949302572,
        0.9763495949302572,
        0.9763495949302572,
        0.9763495949302572,
        0.9763495949302572,
        0.9763495949302572,
        0.9763495949302572,
        0.9763495949302572,
        0.9763495949302572,
        0.9763495949302572,
        0.9763495949302572,
        0.9763495949302572,
        0.9763495949302572,
        0.9763495949302572,
        0.9763495949302572,
        0.9763495949302572,
        0.9763495949302572,
        0.9763495949302572,
        0.9763495949302572,
        0.9763495949302572,
        0.9763495949302572,
        0.9763495949302572,
        0.9763495949302572,
        0.9763495949302572,
        0.9763495949302572,
        0.9763495949302572,
        0.9763495949302572,
        0.9763495949302572,
        0.9763495949302572,
        0.9763495949302572,
        0.9763495949302572,
        0.9763495949302572,
        0.9763495949302572,
        0.9763495949302572,
        0.9763495949302572,
        0.9763495949302572,
        0.9763495949302572,
        0.9763495949302572,
        0.9763495949302572,
        0.9763495949302572,
        0.9763495949302572,
        0.9763495949302572,
        0.9763495949302572,
        0.9763495949302572,
        0.9763495949302572,
        0.9763495949302572,
        0.9763495949302572,
        0.9763495949302572,
        0.9763495949302572,
        0.9763495949302572,
        0.9763495949302572,
        0.9763495949302572,
        0.9763495949302572,
        0.9763495949302572,
        0.9763495949302572,
        0.9763495949302572,
        0.9763495949302572,
        0.9763495949302572,
        0.9763495949302572,
        0.9763495949302572,
        0.9763495949302572,
        0.9763495949302572,
        0.9763495949302572,
        0.9763495949302572,
        0.9763495949302572,
        0.9763495949302572,
        0.9763495949302572,
        0.9763495949302572,
        0.9763495949302572,
        0.9763495949302572,
        0.9763495949302572,
        0.9763495949302572,
        0.9763495949302572,
        0.9763495949302572,
        0.9763495949302572,
        0.9763495949302572,
        0.9763495949302572,
        0.9763495949302572,
        0.9763495949302572,
        0.9763495949302572,
        0.9763495949302572,
        0.9763495949302572,
        0.9763495949302572,
        0.9763495949302572,
        0.9763495949302572,
        0.9763495949302572,
        0.9763495949302572,
        0.9763495949302572,
        0.9763495949302572,
        0.9763495949302572,
        0.9763495949302572,
        0.9763495949302572,
        0.9763495949302572,
        0.9763495949302572,
        0.9763495949302572,
        0.9763495949302572,
        0.9763495949302572,
        0.9763495949302572,
        0.9763495949302572,
        0.9763495949302572,
        0.9763495949302572,
        0.9763495949302572,
        0.9763495949302572,
        0.9763495949302572,
        0.9763495949302572,
        0.9763495949302572,
        0.9763495949302572,
        0.9763495949302572,
        0.9763495949302572,
        0.9763495949302572,
        0.9763495949302572,
        0.9763495949302572,
        0.9763495949302572,
        0.9763495949302572,
        0.9763495949302572,
        0.9763495949302572,
        0.9763495949302572,
        0.9763495949302572,
        0.9763495949302572,
        0.9763495949302572,
        0.9763495949302572,
        0.9763495949302572,
        0.9763495949302572,
        0.9763495949302572
    ],