{
    "dimensions": [
        0,
        0,
        0,
        0,
        0,
        0,
        0,
        0,
        0,
        0,
        0,
        0,
        0,
        0,
        0,
        0,
        0,
        0,
        0,
        0,
        0,
        0,
        0,
        0,
        0,
        0,
        0,
        0,
        0,
        0,
        0,
        0,
        0,
        0,
        0,
        0,
        0,
        0,
        0,
        0,
        0,
        0,
        0,
        0,
        0,
        0,
        0,
        0,
        0,
        0,
        0,
        0,
        0,
        0,
        0,
        0,
        0,
        0,
        0,
        0,
        0,
        0,
        0,
        0,
        0,
        0,
        0,
        0,
        0,
        0,
        0,
        0,
        0,
        0,
        0,
        0,
        0,
        0,
        0,
        0,
        0,
        0,
        0,
        0,
        0,
        0,
        0,
        0,
        0,
        0,
        0,
        0,
        0,
        0,
        0,
        0,
        0,
        0,
        0,
        0,
        0,
        0,
        0,
        0,
        0,
        0,
        0,
        0,
        0,
        0,
        0,
        0,
        0,
        0,
        0,
        0,
        0,
        0,
        0,
        0,
        0,
        0,
        0,
        0,
        0,
        0,
        0,
        0,
        0,
        0,
        0,
        0,
        0,
        0,
        0,
        0,
        0,
        0,
        0,
        0,
        0,
        0,
        0,
        0,
        0,
        0,
        0,
        0,
        0,
        0,
        0,
        0,
        0,
        0,
        0,
        0,
        0,
        0,
        0,
        0,
        0,
        0,
        0,
        0,
        0,
        0,
        0,
        0
    ],
    "creation_values": [
        0.9862137546849883,
        0.9862137546849883,
        0.9862137546849883,
        0.9862137546849883,
        0.9862137546849883,
        0.9862137546849883,
        0.9862137546849883,
        0.9862137546849883,
        0.9862137546849883,
        0.9862137546849883,
        0.9862137546849883,
        0.9862137546849883,
        0.9862137546849883,
        0.9862137546849883,
        0.9862137546849883,
        0.9862137546849883,
        0.9862137546849883,
        0.9862137546849883,
        0.9862137546849883,
        0.9862137546849883,
        0.9862137546849883,
        0.9862137546849883,
        0.9862137546849883,
        0.9862137546849883,
        0.9862137546849883,
        0.9862137546849883,
        0.9862137546849883,
        0.9862137546849883,
        0.9862137546849883,
        0.9862137546849883,
        0.9862137546849883,
        0.9862137546849883,
        0.9862137546849883,
        0.9862137546849883,
        0.9862137546849883,
        0.9862137546849883,
        0.9862137546849883,
        0.9862137546849883,
        0.9862137546849883,
        0.9862137546849883,
        0.9862137546849883,
        0.9862137546849883,
        0.9862137546849883,
        0.9862137546849883,
        0.9862137546849883,
        0.9862137546849883,
        0.9862137546849883,
        0.9862137546849883,
        0.9862137546849883,
        0.9862137546849883,
        0.9862137546849883,
        0.9862137546849883,
        0.9862137546849883,
        0.9862137546849883,
        0.9862137546849883,
        0.9862137546849883,
        0.9862137546849883,
        0.9862137546849883,
        0.9862137546849883,
        0.9862137546849883,
        0.9862137546849883,
        0.9862137546849883,
        0.9862137546849883,
        0.9862137546849883,
        0.9862137546849883,
        0.9862137546849883,
        0.9862137546849883,
        0.9862137546849883,
        0.9862137546849883,
        0.9862137546849883,
        0.9862137546849883,
        0.9862137546849883,
        0.9862137546849883,
        0.9862137546849883,
        0.9862137546849883,
        0.9862137546849883,
        0.9862137546849883,
        0.9862137546849883,
        0.9862137546849883,
        0.9862137546849883,
        0.9862137546849883,
        0.9862137546849883,
        0.9862137546849883,
        0.9862137546849883,
        0.9862137546849883,
        0.9862137546849883,
        0.9862137546849883,
        0.9862137546849883,
        0.9862137546849883,
        0.9862137546849883,
        0.9862137546849883,
        0.9862137546849883,
        0.9862137546849883,
        0.9862137546849883,
        0.9862137546849883,
        0.9862137546849883,
        0.9862137546849883,
        0.9862137546849883,
        0.9862137546849883,
        0.9862137546849883,
        0.9862137546849883,
        0.9862137546849883,
        0.9862137546849883,
        0.9862137546849883,
        0.9862137546849883,
        0.9862137546849883,
        0.9862137546849883,
        0.9862137546849883,
        0.9862137546849883,
        0.9862137546849883,
        0.9862137546849883,
        0.9862137546849883,
        0.9862137546849883,
        0.9862137546849883,
        0.9862137546849883,
        0.9862137546849883,
        0.9862137546849883,
        0.9862137546849883,
        0.9862137546849883,
        0.9862137546849883,
        0.9862137546849883,
        0.9862137546849883,
        0.9862137546849883,
        0.9862137546849883,
        0.9862137546849883,
        0.9862137546849883,
        0.9862137546849883,
        0.9862137546849883,
        0.9862137546849883,
        0.9862137546849883,
        0.9862137546849883,
        0.9862137546849883,
        0.9862137546849883,
        0.9862137546849883,
        0.9862137546849883,
        0.9862137546849883,
        0.9862137546849883,
        0.9862137546849883,
        0.9862137546849883,
        0.9862137546849883,
        0.9862137546849883,
        0.9862137546849883,
        0.9862137546849883,
        0.9862137546849883,
        0.9862137546849883,
        0.9862137546849883,
        0.9862137546849883,
        0.9862137546849883,
        0.9862137546849883,
        0.9862137546849883,
        0.9862137546849883,
        0.9862137546849883,
        0.9862137546849883,
        0.9862137546849883,
        0.9862137546849883,
        0.9862137546849883,
        0.9862137546849883,
        0.9862137546849883,
        0.9862137546849883,
        0.9862137546849883,
        0.9862137546849883,
        0.9862137546849883,
        0.9862137546849883,
        0.9862137546849883,
        0.9862137546849883,
        0.9862137546849883,
        0.9862137546849883,
        0.9862137546849883
    ],