{
    "dimensions": [
        0,
        0,
        0,
        0,
        0,
        0,
        0,
        0,
        0,
        0,
        0,
        0,
        0,
        0,
        0,
        0,
        0,
        0,
        0,
        0,
        0,
        0,
        0,
        0,
        0,
        0,
        0,
        0,
        0,
        0,
        0,
        0,
        0,
        0,
        0,
        0,
        0,
        0,
        0,
        0,
        0,
        0,
        0,
        0,
        0,
        0,
        0,
        0,
        0,
        0,
        0,
        0,
        0,
        0,
        0,
        0,
        0,
        0,
        0,
        0,
        0,
        0,
        0,
        0,
        0,
        0,
        0,
        0,
        0,
        0,
        0,
        0,
        0,
        0,
        0,
        0,
        0,
        0,
        0,
        0,
        0,
        0,
        0,
        0,
        0,
        0,
        0,
        0,
        0,
        0,
        0,
        0,
        0,
        0,
        0,
        0,
        0,
        0,
        0,
        0,
        0,
        0,
        0,
        0,
        0,
        0,
        0,
        0,
        0,
        0,
        0,
        0,
        0,
        0,
        0,
        0,
        0,
        0,
        0,
        0,
        0,
        0,
        0,
        0,
        0,
        0,
        0,
        0,
        0,
        0,
        0,
        0,
        0,
        0,
        0,
        0,
        0,
        0,
        0,
        0,
        0,
        0,
        0,
        0,
        0,
        0,
        0,
        0,
        0,
        0,
        0,
        0,
        0,
        0,
        0,
        0,
        0,
        0,
        0,
        0,
        0,
        0,
        0,
        0,
        0,
        0,
        0,
        0
    ],
    "creation_values": [
        0.7541285214372443,
        0.7541285214372443,
        0.7541285214372443,
        0.7541285214372443,
        0.7541285214372443,
        0.7541285214372443,
        0.7541285214372443,
        0.7541285214372443,
        0.7541285214372443,
        0.7541285214372443,
        0.7541285214372443,
        0.7541285214372443,
        0.7541285214372443,
        0.7541285214372443,
        0.7541285214372443,
        0.7541285214372443,
        0.7541285214372443,
        0.7541285214372443,
        0.7541285214372443,
        0.7541285214372443,
        0.7541285214372443,
        0.7541285214372443,
        0.7541285214372443,
        0.7541285214372443,
        0.7541285214372443,
        0.7541285214372443,
        0.7541285214372443,
        0.7541285214372443,
        0.7541285214372443,
        0.7541285214372443,
        0.7541285214372443,
        0.7541285214372443,
        0.7541285214372443,
        0.7541285214372443,
        0.7541285214372443,
        0.7541285214372443,
        0.7541285214372443,
        0.7541285214372443,
        0.7541285214372443,
        0.7541285214372443,
        0.7541285214372443,
        0.7541285214372443,
        0.7541285214372443,
        0.7541285214372443,
        0.7541285214372443,
        0.7541285214372443,
        0.7541285214372443,
        0.7541285214372443,
        0.7541285214372443,
        0.7541285214372443,
        0.7541285214372443,
        0.7541285214372443,
        0.7541285214372443,
        0.7541285214372443,
        0.7541285214372443,
        0.7541285214372443,
        0.7541285214372443,
        0.7541285214372443,
        0.7541285214372443,
        0.7541285214372443,
        0.7541285214372443,
        0.7541285214372443,
        0.7541285214372443,
        0.7541285214372443,
        0.7541285214372443,
        0.7541285214372443,
        0.7541285214372443,
        0.7541285214372443,
        0.7541285214372443,
        0.7541285214372443,
        0.7541285214372443,
        0.7541285214372443,
        0.7541285214372443,
        0.7541285214372443,
        0.7541285214372443,
        0.7541285214372443,
        0.7541285214372443,
        0.7541285214372443,
        0.7541285214372443,
        0.7541285214372443,
        0.7541285214372443,
        0.7541285214372443,
        0.7541285214372443,
        0.7541285214372443,
        0.7541285214372443,
        0.7541285214372443,
        0.7541285214372443,
        0.7541285214372443,
        0.7541285214372443,
        0.7541285214372443,
        0.7541285214372443,
        0.7541285214372443,
        0.7541285214372443,
        0.7541285214372443,
        0.7541285214372443,
        0.7541285214372443,
        0.7541285214372443,
        0.7541285214372443,
        0.7541285214372443,
        0.7541285214372443,
        0.7541285214372443,
        0.7541285214372443,
        0.7541285214372443,
        0.7541285214372443,
        0.7541285214372443,
        0.7541285214372443,
        0.7541285214372443,
        0.7541285214372443,
        0.7541285214372443,
        0.7541285214372443,
        0.7541285214372443,
        0.7541285214372443,
        0.7541285214372443,
        0.7541285214372443,
        0.7541285214372443,
        0.7541285214372443,
        0.7541285214372443,
        0.7541285214372443,
        0.7541285214372443,
        0.7541285214372443,
        0.7541285214372443,
        0.7541285214372443,
        0.7541285214372443,
        0.7541285214372443,
        0.7541285214372443,
        0.7541285214372443,
        0.7541285214372443,
        0.7541285214372443,
        0.7541285214372443,
        0.7541285214372443,
        0.7541285214372443,
        0.7541285214372443,
        0.7541285214372443,
        0.7541285214372443,
        0.7541285214372443,
        0.7541285214372443,
        0.7541285214372443,
        0.7541285214372443,
        0.7541285214372443,
        0.7541285214372443,
        0.7541285214372443,
        0.7541285214372443,
        0.7541285214372443,
        0.7541285214372443,
        0.7541285214372443,
        0.7541285214372443,
        0.7541285214372443,
        0.7541285214372443,
        0.7541285214372443,
        0.7541285214372443,
        0.7541285214372443,
        0.7541285214372443,
        0.7541285214372443,
        0.7541285214372443,
        0.7541285214372443,
        0.7541285214372443,
        0.7541285214372443,
        0.7541285214372443,
        0.7541285214372443,
        0.7541285214372443,
        0.7541285214372443,
        0.7541285214372443,
        0.7541285214372443,
        0.7541285214372443,
        0.7541285214372443,
        0.7541285214372443,
        0.7541285214372443,
        0.7541285214372443
    ],