{
    "dimensions": [
        0,
        0,
        0,
        0,
        0,
        0,
        0,
        0,
        0,
        0,
        0,
        0,
        0,
        0,
        0,
        0,
        0,
        0,
        0,
        0,
        0,
        0,
        0,
        0,
        0,
        0,
        0,
        0,
        0,
        0,
        0,
        0,
        0,
        0,
        0,
        0,
        0,
        0,
        0,
        0,
        0,
        0,
        0,
        0,
        0,
        0,
        0,
        0,
        0,
        0,
        0,
        0,
        0,
        0,
        0,
        0,
        0,
        0,
        0,
        0,
        0,
        0,
        0,
        0,
        0,
        0,
        0,
        0,
        0,
        0,
        0,
        0,
        0,
        0,
        0,
        0,
        0,
        0,
        0,
        0,
        0,
        0,
        0,
        0,
        0,
        0,
        0,
        0,
        0,
        0,
        0,
        0,
        0,
        0,
        0,
        0,
        0,
        0,
        0,
        0,
        0,
        0,
        0,
        0,
        0,
        0,
        0,
        0,
        0,
        0,
        0,
        0,
        0,
        0,
        0,
        0,
        0,
        0,
        0,
        0,
        0,
        0,
        0,
        0,
        0,
        0,
        0,
        0,
        0,
        0,
        0,
        0,
        0,
        0,
        0,
        0,
        0,
        0,
        0,
        0,
        0,
        0,
        0,
        0,
        0,
        0,
        0,
        0,
        0,
        0,
        0,
        0,
        0,
        0,
        0,
        0,
        0,
        0,
        0,
        0,
        0,
        0,
        0,
        0,
        0,
        0,
        0,
        0
    ],
    "creation_values": [
        0.8064787306539496,
        0.8064787306539496,
        0.8064787306539496,
        0.8064787306539496,
        0.8064787306539496,
        0.8064787306539496,
        0.8064787306539496,
        0.8064787306539496,
        0.8064787306539496,
        0.8064787306539496,
        0.8064787306539496,
        0.8064787306539496,
        0.8064787306539496,
        0.8064787306539496,
        0.8064787306539496,
        0.8064787306539496,
        0.8064787306539496,
        0.8064787306539496,
        0.8064787306539496,
        0.8064787306539496,
        0.8064787306539496,
        0.8064787306539496,
        0.8064787306539496,
        0.8064787306539496,
        0.8064787306539496,
        0.8064787306539496,
        0.8064787306539496,
        0.8064787306539496,
        0.8064787306539496,
        0.8064787306539496,
        0.8064787306539496,
        0.8064787306539496,
        0.8064787306539496,
        0.8064787306539496,
        0.8064787306539496,
        0.8064787306539496,
        0.8064787306539496,
        0.8064787306539496,
        0.8064787306539496,
        0.8064787306539496,
        0.8064787306539496,
        0.8064787306539496,
        0.8064787306539496,
        0.8064787306539496,
        0.8064787306539496,
        0.8064787306539496,
        0.8064787306539496,
        0.8064787306539496,
        0.8064787306539496,
        0.8064787306539496,
        0.8064787306539496,
        0.8064787306539496,
        0.8064787306539496,
        0.8064787306539496,
        0.8064787306539496,
        0.8064787306539496,
        0.8064787306539496,
        0.8064787306539496,
        0.8064787306539496,
        0.8064787306539496,
        0.8064787306539496,
        0.8064787306539496,
        0.8064787306539496,
        0.8064787306539496,
        0.8064787306539496,
        0.8064787306539496,
        0.8064787306539496,
        0.8064787306539496,
        0.8064787306539496,
        0.8064787306539496,
        0.8064787306539496,
        0.8064787306539496,
        0.8064787306539496,
        0.8064787306539496,
        0.8064787306539496,
        0.8064787306539496,
        0.8064787306539496,
        0.8064787306539496,
        0.8064787306539496,
        0.8064787306539496,
        0.8064787306539496,
        0.8064787306539496,
        0.8064787306539496,
        0.8064787306539496,
        0.8064787306539496,
        0.8064787306539496,
        0.8064787306539496,
        0.8064787306539496,
        0.8064787306539496,
        0.8064787306539496,
        0.8064787306539496,
        0.8064787306539496,
        0.8064787306539496,
        0.8064787306539496,
        0.8064787306539496,
        0.8064787306539496,
        0.8064787306539496,
        0.8064787306539496,
        0.8064787306539496,
        0.8064787306539496,
        0.8064787306539496,
        0.8064787306539496,
        0.8064787306539496,
        0.8064787306539496,
        0.8064787306539496,
        0.8064787306539496,
        0.8064787306539496,
        0.8064787306539496,
        0.8064787306539496,
        0.8064787306539496,
        0.8064787306539496,
        0.8064787306539496,
        0.8064787306539496,
        0.8064787306539496,
        0.8064787306539496,
        0.8064787306539496,
        0.8064787306539496,
        0.8064787306539496,
        0.8064787306539496,
        0.8064787306539496,
        0.8064787306539496,
        0.8064787306539496,
        0.8064787306539496,
        0.8064787306539496,
        0.8064787306539496,
        0.8064787306539496,
        0.8064787306539496,
        0.8064787306539496,
        0.8064787306539496,
        0.8064787306539496,
        0.8064787306539496,
        0.8064787306539496,
        0.8064787306539496,
        0.8064787306539496,
        0.8064787306539496,
        0.8064787306539496,
        0.8064787306539496,
        0.8064787306539496,
        0.8064787306539496,
        0.8064787306539496,
        0.8064787306539496,
        0.8064787306539496,
        0.8064787306539496,
        0.8064787306539496,
        0.8064787306539496,
        0.8064787306539496,
        0.8064787306539496,
        0.8064787306539496,
        0.8064787306539496,
        0.8064787306539496,
        0.8064787306539496,
        0.8064787306539496,
        0.8064787306539496,
        0.8064787306539496,
        0.8064787306539496,
        0.8064787306539496,
        0.8064787306539496,
        0.8064787306539496,
        0.8064787306539496,
        0.8064787306539496,
        0.8064787306539496,
        0.8064787306539496,
        0.8064787306539496,
        0.8064787306539496,
        0.8064787306539496,
        0.8064787306539496,
        0.8064787306539496,
        0.8064787306539496
    ],