{
    "dimensions": [
        0,
        0,
        0,
        0,
        0,
        0,
        0,
        0,
        0,
        0,
        0,
        0,
        0,
        0,
        0,
        0,
        0,
        0,
        0,
        0,
        0,
        0,
        0,
        0,
        0,
        0,
        0,
        0,
        0,
        0,
        0,
        0,
        0,
        0,
        0,
        0,
        0,
        0,
        0,
        0,
        0,
        0,
        0,
        0,
        0,
        0,
        0,
        0,
        0,
        0,
        0,
        0,
        0,
        0,
        0,
        0,
        0,
        0,
        0,
        0,
        0,
        0,
        0,
        0,
        0,
        0,
        0,
        0,
        0,
        0,
        0,
        0,
        0,
        0,
        0,
        0,
        0,
        0,
        0,
        0,
        0,
        0,
        0,
        0,
        0,
        0,
        0,
        0,
        0,
        0,
        0,
        0,
        0,
        0,
        0,
        0,
        0,
        0,
        0,
        0,
        0,
        0,
        0,
        0,
        0,
        0,
        0,
        0,
        0,
        0,
        0,
        0,
        0,
        0,
        0,
        0,
        0,
        0,
        0,
        0,
        0,
        0,
        0,
        0,
        0,
        0,
        0,
        0,
        0,
        0,
        0,
        0,
        0,
        0,
        0,
        0,
        0,
        0,
        0,
        0,
        0,
        0,
        0,
        0,
        0,
        0,
        0,
        0,
        0,
        0,
        0,
        0,
        0,
        0,
        0,
        0,
        0,
        0,
        0,
        0,
        0,
        0,
        0,
        0,
        0,
        0,
        0,
        0
    ],
    "creation_values": [
        0.8347893215567096,
        0.8347893215567096,
        0.8347893215567096,
        0.8347893215567096,
        0.8347893215567096,
        0.8347893215567096,
        0.8347893215567096,
        0.8347893215567096,
        0.8347893215567096,
        0.8347893215567096,
        0.8347893215567096,
        0.8347893215567096,
        0.8347893215567096,
        0.8347893215567096,
        0.8347893215567096,
        0.8347893215567096,
        0.8347893215567096,
        0.8347893215567096,
        0.8347893215567096,
        0.8347893215567096,
        0.8347893215567096,
        0.8347893215567096,
        0.8347893215567096,
        0.8347893215567096,
        0.8347893215567096,
        0.8347893215567096,
        0.8347893215567096,
        0.8347893215567096,
        0.8347893215567096,
        0.8347893215567096,
        0.8347893215567096,
        0.8347893215567096,
        0.8347893215567096,
        0.8347893215567096,
        0.8347893215567096,
        0.8347893215567096,
        0.8347893215567096,
        0.8347893215567096,
        0.8347893215567096,
        0.8347893215567096,
        0.8347893215567096,
        0.8347893215567096,
        0.8347893215567096,
        0.8347893215567096,
        0.8347893215567096,
        0.8347893215567096,
        0.8347893215567096,
        0.8347893215567096,
        0.8347893215567096,
        0.8347893215567096,
        0.8347893215567096,
        0.8347893215567096,
        0.8347893215567096,
        0.8347893215567096,
        0.8347893215567096,
        0.8347893215567096,
        0.8347893215567096,
        0.8347893215567096,
        0.8347893215567096,
        0.8347893215567096,
        0.8347893215567096,
        0.8347893215567096,
        0.8347893215567096,
        0.8347893215567096,
        0.8347893215567096,
        0.8347893215567096,
        0.8347893215567096,
        0.8347893215567096,
        0.8347893215567096,
        0.8347893215567096,
        0.8347893215567096,
        0.8347893215567096,
        0.8347893215567096,
        0.8347893215567096,
        0.8347893215567096,
        0.8347893215567096,
        0.8347893215567096,
        0.8347893215567096,
        0.8347893215567096,
        0.8347893215567096,
        0.8347893215567096,
        0.8347893215567096,
        0.8347893215567096,
        0.8347893215567096,
        0.8347893215567096,
        0.8347893215567096,
        0.8347893215567096,
        0.8347893215567096,
        0.8347893215567096,
        0.8347893215567096,
        0.8347893215567096,
        0.8347893215567096,
        0.8347893215567096,
        0.8347893215567096,
        0.8347893215567096,
        0.8347893215567096,
        0.8347893215567096,
        0.8347893215567096,
        0.8347893215567096,
        0.8347893215567096,
        0.8347893215567096,
        0.8347893215567096,
        0.8347893215567096,
        0.8347893215567096,
        0.8347893215567096,
        0.8347893215567096,
        0.8347893215567096,
        0.8347893215567096,
        0.8347893215567096,
        0.8347893215567096,
        0.8347893215567096,
        0.8347893215567096,
        0.8347893215567096,
        0.8347893215567096,
        0.8347893215567096,
        0.8347893215567096,
        0.8347893215567096,
        0.8347893215567096,
        0.8347893215567096,
        0.8347893215567096,
        0.8347893215567096,
        0.8347893215567096,
        0.8347893215567096,
        0.8347893215567096,
        0.8347893215567096,
        0.8347893215567096,
        0.8347893215567096,
        0.8347893215567096,
        0.8347893215567096,
        0.8347893215567096,
        0.8347893215567096,
        0.8347893215567096,
        0.8347893215567096,
        0.8347893215567096,
        0.8347893215567096,
        0.8347893215567096,
        0.8347893215567096,
        0.8347893215567096,
        0.8347893215567096,
        0.8347893215567096,
        0.8347893215567096,
        0.8347893215567096,
        0.8347893215567096,
        0.8347893215567096,
        0.8347893215567096,
        0.8347893215567096,
        0.8347893215567096,
        0.8347893215567096,
        0.8347893215567096,
        0.8347893215567096,
        0.8347893215567096,
        0.8347893215567096,
        0.8347893215567096,
        0.8347893215567096,
        0.8347893215567096,
        0.8347893215567096,
        0.8347893215567096,
        0.8347893215567096,
        0.8347893215567096,
        0.8347893215567096,
        0.8347893215567096,
        0.8347893215567096,
        0.8347893215567096,
        0.8347893215567096,
        0.8347893215567096,
        0.8347893215567096,
        0.8347893215567096,
        0.8347893215567096
    ],