{
    "dimensions": [
        0,
        0,
        0,
        0,
        0,
        0,
        0,
        0,
        0,
        0,
        0,
        0,
        0,
        0,
        0,
        0,
        0,
        0,
        0,
        0,
        0,
        0,
        0,
        0,
        0,
        0,
        0,
        0,
        0,
        0,
        0,
        0,
        0,
        0,
        0,
        0,
        0,
        0,
        0,
        0,
        0,
        0,
        0,
        0,
        0,
        0,
        0,
        0,
        0,
        0,
        0,
        0,
        0,
        0,
        0,
        0,
        0,
        0,
        0,
        0,
        0,
        0,
        0,
        0,
        0,
        0,
        0,
        0,
        0,
        0,
        0,
        0,
        0,
        0,
        0,
        0,
        0,
        0,
        0,
        0,
        0,
        0,
        0,
        0,
        0,
        0,
        0,
        0,
        0,
        0,
        0,
        0,
        0,
        0,
        0,
        0,
        0,
        0,
        0,
        0,
        0,
        0,
        0,
        0,
        0,
        0,
        0,
        0,
        0,
        0,
        0,
        0,
        0,
        0,
        0,
        0,
        0,
        0,
        0,
        0,
        0,
        0,
        0,
        0,
        0,
        0,
        0,
        0,
        0,
        0,
        0,
        0,
        0,
        0,
        0,
        0,
        0,
        0,
        0,
        0,
        0,
        0,
        0,
        0,
        0,
        0,
        0,
        0,
        0,
        0,
        0,
        0,
        0,
        0,
        0,
        0,
        0,
        0,
        0,
        0,
        0,
        0,
        0,
        0,
        0,
        0,
        0,
        0
    ],
    "creation_values": [
        0.9715642340501309,
        0.9715642340501309,
        0.9715642340501309,
        0.9715642340501309,
        0.9715642340501309,
        0.9715642340501309,
        0.9715642340501309,
        0.9715642340501309,
        0.9715642340501309,
        0.9715642340501309,
        0.9715642340501309,
        0.9715642340501309,
        0.9715642340501309,
        0.9715642340501309,
        0.9715642340501309,
        0.9715642340501309,
        0.9715642340501309,
        0.9715642340501309,
        0.9715642340501309,
        0.9715642340501309,
        0.9715642340501309,
        0.9715642340501309,
        0.9715642340501309,
        0.9715642340501309,
        0.9715642340501309,
        0.9715642340501309,
        0.9715642340501309,
        0.9715642340501309,
        0.9715642340501309,
        0.9715642340501309,
        0.9715642340501309,
        0.9715642340501309,
        0.9715642340501309,
        0.9715642340501309,
        0.9715642340501309,
        0.9715642340501309,
        0.9715642340501309,
        0.9715642340501309,
        0.9715642340501309,
        0.9715642340501309,
        0.9715642340501309,
        0.9715642340501309,
        0.9715642340501309,
        0.9715642340501309,
        0.9715642340501309,
        0.9715642340501309,
        0.9715642340501309,
        0.9715642340501309,
        0.9715642340501309,
        0.9715642340501309,
        0.9715642340501309,
        0.9715642340501309,
        0.9715642340501309,
        0.9715642340501309,
        0.9715642340501309,
        0.9715642340501309,
        0.9715642340501309,
        0.9715642340501309,
        0.9715642340501309,
        0.9715642340501309,
        0.9715642340501309,
        0.9715642340501309,
        0.9715642340501309,
        0.9715642340501309,
        0.9715642340501309,
        0.9715642340501309,
        0.9715642340501309,
        0.9715642340501309,
        0.9715642340501309,
        0.9715642340501309,
        0.9715642340501309,
        0.9715642340501309,
        0.9715642340501309,
        0.9715642340501309,
        0.9715642340501309,
        0.9715642340501309,
        0.9715642340501309,
        0.9715642340501309,
        0.9715642340501309,
        0.9715642340501309,
        0.9715642340501309,
        0.9715642340501309,
        0.9715642340501309,
        0.9715642340501309,
        0.9715642340501309,
        0.9715642340501309,
        0.9715642340501309,
        0.9715642340501309,
        0.9715642340501309,
        0.9715642340501309,
        0.9715642340501309,
        0.9715642340501309,
        0.9715642340501309,
        0.9715642340501309,
        0.9715642340501309,
        0.9715642340501309,
        0.9715642340501309,
        0.9715642340501309,
        0.9715642340501309,
        0.9715642340501309,
        0.9715642340501309,
        0.9715642340501309,
        0.9715642340501309,
        0.9715642340501309,
        0.9715642340501309,
        0.9715642340501309,
        0.9715642340501309,
        0.9715642340501309,
        0.9715642340501309,
        0.9715642340501309,
        0.9715642340501309,
        0.9715642340501309,
        0.9715642340501309,
        0.9715642340501309,
        0.9715642340501309,
        0.9715642340501309,
        0.9715642340501309,
        0.9715642340501309,
        0.9715642340501309,
        0.9715642340501309,
        0.9715642340501309,
        0.9715642340501309,
        0.9715642340501309,
        0.9715642340501309,
        0.9715642340501309,
        0.9715642340501309,
        0.9715642340501309,
        0.9715642340501309,
        0.9715642340501309,
        0.9715642340501309,
        0.9715642340501309,
        0.9715642340501309,
        0.9715642340501309,
        0.9715642340501309,
        0.9715642340501309,
        0.9715642340501309,
        0.9715642340501309,
        0.9715642340501309,
        0.9715642340501309,
        0.9715642340501309,
        0.9715642340501309,
        0.9715642340501309,
        0.9715642340501309,
        0.9715642340501309,
        0.9715642340501309,
        0.9715642340501309,
        0.9715642340501309,
        0.9715642340501309,
        0.9715642340501309,
        0.9715642340501309,
        0.9715642340501309,
        0.9715642340501309,
        0.9715642340501309,
        0.9715642340501309,
        0.9715642340501309,
        0.9715642340501309,
        0.9715642340501309,
        0.9715642340501309,
        0.9715642340501309,
        0.9715642340501309,
        0.9715642340501309,
        0.9715642340501309,
        0.9715642340501309,
        0.9715642340501309,
        0.9715642340501309,
        0.9715642340501309,
        0.9715642340501309,
        0.9715642340501309
    ],