{
    "dimensions": [
        0,
        0,
        0,
        0,
        0,
        0,
        0,
        0,
        0,
        0,
        0,
        0,
        0,
        0,
        0,
        0,
        0,
        0,
        0,
        0,
        0,
        0,
        0,
        0,
        0,
        0,
        0,
        0,
        0,
        0,
        0,
        0,
        0,
        0,
        0,
        0,
        0,
        0,
        0,
        0,
        0,
        0,
        0,
        0,
        0,
        0,
        0,
        0,
        0,
        0,
        0,
        0,
        0,
        0,
        0,
        0,
        0,
        0,
        0,
        0,
        0,
        0,
        0,
        0,
        0,
        0,
        0,
        0,
        0,
        0,
        0,
        0,
        0,
        0,
        0,
        0,
        0,
        0,
        0,
        0,
        0,
        0,
        0,
        0,
        0,
        0,
        0,
        0,
        0,
        0,
        0,
        0,
        0,
        0,
        0,
        0,
        0,
        0,
        0,
        0,
        0,
        0,
        0,
        0,
        0,
        0,
        0,
        0,
        0,
        0,
        0,
        0,
        0,
        0,
        0,
        0,
        0,
        0,
        0,
        0,
        0,
        0,
        0,
        0,
        0,
        0,
        0,
        0,
        0,
        0,
        0,
        0,
        0,
        0,
        0,
        0,
        0,
        0,
        0,
        0,
        0,
        0,
        0,
        0,
        0,
        0,
        0,
        0,
        0,
        0,
        0,
        0,
        0,
        0,
        0,
        0,
        0,
        0,
        0,
        0,
        0,
        0,
        0,
        0,
        0,
        0,
        0,
        0
    ],
    "creation_values": [
        0.9771770141268148,
        0.9771770141268148,
        0.9771770141268148,
        0.9771770141268148,
        0.9771770141268148,
        0.9771770141268148,
        0.9771770141268148,
        0.9771770141268148,
        0.9771770141268148,
        0.9771770141268148,
        0.9771770141268148,
        0.9771770141268148,
        0.9771770141268148,
        0.9771770141268148,
        0.9771770141268148,
        0.9771770141268148,
        0.9771770141268148,
        0.9771770141268148,
        0.9771770141268148,
        0.9771770141268148,
        0.9771770141268148,
        0.9771770141268148,
        0.9771770141268148,
        0.9771770141268148,
        0.9771770141268148,
        0.9771770141268148,
        0.9771770141268148,
        0.9771770141268148,
        0.9771770141268148,
        0.9771770141268148,
        0.9771770141268148,
        0.9771770141268148,
        0.9771770141268148,
        0.9771770141268148,
        0.9771770141268148,
        0.9771770141268148,
        0.9771770141268148,
        0.9771770141268148,
        0.9771770141268148,
        0.9771770141268148,
        0.9771770141268148,
        0.9771770141268148,
        0.9771770141268148,
        0.9771770141268148,
        0.9771770141268148,
        0.9771770141268148,
        0.9771770141268148,
        0.9771770141268148,
        0.9771770141268148,
        0.9771770141268148,
        0.9771770141268148,
        0.9771770141268148,
        0.9771770141268148,
        0.9771770141268148,
        0.9771770141268148,
        0.9771770141268148,
        0.9771770141268148,
        0.9771770141268148,
        0.9771770141268148,
        0.9771770141268148,
        0.9771770141268148,
        0.9771770141268148,
        0.9771770141268148,
        0.9771770141268148,
        0.9771770141268148,
        0.9771770141268148,
        0.9771770141268148,
        0.9771770141268148,
        0.9771770141268148,
        0.9771770141268148,
        0.9771770141268148,
        0.9771770141268148,
        0.9771770141268148,
        0.9771770141268148,
        0.9771770141268148,
        0.9771770141268148,
        0.9771770141268148,
        0.9771770141268148,
        0.9771770141268148,
        0.9771770141268148,
        0.9771770141268148,
        0.9771770141268148,
        0.9771770141268148,
        0.9771770141268148,
        0.9771770141268148,
        0.9771770141268148,
        0.9771770141268148,
        0.9771770141268148,
        0.9771770141268148,
        0.9771770141268148,
        0.9771770141268148,
        0.9771770141268148,
        0.9771770141268148,
        0.9771770141268148,
        0.9771770141268148,
        0.9771770141268148,
        0.9771770141268148,
        0.9771770141268148,
        0.9771770141268148,
        0.9771770141268148,
        0.9771770141268148,
        0.9771770141268148,
        0.9771770141268148,
        0.9771770141268148,
        0.9771770141268148,
        0.9771770141268148,
        0.9771770141268148,
        0.9771770141268148,
        0.9771770141268148,
        0.9771770141268148,
        0.9771770141268148,
        0.9771770141268148,
        0.9771770141268148,
        0.9771770141268148,
        0.9771770141268148,
        0.9771770141268148,
        0.9771770141268148,
        0.9771770141268148,
        0.9771770141268148,
        0.9771770141268148,
        0.9771770141268148,
        0.9771770141268148,
        0.9771770141268148,
        0.9771770141268148,
        0.9771770141268148,
        0.9771770141268148,
        0.9771770141268148,
        0.9771770141268148,
        0.9771770141268148,
        0.9771770141268148,
        0.9771770141268148,
        0.9771770141268148,
        0.9771770141268148,
        0.9771770141268148,
        0.9771770141268148,
        0.9771770141268148,
        0.9771770141268148,
        0.9771770141268148,
        0.9771770141268148,
        0.9771770141268148,
        0.9771770141268148,
        0.9771770141268148,
        0.9771770141268148,
        0.9771770141268148,
        0.9771770141268148,
        0.9771770141268148,
        0.9771770141268148,
        0.9771770141268148,
        0.9771770141268148,
        0.9771770141268148,
        0.9771770141268148,
        0.9771770141268148,
        0.9771770141268148,
        0.9771770141268148,
        0.9771770141268148,
        0.9771770141268148,
        0.9771770141268148,
        0.9771770141268148,
        0.9771770141268148,
        0.9771770141268148,
        0.9771770141268148,
        0.9771770141268148,
        0.9771770141268148,
        0.9771770141268148,
        0.9771770141268148,
        0.9771770141268148,
        0.9771770141268148,
        0.9771770141268148
    ],