{
    "dimensions": [
        0,
        0,
        0,
        0,
        0,
        0,
        0,
        0,
        0,
        0,
        0,
        0,
        0,
        0,
        0,
        0,
        0,
        0,
        0,
        0,
        0,
        0,
        0,
        0,
        0,
        0,
        0,
        0,
        0,
        0,
        0,
        0,
        0,
        0,
        0,
        0,
        0,
        0,
        0,
        0,
        0,
        0,
        0,
        0,
        0,
        0,
        0,
        0,
        0,
        0,
        0,
        0,
        0,
        0,
        0,
        0,
        0,
        0,
        0,
        0,
        0,
        0,
        0,
        0,
        0,
        0,
        0,
        0,
        0,
        0,
        0,
        0,
        0,
        0,
        0,
        0,
        0,
        0,
        0,
        0,
        0,
        0,
        0,
        0,
        0,
        0,
        0,
        0,
        0,
        0,
        0,
        0,
        0,
        0,
        0,
        0,
        0,
        0,
        0,
        0,
        0,
        0,
        0,
        0,
        0,
        0,
        0,
        0,
        0,
        0,
        0,
        0,
        0,
        0,
        0,
        0,
        0,
        0,
        0,
        0,
        0,
        0,
        0,
        0,
        0,
        0,
        0,
        0,
        0,
        0,
        0,
        0,
        0,
        0,
        0,
        0,
        0,
        0,
        0,
        0,
        0,
        0,
        0,
        0,
        0,
        0,
        0,
        0,
        0,
        0,
        0,
        0,
        0,
        0,
        0,
        0,
        0,
        0,
        0,
        0,
        0,
        0,
        0,
        0,
        0,
        0,
        0,
        0
    ],
    "creation_values": [
        0.9947991720764461,
        0.9947991720764461,
        0.9947991720764461,
        0.9947991720764461,
        0.9947991720764461,
        0.9947991720764461,
        0.9947991720764461,
        0.9947991720764461,
        0.9947991720764461,
        0.9947991720764461,
        0.9947991720764461,
        0.9947991720764461,
        0.9947991720764461,
        0.9947991720764461,
        0.9947991720764461,
        0.9947991720764461,
        0.9947991720764461,
        0.9947991720764461,
        0.9947991720764461,
        0.9947991720764461,
        0.9947991720764461,
        0.9947991720764461,
        0.9947991720764461,
        0.9947991720764461,
        0.9947991720764461,
        0.9947991720764461,
        0.9947991720764461,
        0.9947991720764461,
        0.9947991720764461,
        0.9947991720764461,
        0.9947991720764461,
        0.9947991720764461,
        0.9947991720764461,
        0.9947991720764461,
        0.9947991720764461,
        0.9947991720764461,
        0.9947991720764461,
        0.9947991720764461,
        0.9947991720764461,
        0.9947991720764461,
        0.9947991720764461,
        0.9947991720764461,
        0.9947991720764461,
        0.9947991720764461,
        0.9947991720764461,
        0.9947991720764461,
        0.9947991720764461,
        0.9947991720764461,
        0.9947991720764461,
        0.9947991720764461,
        0.9947991720764461,
        0.9947991720764461,
        0.9947991720764461,
        0.9947991720764461,
        0.9947991720764461,
        0.9947991720764461,
        0.9947991720764461,
        0.9947991720764461,
        0.9947991720764461,
        0.9947991720764461,
        0.9947991720764461,
        0.9947991720764461,
        0.9947991720764461,
        0.9947991720764461,
        0.9947991720764461,
        0.9947991720764461,
        0.9947991720764461,
        0.9947991720764461,
        0.9947991720764461,
        0.9947991720764461,
        0.9947991720764461,
        0.9947991720764461,
        0.9947991720764461,
        0.9947991720764461,
        0.9947991720764461,
        0.9947991720764461,
        0.9947991720764461,
        0.9947991720764461,
        0.9947991720764461,
        0.9947991720764461,
        0.9947991720764461,
        0.9947991720764461,
        0.9947991720764461,
        0.9947991720764461,
        0.9947991720764461,
        0.9947991720764461,
        0.9947991720764461,
        0.9947991720764461,
        0.9947991720764461,
        0.9947991720764461,
        0.9947991720764461,
        0.9947991720764461,
        0.9947991720764461,
        0.9947991720764461,
        0.9947991720764461,
        0.9947991720764461,
        0.9947991720764461,
        0.9947991720764461,
        0.9947991720764461,
        0.9947991720764461,
        0.9947991720764461,
        0.9947991720764461,
        0.9947991720764461,
        0.9947991720764461,
        0.9947991720764461,
        0.9947991720764461,
        0.9947991720764461,
        0.9947991720764461,
        0.9947991720764461,
        0.9947991720764461,
        0.9947991720764461,
        0.9947991720764461,
        0.9947991720764461,
        0.9947991720764461,
        0.9947991720764461,
        0.9947991720764461,
        0.9947991720764461,
        0.9947991720764461,
        0.9947991720764461,
        0.9947991720764461,
        0.9947991720764461,
        0.9947991720764461,
        0.9947991720764461,
        0.9947991720764461,
        0.9947991720764461,
        0.9947991720764461,
        0.9947991720764461,
        0.9947991720764461,
        0.9947991720764461,
        0.9947991720764461,
        0.9947991720764461,
        0.9947991720764461,
        0.9947991720764461,
        0.9947991720764461,
        0.9947991720764461,
        0.9947991720764461,
        0.9947991720764461,
        0.9947991720764461,
        0.9947991720764461,
        0.9947991720764461,
        0.9947991720764461,
        0.9947991720764461,
        0.9947991720764461,
        0.9947991720764461,
        0.9947991720764461,
        0.9947991720764461,
        0.9947991720764461,
        0.9947991720764461,
        0.9947991720764461,
        0.9947991720764461,
        0.9947991720764461,
        0.9947991720764461,
        0.9947991720764461,
        0.9947991720764461,
        0.9947991720764461,
        0.9947991720764461,
        0.9947991720764461,
        0.9947991720764461,
        0.9947991720764461,
        0.9947991720764461,
        0.9947991720764461,
        0.9947991720764461,
        0.9947991720764461,
        0.9947991720764461,
        0.9947991720764461,
        0.9947991720764461,
        0.9947991720764461,
        0.9947991720764461
    ],