{
    "dimensions": [
        0,
        0,
        0,
        0,
        0,
        0,
        0,
        0,
        0,
        0,
        0,
        0,
        0,
        0,
        0,
        0,
        0,
        0,
        0,
        0,
        0,
        0,
        0,
        0,
        0,
        0,
        0,
        0,
        0,
        0,
        0,
        0,
        0,
        0,
        0,
        0,
        0,
        0,
        0,
        0,
        0,
        0,
        0,
        0,
        0,
        0,
        0,
        0,
        0,
        0,
        0,
        0,
        0,
        0,
        0,
        0,
        0,
        0,
        0,
        0,
        0,
        0,
        0,
        0,
        0,
        0,
        0,
        0,
        0,
        0,
        0,
        0,
        0,
        0,
        0,
        0,
        0,
        0,
        0,
        0,
        0,
        0,
        0,
        0,
        0,
        0,
        0,
        0,
        0,
        0,
        0,
        0,
        0,
        0,
        0,
        0,
        0,
        0,
        0,
        0,
        0,
        0,
        0,
        0,
        0,
        0,
        0,
        0,
        0,
        0,
        0,
        0,
        0,
        0,
        0,
        0,
        0,
        0,
        0,
        0,
        0,
        0,
        0,
        0,
        0,
        0,
        0,
        0,
        0,
        0,
        0,
        0,
        0,
        0,
        0,
        0,
        0,
        0,
        0,
        0,
        0,
        0,
        0,
        0,
        0,
        0,
        0,
        0,
        0,
        0,
        0,
        0,
        0,
        0,
        0,
        0,
        0,
        0,
        0,
        0,
        0,
        0,
        0,
        0,
        0,
        0,
        0,
        0
    ],
    "creation_values": [
        0.988803453320141,
        0.988803453320141,
        0.988803453320141,
        0.988803453320141,
        0.988803453320141,
        0.988803453320141,
        0.988803453320141,
        0.988803453320141,
        0.988803453320141,
        0.988803453320141,
        0.988803453320141,
        0.988803453320141,
        0.988803453320141,
        0.988803453320141,
        0.988803453320141,
        0.988803453320141,
        0.988803453320141,
        0.988803453320141,
        0.988803453320141,
        0.988803453320141,
        0.988803453320141,
        0.988803453320141,
        0.988803453320141,
        0.988803453320141,
        0.988803453320141,
        0.988803453320141,
        0.988803453320141,
        0.988803453320141,
        0.988803453320141,
        0.988803453320141,
        0.988803453320141,
        0.988803453320141,
        0.988803453320141,
        0.988803453320141,
        0.988803453320141,
        0.988803453320141,
        0.988803453320141,
        0.988803453320141,
        0.988803453320141,
        0.988803453320141,
        0.988803453320141,
        0.988803453320141,
        0.988803453320141,
        0.988803453320141,
        0.988803453320141,
        0.988803453320141,
        0.988803453320141,
        0.988803453320141,
        0.988803453320141,
        0.988803453320141,
        0.988803453320141,
        0.988803453320141,
        0.988803453320141,
        0.988803453320141,
        0.988803453320141,
        0.988803453320141,
        0.988803453320141,
        0.988803453320141,
        0.988803453320141,
        0.988803453320141,
        0.988803453320141,
        0.988803453320141,
        0.988803453320141,
        0.988803453320141,
        0.988803453320141,
        0.988803453320141,
        0.988803453320141,
        0.988803453320141,
        0.988803453320141,
        0.988803453320141,
        0.988803453320141,
        0.988803453320141,
        0.988803453320141,
        0.988803453320141,
        0.988803453320141,
        0.988803453320141,
        0.988803453320141,
        0.988803453320141,
        0.988803453320141,
        0.988803453320141,
        0.988803453320141,
        0.988803453320141,
        0.988803453320141,
        0.988803453320141,
        0.988803453320141,
        0.988803453320141,
        0.988803453320141,
        0.988803453320141,
        0.988803453320141,
        0.988803453320141,
        0.988803453320141,
        0.988803453320141,
        0.988803453320141,
        0.988803453320141,
        0.988803453320141,
        0.988803453320141,
        0.988803453320141,
        0.988803453320141,
        0.988803453320141,
        0.988803453320141,
        0.988803453320141,
        0.988803453320141,
        0.988803453320141,
        0.988803453320141,
        0.988803453320141,
        0.988803453320141,
        0.988803453320141,
        0.988803453320141,
        0.988803453320141,
        0.988803453320141,
        0.988803453320141,
        0.988803453320141,
        0.988803453320141,
        0.988803453320141,
        0.988803453320141,
        0.988803453320141,
        0.988803453320141,
        0.988803453320141,
        0.988803453320141,
        0.988803453320141,
        0.988803453320141,
        0.988803453320141,
        0.988803453320141,
        0.988803453320141,
        0.988803453320141,
        0.988803453320141,
        0.988803453320141,
        0.988803453320141,
        0.988803453320141,
        0.988803453320141,
        0.988803453320141,
        0.988803453320141,
        0.988803453320141,
        0.988803453320141,
        0.988803453320141,
        0.988803453320141,
        0.988803453320141,
        0.988803453320141,
        0.988803453320141,
        0.988803453320141,
        0.988803453320141,
        0.988803453320141,
        0.988803453320141,
        0.988803453320141,
        0.988803453320141,
        0.988803453320141,
        0.988803453320141,
        0.988803453320141,
        0.988803453320141,
        0.988803453320141,
        0.988803453320141,
        0.988803453320141,
        0.988803453320141,
        0.988803453320141,
        0.988803453320141,
        0.988803453320141,
        0.988803453320141,
        0.988803453320141,
        0.988803453320141,
        0.988803453320141,
        0.988803453320141,
        0.988803453320141,
        0.988803453320141,
        0.988803453320141,
        0.988803453320141,
        0.988803453320141,
        0.988803453320141,
        0.988803453320141
    ],