{
    "dimensions": [
        0,
        0,
        0,
        0,
        0,
        0,
        0,
        0,
        0,
        0,
        0,
        0,
        0,
        0,
        0,
        0,
        0,
        0,
        0,
        0,
        0,
        0,
        0,
        0,
        0,
        0,
        0,
        0,
        0,
        0,
        0,
        0,
        0,
        0,
        0,
        0,
        0,
        0,
        0,
        0,
        0,
        0,
        0,
        0,
        0,
        0,
        0,
        0,
        0,
        0,
        0,
        0,
        0,
        0,
        0,
        0,
        0,
        0,
        0,
        0,
        0,
        0,
        0,
        0,
        0,
        0,
        0,
        0,
        0,
        0,
        0,
        0,
        0,
        0,
        0,
        0,
        0,
        0,
        0,
        0,
        0,
        0,
        0,
        0,
        0,
        0,
        0,
        0,
        0,
        0,
        0,
        0,
        0,
        0,
        0,
        0,
        0,
        0,
        0,
        0,
        0,
        0,
        0,
        0,
        0,
        0,
        0,
        0,
        0,
        0,
        0,
        0,
        0,
        0,
        0,
        0,
        0,
        0,
        0,
        0,
        0,
        0,
        0,
        0,
        0,
        0,
        0,
        0,
        0,
        0,
        0,
        0,
        0,
        0,
        0,
        0,
        0,
        0,
        0,
        0,
        0,
        0,
        0,
        0,
        0,
        0,
        0,
        0,
        0,
        0,
        0,
        0,
        0,
        0,
        0,
        0,
        0,
        0,
        0,
        0,
        0,
        0,
        0,
        0,
        0,
        0,
        0,
        0
    ],
    "creation_values": [
        0.9431642835529278,
        0.9431642835529278,
        0.9431642835529278,
        0.9431642835529278,
        0.9431642835529278,
        0.9431642835529278,
        0.9431642835529278,
        0.9431642835529278,
        0.9431642835529278,
        0.9431642835529278,
        0.9431642835529278,
        0.9431642835529278,
        0.9431642835529278,
        0.9431642835529278,
        0.9431642835529278,
        0.9431642835529278,
        0.9431642835529278,
        0.9431642835529278,
        0.9431642835529278,
        0.9431642835529278,
        0.9431642835529278,
        0.9431642835529278,
        0.9431642835529278,
        0.9431642835529278,
        0.9431642835529278,
        0.9431642835529278,
        0.9431642835529278,
        0.9431642835529278,
        0.9431642835529278,
        0.9431642835529278,
        0.9431642835529278,
        0.9431642835529278,
        0.9431642835529278,
        0.9431642835529278,
        0.9431642835529278,
        0.9431642835529278,
        0.9431642835529278,
        0.9431642835529278,
        0.9431642835529278,
        0.9431642835529278,
        0.9431642835529278,
        0.9431642835529278,
        0.9431642835529278,
        0.9431642835529278,
        0.9431642835529278,
        0.9431642835529278,
        0.9431642835529278,
        0.9431642835529278,
        0.9431642835529278,
        0.9431642835529278,
        0.9431642835529278,
        0.9431642835529278,
        0.9431642835529278,
        0.9431642835529278,
        0.9431642835529278,
        0.9431642835529278,
        0.9431642835529278,
        0.9431642835529278,
        0.9431642835529278,
        0.9431642835529278,
        0.9431642835529278,
        0.9431642835529278,
        0.9431642835529278,
        0.9431642835529278,
        0.9431642835529278,
        0.9431642835529278,
        0.9431642835529278,
        0.9431642835529278,
        0.9431642835529278,
        0.9431642835529278,
        0.9431642835529278,
        0.9431642835529278,
        0.9431642835529278,
        0.9431642835529278,
        0.9431642835529278,
        0.9431642835529278,
        0.9431642835529278,
        0.9431642835529278,
        0.9431642835529278,
        0.9431642835529278,
        0.9431642835529278,
        0.9431642835529278,
        0.9431642835529278,
        0.9431642835529278,
        0.9431642835529278,
        0.9431642835529278,
        0.9431642835529278,
        0.9431642835529278,
        0.9431642835529278,
        0.9431642835529278,
        0.9431642835529278,
        0.9431642835529278,
        0.9431642835529278,
        0.9431642835529278,
        0.9431642835529278,
        0.9431642835529278,
        0.9431642835529278,
        0.9431642835529278,
        0.9431642835529278,
        0.9431642835529278,
        0.9431642835529278,
        0.9431642835529278,
        0.9431642835529278,
        0.9431642835529278,
        0.9431642835529278,
        0.9431642835529278,
        0.9431642835529278,
        0.9431642835529278,
        0.9431642835529278,
        0.9431642835529278,
        0.9431642835529278,
        0.9431642835529278,
        0.9431642835529278,
        0.9431642835529278,
        0.9431642835529278,
        0.9431642835529278,
        0.9431642835529278,
        0.9431642835529278,
        0.9431642835529278,
        0.9431642835529278,
        0.9431642835529278,
        0.9431642835529278,
        0.9431642835529278,
        0.9431642835529278,
        0.9431642835529278,
        0.9431642835529278,
        0.9431642835529278,
        0.9431642835529278,
        0.9431642835529278,
        0.9431642835529278,
        0.9431642835529278,
        0.9431642835529278,
        0.9431642835529278,
        0.9431642835529278,
        0.9431642835529278,
        0.9431642835529278,
        0.9431642835529278,
        0.9431642835529278,
        0.9431642835529278,
        0.9431642835529278,
        0.9431642835529278,
        0.9431642835529278,
        0.9431642835529278,
        0.9431642835529278,
        0.9431642835529278,
        0.9431642835529278,
        0.9431642835529278,
        0.9431642835529278,
        0.9431642835529278,
        0.9431642835529278,
        0.9431642835529278,
        0.9431642835529278,
        0.9431642835529278,
        0.9431642835529278,
        0.9431642835529278,
        0.9431642835529278,
        0.9431642835529278,
        0.9431642835529278,
        0.9431642835529278,
        0.9431642835529278,
        0.9431642835529278,
        0.9431642835529278,
        0.9431642835529278,
        0.9431642835529278,
        0.9431642835529278,
        0.9431642835529278,
        0.9431642835529278,
        0.9431642835529278
    ],