{
    "dimensions": [
        0,
        0,
        0,
        0,
        0,
        0,
        0,
        0,
        0,
        0,
        0,
        0,
        0,
        0,
        0,
        0,
        0,
        0,
        0,
        0,
        0,
        0,
        0,
        0,
        0,
        0,
        0,
        0,
        0,
        0,
        0,
        0,
        0,
        0,
        0,
        0,
        0,
        0,
        0,
        0,
        0,
        0,
        0,
        0,
        0,
        0,
        0,
        0,
        0,
        0,
        0,
        0,
        0,
        0,
        0,
        0,
        0,
        0,
        0,
        0,
        0,
        0,
        0,
        0,
        0,
        0,
        0,
        0,
        0,
        0,
        0,
        0,
        0,
        0,
        0,
        0,
        0,
        0,
        0,
        0,
        0,
        0,
        0,
        0,
        0,
        0,
        0,
        0,
        0,
        0,
        0,
        0,
        0,
        0,
        0,
        0,
        0,
        0,
        0,
        0,
        0,
        0,
        0,
        0,
        0,
        0,
        0,
        0,
        0,
        0,
        0,
        0,
        0,
        0,
        0,
        0,
        0,
        0,
        0,
        0,
        0,
        0,
        0,
        0,
        0,
        0,
        0,
        0,
        0,
        0,
        0,
        0,
        0,
        0,
        0,
        0,
        0,
        0,
        0,
        0,
        0,
        0,
        0,
        0,
        0,
        0,
        0,
        0,
        0,
        0,
        0,
        0,
        0,
        0,
        0,
        0,
        0,
        0,
        0,
        0,
        0,
        0,
        0,
        0,
        0,
        0,
        0,
        0
    ],
    "creation_values": [
        0.8177576814420351,
        0.8177576814420351,
        0.8177576814420351,
        0.8177576814420351,
        0.8177576814420351,
        0.8177576814420351,
        0.8177576814420351,
        0.8177576814420351,
        0.8177576814420351,
        0.8177576814420351,
        0.8177576814420351,
        0.8177576814420351,
        0.8177576814420351,
        0.8177576814420351,
        0.8177576814420351,
        0.8177576814420351,
        0.8177576814420351,
        0.8177576814420351,
        0.8177576814420351,
        0.8177576814420351,
        0.8177576814420351,
        0.8177576814420351,
        0.8177576814420351,
        0.8177576814420351,
        0.8177576814420351,
        0.8177576814420351,
        0.8177576814420351,
        0.8177576814420351,
        0.8177576814420351,
        0.8177576814420351,
        0.8177576814420351,
        0.8177576814420351,
        0.8177576814420351,
        0.8177576814420351,
        0.8177576814420351,
        0.8177576814420351,
        0.8177576814420351,
        0.8177576814420351,
        0.8177576814420351,
        0.8177576814420351,
        0.8177576814420351,
        0.8177576814420351,
        0.8177576814420351,
        0.8177576814420351,
        0.8177576814420351,
        0.8177576814420351,
        0.8177576814420351,
        0.8177576814420351,
        0.8177576814420351,
        0.8177576814420351,
        0.8177576814420351,
        0.8177576814420351,
        0.8177576814420351,
        0.8177576814420351,
        0.8177576814420351,
        0.8177576814420351,
        0.8177576814420351,
        0.8177576814420351,
        0.8177576814420351,
        0.8177576814420351,
        0.8177576814420351,
        0.8177576814420351,
        0.8177576814420351,
        0.8177576814420351,
        0.8177576814420351,
        0.8177576814420351,
        0.8177576814420351,
        0.8177576814420351,
        0.8177576814420351,
        0.8177576814420351,
        0.8177576814420351,
        0.8177576814420351,
        0.8177576814420351,
        0.8177576814420351,
        0.8177576814420351,
        0.8177576814420351,
        0.8177576814420351,
        0.8177576814420351,
        0.8177576814420351,
        0.8177576814420351,
        0.8177576814420351,
        0.8177576814420351,
        0.8177576814420351,
        0.8177576814420351,
        0.8177576814420351,
        0.8177576814420351,
        0.8177576814420351,
        0.8177576814420351,
        0.8177576814420351,
        0.8177576814420351,
        0.8177576814420351,
        0.8177576814420351,
        0.8177576814420351,
        0.8177576814420351,
        0.8177576814420351,
        0.8177576814420351,
        0.8177576814420351,
        0.8177576814420351,
        0.8177576814420351,
        0.8177576814420351,
        0.8177576814420351,
        0.8177576814420351,
        0.8177576814420351,
        0.8177576814420351,
        0.8177576814420351,
        0.8177576814420351,
        0.8177576814420351,
        0.8177576814420351,
        0.8177576814420351,
        0.8177576814420351,
        0.8177576814420351,
        0.8177576814420351,
        0.8177576814420351,
        0.8177576814420351,
        0.8177576814420351,
        0.8177576814420351,
        0.8177576814420351,
        0.8177576814420351,
        0.8177576814420351,
        0.8177576814420351,
        0.8177576814420351,
        0.8177576814420351,
        0.8177576814420351,
        0.8177576814420351,
        0.8177576814420351,
        0.8177576814420351,
        0.8177576814420351,
        0.8177576814420351,
        0.8177576814420351,
        0.8177576814420351,
        0.8177576814420351,
        0.8177576814420351,
        0.8177576814420351,
        0.8177576814420351,
        0.8177576814420351,
        0.8177576814420351,
        0.8177576814420351,
        0.8177576814420351,
        0.8177576814420351,
        0.8177576814420351,
        0.8177576814420351,
        0.8177576814420351,
        0.8177576814420351,
        0.8177576814420351,
        0.8177576814420351,
        0.8177576814420351,
        0.8177576814420351,
        0.8177576814420351,
        0.8177576814420351,
        0.8177576814420351,
        0.8177576814420351,
        0.8177576814420351,
        0.8177576814420351,
        0.8177576814420351,
        0.8177576814420351,
        0.8177576814420351,
        0.8177576814420351,
        0.8177576814420351,
        0.8177576814420351,
        0.8177576814420351,
        0.8177576814420351,
        0.8177576814420351,
        0.8177576814420351,
        0.8177576814420351,
        0.8177576814420351,
        0.8177576814420351,
        0.8177576814420351,
        0.8177576814420351
    ],