{
    "dimensions": [
        0,
        0,
        0,
        0,
        0,
        0,
        0,
        0,
        0,
        0,
        0,
        0,
        0,
        0,
        0,
        0,
        0,
        0,
        0,
        0,
        0,
        0,
        0,
        0,
        0,
        0,
        0,
        0,
        0,
        0,
        0,
        0,
        0,
        0,
        0,
        0,
        0,
        0,
        0,
        0,
        0,
        0,
        0,
        0,
        0,
        0,
        0,
        0,
        0,
        0,
        0,
        0,
        0,
        0,
        0,
        0,
        0,
        0,
        0,
        0,
        0,
        0,
        0,
        0,
        0,
        0,
        0,
        0,
        0,
        0,
        0,
        0,
        0,
        0,
        0,
        0,
        0,
        0,
        0,
        0,
        0,
        0,
        0,
        0,
        0,
        0,
        0,
        0,
        0,
        0,
        0,
        0,
        0,
        0,
        0,
        0,
        0,
        0,
        0,
        0,
        0,
        0,
        0,
        0,
        0,
        0,
        0,
        0,
        0,
        0,
        0,
        0,
        0,
        0,
        0,
        0,
        0,
        0,
        0,
        0,
        0,
        0,
        0,
        0,
        0,
        0,
        0,
        0,
        0,
        0,
        0,
        0,
        0,
        0,
        0,
        0,
        0,
        0,
        0,
        0,
        0,
        0,
        0,
        0,
        0,
        0,
        0,
        0,
        0,
        0,
        0,
        0,
        0,
        0,
        0,
        0,
        0,
        0,
        0,
        0,
        0,
        0,
        0,
        0,
        0,
        0,
        0,
        0
    ],
    "creation_values": [
        0.9958896977486708,
        0.9958896977486708,
        0.9958896977486708,
        0.9958896977486708,
        0.9958896977486708,
        0.9958896977486708,
        0.9958896977486708,
        0.9958896977486708,
        0.9958896977486708,
        0.9958896977486708,
        0.9958896977486708,
        0.9958896977486708,
        0.9958896977486708,
        0.9958896977486708,
        0.9958896977486708,
        0.9958896977486708,
        0.9958896977486708,
        0.9958896977486708,
        0.9958896977486708,
        0.9958896977486708,
        0.9958896977486708,
        0.9958896977486708,
        0.9958896977486708,
        0.9958896977486708,
        0.9958896977486708,
        0.9958896977486708,
        0.9958896977486708,
        0.9958896977486708,
        0.9958896977486708,
        0.9958896977486708,
        0.9958896977486708,
        0.9958896977486708,
        0.9958896977486708,
        0.9958896977486708,
        0.9958896977486708,
        0.9958896977486708,
        0.9958896977486708,
        0.9958896977486708,
        0.9958896977486708,
        0.9958896977486708,
        0.9958896977486708,
        0.9958896977486708,
        0.9958896977486708,
        0.9958896977486708,
        0.9958896977486708,
        0.9958896977486708,
        0.9958896977486708,
        0.9958896977486708,
        0.9958896977486708,
        0.9958896977486708,
        0.9958896977486708,
        0.9958896977486708,
        0.9958896977486708,
        0.9958896977486708,
        0.9958896977486708,
        0.9958896977486708,
        0.9958896977486708,
        0.9958896977486708,
        0.9958896977486708,
        0.9958896977486708,
        0.9958896977486708,
        0.9958896977486708,
        0.9958896977486708,
        0.9958896977486708,
        0.9958896977486708,
        0.9958896977486708,
        0.9958896977486708,
        0.9958896977486708,
        0.9958896977486708,
        0.9958896977486708,
        0.9958896977486708,
        0.9958896977486708,
        0.9958896977486708,
        0.9958896977486708,
        0.9958896977486708,
        0.9958896977486708,
        0.9958896977486708,
        0.9958896977486708,
        0.9958896977486708,
        0.9958896977486708,
        0.9958896977486708,
        0.9958896977486708,
        0.9958896977486708,
        0.9958896977486708,
        0.9958896977486708,
        0.9958896977486708,
        0.9958896977486708,
        0.9958896977486708,
        0.9958896977486708,
        0.9958896977486708,
        0.9958896977486708,
        0.9958896977486708,
        0.9958896977486708,
        0.9958896977486708,
        0.9958896977486708,
        0.9958896977486708,
        0.9958896977486708,
        0.9958896977486708,
        0.9958896977486708,
        0.9958896977486708,
        0.9958896977486708,
        0.9958896977486708,
        0.9958896977486708,
        0.9958896977486708,
        0.9958896977486708,
        0.9958896977486708,
        0.9958896977486708,
        0.9958896977486708,
        0.9958896977486708,
        0.9958896977486708,
        0.9958896977486708,
        0.9958896977486708,
        0.9958896977486708,
        0.9958896977486708,
        0.9958896977486708,
        0.9958896977486708,
        0.9958896977486708,
        0.9958896977486708,
        0.9958896977486708,
        0.9958896977486708,
        0.9958896977486708,
        0.9958896977486708,
        0.9958896977486708,
        0.9958896977486708,
        0.9958896977486708,
        0.9958896977486708,
        0.9958896977486708,
        0.9958896977486708,
        0.9958896977486708,
        0.9958896977486708,
        0.9958896977486708,
        0.9958896977486708,
        0.9958896977486708,
        0.9958896977486708,
        0.9958896977486708,
        0.9958896977486708,
        0.9958896977486708,
        0.9958896977486708,
        0.9958896977486708,
        0.9958896977486708,
        0.9958896977486708,
        0.9958896977486708,
        0.9958896977486708,
        0.9958896977486708,
        0.9958896977486708,
        0.9958896977486708,
        0.9958896977486708,
        0.9958896977486708,
        0.9958896977486708,
        0.9958896977486708,
        0.9958896977486708,
        0.9958896977486708,
        0.9958896977486708,
        0.9958896977486708,
        0.9958896977486708,
        0.9958896977486708,
        0.9958896977486708,
        0.9958896977486708,
        0.9958896977486708,
        0.9958896977486708,
        0.9958896977486708,
        0.9958896977486708,
        0.9958896977486708,
        0.9958896977486708,
        0.9958896977486708,
        0.9958896977486708,
        0.9958896977486708,
        0.9958896977486708
    ],