{
    "dimensions": [
        0,
        0,
        0,
        0,
        0,
        0,
        0,
        0,
        0,
        0,
        0,
        0,
        0,
        0,
        0,
        0,
        0,
        0,
        0,
        0,
        0,
        0,
        0,
        0,
        0,
        0,
        0,
        0,
        0,
        0,
        0,
        0,
        0,
        0,
        0,
        0,
        0,
        0,
        0,
        0,
        0,
        0,
        0,
        0,
        0,
        0,
        0,
        0,
        0,
        0,
        0,
        0,
        0,
        0,
        0,
        0,
        0,
        0,
        0,
        0,
        0,
        0,
        0,
        0,
        0,
        0,
        0,
        0,
        0,
        0,
        0,
        0,
        0,
        0,
        0,
        0,
        0,
        0,
        0,
        0,
        0,
        0,
        0,
        0,
        0,
        0,
        0,
        0,
        0,
        0,
        0,
        0,
        0,
        0,
        0,
        0,
        0,
        0,
        0,
        0,
        0,
        0,
        0,
        0,
        0,
        0,
        0,
        0,
        0,
        0,
        0,
        0,
        0,
        0,
        0,
        0,
        0,
        0,
        0,
        0,
        0,
        0,
        0,
        0,
        0,
        0,
        0,
        0,
        0,
        0,
        0,
        0,
        0,
        0,
        0,
        0,
        0,
        0,
        0,
        0,
        0,
        0,
        0,
        0,
        0,
        0,
        0,
        0,
        0,
        0,
        0,
        0,
        0,
        0,
        0,
        0,
        0,
        0,
        0,
        0,
        0,
        0,
        0,
        0,
        0,
        0,
        0,
        0
    ],
    "creation_values": [
        0.7751682351553417,
        0.7751682351553417,
        0.7751682351553417,
        0.7751682351553417,
        0.7751682351553417,
        0.7751682351553417,
        0.7751682351553417,
        0.7751682351553417,
        0.7751682351553417,
        0.7751682351553417,
        0.7751682351553417,
        0.7751682351553417,
        0.7751682351553417,
        0.7751682351553417,
        0.7751682351553417,
        0.7751682351553417,
        0.7751682351553417,
        0.7751682351553417,
        0.7751682351553417,
        0.7751682351553417,
        0.7751682351553417,
        0.7751682351553417,
        0.7751682351553417,
        0.7751682351553417,
        0.7751682351553417,
        0.7751682351553417,
        0.7751682351553417,
        0.7751682351553417,
        0.7751682351553417,
        0.7751682351553417,
        0.7751682351553417,
        0.7751682351553417,
        0.7751682351553417,
        0.7751682351553417,
        0.7751682351553417,
        0.7751682351553417,
        0.7751682351553417,
        0.7751682351553417,
        0.7751682351553417,
        0.7751682351553417,
        0.7751682351553417,
        0.7751682351553417,
        0.7751682351553417,
        0.7751682351553417,
        0.7751682351553417,
        0.7751682351553417,
        0.7751682351553417,
        0.7751682351553417,
        0.7751682351553417,
        0.7751682351553417,
        0.7751682351553417,
        0.7751682351553417,
        0.7751682351553417,
        0.7751682351553417,
        0.7751682351553417,
        0.7751682351553417,
        0.7751682351553417,
        0.7751682351553417,
        0.7751682351553417,
        0.7751682351553417,
        0.7751682351553417,
        0.7751682351553417,
        0.7751682351553417,
        0.7751682351553417,
        0.7751682351553417,
        0.7751682351553417,
        0.7751682351553417,
        0.7751682351553417,
        0.7751682351553417,
        0.7751682351553417,
        0.7751682351553417,
        0.7751682351553417,
        0.7751682351553417,
        0.7751682351553417,
        0.7751682351553417,
        0.7751682351553417,
        0.7751682351553417,
        0.7751682351553417,
        0.7751682351553417,
        0.7751682351553417,
        0.7751682351553417,
        0.7751682351553417,
        0.7751682351553417,
        0.7751682351553417,
        0.7751682351553417,
        0.7751682351553417,
        0.7751682351553417,
        0.7751682351553417,
        0.7751682351553417,
        0.7751682351553417,
        0.7751682351553417,
        0.7751682351553417,
        0.7751682351553417,
        0.7751682351553417,
        0.7751682351553417,
        0.7751682351553417,
        0.7751682351553417,
        0.7751682351553417,
        0.7751682351553417,
        0.7751682351553417,
        0.7751682351553417,
        0.7751682351553417,
        0.7751682351553417,
        0.7751682351553417,
        0.7751682351553417,
        0.7751682351553417,
        0.7751682351553417,
        0.7751682351553417,
        0.7751682351553417,
        0.7751682351553417,
        0.7751682351553417,
        0.7751682351553417,
        0.7751682351553417,
        0.7751682351553417,
        0.7751682351553417,
        0.7751682351553417,
        0.7751682351553417,
        0.7751682351553417,
        0.7751682351553417,
        0.7751682351553417,
        0.7751682351553417,
        0.7751682351553417,
        0.7751682351553417,
        0.7751682351553417,
        0.7751682351553417,
        0.7751682351553417,
        0.7751682351553417,
        0.7751682351553417,
        0.7751682351553417,
        0.7751682351553417,
        0.7751682351553417,
        0.7751682351553417,
        0.7751682351553417,
        0.7751682351553417,
        0.7751682351553417,
        0.7751682351553417,
        0.7751682351553417,
        0.7751682351553417,
        0.7751682351553417,
        0.7751682351553417,
        0.7751682351553417,
        0.7751682351553417,
        0.7751682351553417,
        0.7751682351553417,
        0.7751682351553417,
        0.7751682351553417,
        0.7751682351553417,
        0.7751682351553417,
        0.7751682351553417,
        0.7751682351553417,
        0.7751682351553417,
        0.7751682351553417,
        0.7751682351553417,
        0.7751682351553417,
        0.7751682351553417,
        0.7751682351553417,
        0.7751682351553417,
        0.7751682351553417,
        0.7751682351553417,
        0.7751682351553417,
        0.7751682351553417,
        0.7751682351553417,
        0.7751682351553417,
        0.7751682351553417,
        0.7751682351553417,
        0.7751682351553417,
        0.7751682351553417,
        0.7751682351553417
    ],