{
    "dimensions": [
        0,
        0,
        0,
        0,
        0,
        0,
        0,
        0,
        0,
        0,
        0,
        0,
        0,
        0,
        0,
        0,
        0,
        0,
        0,
        0,
        0,
        0,
        0,
        0,
        0,
        0,
        0,
        0,
        0,
        0,
        0,
        0,
        0,
        0,
        0,
        0,
        0,
        0,
        0,
        0,
        0,
        0,
        0,
        0,
        0,
        0,
        0,
        0,
        0,
        0,
        0,
        0,
        0,
        0,
        0,
        0,
        0,
        0,
        0,
        0,
        0,
        0,
        0,
        0,
        0,
        0,
        0,
        0,
        0,
        0,
        0,
        0,
        0,
        0,
        0,
        0,
        0,
        0,
        0,
        0,
        0,
        0,
        0,
        0,
        0,
        0,
        0,
        0,
        0,
        0,
        0,
        0,
        0,
        0,
        0,
        0,
        0,
        0,
        0,
        0,
        0,
        0,
        0,
        0,
        0,
        0,
        0,
        0,
        0,
        0,
        0,
        0,
        0,
        0,
        0,
        0,
        0,
        0,
        0,
        0,
        0,
        0,
        0,
        0,
        0,
        0,
        0,
        0,
        0,
        0,
        0,
        0,
        0,
        0,
        0,
        0,
        0,
        0,
        0,
        0,
        0,
        0,
        0,
        0,
        0,
        0,
        0,
        0,
        0,
        0,
        0,
        0,
        0,
        0,
        0,
        0,
        0,
        0,
        0,
        0,
        0,
        0,
        0,
        0,
        0,
        0,
        0,
        0
    ],
    "creation_values": [
        0.9851556917876293,
        0.9851556917876293,
        0.9851556917876293,
        0.9851556917876293,
        0.9851556917876293,
        0.9851556917876293,
        0.9851556917876293,
        0.9851556917876293,
        0.9851556917876293,
        0.9851556917876293,
        0.9851556917876293,
        0.9851556917876293,
        0.9851556917876293,
        0.9851556917876293,
        0.9851556917876293,
        0.9851556917876293,
        0.9851556917876293,
        0.9851556917876293,
        0.9851556917876293,
        0.9851556917876293,
        0.9851556917876293,
        0.9851556917876293,
        0.9851556917876293,
        0.9851556917876293,
        0.9851556917876293,
        0.9851556917876293,
        0.9851556917876293,
        0.9851556917876293,
        0.9851556917876293,
        0.9851556917876293,
        0.9851556917876293,
        0.9851556917876293,
        0.9851556917876293,
        0.9851556917876293,
        0.9851556917876293,
        0.9851556917876293,
        0.9851556917876293,
        0.9851556917876293,
        0.9851556917876293,
        0.9851556917876293,
        0.9851556917876293,
        0.9851556917876293,
        0.9851556917876293,
        0.9851556917876293,
        0.9851556917876293,
        0.9851556917876293,
        0.9851556917876293,
        0.9851556917876293,
        0.9851556917876293,
        0.9851556917876293,
        0.9851556917876293,
        0.9851556917876293,
        0.9851556917876293,
        0.9851556917876293,
        0.9851556917876293,
        0.9851556917876293,
        0.9851556917876293,
        0.9851556917876293,
        0.9851556917876293,
        0.9851556917876293,
        0.9851556917876293,
        0.9851556917876293,
        0.9851556917876293,
        0.9851556917876293,
        0.9851556917876293,
        0.9851556917876293,
        0.9851556917876293,
        0.9851556917876293,
        0.9851556917876293,
        0.9851556917876293,
        0.9851556917876293,
        0.9851556917876293,
        0.9851556917876293,
        0.9851556917876293,
        0.9851556917876293,
        0.9851556917876293,
        0.9851556917876293,
        0.9851556917876293,
        0.9851556917876293,
        0.9851556917876293,
        0.9851556917876293,
        0.9851556917876293,
        0.9851556917876293,
        0.9851556917876293,
        0.9851556917876293,
        0.9851556917876293,
        0.9851556917876293,
        0.9851556917876293,
        0.9851556917876293,
        0.9851556917876293,
        0.9851556917876293,
        0.9851556917876293,
        0.9851556917876293,
        0.9851556917876293,
        0.9851556917876293,
        0.9851556917876293,
        0.9851556917876293,
        0.9851556917876293,
        0.9851556917876293,
        0.9851556917876293,
        0.9851556917876293,
        0.9851556917876293,
        0.9851556917876293,
        0.9851556917876293,
        0.9851556917876293,
        0.9851556917876293,
        0.9851556917876293,
        0.9851556917876293,
        0.9851556917876293,
        0.9851556917876293,
        0.9851556917876293,
        0.9851556917876293,
        0.9851556917876293,
        0.9851556917876293,
        0.9851556917876293,
        0.9851556917876293,
        0.9851556917876293,
        0.9851556917876293,
        0.9851556917876293,
        0.9851556917876293,
        0.9851556917876293,
        0.9851556917876293,
        0.9851556917876293,
        0.9851556917876293,
        0.9851556917876293,
        0.9851556917876293,
        0.9851556917876293,
        0.9851556917876293,
        0.9851556917876293,
        0.9851556917876293,
        0.9851556917876293,
        0.9851556917876293,
        0.9851556917876293,
        0.9851556917876293,
        0.9851556917876293,
        0.9851556917876293,
        0.9851556917876293,
        0.9851556917876293,
        0.9851556917876293,
        0.9851556917876293,
        0.9851556917876293,
        0.9851556917876293,
        0.9851556917876293,
        0.9851556917876293,
        0.9851556917876293,
        0.9851556917876293,
        0.9851556917876293,
        0.9851556917876293,
        0.9851556917876293,
        0.9851556917876293,
        0.9851556917876293,
        0.9851556917876293,
        0.9851556917876293,
        0.9851556917876293,
        0.9851556917876293,
        0.9851556917876293,
        0.9851556917876293,
        0.9851556917876293,
        0.9851556917876293,
        0.9851556917876293,
        0.9851556917876293,
        0.9851556917876293,
        0.9851556917876293,
        0.9851556917876293,
        0.9851556917876293,
        0.9851556917876293,
        0.9851556917876293,
        0.9851556917876293
    ],