{
    "dimensions": [
        0,
        0,
        0,
        0,
        0,
        0,
        0,
        0,
        0,
        0,
        0,
        0,
        0,
        0,
        0,
        0,
        0,
        0,
        0,
        0,
        0,
        0,
        0,
        0,
        0,
        0,
        0,
        0,
        0,
        0,
        0,
        0,
        0,
        0,
        0,
        0,
        0,
        0,
        0,
        0,
        0,
        0,
        0,
        0,
        0,
        0,
        0,
        0,
        0,
        0,
        0,
        0,
        0,
        0,
        0,
        0,
        0,
        0,
        0,
        0,
        0,
        0,
        0,
        0,
        0,
        0,
        0,
        0,
        0,
        0,
        0,
        0,
        0,
        0,
        0,
        0,
        0,
        0,
        0,
        0,
        0,
        0,
        0,
        0,
        0,
        0,
        0,
        0,
        0,
        0,
        0,
        0,
        0,
        0,
        0,
        0,
        0,
        0,
        0,
        0,
        0,
        0,
        0,
        0,
        0,
        0,
        0,
        0,
        0,
        0,
        0,
        0,
        0,
        0,
        0,
        0,
        0,
        0,
        0,
        0,
        0,
        0,
        0,
        0,
        0,
        0,
        0,
        0,
        0,
        0,
        0,
        0,
        0,
        0,
        0,
        0,
        0,
        0,
        0,
        0,
        0,
        0,
        0,
        0,
        0,
        0,
        0,
        0,
        0,
        0,
        0,
        0,
        0,
        0,
        0,
        0,
        0,
        0,
        0,
        0,
        0,
        0,
        0,
        0,
        0,
        0,
        0,
        0
    ],
    "creation_values": [
        0.9673605671891559,
        0.9673605671891559,
        0.9673605671891559,
        0.9673605671891559,
        0.9673605671891559,
        0.9673605671891559,
        0.9673605671891559,
        0.9673605671891559,
        0.9673605671891559,
        0.9673605671891559,
        0.9673605671891559,
        0.9673605671891559,
        0.9673605671891559,
        0.9673605671891559,
        0.9673605671891559,
        0.9673605671891559,
        0.9673605671891559,
        0.9673605671891559,
        0.9673605671891559,
        0.9673605671891559,
        0.9673605671891559,
        0.9673605671891559,
        0.9673605671891559,
        0.9673605671891559,
        0.9673605671891559,
        0.9673605671891559,
        0.9673605671891559,
        0.9673605671891559,
        0.9673605671891559,
        0.9673605671891559,
        0.9673605671891559,
        0.9673605671891559,
        0.9673605671891559,
        0.9673605671891559,
        0.9673605671891559,
        0.9673605671891559,
        0.9673605671891559,
        0.9673605671891559,
        0.9673605671891559,
        0.9673605671891559,
        0.9673605671891559,
        0.9673605671891559,
        0.9673605671891559,
        0.9673605671891559,
        0.9673605671891559,
        0.9673605671891559,
        0.9673605671891559,
        0.9673605671891559,
        0.9673605671891559,
        0.9673605671891559,
        0.9673605671891559,
        0.9673605671891559,
        0.9673605671891559,
        0.9673605671891559,
        0.9673605671891559,
        0.9673605671891559,
        0.9673605671891559,
        0.9673605671891559,
        0.9673605671891559,
        0.9673605671891559,
        0.9673605671891559,
        0.9673605671891559,
        0.9673605671891559,
        0.9673605671891559,
        0.9673605671891559,
        0.9673605671891559,
        0.9673605671891559,
        0.9673605671891559,
        0.9673605671891559,
        0.9673605671891559,
        0.9673605671891559,
        0.9673605671891559,
        0.9673605671891559,
        0.9673605671891559,
        0.9673605671891559,
        0.9673605671891559,
        0.9673605671891559,
        0.9673605671891559,
        0.9673605671891559,
        0.9673605671891559,
        0.9673605671891559,
        0.9673605671891559,
        0.9673605671891559,
        0.9673605671891559,
        0.9673605671891559,
        0.9673605671891559,
        0.9673605671891559,
        0.9673605671891559,
        0.9673605671891559,
        0.9673605671891559,
        0.9673605671891559,
        0.9673605671891559,
        0.9673605671891559,
        0.9673605671891559,
        0.9673605671891559,
        0.9673605671891559,
        0.9673605671891559,
        0.9673605671891559,
        0.9673605671891559,
        0.9673605671891559,
        0.9673605671891559,
        0.9673605671891559,
        0.9673605671891559,
        0.9673605671891559,
        0.9673605671891559,
        0.9673605671891559,
        0.9673605671891559,
        0.9673605671891559,
        0.9673605671891559,
        0.9673605671891559,
        0.9673605671891559,
        0.9673605671891559,
        0.9673605671891559,
        0.9673605671891559,
        0.9673605671891559,
        0.9673605671891559,
        0.9673605671891559,
        0.9673605671891559,
        0.9673605671891559,
        0.9673605671891559,
        0.9673605671891559,
        0.9673605671891559,
        0.9673605671891559,
        0.9673605671891559,
        0.9673605671891559,
        0.9673605671891559,
        0.9673605671891559,
        0.9673605671891559,
        0.9673605671891559,
        0.9673605671891559,
        0.9673605671891559,
        0.9673605671891559,
        0.9673605671891559,
        0.9673605671891559,
        0.9673605671891559,
        0.9673605671891559,
        0.9673605671891559,
        0.9673605671891559,
        0.9673605671891559,
        0.9673605671891559,
        0.9673605671891559,
        0.9673605671891559,
        0.9673605671891559,
        0.9673605671891559,
        0.9673605671891559,
        0.9673605671891559,
        0.9673605671891559,
        0.9673605671891559,
        0.9673605671891559,
        0.9673605671891559,
        0.9673605671891559,
        0.9673605671891559,
        0.9673605671891559,
        0.9673605671891559,
        0.9673605671891559,
        0.9673605671891559,
        0.9673605671891559,
        0.9673605671891559,
        0.9673605671891559,
        0.9673605671891559,
        0.9673605671891559,
        0.9673605671891559,
        0.9673605671891559,
        0.9673605671891559,
        0.9673605671891559,
        0.9673605671891559,
        0.9673605671891559,
        0.9673605671891559
    ],