{
    "dimensions": [
        0,
        0,
        0,
        0,
        0,
        0,
        0,
        0,
        0,
        0,
        0,
        0,
        0,
        0,
        0,
        0,
        0,
        0,
        0,
        0,
        0,
        0,
        0,
        0,
        0,
        0,
        0,
        0,
        0,
        0,
        0,
        0,
        0,
        0,
        0,
        0,
        0,
        0,
        0,
        0,
        0,
        0,
        0,
        0,
        0,
        0,
        0,
        0,
        0,
        0,
        0,
        0,
        0,
        0,
        0,
        0,
        0,
        0,
        0,
        0,
        0,
        0,
        0,
        0,
        0,
        0,
        0,
        0,
        0,
        0,
        0,
        0,
        0,
        0,
        0,
        0,
        0,
        0,
        0,
        0,
        0,
        0,
        0,
        0,
        0,
        0,
        0,
        0,
        0,
        0,
        0,
        0,
        0,
        0,
        0,
        0,
        0,
        0,
        0,
        0,
        0,
        0,
        0,
        0,
        0,
        0,
        0,
        0,
        0,
        0,
        0,
        0,
        0,
        0,
        0,
        0,
        0,
        0,
        0,
        0,
        0,
        0,
        0,
        0,
        0,
        0,
        0,
        0,
        0,
        0,
        0,
        0,
        0,
        0,
        0,
        0,
        0,
        0,
        0,
        0,
        0,
        0,
        0,
        0,
        0,
        0,
        0,
        0,
        0,
        0,
        0,
        0,
        0,
        0,
        0,
        0,
        0,
        0,
        0,
        0,
        0,
        0,
        0,
        0,
        0,
        0,
        0,
        0
    ],
    "creation_values": [
        0.9974373250555568,
        0.9974373250555568,
        0.9974373250555568,
        0.9974373250555568,
        0.9974373250555568,
        0.9974373250555568,
        0.9974373250555568,
        0.9974373250555568,
        0.9974373250555568,
        0.9974373250555568,
        0.9974373250555568,
        0.9974373250555568,
        0.9974373250555568,
        0.9974373250555568,
        0.9974373250555568,
        0.9974373250555568,
        0.9974373250555568,
        0.9974373250555568,
        0.9974373250555568,
        0.9974373250555568,
        0.9974373250555568,
        0.9974373250555568,
        0.9974373250555568,
        0.9974373250555568,
        0.9974373250555568,
        0.9974373250555568,
        0.9974373250555568,
        0.9974373250555568,
        0.9974373250555568,
        0.9974373250555568,
        0.9974373250555568,
        0.9974373250555568,
        0.9974373250555568,
        0.9974373250555568,
        0.9974373250555568,
        0.9974373250555568,
        0.9974373250555568,
        0.9974373250555568,
        0.9974373250555568,
        0.9974373250555568,
        0.9974373250555568,
        0.9974373250555568,
        0.9974373250555568,
        0.9974373250555568,
        0.9974373250555568,
        0.9974373250555568,
        0.9974373250555568,
        0.9974373250555568,
        0.9974373250555568,
        0.9974373250555568,
        0.9974373250555568,
        0.9974373250555568,
        0.9974373250555568,
        0.9974373250555568,
        0.9974373250555568,
        0.9974373250555568,
        0.9974373250555568,
        0.9974373250555568,
        0.9974373250555568,
        0.9974373250555568,
        0.9974373250555568,
        0.9974373250555568,
        0.9974373250555568,
        0.9974373250555568,
        0.9974373250555568,
        0.9974373250555568,
        0.9974373250555568,
        0.9974373250555568,
        0.9974373250555568,
        0.9974373250555568,
        0.9974373250555568,
        0.9974373250555568,
        0.9974373250555568,
        0.9974373250555568,
        0.9974373250555568,
        0.9974373250555568,
        0.9974373250555568,
        0.9974373250555568,
        0.9974373250555568,
        0.9974373250555568,
        0.9974373250555568,
        0.9974373250555568,
        0.9974373250555568,
        0.9974373250555568,
        0.9974373250555568,
        0.9974373250555568,
        0.9974373250555568,
        0.9974373250555568,
        0.9974373250555568,
        0.9974373250555568,
        0.9974373250555568,
        0.9974373250555568,
        0.9974373250555568,
        0.9974373250555568,
        0.9974373250555568,
        0.9974373250555568,
        0.9974373250555568,
        0.9974373250555568,
        0.9974373250555568,
        0.9974373250555568,
        0.9974373250555568,
        0.9974373250555568,
        0.9974373250555568,
        0.9974373250555568,
        0.9974373250555568,
        0.9974373250555568,
        0.9974373250555568,
        0.9974373250555568,
        0.9974373250555568,
        0.9974373250555568,
        0.9974373250555568,
        0.9974373250555568,
        0.9974373250555568,
        0.9974373250555568,
        0.9974373250555568,
        0.9974373250555568,
        0.9974373250555568,
        0.9974373250555568,
        0.9974373250555568,
        0.9974373250555568,
        0.9974373250555568,
        0.9974373250555568,
        0.9974373250555568,
        0.9974373250555568,
        0.9974373250555568,
        0.9974373250555568,
        0.9974373250555568,
        0.9974373250555568,
        0.9974373250555568,
        0.9974373250555568,
        0.9974373250555568,
        0.9974373250555568,
        0.9974373250555568,
        0.9974373250555568,
        0.9974373250555568,
        0.9974373250555568,
        0.9974373250555568,
        0.9974373250555568,
        0.9974373250555568,
        0.9974373250555568,
        0.9974373250555568,
        0.9974373250555568,
        0.9974373250555568,
        0.9974373250555568,
        0.9974373250555568,
        0.9974373250555568,
        0.9974373250555568,
        0.9974373250555568,
        0.9974373250555568,
        0.9974373250555568,
        0.9974373250555568,
        0.9974373250555568,
        0.9974373250555568,
        0.9974373250555568,
        0.9974373250555568,
        0.9974373250555568,
        0.9974373250555568,
        0.9974373250555568,
        0.9974373250555568,
        0.9974373250555568,
        0.9974373250555568,
        0.9974373250555568,
        0.9974373250555568,
        0.9974373250555568,
        0.9974373250555568,
        0.9974373250555568,
        0.9974373250555568,
        0.9974373250555568
    ],