{
    "dimensions": [
        0,
        0,
        0,
        0,
        0,
        0,
        0,
        0,
        0,
        0,
        0,
        0,
        0,
        0,
        0,
        0,
        0,
        0,
        0,
        0,
        0,
        0,
        0,
        0,
        0,
        0,
        0,
        0,
        0,
        0,
        0,
        0,
        0,
        0,
        0,
        0,
        0,
        0,
        0,
        0,
        0,
        0,
        0,
        0,
        0,
        0,
        0,
        0,
        0,
        0,
        0,
        0,
        0,
        0,
        0,
        0,
        0,
        0,
        0,
        0,
        0,
        0,
        0,
        0,
        0,
        0,
        0,
        0,
        0,
        0,
        0,
        0,
        0,
        0,
        0,
        0,
        0,
        0,
        0,
        0,
        0,
        0,
        0,
        0,
        0,
        0,
        0,
        0,
        0,
        0,
        0,
        0,
        0,
        0,
        0,
        0,
        0,
        0,
        0,
        0,
        0,
        0,
        0,
        0,
        0,
        0,
        0,
        0,
        0,
        0,
        0,
        0,
        0,
        0,
        0,
        0,
        0,
        0,
        0,
        0,
        0,
        0,
        0,
        0,
        0,
        0,
        0,
        0,
        0,
        0,
        0,
        0,
        0,
        0,
        0,
        0,
        0,
        0,
        0,
        0,
        0,
        0,
        0,
        0,
        0,
        0,
        0,
        0,
        0,
        0,
        0,
        0,
        0,
        0,
        0,
        0,
        0,
        0,
        0,
        0,
        0,
        0,
        0,
        0,
        0,
        0,
        0,
        0
    ],
    "creation_values": [
        0.9867485290058033,
        0.9867485290058033,
        0.9867485290058033,
        0.9867485290058033,
        0.9867485290058033,
        0.9867485290058033,
        0.9867485290058033,
        0.9867485290058033,
        0.9867485290058033,
        0.9867485290058033,
        0.9867485290058033,
        0.9867485290058033,
        0.9867485290058033,
        0.9867485290058033,
        0.9867485290058033,
        0.9867485290058033,
        0.9867485290058033,
        0.9867485290058033,
        0.9867485290058033,
        0.9867485290058033,
        0.9867485290058033,
        0.9867485290058033,
        0.9867485290058033,
        0.9867485290058033,
        0.9867485290058033,
        0.9867485290058033,
        0.9867485290058033,
        0.9867485290058033,
        0.9867485290058033,
        0.9867485290058033,
        0.9867485290058033,
        0.9867485290058033,
        0.9867485290058033,
        0.9867485290058033,
        0.9867485290058033,
        0.9867485290058033,
        0.9867485290058033,
        0.9867485290058033,
        0.9867485290058033,
        0.9867485290058033,
        0.9867485290058033,
        0.9867485290058033,
        0.9867485290058033,
        0.9867485290058033,
        0.9867485290058033,
        0.9867485290058033,
        0.9867485290058033,
        0.9867485290058033,
        0.9867485290058033,
        0.9867485290058033,
        0.9867485290058033,
        0.9867485290058033,
        0.9867485290058033,
        0.9867485290058033,
        0.9867485290058033,
        0.9867485290058033,
        0.9867485290058033,
        0.9867485290058033,
        0.9867485290058033,
        0.9867485290058033,
        0.9867485290058033,
        0.9867485290058033,
        0.9867485290058033,
        0.9867485290058033,
        0.9867485290058033,
        0.9867485290058033,
        0.9867485290058033,
        0.9867485290058033,
        0.9867485290058033,
        0.9867485290058033,
        0.9867485290058033,
        0.9867485290058033,
        0.9867485290058033,
        0.9867485290058033,
        0.9867485290058033,
        0.9867485290058033,
        0.9867485290058033,
        0.9867485290058033,
        0.9867485290058033,
        0.9867485290058033,
        0.9867485290058033,
        0.9867485290058033,
        0.9867485290058033,
        0.9867485290058033,
        0.9867485290058033,
        0.9867485290058033,
        0.9867485290058033,
        0.9867485290058033,
        0.9867485290058033,
        0.9867485290058033,
        0.9867485290058033,
        0.9867485290058033,
        0.9867485290058033,
        0.9867485290058033,
        0.9867485290058033,
        0.9867485290058033,
        0.9867485290058033,
        0.9867485290058033,
        0.9867485290058033,
        0.9867485290058033,
        0.9867485290058033,
        0.9867485290058033,
        0.9867485290058033,
        0.9867485290058033,
        0.9867485290058033,
        0.9867485290058033,
        0.9867485290058033,
        0.9867485290058033,
        0.9867485290058033,
        0.9867485290058033,
        0.9867485290058033,
        0.9867485290058033,
        0.9867485290058033,
        0.9867485290058033,
        0.9867485290058033,
        0.9867485290058033,
        0.9867485290058033,
        0.9867485290058033,
        0.9867485290058033,
        0.9867485290058033,
        0.9867485290058033,
        0.9867485290058033,
        0.9867485290058033,
        0.9867485290058033,
        0.9867485290058033,
        0.9867485290058033,
        0.9867485290058033,
        0.9867485290058033,
        0.9867485290058033,
        0.9867485290058033,
        0.9867485290058033,
        0.9867485290058033,
        0.9867485290058033,
        0.9867485290058033,
        0.9867485290058033,
        0.9867485290058033,
        0.9867485290058033,
        0.9867485290058033,
        0.9867485290058033,
        0.9867485290058033,
        0.9867485290058033,
        0.9867485290058033,
        0.9867485290058033,
        0.9867485290058033,
        0.9867485290058033,
        0.9867485290058033,
        0.9867485290058033,
        0.9867485290058033,
        0.9867485290058033,
        0.9867485290058033,
        0.9867485290058033,
        0.9867485290058033,
        0.9867485290058033,
        0.9867485290058033,
        0.9867485290058033,
        0.9867485290058033,
        0.9867485290058033,
        0.9867485290058033,
        0.9867485290058033,
        0.9867485290058033,
        0.9867485290058033,
        0.9867485290058033,
        0.9867485290058033,
        0.9867485290058033,
        0.9867485290058033,
        0.9867485290058033,
        0.9867485290058033,
        0.9867485290058033
    ],