{
    "dimensions": [
        0,
        0,
        0,
        0,
        0,
        0,
        0,
        0,
        0,
        0,
        0,
        0,
        0,
        0,
        0,
        0,
        0,
        0,
        0,
        0,
        0,
        0,
        0,
        0,
        0,
        0,
        0,
        0,
        0,
        0,
        0,
        0,
        0,
        0,
        0,
        0,
        0,
        0,
        0,
        0,
        0,
        0,
        0,
        0,
        0,
        0,
        0,
        0,
        0,
        0,
        0,
        0,
        0,
        0,
        0,
        0,
        0,
        0,
        0,
        0,
        0,
        0,
        0,
        0,
        0,
        0,
        0,
        0,
        0,
        0,
        0,
        0,
        0,
        0,
        0,
        0,
        0,
        0,
        0,
        0,
        0,
        0,
        0,
        0,
        0,
        0,
        0,
        0,
        0,
        0,
        0,
        0,
        0,
        0,
        0,
        0,
        0,
        0,
        0,
        0,
        0,
        0,
        0,
        0,
        0,
        0,
        0,
        0,
        0,
        0,
        0,
        0,
        0,
        0,
        0,
        0,
        0,
        0,
        0,
        0,
        0,
        0,
        0,
        0,
        0,
        0,
        0,
        0,
        0,
        0,
        0,
        0,
        0,
        0,
        0,
        0,
        0,
        0,
        0,
        0,
        0,
        0,
        0,
        0,
        0,
        0,
        0,
        0,
        0,
        0,
        0,
        0,
        0,
        0,
        0,
        0,
        0,
        0,
        0,
        0,
        0,
        0,
        0,
        0,
        0,
        0,
        0,
        0
    ],
    "creation_values": [
        0.9839711548382957,
        0.9839711548382957,
        0.9839711548382957,
        0.9839711548382957,
        0.9839711548382957,
        0.9839711548382957,
        0.9839711548382957,
        0.9839711548382957,
        0.9839711548382957,
        0.9839711548382957,
        0.9839711548382957,
        0.9839711548382957,
        0.9839711548382957,
        0.9839711548382957,
        0.9839711548382957,
        0.9839711548382957,
        0.9839711548382957,
        0.9839711548382957,
        0.9839711548382957,
        0.9839711548382957,
        0.9839711548382957,
        0.9839711548382957,
        0.9839711548382957,
        0.9839711548382957,
        0.9839711548382957,
        0.9839711548382957,
        0.9839711548382957,
        0.9839711548382957,
        0.9839711548382957,
        0.9839711548382957,
        0.9839711548382957,
        0.9839711548382957,
        0.9839711548382957,
        0.9839711548382957,
        0.9839711548382957,
        0.9839711548382957,
        0.9839711548382957,
        0.9839711548382957,
        0.9839711548382957,
        0.9839711548382957,
        0.9839711548382957,
        0.9839711548382957,
        0.9839711548382957,
        0.9839711548382957,
        0.9839711548382957,
        0.9839711548382957,
        0.9839711548382957,
        0.9839711548382957,
        0.9839711548382957,
        0.9839711548382957,
        0.9839711548382957,
        0.9839711548382957,
        0.9839711548382957,
        0.9839711548382957,
        0.9839711548382957,
        0.9839711548382957,
        0.9839711548382957,
        0.9839711548382957,
        0.9839711548382957,
        0.9839711548382957,
        0.9839711548382957,
        0.9839711548382957,
        0.9839711548382957,
        0.9839711548382957,
        0.9839711548382957,
        0.9839711548382957,
        0.9839711548382957,
        0.9839711548382957,
        0.9839711548382957,
        0.9839711548382957,
        0.9839711548382957,
        0.9839711548382957,
        0.9839711548382957,
        0.9839711548382957,
        0.9839711548382957,
        0.9839711548382957,
        0.9839711548382957,
        0.9839711548382957,
        0.9839711548382957,
        0.9839711548382957,
        0.9839711548382957,
        0.9839711548382957,
        0.9839711548382957,
        0.9839711548382957,
        0.9839711548382957,
        0.9839711548382957,
        0.9839711548382957,
        0.9839711548382957,
        0.9839711548382957,
        0.9839711548382957,
        0.9839711548382957,
        0.9839711548382957,
        0.9839711548382957,
        0.9839711548382957,
        0.9839711548382957,
        0.9839711548382957,
        0.9839711548382957,
        0.9839711548382957,
        0.9839711548382957,
        0.9839711548382957,
        0.9839711548382957,
        0.9839711548382957,
        0.9839711548382957,
        0.9839711548382957,
        0.9839711548382957,
        0.9839711548382957,
        0.9839711548382957,
        0.9839711548382957,
        0.9839711548382957,
        0.9839711548382957,
        0.9839711548382957,
        0.9839711548382957,
        0.9839711548382957,
        0.9839711548382957,
        0.9839711548382957,
        0.9839711548382957,
        0.9839711548382957,
        0.9839711548382957,
        0.9839711548382957,
        0.9839711548382957,
        0.9839711548382957,
        0.9839711548382957,
        0.9839711548382957,
        0.9839711548382957,
        0.9839711548382957,
        0.9839711548382957,
        0.9839711548382957,
        0.9839711548382957,
        0.9839711548382957,
        0.9839711548382957,
        0.9839711548382957,
        0.9839711548382957,
        0.9839711548382957,
        0.9839711548382957,
        0.9839711548382957,
        0.9839711548382957,
        0.9839711548382957,
        0.9839711548382957,
        0.9839711548382957,
        0.9839711548382957,
        0.9839711548382957,
        0.9839711548382957,
        0.9839711548382957,
        0.9839711548382957,
        0.9839711548382957,
        0.9839711548382957,
        0.9839711548382957,
        0.9839711548382957,
        0.9839711548382957,
        0.9839711548382957,
        0.9839711548382957,
        0.9839711548382957,
        0.9839711548382957,
        0.9839711548382957,
        0.9839711548382957,
        0.9839711548382957,
        0.9839711548382957,
        0.9839711548382957,
        0.9839711548382957,
        0.9839711548382957,
        0.9839711548382957,
        0.9839711548382957,
        0.9839711548382957,
        0.9839711548382957,
        0.9839711548382957,
        0.9839711548382957,
        0.9839711548382957,
        0.9839711548382957
    ],