{
    "dimensions": [
        0,
        0,
        0,
        0,
        0,
        0,
        0,
        0,
        0,
        0,
        0,
        0,
        0,
        0,
        0,
        0,
        0,
        0,
        0,
        0,
        0,
        0,
        0,
        0,
        0,
        0,
        0,
        0,
        0,
        0,
        0,
        0,
        0,
        0,
        0,
        0,
        0,
        0,
        0,
        0,
        0,
        0,
        0,
        0,
        0,
        0,
        0,
        0,
        0,
        0,
        0,
        0,
        0,
        0,
        0,
        0,
        0,
        0,
        0,
        0,
        0,
        0,
        0,
        0,
        0,
        0,
        0,
        0,
        0,
        0,
        0,
        0,
        0,
        0,
        0,
        0,
        0,
        0,
        0,
        0,
        0,
        0,
        0,
        0,
        0,
        0,
        0,
        0,
        0,
        0,
        0,
        0,
        0,
        0,
        0,
        0,
        0,
        0,
        0,
        0,
        0,
        0,
        0,
        0,
        0,
        0,
        0,
        0,
        0,
        0,
        0,
        0,
        0,
        0,
        0,
        0,
        0,
        0,
        0,
        0,
        0,
        0,
        0,
        0,
        0,
        0,
        0,
        0,
        0,
        0,
        0,
        0,
        0,
        0,
        0,
        0,
        0,
        0,
        0,
        0,
        0,
        0,
        0,
        0,
        0,
        0,
        0,
        0,
        0,
        0,
        0,
        0,
        0,
        0,
        0,
        0,
        0,
        0,
        0,
        0,
        0,
        0,
        0,
        0,
        0,
        0,
        0,
        0
    ],
    "creation_values": [
        0.9733547686895326,
        0.9733547686895326,
        0.9733547686895326,
        0.9733547686895326,
        0.9733547686895326,
        0.9733547686895326,
        0.9733547686895326,
        0.9733547686895326,
        0.9733547686895326,
        0.9733547686895326,
        0.9733547686895326,
        0.9733547686895326,
        0.9733547686895326,
        0.9733547686895326,
        0.9733547686895326,
        0.9733547686895326,
        0.9733547686895326,
        0.9733547686895326,
        0.9733547686895326,
        0.9733547686895326,
        0.9733547686895326,
        0.9733547686895326,
        0.9733547686895326,
        0.9733547686895326,
        0.9733547686895326,
        0.9733547686895326,
        0.9733547686895326,
        0.9733547686895326,
        0.9733547686895326,
        0.9733547686895326,
        0.9733547686895326,
        0.9733547686895326,
        0.9733547686895326,
        0.9733547686895326,
        0.9733547686895326,
        0.9733547686895326,
        0.9733547686895326,
        0.9733547686895326,
        0.9733547686895326,
        0.9733547686895326,
        0.9733547686895326,
        0.9733547686895326,
        0.9733547686895326,
        0.9733547686895326,
        0.9733547686895326,
        0.9733547686895326,
        0.9733547686895326,
        0.9733547686895326,
        0.9733547686895326,
        0.9733547686895326,
        0.9733547686895326,
        0.9733547686895326,
        0.9733547686895326,
        0.9733547686895326,
        0.9733547686895326,
        0.9733547686895326,
        0.9733547686895326,
        0.9733547686895326,
        0.9733547686895326,
        0.9733547686895326,
        0.9733547686895326,
        0.9733547686895326,
        0.9733547686895326,
        0.9733547686895326,
        0.9733547686895326,
        0.9733547686895326,
        0.9733547686895326,
        0.9733547686895326,
        0.9733547686895326,
        0.9733547686895326,
        0.9733547686895326,
        0.9733547686895326,
        0.9733547686895326,
        0.9733547686895326,
        0.9733547686895326,
        0.9733547686895326,
        0.9733547686895326,
        0.9733547686895326,
        0.9733547686895326,
        0.9733547686895326,
        0.9733547686895326,
        0.9733547686895326,
        0.9733547686895326,
        0.9733547686895326,
        0.9733547686895326,
        0.9733547686895326,
        0.9733547686895326,
        0.9733547686895326,
        0.9733547686895326,
        0.9733547686895326,
        0.9733547686895326,
        0.9733547686895326,
        0.9733547686895326,
        0.9733547686895326,
        0.9733547686895326,
        0.9733547686895326,
        0.9733547686895326,
        0.9733547686895326,
        0.9733547686895326,
        0.9733547686895326,
        0.9733547686895326,
        0.9733547686895326,
        0.9733547686895326,
        0.9733547686895326,
        0.9733547686895326,
        0.9733547686895326,
        0.9733547686895326,
        0.9733547686895326,
        0.9733547686895326,
        0.9733547686895326,
        0.9733547686895326,
        0.9733547686895326,
        0.9733547686895326,
        0.9733547686895326,
        0.9733547686895326,
        0.9733547686895326,
        0.9733547686895326,
        0.9733547686895326,
        0.9733547686895326,
        0.9733547686895326,
        0.9733547686895326,
        0.9733547686895326,
        0.9733547686895326,
        0.9733547686895326,
        0.9733547686895326,
        0.9733547686895326,
        0.9733547686895326,
        0.9733547686895326,
        0.9733547686895326,
        0.9733547686895326,
        0.9733547686895326,
        0.9733547686895326,
        0.9733547686895326,
        0.9733547686895326,
        0.9733547686895326,
        0.9733547686895326,
        0.9733547686895326,
        0.9733547686895326,
        0.9733547686895326,
        0.9733547686895326,
        0.9733547686895326,
        0.9733547686895326,
        0.9733547686895326,
        0.9733547686895326,
        0.9733547686895326,
        0.9733547686895326,
        0.9733547686895326,
        0.9733547686895326,
        0.9733547686895326,
        0.9733547686895326,
        0.9733547686895326,
        0.9733547686895326,
        0.9733547686895326,
        0.9733547686895326,
        0.9733547686895326,
        0.9733547686895326,
        0.9733547686895326,
        0.9733547686895326,
        0.9733547686895326,
        0.9733547686895326,
        0.9733547686895326,
        0.9733547686895326,
        0.9733547686895326,
        0.9733547686895326,
        0.9733547686895326,
        0.9733547686895326,
        0.9733547686895326,
        0.9733547686895326
    ],