{
    "dimensions": [
        0,
        0,
        0,
        0,
        0,
        0,
        0,
        0,
        0,
        0,
        0,
        0,
        0,
        0,
        0,
        0,
        0,
        0,
        0,
        0,
        0,
        0,
        0,
        0,
        0,
        0,
        0,
        0,
        0,
        0,
        0,
        0,
        0,
        0,
        0,
        0,
        0,
        0,
        0,
        0,
        0,
        0,
        0,
        0,
        0,
        0,
        0,
        0,
        0,
        0,
        0,
        0,
        0,
        0,
        0,
        0,
        0,
        0,
        0,
        0,
        0,
        0,
        0,
        0,
        0,
        0,
        0,
        0,
        0,
        0,
        0,
        0,
        0,
        0,
        0,
        0,
        0,
        0,
        0,
        0,
        0,
        0,
        0,
        0,
        0,
        0,
        0,
        0,
        0,
        0,
        0,
        0,
        0,
        0,
        0,
        0,
        0,
        0,
        0,
        0,
        0,
        0,
        0,
        0,
        0,
        0,
        0,
        0,
        0,
        0,
        0,
        0,
        0,
        0,
        0,
        0,
        0,
        0,
        0,
        0,
        0,
        0,
        0,
        0,
        0,
        0,
        0,
        0,
        0,
        0,
        0,
        0,
        0,
        0,
        0,
        0,
        0,
        0,
        0,
        0,
        0,
        0,
        0,
        0,
        0,
        0,
        0,
        0,
        0,
        0,
        0,
        0,
        0,
        0,
        0,
        0,
        0,
        0,
        0,
        0,
        0,
        0,
        0,
        0,
        0,
        0,
        0,
        0
    ],
    "creation_values": [
        0.9945731088605706,
        0.9945731088605706,
        0.9945731088605706,
        0.9945731088605706,
        0.9945731088605706,
        0.9945731088605706,
        0.9945731088605706,
        0.9945731088605706,
        0.9945731088605706,
        0.9945731088605706,
        0.9945731088605706,
        0.9945731088605706,
        0.9945731088605706,
        0.9945731088605706,
        0.9945731088605706,
        0.9945731088605706,
        0.9945731088605706,
        0.9945731088605706,
        0.9945731088605706,
        0.9945731088605706,
        0.9945731088605706,
        0.9945731088605706,
        0.9945731088605706,
        0.9945731088605706,
        0.9945731088605706,
        0.9945731088605706,
        0.9945731088605706,
        0.9945731088605706,
        0.9945731088605706,
        0.9945731088605706,
        0.9945731088605706,
        0.9945731088605706,
        0.9945731088605706,
        0.9945731088605706,
        0.9945731088605706,
        0.9945731088605706,
        0.9945731088605706,
        0.9945731088605706,
        0.9945731088605706,
        0.9945731088605706,
        0.9945731088605706,
        0.9945731088605706,
        0.9945731088605706,
        0.9945731088605706,
        0.9945731088605706,
        0.9945731088605706,
        0.9945731088605706,
        0.9945731088605706,
        0.9945731088605706,
        0.9945731088605706,
        0.9945731088605706,
        0.9945731088605706,
        0.9945731088605706,
        0.9945731088605706,
        0.9945731088605706,
        0.9945731088605706,
        0.9945731088605706,
        0.9945731088605706,
        0.9945731088605706,
        0.9945731088605706,
        0.9945731088605706,
        0.9945731088605706,
        0.9945731088605706,
        0.9945731088605706,
        0.9945731088605706,
        0.9945731088605706,
        0.9945731088605706,
        0.9945731088605706,
        0.9945731088605706,
        0.9945731088605706,
        0.9945731088605706,
        0.9945731088605706,
        0.9945731088605706,
        0.9945731088605706,
        0.9945731088605706,
        0.9945731088605706,
        0.9945731088605706,
        0.9945731088605706,
        0.9945731088605706,
        0.9945731088605706,
        0.9945731088605706,
        0.9945731088605706,
        0.9945731088605706,
        0.9945731088605706,
        0.9945731088605706,
        0.9945731088605706,
        0.9945731088605706,
        0.9945731088605706,
        0.9945731088605706,
        0.9945731088605706,
        0.9945731088605706,
        0.9945731088605706,
        0.9945731088605706,
        0.9945731088605706,
        0.9945731088605706,
        0.9945731088605706,
        0.9945731088605706,
        0.9945731088605706,
        0.9945731088605706,
        0.9945731088605706,
        0.9945731088605706,
        0.9945731088605706,
        0.9945731088605706,
        0.9945731088605706,
        0.9945731088605706,
        0.9945731088605706,
        0.9945731088605706,
        0.9945731088605706,
        0.9945731088605706,
        0.9945731088605706,
        0.9945731088605706,
        0.9945731088605706,
        0.9945731088605706,
        0.9945731088605706,
        0.9945731088605706,
        0.9945731088605706,
        0.9945731088605706,
        0.9945731088605706,
        0.9945731088605706,
        0.9945731088605706,
        0.9945731088605706,
        0.9945731088605706,
        0.9945731088605706,
        0.9945731088605706,
        0.9945731088605706,
        0.9945731088605706,
        0.9945731088605706,
        0.9945731088605706,
        0.9945731088605706,
        0.9945731088605706,
        0.9945731088605706,
        0.9945731088605706,
        0.9945731088605706,
        0.9945731088605706,
        0.9945731088605706,
        0.9945731088605706,
        0.9945731088605706,
        0.9945731088605706,
        0.9945731088605706,
        0.9945731088605706,
        0.9945731088605706,
        0.9945731088605706,
        0.9945731088605706,
        0.9945731088605706,
        0.9945731088605706,
        0.9945731088605706,
        0.9945731088605706,
        0.9945731088605706,
        0.9945731088605706,
        0.9945731088605706,
        0.9945731088605706,
        0.9945731088605706,
        0.9945731088605706,
        0.9945731088605706,
        0.9945731088605706,
        0.9945731088605706,
        0.9945731088605706,
        0.9945731088605706,
        0.9945731088605706,
        0.9945731088605706,
        0.9945731088605706,
        0.9945731088605706,
        0.9945731088605706,
        0.9945731088605706,
        0.9945731088605706,
        0.9945731088605706,
        0.9945731088605706,
        0.9945731088605706
    ],