{
    "dimensions": [
        0,
        0,
        0,
        0,
        0,
        0,
        0,
        0,
        0,
        0,
        0,
        0,
        0,
        0,
        0,
        0,
        0,
        0,
        0,
        0,
        0,
        0,
        0,
        0,
        0,
        0,
        0,
        0,
        0,
        0,
        0,
        0,
        0,
        0,
        0,
        0,
        0,
        0,
        0,
        0,
        0,
        0,
        0,
        0,
        0,
        0,
        0,
        0,
        0,
        0,
        0,
        0,
        0,
        0,
        0,
        0,
        0,
        0,
        0,
        0,
        0,
        0,
        0,
        0,
        0,
        0,
        0,
        0,
        0,
        0,
        0,
        0,
        0,
        0,
        0,
        0,
        0,
        0,
        0,
        0,
        0,
        0,
        0,
        0,
        0,
        0,
        0,
        0,
        0,
        0,
        0,
        0,
        0,
        0,
        0,
        0,
        0,
        0,
        0,
        0,
        0,
        0,
        0,
        0,
        0,
        0,
        0,
        0,
        0,
        0,
        0,
        0,
        0,
        0,
        0,
        0,
        0,
        0,
        0,
        0,
        0,
        0,
        0,
        0,
        0,
        0,
        0,
        0,
        0,
        0,
        0,
        0,
        0,
        0,
        0,
        0,
        0,
        0,
        0,
        0,
        0,
        0,
        0,
        0,
        0,
        0,
        0,
        0,
        0,
        0,
        0,
        0,
        0,
        0,
        0,
        0,
        0,
        0,
        0,
        0,
        0,
        0,
        0,
        0,
        0,
        0,
        0,
        0
    ],
    "creation_values": [
        0.9808664010856054,
        0.9808664010856054,
        0.9808664010856054,
        0.9808664010856054,
        0.9808664010856054,
        0.9808664010856054,
        0.9808664010856054,
        0.9808664010856054,
        0.9808664010856054,
        0.9808664010856054,
        0.9808664010856054,
        0.9808664010856054,
        0.9808664010856054,
        0.9808664010856054,
        0.9808664010856054,
        0.9808664010856054,
        0.9808664010856054,
        0.9808664010856054,
        0.9808664010856054,
        0.9808664010856054,
        0.9808664010856054,
        0.9808664010856054,
        0.9808664010856054,
        0.9808664010856054,
        0.9808664010856054,
        0.9808664010856054,
        0.9808664010856054,
        0.9808664010856054,
        0.9808664010856054,
        0.9808664010856054,
        0.9808664010856054,
        0.9808664010856054,
        0.9808664010856054,
        0.9808664010856054,
        0.9808664010856054,
        0.9808664010856054,
        0.9808664010856054,
        0.9808664010856054,
        0.9808664010856054,
        0.9808664010856054,
        0.9808664010856054,
        0.9808664010856054,
        0.9808664010856054,
        0.9808664010856054,
        0.9808664010856054,
        0.9808664010856054,
        0.9808664010856054,
        0.9808664010856054,
        0.9808664010856054,
        0.9808664010856054,
        0.9808664010856054,
        0.9808664010856054,
        0.9808664010856054,
        0.9808664010856054,
        0.9808664010856054,
        0.9808664010856054,
        0.9808664010856054,
        0.9808664010856054,
        0.9808664010856054,
        0.9808664010856054,
        0.9808664010856054,
        0.9808664010856054,
        0.9808664010856054,
        0.9808664010856054,
        0.9808664010856054,
        0.9808664010856054,
        0.9808664010856054,
        0.9808664010856054,
        0.9808664010856054,
        0.9808664010856054,
        0.9808664010856054,
        0.9808664010856054,
        0.9808664010856054,
        0.9808664010856054,
        0.9808664010856054,
        0.9808664010856054,
        0.9808664010856054,
        0.9808664010856054,
        0.9808664010856054,
        0.9808664010856054,
        0.9808664010856054,
        0.9808664010856054,
        0.9808664010856054,
        0.9808664010856054,
        0.9808664010856054,
        0.9808664010856054,
        0.9808664010856054,
        0.9808664010856054,
        0.9808664010856054,
        0.9808664010856054,
        0.9808664010856054,
        0.9808664010856054,
        0.9808664010856054,
        0.9808664010856054,
        0.9808664010856054,
        0.9808664010856054,
        0.9808664010856054,
        0.9808664010856054,
        0.9808664010856054,
        0.9808664010856054,
        0.9808664010856054,
        0.9808664010856054,
        0.9808664010856054,
        0.9808664010856054,
        0.9808664010856054,
        0.9808664010856054,
        0.9808664010856054,
        0.9808664010856054,
        0.9808664010856054,
        0.9808664010856054,
        0.9808664010856054,
        0.9808664010856054,
        0.9808664010856054,
        0.9808664010856054,
        0.9808664010856054,
        0.9808664010856054,
        0.9808664010856054,
        0.9808664010856054,
        0.9808664010856054,
        0.9808664010856054,
        0.9808664010856054,
        0.9808664010856054,
        0.9808664010856054,
        0.9808664010856054,
        0.9808664010856054,
        0.9808664010856054,
        0.9808664010856054,
        0.9808664010856054,
        0.9808664010856054,
        0.9808664010856054,
        0.9808664010856054,
        0.9808664010856054,
        0.9808664010856054,
        0.9808664010856054,
        0.9808664010856054,
        0.9808664010856054,
        0.9808664010856054,
        0.9808664010856054,
        0.9808664010856054,
        0.9808664010856054,
        0.9808664010856054,
        0.9808664010856054,
        0.9808664010856054,
        0.9808664010856054,
        0.9808664010856054,
        0.9808664010856054,
        0.9808664010856054,
        0.9808664010856054,
        0.9808664010856054,
        0.9808664010856054,
        0.9808664010856054,
        0.9808664010856054,
        0.9808664010856054,
        0.9808664010856054,
        0.9808664010856054,
        0.9808664010856054,
        0.9808664010856054,
        0.9808664010856054,
        0.9808664010856054,
        0.9808664010856054,
        0.9808664010856054,
        0.9808664010856054,
        0.9808664010856054,
        0.9808664010856054,
        0.9808664010856054,
        0.9808664010856054,
        0.9808664010856054,
        0.9808664010856054
    ],