{
    "dimensions": [
        0,
        0,
        0,
        0,
        0,
        0,
        0,
        0,
        0,
        0,
        0,
        0,
        0,
        0,
        0,
        0,
        0,
        0,
        0,
        0,
        0,
        0,
        0,
        0,
        0,
        0,
        0,
        0,
        0,
        0,
        0,
        0,
        0,
        0,
        0,
        0,
        0,
        0,
        0,
        0,
        0,
        0,
        0,
        0,
        0,
        0,
        0,
        0,
        0,
        0,
        0,
        0,
        0,
        0,
        0,
        0,
        0,
        0,
        0,
        0,
        0,
        0,
        0,
        0,
        0,
        0,
        0,
        0,
        0,
        0,
        0,
        0,
        0,
        0,
        0,
        0,
        0,
        0,
        0,
        0,
        0,
        0,
        0,
        0,
        0,
        0,
        0,
        0,
        0,
        0,
        0,
        0,
        0,
        0,
        0,
        0,
        0,
        0,
        0,
        0,
        0,
        0,
        0,
        0,
        0,
        0,
        0,
        0,
        0,
        0,
        0,
        0,
        0,
        0,
        0,
        0,
        0,
        0,
        0,
        0,
        0,
        0,
        0,
        0,
        0,
        0,
        0,
        0,
        0,
        0,
        0,
        0,
        0,
        0,
        0,
        0,
        0,
        0,
        0,
        0,
        0,
        0,
        0,
        0,
        0,
        0,
        0,
        0,
        0,
        0,
        0,
        0,
        0,
        0,
        0,
        0,
        0,
        0,
        0,
        0,
        0,
        0,
        0,
        0,
        0,
        0,
        0,
        0
    ],
    "creation_values": [
        0.9902619738363013,
        0.9902619738363013,
        0.9902619738363013,
        0.9902619738363013,
        0.9902619738363013,
        0.9902619738363013,
        0.9902619738363013,
        0.9902619738363013,
        0.9902619738363013,
        0.9902619738363013,
        0.9902619738363013,
        0.9902619738363013,
        0.9902619738363013,
        0.9902619738363013,
        0.9902619738363013,
        0.9902619738363013,
        0.9902619738363013,
        0.9902619738363013,
        0.9902619738363013,
        0.9902619738363013,
        0.9902619738363013,
        0.9902619738363013,
        0.9902619738363013,
        0.9902619738363013,
        0.9902619738363013,
        0.9902619738363013,
        0.9902619738363013,
        0.9902619738363013,
        0.9902619738363013,
        0.9902619738363013,
        0.9902619738363013,
        0.9902619738363013,
        0.9902619738363013,
        0.9902619738363013,
        0.9902619738363013,
        0.9902619738363013,
        0.9902619738363013,
        0.9902619738363013,
        0.9902619738363013,
        0.9902619738363013,
        0.9902619738363013,
        0.9902619738363013,
        0.9902619738363013,
        0.9902619738363013,
        0.9902619738363013,
        0.9902619738363013,
        0.9902619738363013,
        0.9902619738363013,
        0.9902619738363013,
        0.9902619738363013,
        0.9902619738363013,
        0.9902619738363013,
        0.9902619738363013,
        0.9902619738363013,
        0.9902619738363013,
        0.9902619738363013,
        0.9902619738363013,
        0.9902619738363013,
        0.9902619738363013,
        0.9902619738363013,
        0.9902619738363013,
        0.9902619738363013,
        0.9902619738363013,
        0.9902619738363013,
        0.9902619738363013,
        0.9902619738363013,
        0.9902619738363013,
        0.9902619738363013,
        0.9902619738363013,
        0.9902619738363013,
        0.9902619738363013,
        0.9902619738363013,
        0.9902619738363013,
        0.9902619738363013,
        0.9902619738363013,
        0.9902619738363013,
        0.9902619738363013,
        0.9902619738363013,
        0.9902619738363013,
        0.9902619738363013,
        0.9902619738363013,
        0.9902619738363013,
        0.9902619738363013,
        0.9902619738363013,
        0.9902619738363013,
        0.9902619738363013,
        0.9902619738363013,
        0.9902619738363013,
        0.9902619738363013,
        0.9902619738363013,
        0.9902619738363013,
        0.9902619738363013,
        0.9902619738363013,
        0.9902619738363013,
        0.9902619738363013,
        0.9902619738363013,
        0.9902619738363013,
        0.9902619738363013,
        0.9902619738363013,
        0.9902619738363013,
        0.9902619738363013,
        0.9902619738363013,
        0.9902619738363013,
        0.9902619738363013,
        0.9902619738363013,
        0.9902619738363013,
        0.9902619738363013,
        0.9902619738363013,
        0.9902619738363013,
        0.9902619738363013,
        0.9902619738363013,
        0.9902619738363013,
        0.9902619738363013,
        0.9902619738363013,
        0.9902619738363013,
        0.9902619738363013,
        0.9902619738363013,
        0.9902619738363013,
        0.9902619738363013,
        0.9902619738363013,
        0.9902619738363013,
        0.9902619738363013,
        0.9902619738363013,
        0.9902619738363013,
        0.9902619738363013,
        0.9902619738363013,
        0.9902619738363013,
        0.9902619738363013,
        0.9902619738363013,
        0.9902619738363013,
        0.9902619738363013,
        0.9902619738363013,
        0.9902619738363013,
        0.9902619738363013,
        0.9902619738363013,
        0.9902619738363013,
        0.9902619738363013,
        0.9902619738363013,
        0.9902619738363013,
        0.9902619738363013,
        0.9902619738363013,
        0.9902619738363013,
        0.9902619738363013,
        0.9902619738363013,
        0.9902619738363013,
        0.9902619738363013,
        0.9902619738363013,
        0.9902619738363013,
        0.9902619738363013,
        0.9902619738363013,
        0.9902619738363013,
        0.9902619738363013,
        0.9902619738363013,
        0.9902619738363013,
        0.9902619738363013,
        0.9902619738363013,
        0.9902619738363013,
        0.9902619738363013,
        0.9902619738363013,
        0.9902619738363013,
        0.9902619738363013,
        0.9902619738363013,
        0.9902619738363013,
        0.9902619738363013,
        0.9902619738363013,
        0.9902619738363013,
        0.9902619738363013,
        0.9902619738363013
    ],