{
    "dimensions": [
        0,
        0,
        0,
        0,
        0,
        0,
        0,
        0,
        0,
        0,
        0,
        0,
        0,
        0,
        0,
        0,
        0,
        0,
        0,
        0,
        0,
        0,
        0,
        0,
        0,
        0,
        0,
        0,
        0,
        0,
        0,
        0,
        0,
        0,
        0,
        0,
        0,
        0,
        0,
        0,
        0,
        0,
        0,
        0,
        0,
        0,
        0,
        0,
        0,
        0,
        0,
        0,
        0,
        0,
        0,
        0,
        0,
        0,
        0,
        0,
        0,
        0,
        0,
        0,
        0,
        0,
        0,
        0,
        0,
        0,
        0,
        0,
        0,
        0,
        0,
        0,
        0,
        0,
        0,
        0,
        0,
        0,
        0,
        0,
        0,
        0,
        0,
        0,
        0,
        0,
        0,
        0,
        0,
        0,
        0,
        0,
        0,
        0,
        0,
        0,
        0,
        0,
        0,
        0,
        0,
        0,
        0,
        0,
        0,
        0,
        0,
        0,
        0,
        0,
        0,
        0,
        0,
        0,
        0,
        0,
        0,
        0,
        0,
        0,
        0,
        0,
        0,
        0,
        0,
        0,
        0,
        0,
        0,
        0,
        0,
        0,
        0,
        0,
        0,
        0,
        0,
        0,
        0,
        0,
        0,
        0,
        0,
        0,
        0,
        0,
        0,
        0,
        0,
        0,
        0,
        0,
        0,
        0,
        0,
        0,
        0,
        0,
        0,
        0,
        0,
        0,
        0,
        0
    ],
    "creation_values": [
        0.9620497642834144,
        0.9620497642834144,
        0.9620497642834144,
        0.9620497642834144,
        0.9620497642834144,
        0.9620497642834144,
        0.9620497642834144,
        0.9620497642834144,
        0.9620497642834144,
        0.9620497642834144,
        0.9620497642834144,
        0.9620497642834144,
        0.9620497642834144,
        0.9620497642834144,
        0.9620497642834144,
        0.9620497642834144,
        0.9620497642834144,
        0.9620497642834144,
        0.9620497642834144,
        0.9620497642834144,
        0.9620497642834144,
        0.9620497642834144,
        0.9620497642834144,
        0.9620497642834144,
        0.9620497642834144,
        0.9620497642834144,
        0.9620497642834144,
        0.9620497642834144,
        0.9620497642834144,
        0.9620497642834144,
        0.9620497642834144,
        0.9620497642834144,
        0.9620497642834144,
        0.9620497642834144,
        0.9620497642834144,
        0.9620497642834144,
        0.9620497642834144,
        0.9620497642834144,
        0.9620497642834144,
        0.9620497642834144,
        0.9620497642834144,
        0.9620497642834144,
        0.9620497642834144,
        0.9620497642834144,
        0.9620497642834144,
        0.9620497642834144,
        0.9620497642834144,
        0.9620497642834144,
        0.9620497642834144,
        0.9620497642834144,
        0.9620497642834144,
        0.9620497642834144,
        0.9620497642834144,
        0.9620497642834144,
        0.9620497642834144,
        0.9620497642834144,
        0.9620497642834144,
        0.9620497642834144,
        0.9620497642834144,
        0.9620497642834144,
        0.9620497642834144,
        0.9620497642834144,
        0.9620497642834144,
        0.9620497642834144,
        0.9620497642834144,
        0.9620497642834144,
        0.9620497642834144,
        0.9620497642834144,
        0.9620497642834144,
        0.9620497642834144,
        0.9620497642834144,
        0.9620497642834144,
        0.9620497642834144,
        0.9620497642834144,
        0.9620497642834144,
        0.9620497642834144,
        0.9620497642834144,
        0.9620497642834144,
        0.9620497642834144,
        0.9620497642834144,
        0.9620497642834144,
        0.9620497642834144,
        0.9620497642834144,
        0.9620497642834144,
        0.9620497642834144,
        0.9620497642834144,
        0.9620497642834144,
        0.9620497642834144,
        0.9620497642834144,
        0.9620497642834144,
        0.9620497642834144,
        0.9620497642834144,
        0.9620497642834144,
        0.9620497642834144,
        0.9620497642834144,
        0.9620497642834144,
        0.9620497642834144,
        0.9620497642834144,
        0.9620497642834144,
        0.9620497642834144,
        0.9620497642834144,
        0.9620497642834144,
        0.9620497642834144,
        0.9620497642834144,
        0.9620497642834144,
        0.9620497642834144,
        0.9620497642834144,
        0.9620497642834144,
        0.9620497642834144,
        0.9620497642834144,
        0.9620497642834144,
        0.9620497642834144,
        0.9620497642834144,
        0.9620497642834144,
        0.9620497642834144,
        0.9620497642834144,
        0.9620497642834144,
        0.9620497642834144,
        0.9620497642834144,
        0.9620497642834144,
        0.9620497642834144,
        0.9620497642834144,
        0.9620497642834144,
        0.9620497642834144,
        0.9620497642834144,
        0.9620497642834144,
        0.9620497642834144,
        0.9620497642834144,
        0.9620497642834144,
        0.9620497642834144,
        0.9620497642834144,
        0.9620497642834144,
        0.9620497642834144,
        0.9620497642834144,
        0.9620497642834144,
        0.9620497642834144,
        0.9620497642834144,
        0.9620497642834144,
        0.9620497642834144,
        0.9620497642834144,
        0.9620497642834144,
        0.9620497642834144,
        0.9620497642834144,
        0.9620497642834144,
        0.9620497642834144,
        0.9620497642834144,
        0.9620497642834144,
        0.9620497642834144,
        0.9620497642834144,
        0.9620497642834144,
        0.9620497642834144,
        0.9620497642834144,
        0.9620497642834144,
        0.9620497642834144,
        0.9620497642834144,
        0.9620497642834144,
        0.9620497642834144,
        0.9620497642834144,
        0.9620497642834144,
        0.9620497642834144,
        0.9620497642834144,
        0.9620497642834144,
        0.9620497642834144,
        0.9620497642834144,
        0.9620497642834144,
        0.9620497642834144,
        0.9620497642834144,
        0.9620497642834144
    ],