{
    "dimensions": [
        0,
        0,
        0,
        0,
        0,
        0,
        0,
        0,
        0,
        0,
        0,
        0,
        0,
        0,
        0,
        0,
        0,
        0,
        0,
        0,
        0,
        0,
        0,
        0,
        0,
        0,
        0,
        0,
        0,
        0,
        0,
        0,
        0,
        0,
        0,
        0,
        0,
        0,
        0,
        0,
        0,
        0,
        0,
        0,
        0,
        0,
        0,
        0,
        0,
        0,
        0,
        0,
        0,
        0,
        0,
        0,
        0,
        0,
        0,
        0,
        0,
        0,
        0,
        0,
        0,
        0,
        0,
        0,
        0,
        0,
        0,
        0,
        0,
        0,
        0,
        0,
        0,
        0,
        0,
        0,
        0,
        0,
        0,
        0,
        0,
        0,
        0,
        0,
        0,
        0,
        0,
        0,
        0,
        0,
        0,
        0,
        0,
        0,
        0,
        0,
        0,
        0,
        0,
        0,
        0,
        0,
        0,
        0,
        0,
        0,
        0,
        0,
        0,
        0,
        0,
        0,
        0,
        0,
        0,
        0,
        0,
        0,
        0,
        0,
        0,
        0,
        0,
        0,
        0,
        0,
        0,
        0,
        0,
        0,
        0,
        0,
        0,
        0,
        0,
        0,
        0,
        0,
        0,
        0,
        0,
        0,
        0,
        0,
        0,
        0,
        0,
        0,
        0,
        0,
        0,
        0,
        0,
        0,
        0,
        0,
        0,
        0,
        0,
        0,
        0,
        0,
        0,
        0
    ],
    "creation_values": [
        0.9938796380423816,
        0.9938796380423816,
        0.9938796380423816,
        0.9938796380423816,
        0.9938796380423816,
        0.9938796380423816,
        0.9938796380423816,
        0.9938796380423816,
        0.9938796380423816,
        0.9938796380423816,
        0.9938796380423816,
        0.9938796380423816,
        0.9938796380423816,
        0.9938796380423816,
        0.9938796380423816,
        0.9938796380423816,
        0.9938796380423816,
        0.9938796380423816,
        0.9938796380423816,
        0.9938796380423816,
        0.9938796380423816,
        0.9938796380423816,
        0.9938796380423816,
        0.9938796380423816,
        0.9938796380423816,
        0.9938796380423816,
        0.9938796380423816,
        0.9938796380423816,
        0.9938796380423816,
        0.9938796380423816,
        0.9938796380423816,
        0.9938796380423816,
        0.9938796380423816,
        0.9938796380423816,
        0.9938796380423816,
        0.9938796380423816,
        0.9938796380423816,
        0.9938796380423816,
        0.9938796380423816,
        0.9938796380423816,
        0.9938796380423816,
        0.9938796380423816,
        0.9938796380423816,
        0.9938796380423816,
        0.9938796380423816,
        0.9938796380423816,
        0.9938796380423816,
        0.9938796380423816,
        0.9938796380423816,
        0.9938796380423816,
        0.9938796380423816,
        0.9938796380423816,
        0.9938796380423816,
        0.9938796380423816,
        0.9938796380423816,
        0.9938796380423816,
        0.9938796380423816,
        0.9938796380423816,
        0.9938796380423816,
        0.9938796380423816,
        0.9938796380423816,
        0.9938796380423816,
        0.9938796380423816,
        0.9938796380423816,
        0.9938796380423816,
        0.9938796380423816,
        0.9938796380423816,
        0.9938796380423816,
        0.9938796380423816,
        0.9938796380423816,
        0.9938796380423816,
        0.9938796380423816,
        0.9938796380423816,
        0.9938796380423816,
        0.9938796380423816,
        0.9938796380423816,
        0.9938796380423816,
        0.9938796380423816,
        0.9938796380423816,
        0.9938796380423816,
        0.9938796380423816,
        0.9938796380423816,
        0.9938796380423816,
        0.9938796380423816,
        0.9938796380423816,
        0.9938796380423816,
        0.9938796380423816,
        0.9938796380423816,
        0.9938796380423816,
        0.9938796380423816,
        0.9938796380423816,
        0.9938796380423816,
        0.9938796380423816,
        0.9938796380423816,
        0.9938796380423816,
        0.9938796380423816,
        0.9938796380423816,
        0.9938796380423816,
        0.9938796380423816,
        0.9938796380423816,
        0.9938796380423816,
        0.9938796380423816,
        0.9938796380423816,
        0.9938796380423816,
        0.9938796380423816,
        0.9938796380423816,
        0.9938796380423816,
        0.9938796380423816,
        0.9938796380423816,
        0.9938796380423816,
        0.9938796380423816,
        0.9938796380423816,
        0.9938796380423816,
        0.9938796380423816,
        0.9938796380423816,
        0.9938796380423816,
        0.9938796380423816,
        0.9938796380423816,
        0.9938796380423816,
        0.9938796380423816,
        0.9938796380423816,
        0.9938796380423816,
        0.9938796380423816,
        0.9938796380423816,
        0.9938796380423816,
        0.9938796380423816,
        0.9938796380423816,
        0.9938796380423816,
        0.9938796380423816,
        0.9938796380423816,
        0.9938796380423816,
        0.9938796380423816,
        0.9938796380423816,
        0.9938796380423816,
        0.9938796380423816,
        0.9938796380423816,
        0.9938796380423816,
        0.9938796380423816,
        0.9938796380423816,
        0.9938796380423816,
        0.9938796380423816,
        0.9938796380423816,
        0.9938796380423816,
        0.9938796380423816,
        0.9938796380423816,
        0.9938796380423816,
        0.9938796380423816,
        0.9938796380423816,
        0.9938796380423816,
        0.9938796380423816,
        0.9938796380423816,
        0.9938796380423816,
        0.9938796380423816,
        0.9938796380423816,
        0.9938796380423816,
        0.9938796380423816,
        0.9938796380423816,
        0.9938796380423816,
        0.9938796380423816,
        0.9938796380423816,
        0.9938796380423816,
        0.9938796380423816,
        0.9938796380423816,
        0.9938796380423816,
        0.9938796380423816,
        0.9938796380423816,
        0.9938796380423816,
        0.9938796380423816
    ],