{
    "dimensions": [
        0,
        0,
        0,
        0,
        0,
        0,
        0,
        0,
        0,
        0,
        0,
        0,
        0,
        0,
        0,
        0,
        0,
        0,
        0,
        0,
        0,
        0,
        0,
        0,
        0,
        0,
        0,
        0,
        0,
        0,
        0,
        0,
        0,
        0,
        0,
        0,
        0,
        0,
        0,
        0,
        0,
        0,
        0,
        0,
        0,
        0,
        0,
        0,
        0,
        0,
        0,
        0,
        0,
        0,
        0,
        0,
        0,
        0,
        0,
        0,
        0,
        0,
        0,
        0,
        0,
        0,
        0,
        0,
        0,
        0,
        0,
        0,
        0,
        0,
        0,
        0,
        0,
        0,
        0,
        0,
        0,
        0,
        0,
        0,
        0,
        0,
        0,
        0,
        0,
        0,
        0,
        0,
        0,
        0,
        0,
        0,
        0,
        0,
        0,
        0,
        0,
        0,
        0,
        0,
        0,
        0,
        0,
        0,
        0,
        0,
        0,
        0,
        0,
        0,
        0,
        0,
        0,
        0,
        0,
        0,
        0,
        0,
        0,
        0,
        0,
        0,
        0,
        0,
        0,
        0,
        0,
        0,
        0,
        0,
        0,
        0,
        0,
        0,
        0,
        0,
        0,
        0,
        0,
        0,
        0,
        0,
        0,
        0,
        0,
        0,
        0,
        0,
        0,
        0,
        0,
        0,
        0,
        0,
        0,
        0,
        0,
        0,
        0,
        0,
        0,
        0,
        0,
        0
    ],
    "creation_values": [
        0.9845956179643142,
        0.9845956179643142,
        0.9845956179643142,
        0.9845956179643142,
        0.9845956179643142,
        0.9845956179643142,
        0.9845956179643142,
        0.9845956179643142,
        0.9845956179643142,
        0.9845956179643142,
        0.9845956179643142,
        0.9845956179643142,
        0.9845956179643142,
        0.9845956179643142,
        0.9845956179643142,
        0.9845956179643142,
        0.9845956179643142,
        0.9845956179643142,
        0.9845956179643142,
        0.9845956179643142,
        0.9845956179643142,
        0.9845956179643142,
        0.9845956179643142,
        0.9845956179643142,
        0.9845956179643142,
        0.9845956179643142,
        0.9845956179643142,
        0.9845956179643142,
        0.9845956179643142,
        0.9845956179643142,
        0.9845956179643142,
        0.9845956179643142,
        0.9845956179643142,
        0.9845956179643142,
        0.9845956179643142,
        0.9845956179643142,
        0.9845956179643142,
        0.9845956179643142,
        0.9845956179643142,
        0.9845956179643142,
        0.9845956179643142,
        0.9845956179643142,
        0.9845956179643142,
        0.9845956179643142,
        0.9845956179643142,
        0.9845956179643142,
        0.9845956179643142,
        0.9845956179643142,
        0.9845956179643142,
        0.9845956179643142,
        0.9845956179643142,
        0.9845956179643142,
        0.9845956179643142,
        0.9845956179643142,
        0.9845956179643142,
        0.9845956179643142,
        0.9845956179643142,
        0.9845956179643142,
        0.9845956179643142,
        0.9845956179643142,
        0.9845956179643142,
        0.9845956179643142,
        0.9845956179643142,
        0.9845956179643142,
        0.9845956179643142,
        0.9845956179643142,
        0.9845956179643142,
        0.9845956179643142,
        0.9845956179643142,
        0.9845956179643142,
        0.9845956179643142,
        0.9845956179643142,
        0.9845956179643142,
        0.9845956179643142,
        0.9845956179643142,
        0.9845956179643142,
        0.9845956179643142,
        0.9845956179643142,
        0.9845956179643142,
        0.9845956179643142,
        0.9845956179643142,
        0.9845956179643142,
        0.9845956179643142,
        0.9845956179643142,
        0.9845956179643142,
        0.9845956179643142,
        0.9845956179643142,
        0.9845956179643142,
        0.9845956179643142,
        0.9845956179643142,
        0.9845956179643142,
        0.9845956179643142,
        0.9845956179643142,
        0.9845956179643142,
        0.9845956179643142,
        0.9845956179643142,
        0.9845956179643142,
        0.9845956179643142,
        0.9845956179643142,
        0.9845956179643142,
        0.9845956179643142,
        0.9845956179643142,
        0.9845956179643142,
        0.9845956179643142,
        0.9845956179643142,
        0.9845956179643142,
        0.9845956179643142,
        0.9845956179643142,
        0.9845956179643142,
        0.9845956179643142,
        0.9845956179643142,
        0.9845956179643142,
        0.9845956179643142,
        0.9845956179643142,
        0.9845956179643142,
        0.9845956179643142,
        0.9845956179643142,
        0.9845956179643142,
        0.9845956179643142,
        0.9845956179643142,
        0.9845956179643142,
        0.9845956179643142,
        0.9845956179643142,
        0.9845956179643142,
        0.9845956179643142,
        0.9845956179643142,
        0.9845956179643142,
        0.9845956179643142,
        0.9845956179643142,
        0.9845956179643142,
        0.9845956179643142,
        0.9845956179643142,
        0.9845956179643142,
        0.9845956179643142,
        0.9845956179643142,
        0.9845956179643142,
        0.9845956179643142,
        0.9845956179643142,
        0.9845956179643142,
        0.9845956179643142,
        0.9845956179643142,
        0.9845956179643142,
        0.9845956179643142,
        0.9845956179643142,
        0.9845956179643142,
        0.9845956179643142,
        0.9845956179643142,
        0.9845956179643142,
        0.9845956179643142,
        0.9845956179643142,
        0.9845956179643142,
        0.9845956179643142,
        0.9845956179643142,
        0.9845956179643142,
        0.9845956179643142,
        0.9845956179643142,
        0.9845956179643142,
        0.9845956179643142,
        0.9845956179643142,
        0.9845956179643142,
        0.9845956179643142,
        0.9845956179643142,
        0.9845956179643142,
        0.9845956179643142,
        0.9845956179643142,
        0.9845956179643142,
        0.9845956179643142,
        0.9845956179643142
    ],