{
    "dimensions": [
        0,
        0,
        0,
        0,
        0,
        0,
        0,
        0,
        0,
        0,
        0,
        0,
        0,
        0,
        0,
        0,
        0,
        0,
        0,
        0,
        0,
        0,
        0,
        0,
        0,
        0,
        0,
        0,
        0,
        0,
        0,
        0,
        0,
        0,
        0,
        0,
        0,
        0,
        0,
        0,
        0,
        0,
        0,
        0,
        0,
        0,
        0,
        0,
        0,
        0,
        0,
        0,
        0,
        0,
        0,
        0,
        0,
        0,
        0,
        0,
        0,
        0,
        0,
        0,
        0,
        0,
        0,
        0,
        0,
        0,
        0,
        0,
        0,
        0,
        0,
        0,
        0,
        0,
        0,
        0,
        0,
        0,
        0,
        0,
        0,
        0,
        0,
        0,
        0,
        0,
        0,
        0,
        0,
        0,
        0,
        0,
        0,
        0,
        0,
        0,
        0,
        0,
        0,
        0,
        0,
        0,
        0,
        0,
        0,
        0,
        0,
        0,
        0,
        0,
        0,
        0,
        0,
        0,
        0,
        0,
        0,
        0,
        0,
        0,
        0,
        0,
        0,
        0,
        0,
        0,
        0,
        0,
        0,
        0,
        0,
        0,
        0,
        0,
        0,
        0,
        0,
        0,
        0,
        0,
        0,
        0,
        0,
        0,
        0,
        0,
        0,
        0,
        0,
        0,
        0,
        0,
        0,
        0,
        0,
        0,
        0,
        0,
        0,
        0,
        0,
        0,
        0,
        0
    ],
    "creation_values": [
        0.9889103312422453,
        0.9889103312422453,
        0.9889103312422453,
        0.9889103312422453,
        0.9889103312422453,
        0.9889103312422453,
        0.9889103312422453,
        0.9889103312422453,
        0.9889103312422453,
        0.9889103312422453,
        0.9889103312422453,
        0.9889103312422453,
        0.9889103312422453,
        0.9889103312422453,
        0.9889103312422453,
        0.9889103312422453,
        0.9889103312422453,
        0.9889103312422453,
        0.9889103312422453,
        0.9889103312422453,
        0.9889103312422453,
        0.9889103312422453,
        0.9889103312422453,
        0.9889103312422453,
        0.9889103312422453,
        0.9889103312422453,
        0.9889103312422453,
        0.9889103312422453,
        0.9889103312422453,
        0.9889103312422453,
        0.9889103312422453,
        0.9889103312422453,
        0.9889103312422453,
        0.9889103312422453,
        0.9889103312422453,
        0.9889103312422453,
        0.9889103312422453,
        0.9889103312422453,
        0.9889103312422453,
        0.9889103312422453,
        0.9889103312422453,
        0.9889103312422453,
        0.9889103312422453,
        0.9889103312422453,
        0.9889103312422453,
        0.9889103312422453,
        0.9889103312422453,
        0.9889103312422453,
        0.9889103312422453,
        0.9889103312422453,
        0.9889103312422453,
        0.9889103312422453,
        0.9889103312422453,
        0.9889103312422453,
        0.9889103312422453,
        0.9889103312422453,
        0.9889103312422453,
        0.9889103312422453,
        0.9889103312422453,
        0.9889103312422453,
        0.9889103312422453,
        0.9889103312422453,
        0.9889103312422453,
        0.9889103312422453,
        0.9889103312422453,
        0.9889103312422453,
        0.9889103312422453,
        0.9889103312422453,
        0.9889103312422453,
        0.9889103312422453,
        0.9889103312422453,
        0.9889103312422453,
        0.9889103312422453,
        0.9889103312422453,
        0.9889103312422453,
        0.9889103312422453,
        0.9889103312422453,
        0.9889103312422453,
        0.9889103312422453,
        0.9889103312422453,
        0.9889103312422453,
        0.9889103312422453,
        0.9889103312422453,
        0.9889103312422453,
        0.9889103312422453,
        0.9889103312422453,
        0.9889103312422453,
        0.9889103312422453,
        0.9889103312422453,
        0.9889103312422453,
        0.9889103312422453,
        0.9889103312422453,
        0.9889103312422453,
        0.9889103312422453,
        0.9889103312422453,
        0.9889103312422453,
        0.9889103312422453,
        0.9889103312422453,
        0.9889103312422453,
        0.9889103312422453,
        0.9889103312422453,
        0.9889103312422453,
        0.9889103312422453,
        0.9889103312422453,
        0.9889103312422453,
        0.9889103312422453,
        0.9889103312422453,
        0.9889103312422453,
        0.9889103312422453,
        0.9889103312422453,
        0.9889103312422453,
        0.9889103312422453,
        0.9889103312422453,
        0.9889103312422453,
        0.9889103312422453,
        0.9889103312422453,
        0.9889103312422453,
        0.9889103312422453,
        0.9889103312422453,
        0.9889103312422453,
        0.9889103312422453,
        0.9889103312422453,
        0.9889103312422453,
        0.9889103312422453,
        0.9889103312422453,
        0.9889103312422453,
        0.9889103312422453,
        0.9889103312422453,
        0.9889103312422453,
        0.9889103312422453,
        0.9889103312422453,
        0.9889103312422453,
        0.9889103312422453,
        0.9889103312422453,
        0.9889103312422453,
        0.9889103312422453,
        0.9889103312422453,
        0.9889103312422453,
        0.9889103312422453,
        0.9889103312422453,
        0.9889103312422453,
        0.9889103312422453,
        0.9889103312422453,
        0.9889103312422453,
        0.9889103312422453,
        0.9889103312422453,
        0.9889103312422453,
        0.9889103312422453,
        0.9889103312422453,
        0.9889103312422453,
        0.9889103312422453,
        0.9889103312422453,
        0.9889103312422453,
        0.9889103312422453,
        0.9889103312422453,
        0.9889103312422453,
        0.9889103312422453,
        0.9889103312422453,
        0.9889103312422453,
        0.9889103312422453,
        0.9889103312422453,
        0.9889103312422453,
        0.9889103312422453,
        0.9889103312422453,
        0.9889103312422453,
        0.9889103312422453,
        0.9889103312422453,
        0.9889103312422453
    ],