{
    "dimensions": [
        0,
        0,
        0,
        0,
        0,
        0,
        0,
        0,
        0,
        0,
        0,
        0,
        0,
        0,
        0,
        0,
        0,
        0,
        0,
        0,
        0,
        0,
        0,
        0,
        0,
        0,
        0,
        0,
        0,
        0,
        0,
        0,
        0,
        0,
        0,
        0,
        0,
        0,
        0,
        0,
        0,
        0,
        0,
        0,
        0,
        0,
        0,
        0,
        0,
        0,
        0,
        0,
        0,
        0,
        0,
        0,
        0,
        0,
        0,
        0,
        0,
        0,
        0,
        0,
        0,
        0,
        0,
        0,
        0,
        0,
        0,
        0,
        0,
        0,
        0,
        0,
        0,
        0,
        0,
        0,
        0,
        0,
        0,
        0,
        0,
        0,
        0,
        0,
        0,
        0,
        0,
        0,
        0,
        0,
        0,
        0,
        0,
        0,
        0,
        0,
        0,
        0,
        0,
        0,
        0,
        0,
        0,
        0,
        0,
        0,
        0,
        0,
        0,
        0,
        0,
        0,
        0,
        0,
        0,
        0,
        0,
        0,
        0,
        0,
        0,
        0,
        0,
        0,
        0,
        0,
        0,
        0,
        0,
        0,
        0,
        0,
        0,
        0,
        0,
        0,
        0,
        0,
        0,
        0,
        0,
        0,
        0,
        0,
        0,
        0,
        0,
        0,
        0,
        0,
        0,
        0,
        0,
        0,
        0,
        0,
        0,
        0,
        0,
        0,
        0,
        0,
        0,
        0
    ],
    "creation_values": [
        0.9953111228880378,
        0.9953111228880378,
        0.9953111228880378,
        0.9953111228880378,
        0.9953111228880378,
        0.9953111228880378,
        0.9953111228880378,
        0.9953111228880378,
        0.9953111228880378,
        0.9953111228880378,
        0.9953111228880378,
        0.9953111228880378,
        0.9953111228880378,
        0.9953111228880378,
        0.9953111228880378,
        0.9953111228880378,
        0.9953111228880378,
        0.9953111228880378,
        0.9953111228880378,
        0.9953111228880378,
        0.9953111228880378,
        0.9953111228880378,
        0.9953111228880378,
        0.9953111228880378,
        0.9953111228880378,
        0.9953111228880378,
        0.9953111228880378,
        0.9953111228880378,
        0.9953111228880378,
        0.9953111228880378,
        0.9953111228880378,
        0.9953111228880378,
        0.9953111228880378,
        0.9953111228880378,
        0.9953111228880378,
        0.9953111228880378,
        0.9953111228880378,
        0.9953111228880378,
        0.9953111228880378,
        0.9953111228880378,
        0.9953111228880378,
        0.9953111228880378,
        0.9953111228880378,
        0.9953111228880378,
        0.9953111228880378,
        0.9953111228880378,
        0.9953111228880378,
        0.9953111228880378,
        0.9953111228880378,
        0.9953111228880378,
        0.9953111228880378,
        0.9953111228880378,
        0.9953111228880378,
        0.9953111228880378,
        0.9953111228880378,
        0.9953111228880378,
        0.9953111228880378,
        0.9953111228880378,
        0.9953111228880378,
        0.9953111228880378,
        0.9953111228880378,
        0.9953111228880378,
        0.9953111228880378,
        0.9953111228880378,
        0.9953111228880378,
        0.9953111228880378,
        0.9953111228880378,
        0.9953111228880378,
        0.9953111228880378,
        0.9953111228880378,
        0.9953111228880378,
        0.9953111228880378,
        0.9953111228880378,
        0.9953111228880378,
        0.9953111228880378,
        0.9953111228880378,
        0.9953111228880378,
        0.9953111228880378,
        0.9953111228880378,
        0.9953111228880378,
        0.9953111228880378,
        0.9953111228880378,
        0.9953111228880378,
        0.9953111228880378,
        0.9953111228880378,
        0.9953111228880378,
        0.9953111228880378,
        0.9953111228880378,
        0.9953111228880378,
        0.9953111228880378,
        0.9953111228880378,
        0.9953111228880378,
        0.9953111228880378,
        0.9953111228880378,
        0.9953111228880378,
        0.9953111228880378,
        0.9953111228880378,
        0.9953111228880378,
        0.9953111228880378,
        0.9953111228880378,
        0.9953111228880378,
        0.9953111228880378,
        0.9953111228880378,
        0.9953111228880378,
        0.9953111228880378,
        0.9953111228880378,
        0.9953111228880378,
        0.9953111228880378,
        0.9953111228880378,
        0.9953111228880378,
        0.9953111228880378,
        0.9953111228880378,
        0.9953111228880378,
        0.9953111228880378,
        0.9953111228880378,
        0.9953111228880378,
        0.9953111228880378,
        0.9953111228880378,
        0.9953111228880378,
        0.9953111228880378,
        0.9953111228880378,
        0.9953111228880378,
        0.9953111228880378,
        0.9953111228880378,
        0.9953111228880378,
        0.9953111228880378,
        0.9953111228880378,
        0.9953111228880378,
        0.9953111228880378,
        0.9953111228880378,
        0.9953111228880378,
        0.9953111228880378,
        0.9953111228880378,
        0.9953111228880378,
        0.9953111228880378,
        0.9953111228880378,
        0.9953111228880378,
        0.9953111228880378,
        0.9953111228880378,
        0.9953111228880378,
        0.9953111228880378,
        0.9953111228880378,
        0.9953111228880378,
        0.9953111228880378,
        0.9953111228880378,
        0.9953111228880378,
        0.9953111228880378,
        0.9953111228880378,
        0.9953111228880378,
        0.9953111228880378,
        0.9953111228880378,
        0.9953111228880378,
        0.9953111228880378,
        0.9953111228880378,
        0.9953111228880378,
        0.9953111228880378,
        0.9953111228880378,
        0.9953111228880378,
        0.9953111228880378,
        0.9953111228880378,
        0.9953111228880378,
        0.9953111228880378,
        0.9953111228880378,
        0.9953111228880378,
        0.9953111228880378,
        0.9953111228880378,
        0.9953111228880378,
        0.9953111228880378
    ],