{
    "dimensions": [
        0,
        0,
        0,
        0,
        0,
        0,
        0,
        0,
        0,
        0,
        0,
        0,
        0,
        0,
        0,
        0,
        0,
        0,
        0,
        0,
        0,
        0,
        0,
        0,
        0,
        0,
        0,
        0,
        0,
        0,
        0,
        0,
        0,
        0,
        0,
        0,
        0,
        0,
        0,
        0,
        0,
        0,
        0,
        0,
        0,
        0,
        0,
        0,
        0,
        0,
        0,
        0,
        0,
        0,
        0,
        0,
        0,
        0,
        0,
        0,
        0,
        0,
        0,
        0,
        0,
        0,
        0,
        0,
        0,
        0,
        0,
        0,
        0,
        0,
        0,
        0,
        0,
        0,
        0,
        0,
        0,
        0,
        0,
        0,
        0,
        0,
        0,
        0,
        0,
        0,
        0,
        0,
        0,
        0,
        0,
        0,
        0,
        0,
        0,
        0,
        0,
        0,
        0,
        0,
        0,
        0,
        0,
        0,
        0,
        0,
        0,
        0,
        0,
        0,
        0,
        0,
        0,
        0,
        0,
        0,
        0,
        0,
        0,
        0,
        0,
        0,
        0,
        0,
        0,
        0,
        0,
        0,
        0,
        0,
        0,
        0,
        0,
        0,
        0,
        0,
        0,
        0,
        0,
        0,
        0,
        0,
        0,
        0,
        0,
        0,
        0,
        0,
        0,
        0,
        0,
        0,
        0,
        0,
        0,
        0,
        0,
        0,
        0,
        0,
        0,
        0,
        0,
        0
    ],
    "creation_values": [
        0.9772867798907542,
        0.9772867798907542,
        0.9772867798907542,
        0.9772867798907542,
        0.9772867798907542,
        0.9772867798907542,
        0.9772867798907542,
        0.9772867798907542,
        0.9772867798907542,
        0.9772867798907542,
        0.9772867798907542,
        0.9772867798907542,
        0.9772867798907542,
        0.9772867798907542,
        0.9772867798907542,
        0.9772867798907542,
        0.9772867798907542,
        0.9772867798907542,
        0.9772867798907542,
        0.9772867798907542,
        0.9772867798907542,
        0.9772867798907542,
        0.9772867798907542,
        0.9772867798907542,
        0.9772867798907542,
        0.9772867798907542,
        0.9772867798907542,
        0.9772867798907542,
        0.9772867798907542,
        0.9772867798907542,
        0.9772867798907542,
        0.9772867798907542,
        0.9772867798907542,
        0.9772867798907542,
        0.9772867798907542,
        0.9772867798907542,
        0.9772867798907542,
        0.9772867798907542,
        0.9772867798907542,
        0.9772867798907542,
        0.9772867798907542,
        0.9772867798907542,
        0.9772867798907542,
        0.9772867798907542,
        0.9772867798907542,
        0.9772867798907542,
        0.9772867798907542,
        0.9772867798907542,
        0.9772867798907542,
        0.9772867798907542,
        0.9772867798907542,
        0.9772867798907542,
        0.9772867798907542,
        0.9772867798907542,
        0.9772867798907542,
        0.9772867798907542,
        0.9772867798907542,
        0.9772867798907542,
        0.9772867798907542,
        0.9772867798907542,
        0.9772867798907542,
        0.9772867798907542,
        0.9772867798907542,
        0.9772867798907542,
        0.9772867798907542,
        0.9772867798907542,
        0.9772867798907542,
        0.9772867798907542,
        0.9772867798907542,
        0.9772867798907542,
        0.9772867798907542,
        0.9772867798907542,
        0.9772867798907542,
        0.9772867798907542,
        0.9772867798907542,
        0.9772867798907542,
        0.9772867798907542,
        0.9772867798907542,
        0.9772867798907542,
        0.9772867798907542,
        0.9772867798907542,
        0.9772867798907542,
        0.9772867798907542,
        0.9772867798907542,
        0.9772867798907542,
        0.9772867798907542,
        0.9772867798907542,
        0.9772867798907542,
        0.9772867798907542,
        0.9772867798907542,
        0.9772867798907542,
        0.9772867798907542,
        0.9772867798907542,
        0.9772867798907542,
        0.9772867798907542,
        0.9772867798907542,
        0.9772867798907542,
        0.9772867798907542,
        0.9772867798907542,
        0.9772867798907542,
        0.9772867798907542,
        0.9772867798907542,
        0.9772867798907542,
        0.9772867798907542,
        0.9772867798907542,
        0.9772867798907542,
        0.9772867798907542,
        0.9772867798907542,
        0.9772867798907542,
        0.9772867798907542,
        0.9772867798907542,
        0.9772867798907542,
        0.9772867798907542,
        0.9772867798907542,
        0.9772867798907542,
        0.9772867798907542,
        0.9772867798907542,
        0.9772867798907542,
        0.9772867798907542,
        0.9772867798907542,
        0.9772867798907542,
        0.9772867798907542,
        0.9772867798907542,
        0.9772867798907542,
        0.9772867798907542,
        0.9772867798907542,
        0.9772867798907542,
        0.9772867798907542,
        0.9772867798907542,
        0.9772867798907542,
        0.9772867798907542,
        0.9772867798907542,
        0.9772867798907542,
        0.9772867798907542,
        0.9772867798907542,
        0.9772867798907542,
        0.9772867798907542,
        0.9772867798907542,
        0.9772867798907542,
        0.9772867798907542,
        0.9772867798907542,
        0.9772867798907542,
        0.9772867798907542,
        0.9772867798907542,
        0.9772867798907542,
        0.9772867798907542,
        0.9772867798907542,
        0.9772867798907542,
        0.9772867798907542,
        0.9772867798907542,
        0.9772867798907542,
        0.9772867798907542,
        0.9772867798907542,
        0.9772867798907542,
        0.9772867798907542,
        0.9772867798907542,
        0.9772867798907542,
        0.9772867798907542,
        0.9772867798907542,
        0.9772867798907542,
        0.9772867798907542,
        0.9772867798907542,
        0.9772867798907542,
        0.9772867798907542,
        0.9772867798907542,
        0.9772867798907542,
        0.9772867798907542,
        0.9772867798907542
    ],