{
    "dimensions": [
        0,
        0,
        0,
        0,
        0,
        0,
        0,
        0,
        0,
        0,
        0,
        0,
        0,
        0,
        0,
        0,
        0,
        0,
        0,
        0,
        0,
        0,
        0,
        0,
        0,
        0,
        0,
        0,
        0,
        0,
        0,
        0,
        0,
        0,
        0,
        0,
        0,
        0,
        0,
        0,
        0,
        0,
        0,
        0,
        0,
        0,
        0,
        0,
        0,
        0,
        0,
        0,
        0,
        0,
        0,
        0,
        0,
        0,
        0,
        0,
        0,
        0,
        0,
        0,
        0,
        0,
        0,
        0,
        0,
        0,
        0,
        0,
        0,
        0,
        0,
        0,
        0,
        0,
        0,
        0,
        0,
        0,
        0,
        0,
        0,
        0,
        0,
        0,
        0,
        0,
        0,
        0,
        0,
        0,
        0,
        0,
        0,
        0,
        0,
        0,
        0,
        0,
        0,
        0,
        0,
        0,
        0,
        0,
        0,
        0,
        0,
        0,
        0,
        0,
        0,
        0,
        0,
        0,
        0,
        0,
        0,
        0,
        0,
        0,
        0,
        0,
        0,
        0,
        0,
        0,
        0,
        0,
        0,
        0,
        0,
        0,
        0,
        0,
        0,
        0,
        0,
        0,
        0,
        0,
        0,
        0,
        0,
        0,
        0,
        0,
        0,
        0,
        0,
        0,
        0,
        0,
        0,
        0,
        0,
        0,
        0,
        0,
        0,
        0,
        0,
        0,
        0,
        0
    ],
    "creation_values": [
        0.9973588761796571,
        0.9973588761796571,
        0.9973588761796571,
        0.9973588761796571,
        0.9973588761796571,
        0.9973588761796571,
        0.9973588761796571,
        0.9973588761796571,
        0.9973588761796571,
        0.9973588761796571,
        0.9973588761796571,
        0.9973588761796571,
        0.9973588761796571,
        0.9973588761796571,
        0.9973588761796571,
        0.9973588761796571,
        0.9973588761796571,
        0.9973588761796571,
        0.9973588761796571,
        0.9973588761796571,
        0.9973588761796571,
        0.9973588761796571,
        0.9973588761796571,
        0.9973588761796571,
        0.9973588761796571,
        0.9973588761796571,
        0.9973588761796571,
        0.9973588761796571,
        0.9973588761796571,
        0.9973588761796571,
        0.9973588761796571,
        0.9973588761796571,
        0.9973588761796571,
        0.9973588761796571,
        0.9973588761796571,
        0.9973588761796571,
        0.9973588761796571,
        0.9973588761796571,
        0.9973588761796571,
        0.9973588761796571,
        0.9973588761796571,
        0.9973588761796571,
        0.9973588761796571,
        0.9973588761796571,
        0.9973588761796571,
        0.9973588761796571,
        0.9973588761796571,
        0.9973588761796571,
        0.9973588761796571,
        0.9973588761796571,
        0.9973588761796571,
        0.9973588761796571,
        0.9973588761796571,
        0.9973588761796571,
        0.9973588761796571,
        0.9973588761796571,
        0.9973588761796571,
        0.9973588761796571,
        0.9973588761796571,
        0.9973588761796571,
        0.9973588761796571,
        0.9973588761796571,
        0.9973588761796571,
        0.9973588761796571,
        0.9973588761796571,
        0.9973588761796571,
        0.9973588761796571,
        0.9973588761796571,
        0.9973588761796571,
        0.9973588761796571,
        0.9973588761796571,
        0.9973588761796571,
        0.9973588761796571,
        0.9973588761796571,
        0.9973588761796571,
        0.9973588761796571,
        0.9973588761796571,
        0.9973588761796571,
        0.9973588761796571,
        0.9973588761796571,
        0.9973588761796571,
        0.9973588761796571,
        0.9973588761796571,
        0.9973588761796571,
        0.9973588761796571,
        0.9973588761796571,
        0.9973588761796571,
        0.9973588761796571,
        0.9973588761796571,
        0.9973588761796571,
        0.9973588761796571,
        0.9973588761796571,
        0.9973588761796571,
        0.9973588761796571,
        0.9973588761796571,
        0.9973588761796571,
        0.9973588761796571,
        0.9973588761796571,
        0.9973588761796571,
        0.9973588761796571,
        0.9973588761796571,
        0.9973588761796571,
        0.9973588761796571,
        0.9973588761796571,
        0.9973588761796571,
        0.9973588761796571,
        0.9973588761796571,
        0.9973588761796571,
        0.9973588761796571,
        0.9973588761796571,
        0.9973588761796571,
        0.9973588761796571,
        0.9973588761796571,
        0.9973588761796571,
        0.9973588761796571,
        0.9973588761796571,
        0.9973588761796571,
        0.9973588761796571,
        0.9973588761796571,
        0.9973588761796571,
        0.9973588761796571,
        0.9973588761796571,
        0.9973588761796571,
        0.9973588761796571,
        0.9973588761796571,
        0.9973588761796571,
        0.9973588761796571,
        0.9973588761796571,
        0.9973588761796571,
        0.9973588761796571,
        0.9973588761796571,
        0.9973588761796571,
        0.9973588761796571,
        0.9973588761796571,
        0.9973588761796571,
        0.9973588761796571,
        0.9973588761796571,
        0.9973588761796571,
        0.9973588761796571,
        0.9973588761796571,
        0.9973588761796571,
        0.9973588761796571,
        0.9973588761796571,
        0.9973588761796571,
        0.9973588761796571,
        0.9973588761796571,
        0.9973588761796571,
        0.9973588761796571,
        0.9973588761796571,
        0.9973588761796571,
        0.9973588761796571,
        0.9973588761796571,
        0.9973588761796571,
        0.9973588761796571,
        0.9973588761796571,
        0.9973588761796571,
        0.9973588761796571,
        0.9973588761796571,
        0.9973588761796571,
        0.9973588761796571,
        0.9973588761796571,
        0.9973588761796571,
        0.9973588761796571,
        0.9973588761796571,
        0.9973588761796571,
        0.9973588761796571,
        0.9973588761796571,
        0.9973588761796571
    ],