{
    "dimensions": [
        0,
        0,
        0,
        0,
        0,
        0,
        0,
        0,
        0,
        0,
        0,
        0,
        0,
        0,
        0,
        0,
        0,
        0,
        0,
        0,
        0,
        0,
        0,
        0,
        0,
        0,
        0,
        0,
        0,
        0,
        0,
        0,
        0,
        0,
        0,
        0,
        0,
        0,
        0,
        0,
        0,
        0,
        0,
        0,
        0,
        0,
        0,
        0,
        0,
        0,
        0,
        0,
        0,
        0,
        0,
        0,
        0,
        0,
        0,
        0,
        0,
        0,
        0,
        0,
        0,
        0,
        0,
        0,
        0,
        0,
        0,
        0,
        0,
        0,
        0,
        0,
        0,
        0,
        0,
        0,
        0,
        0,
        0,
        0,
        0,
        0,
        0,
        0,
        0,
        0,
        0,
        0,
        0,
        0,
        0,
        0,
        0,
        0,
        0,
        0,
        0,
        0,
        0,
        0,
        0,
        0,
        0,
        0,
        0,
        0,
        0,
        0,
        0,
        0,
        0,
        0,
        0,
        0,
        0,
        0,
        0,
        0,
        0,
        0,
        0,
        0,
        0,
        0,
        0,
        0,
        0,
        0,
        0,
        0,
        0,
        0,
        0,
        0,
        0,
        0,
        0,
        0,
        0,
        0,
        0,
        0,
        0,
        0,
        0,
        0,
        0,
        0,
        0,
        0,
        0,
        0,
        0,
        0,
        0,
        0,
        0,
        0,
        0,
        0,
        0,
        0,
        0,
        0
    ],
    "creation_values": [
        0.9958260393246399,
        0.9958260393246399,
        0.9958260393246399,
        0.9958260393246399,
        0.9958260393246399,
        0.9958260393246399,
        0.9958260393246399,
        0.9958260393246399,
        0.9958260393246399,
        0.9958260393246399,
        0.9958260393246399,
        0.9958260393246399,
        0.9958260393246399,
        0.9958260393246399,
        0.9958260393246399,
        0.9958260393246399,
        0.9958260393246399,
        0.9958260393246399,
        0.9958260393246399,
        0.9958260393246399,
        0.9958260393246399,
        0.9958260393246399,
        0.9958260393246399,
        0.9958260393246399,
        0.9958260393246399,
        0.9958260393246399,
        0.9958260393246399,
        0.9958260393246399,
        0.9958260393246399,
        0.9958260393246399,
        0.9958260393246399,
        0.9958260393246399,
        0.9958260393246399,
        0.9958260393246399,
        0.9958260393246399,
        0.9958260393246399,
        0.9958260393246399,
        0.9958260393246399,
        0.9958260393246399,
        0.9958260393246399,
        0.9958260393246399,
        0.9958260393246399,
        0.9958260393246399,
        0.9958260393246399,
        0.9958260393246399,
        0.9958260393246399,
        0.9958260393246399,
        0.9958260393246399,
        0.9958260393246399,
        0.9958260393246399,
        0.9958260393246399,
        0.9958260393246399,
        0.9958260393246399,
        0.9958260393246399,
        0.9958260393246399,
        0.9958260393246399,
        0.9958260393246399,
        0.9958260393246399,
        0.9958260393246399,
        0.9958260393246399,
        0.9958260393246399,
        0.9958260393246399,
        0.9958260393246399,
        0.9958260393246399,
        0.9958260393246399,
        0.9958260393246399,
        0.9958260393246399,
        0.9958260393246399,
        0.9958260393246399,
        0.9958260393246399,
        0.9958260393246399,
        0.9958260393246399,
        0.9958260393246399,
        0.9958260393246399,
        0.9958260393246399,
        0.9958260393246399,
        0.9958260393246399,
        0.9958260393246399,
        0.9958260393246399,
        0.9958260393246399,
        0.9958260393246399,
        0.9958260393246399,
        0.9958260393246399,
        0.9958260393246399,
        0.9958260393246399,
        0.9958260393246399,
        0.9958260393246399,
        0.9958260393246399,
        0.9958260393246399,
        0.9958260393246399,
        0.9958260393246399,
        0.9958260393246399,
        0.9958260393246399,
        0.9958260393246399,
        0.9958260393246399,
        0.9958260393246399,
        0.9958260393246399,
        0.9958260393246399,
        0.9958260393246399,
        0.9958260393246399,
        0.9958260393246399,
        0.9958260393246399,
        0.9958260393246399,
        0.9958260393246399,
        0.9958260393246399,
        0.9958260393246399,
        0.9958260393246399,
        0.9958260393246399,
        0.9958260393246399,
        0.9958260393246399,
        0.9958260393246399,
        0.9958260393246399,
        0.9958260393246399,
        0.9958260393246399,
        0.9958260393246399,
        0.9958260393246399,
        0.9958260393246399,
        0.9958260393246399,
        0.9958260393246399,
        0.9958260393246399,
        0.9958260393246399,
        0.9958260393246399,
        0.9958260393246399,
        0.9958260393246399,
        0.9958260393246399,
        0.9958260393246399,
        0.9958260393246399,
        0.9958260393246399,
        0.9958260393246399,
        0.9958260393246399,
        0.9958260393246399,
        0.9958260393246399,
        0.9958260393246399,
        0.9958260393246399,
        0.9958260393246399,
        0.9958260393246399,
        0.9958260393246399,
        0.9958260393246399,
        0.9958260393246399,
        0.9958260393246399,
        0.9958260393246399,
        0.9958260393246399,
        0.9958260393246399,
        0.9958260393246399,
        0.9958260393246399,
        0.9958260393246399,
        0.9958260393246399,
        0.9958260393246399,
        0.9958260393246399,
        0.9958260393246399,
        0.9958260393246399,
        0.9958260393246399,
        0.9958260393246399,
        0.9958260393246399,
        0.9958260393246399,
        0.9958260393246399,
        0.9958260393246399,
        0.9958260393246399,
        0.9958260393246399,
        0.9958260393246399,
        0.9958260393246399,
        0.9958260393246399,
        0.9958260393246399,
        0.9958260393246399,
        0.9958260393246399,
        0.9958260393246399,
        0.9958260393246399,
        0.9958260393246399
    ],