{
    "dimensions": [
        0,
        0,
        0,
        0,
        0,
        0,
        0,
        0,
        0,
        0,
        0,
        0,
        0,
        0,
        0,
        0,
        0,
        0,
        0,
        0,
        0,
        0,
        0,
        0,
        0,
        0,
        0,
        0,
        0,
        0,
        0,
        0,
        0,
        0,
        0,
        0,
        0,
        0,
        0,
        0,
        0,
        0,
        0,
        0,
        0,
        0,
        0,
        0,
        0,
        0,
        0,
        0,
        0,
        0,
        0,
        0,
        0,
        0,
        0,
        0,
        0,
        0,
        0,
        0,
        0,
        0,
        0,
        0,
        0,
        0,
        0,
        0,
        0,
        0,
        0,
        0,
        0,
        0,
        0,
        0,
        0,
        0,
        0,
        0,
        0,
        0,
        0,
        0,
        0,
        0,
        0,
        0,
        0,
        0,
        0,
        0,
        0,
        0,
        0,
        0,
        0,
        0,
        0,
        0,
        0,
        0,
        0,
        0,
        0,
        0,
        0,
        0,
        0,
        0,
        0,
        0,
        0,
        0,
        0,
        0,
        0,
        0,
        0,
        0,
        0,
        0,
        0,
        0,
        0,
        0,
        0,
        0,
        0,
        0,
        0,
        0,
        0,
        0,
        0,
        0,
        0,
        0,
        0,
        0,
        0,
        0,
        0,
        0,
        0,
        0,
        0,
        0,
        0,
        0,
        0,
        0,
        0,
        0,
        0,
        0,
        0,
        0,
        0,
        0,
        0,
        0,
        0,
        0
    ],
    "creation_values": [
        0.9962033757323739,
        0.9962033757323739,
        0.9962033757323739,
        0.9962033757323739,
        0.9962033757323739,
        0.9962033757323739,
        0.9962033757323739,
        0.9962033757323739,
        0.9962033757323739,
        0.9962033757323739,
        0.9962033757323739,
        0.9962033757323739,
        0.9962033757323739,
        0.9962033757323739,
        0.9962033757323739,
        0.9962033757323739,
        0.9962033757323739,
        0.9962033757323739,
        0.9962033757323739,
        0.9962033757323739,
        0.9962033757323739,
        0.9962033757323739,
        0.9962033757323739,
        0.9962033757323739,
        0.9962033757323739,
        0.9962033757323739,
        0.9962033757323739,
        0.9962033757323739,
        0.9962033757323739,
        0.9962033757323739,
        0.9962033757323739,
        0.9962033757323739,
        0.9962033757323739,
        0.9962033757323739,
        0.9962033757323739,
        0.9962033757323739,
        0.9962033757323739,
        0.9962033757323739,
        0.9962033757323739,
        0.9962033757323739,
        0.9962033757323739,
        0.9962033757323739,
        0.9962033757323739,
        0.9962033757323739,
        0.9962033757323739,
        0.9962033757323739,
        0.9962033757323739,
        0.9962033757323739,
        0.9962033757323739,
        0.9962033757323739,
        0.9962033757323739,
        0.9962033757323739,
        0.9962033757323739,
        0.9962033757323739,
        0.9962033757323739,
        0.9962033757323739,
        0.9962033757323739,
        0.9962033757323739,
        0.9962033757323739,
        0.9962033757323739,
        0.9962033757323739,
        0.9962033757323739,
        0.9962033757323739,
        0.9962033757323739,
        0.9962033757323739,
        0.9962033757323739,
        0.9962033757323739,
        0.9962033757323739,
        0.9962033757323739,
        0.9962033757323739,
        0.9962033757323739,
        0.9962033757323739,
        0.9962033757323739,
        0.9962033757323739,
        0.9962033757323739,
        0.9962033757323739,
        0.9962033757323739,
        0.9962033757323739,
        0.9962033757323739,
        0.9962033757323739,
        0.9962033757323739,
        0.9962033757323739,
        0.9962033757323739,
        0.9962033757323739,
        0.9962033757323739,
        0.9962033757323739,
        0.9962033757323739,
        0.9962033757323739,
        0.9962033757323739,
        0.9962033757323739,
        0.9962033757323739,
        0.9962033757323739,
        0.9962033757323739,
        0.9962033757323739,
        0.9962033757323739,
        0.9962033757323739,
        0.9962033757323739,
        0.9962033757323739,
        0.9962033757323739,
        0.9962033757323739,
        0.9962033757323739,
        0.9962033757323739,
        0.9962033757323739,
        0.9962033757323739,
        0.9962033757323739,
        0.9962033757323739,
        0.9962033757323739,
        0.9962033757323739,
        0.9962033757323739,
        0.9962033757323739,
        0.9962033757323739,
        0.9962033757323739,
        0.9962033757323739,
        0.9962033757323739,
        0.9962033757323739,
        0.9962033757323739,
        0.9962033757323739,
        0.9962033757323739,
        0.9962033757323739,
        0.9962033757323739,
        0.9962033757323739,
        0.9962033757323739,
        0.9962033757323739,
        0.9962033757323739,
        0.9962033757323739,
        0.9962033757323739,
        0.9962033757323739,
        0.9962033757323739,
        0.9962033757323739,
        0.9962033757323739,
        0.9962033757323739,
        0.9962033757323739,
        0.9962033757323739,
        0.9962033757323739,
        0.9962033757323739,
        0.9962033757323739,
        0.9962033757323739,
        0.9962033757323739,
        0.9962033757323739,
        0.9962033757323739,
        0.9962033757323739,
        0.9962033757323739,
        0.9962033757323739,
        0.9962033757323739,
        0.9962033757323739,
        0.9962033757323739,
        0.9962033757323739,
        0.9962033757323739,
        0.9962033757323739,
        0.9962033757323739,
        0.9962033757323739,
        0.9962033757323739,
        0.9962033757323739,
        0.9962033757323739,
        0.9962033757323739,
        0.9962033757323739,
        0.9962033757323739,
        0.9962033757323739,
        0.9962033757323739,
        0.9962033757323739,
        0.9962033757323739,
        0.9962033757323739,
        0.9962033757323739,
        0.9962033757323739,
        0.9962033757323739,
        0.9962033757323739,
        0.9962033757323739,
        0.9962033757323739
    ],