{
    "dimensions": [
        0,
        0,
        0,
        0,
        0,
        0,
        0,
        0,
        0,
        0,
        0,
        0,
        0,
        0,
        0,
        0,
        0,
        0,
        0,
        0,
        0,
        0,
        0,
        0,
        0,
        0,
        0,
        0,
        0,
        0,
        0,
        0,
        0,
        0,
        0,
        0,
        0,
        0,
        0,
        0,
        0,
        0,
        0,
        0,
        0,
        0,
        0,
        0,
        0,
        0,
        0,
        0,
        0,
        0,
        0,
        0,
        0,
        0,
        0,
        0,
        0,
        0,
        0,
        0,
        0,
        0,
        0,
        0,
        0,
        0,
        0,
        0,
        0,
        0,
        0,
        0,
        0,
        0,
        0,
        0,
        0,
        0,
        0,
        0,
        0,
        0,
        0,
        0,
        0,
        0,
        0,
        0,
        0,
        0,
        0,
        0,
        0,
        0,
        0,
        0,
        0,
        0,
        0,
        0,
        0,
        0,
        0,
        0,
        0,
        0,
        0,
        0,
        0,
        0,
        0,
        0,
        0,
        0,
        0,
        0,
        0,
        0,
        0,
        0,
        0,
        0,
        0,
        0,
        0,
        0,
        0,
        0,
        0,
        0,
        0,
        0,
        0,
        0,
        0,
        0,
        0,
        0,
        0,
        0,
        0,
        0,
        0,
        0,
        0,
        0,
        0,
        0,
        0,
        0,
        0,
        0,
        0,
        0,
        0,
        0,
        0,
        0,
        0,
        0,
        0,
        0,
        0,
        0
    ],
    "creation_values": [
        0.9752337924402671,
        0.9752337924402671,
        0.9752337924402671,
        0.9752337924402671,
        0.9752337924402671,
        0.9752337924402671,
        0.9752337924402671,
        0.9752337924402671,
        0.9752337924402671,
        0.9752337924402671,
        0.9752337924402671,
        0.9752337924402671,
        0.9752337924402671,
        0.9752337924402671,
        0.9752337924402671,
        0.9752337924402671,
        0.9752337924402671,
        0.9752337924402671,
        0.9752337924402671,
        0.9752337924402671,
        0.9752337924402671,
        0.9752337924402671,
        0.9752337924402671,
        0.9752337924402671,
        0.9752337924402671,
        0.9752337924402671,
        0.9752337924402671,
        0.9752337924402671,
        0.9752337924402671,
        0.9752337924402671,
        0.9752337924402671,
        0.9752337924402671,
        0.9752337924402671,
        0.9752337924402671,
        0.9752337924402671,
        0.9752337924402671,
        0.9752337924402671,
        0.9752337924402671,
        0.9752337924402671,
        0.9752337924402671,
        0.9752337924402671,
        0.9752337924402671,
        0.9752337924402671,
        0.9752337924402671,
        0.9752337924402671,
        0.9752337924402671,
        0.9752337924402671,
        0.9752337924402671,
        0.9752337924402671,
        0.9752337924402671,
        0.9752337924402671,
        0.9752337924402671,
        0.9752337924402671,
        0.9752337924402671,
        0.9752337924402671,
        0.9752337924402671,
        0.9752337924402671,
        0.9752337924402671,
        0.9752337924402671,
        0.9752337924402671,
        0.9752337924402671,
        0.9752337924402671,
        0.9752337924402671,
        0.9752337924402671,
        0.9752337924402671,
        0.9752337924402671,
        0.9752337924402671,
        0.9752337924402671,
        0.9752337924402671,
        0.9752337924402671,
        0.9752337924402671,
        0.9752337924402671,
        0.9752337924402671,
        0.9752337924402671,
        0.9752337924402671,
        0.9752337924402671,
        0.9752337924402671,
        0.9752337924402671,
        0.9752337924402671,
        0.9752337924402671,
        0.9752337924402671,
        0.9752337924402671,
        0.9752337924402671,
        0.9752337924402671,
        0.9752337924402671,
        0.9752337924402671,
        0.9752337924402671,
        0.9752337924402671,
        0.9752337924402671,
        0.9752337924402671,
        0.9752337924402671,
        0.9752337924402671,
        0.9752337924402671,
        0.9752337924402671,
        0.9752337924402671,
        0.9752337924402671,
        0.9752337924402671,
        0.9752337924402671,
        0.9752337924402671,
        0.9752337924402671,
        0.9752337924402671,
        0.9752337924402671,
        0.9752337924402671,
        0.9752337924402671,
        0.9752337924402671,
        0.9752337924402671,
        0.9752337924402671,
        0.9752337924402671,
        0.9752337924402671,
        0.9752337924402671,
        0.9752337924402671,
        0.9752337924402671,
        0.9752337924402671,
        0.9752337924402671,
        0.9752337924402671,
        0.9752337924402671,
        0.9752337924402671,
        0.9752337924402671,
        0.9752337924402671,
        0.9752337924402671,
        0.9752337924402671,
        0.9752337924402671,
        0.9752337924402671,
        0.9752337924402671,
        0.9752337924402671,
        0.9752337924402671,
        0.9752337924402671,
        0.9752337924402671,
        0.9752337924402671,
        0.9752337924402671,
        0.9752337924402671,
        0.9752337924402671,
        0.9752337924402671,
        0.9752337924402671,
        0.9752337924402671,
        0.9752337924402671,
        0.9752337924402671,
        0.9752337924402671,
        0.9752337924402671,
        0.9752337924402671,
        0.9752337924402671,
        0.9752337924402671,
        0.9752337924402671,
        0.9752337924402671,
        0.9752337924402671,
        0.9752337924402671,
        0.9752337924402671,
        0.9752337924402671,
        0.9752337924402671,
        0.9752337924402671,
        0.9752337924402671,
        0.9752337924402671,
        0.9752337924402671,
        0.9752337924402671,
        0.9752337924402671,
        0.9752337924402671,
        0.9752337924402671,
        0.9752337924402671,
        0.9752337924402671,
        0.9752337924402671,
        0.9752337924402671,
        0.9752337924402671,
        0.9752337924402671,
        0.9752337924402671,
        0.9752337924402671,
        0.9752337924402671,
        0.9752337924402671,
        0.9752337924402671
    ],