{
    "dimensions": [
        0,
        0,
        0,
        0,
        0,
        0,
        0,
        0,
        0,
        0,
        0,
        0,
        0,
        0,
        0,
        0,
        0,
        0,
        0,
        0,
        0,
        0,
        0,
        0,
        0,
        0,
        0,
        0,
        0,
        0,
        0,
        0,
        0,
        0,
        0,
        0,
        0,
        0,
        0,
        0,
        0,
        0,
        0,
        0,
        0,
        0,
        0,
        0,
        0,
        0,
        0,
        0,
        0,
        0,
        0,
        0,
        0,
        0,
        0,
        0,
        0,
        0,
        0,
        0,
        0,
        0,
        0,
        0,
        0,
        0,
        0,
        0,
        0,
        0,
        0,
        0,
        0,
        0,
        0,
        0,
        0,
        0,
        0,
        0,
        0,
        0,
        0,
        0,
        0,
        0,
        0,
        0,
        0,
        0,
        0,
        0,
        0,
        0,
        0,
        0,
        0,
        0,
        0,
        0,
        0,
        0,
        0,
        0,
        0,
        0,
        0,
        0,
        0,
        0,
        0,
        0,
        0,
        0,
        0,
        0,
        0,
        0,
        0,
        0,
        0,
        0,
        0,
        0,
        0,
        0,
        0,
        0,
        0,
        0,
        0,
        0,
        0,
        0,
        0,
        0,
        0,
        0,
        0,
        0,
        0,
        0,
        0,
        0,
        0,
        0,
        0,
        0,
        0,
        0,
        0,
        0,
        0,
        0,
        0,
        0,
        0,
        0,
        0,
        0,
        0,
        0,
        0,
        0
    ],
    "creation_values": [
        0.9706629978472496,
        0.9706629978472496,
        0.9706629978472496,
        0.9706629978472496,
        0.9706629978472496,
        0.9706629978472496,
        0.9706629978472496,
        0.9706629978472496,
        0.9706629978472496,
        0.9706629978472496,
        0.9706629978472496,
        0.9706629978472496,
        0.9706629978472496,
        0.9706629978472496,
        0.9706629978472496,
        0.9706629978472496,
        0.9706629978472496,
        0.9706629978472496,
        0.9706629978472496,
        0.9706629978472496,
        0.9706629978472496,
        0.9706629978472496,
        0.9706629978472496,
        0.9706629978472496,
        0.9706629978472496,
        0.9706629978472496,
        0.9706629978472496,
        0.9706629978472496,
        0.9706629978472496,
        0.9706629978472496,
        0.9706629978472496,
        0.9706629978472496,
        0.9706629978472496,
        0.9706629978472496,
        0.9706629978472496,
        0.9706629978472496,
        0.9706629978472496,
        0.9706629978472496,
        0.9706629978472496,
        0.9706629978472496,
        0.9706629978472496,
        0.9706629978472496,
        0.9706629978472496,
        0.9706629978472496,
        0.9706629978472496,
        0.9706629978472496,
        0.9706629978472496,
        0.9706629978472496,
        0.9706629978472496,
        0.9706629978472496,
        0.9706629978472496,
        0.9706629978472496,
        0.9706629978472496,
        0.9706629978472496,
        0.9706629978472496,
        0.9706629978472496,
        0.9706629978472496,
        0.9706629978472496,
        0.9706629978472496,
        0.9706629978472496,
        0.9706629978472496,
        0.9706629978472496,
        0.9706629978472496,
        0.9706629978472496,
        0.9706629978472496,
        0.9706629978472496,
        0.9706629978472496,
        0.9706629978472496,
        0.9706629978472496,
        0.9706629978472496,
        0.9706629978472496,
        0.9706629978472496,
        0.9706629978472496,
        0.9706629978472496,
        0.9706629978472496,
        0.9706629978472496,
        0.9706629978472496,
        0.9706629978472496,
        0.9706629978472496,
        0.9706629978472496,
        0.9706629978472496,
        0.9706629978472496,
        0.9706629978472496,
        0.9706629978472496,
        0.9706629978472496,
        0.9706629978472496,
        0.9706629978472496,
        0.9706629978472496,
        0.9706629978472496,
        0.9706629978472496,
        0.9706629978472496,
        0.9706629978472496,
        0.9706629978472496,
        0.9706629978472496,
        0.9706629978472496,
        0.9706629978472496,
        0.9706629978472496,
        0.9706629978472496,
        0.9706629978472496,
        0.9706629978472496,
        0.9706629978472496,
        0.9706629978472496,
        0.9706629978472496,
        0.9706629978472496,
        0.9706629978472496,
        0.9706629978472496,
        0.9706629978472496,
        0.9706629978472496,
        0.9706629978472496,
        0.9706629978472496,
        0.9706629978472496,
        0.9706629978472496,
        0.9706629978472496,
        0.9706629978472496,
        0.9706629978472496,
        0.9706629978472496,
        0.9706629978472496,
        0.9706629978472496,
        0.9706629978472496,
        0.9706629978472496,
        0.9706629978472496,
        0.9706629978472496,
        0.9706629978472496,
        0.9706629978472496,
        0.9706629978472496,
        0.9706629978472496,
        0.9706629978472496,
        0.9706629978472496,
        0.9706629978472496,
        0.9706629978472496,
        0.9706629978472496,
        0.9706629978472496,
        0.9706629978472496,
        0.9706629978472496,
        0.9706629978472496,
        0.9706629978472496,
        0.9706629978472496,
        0.9706629978472496,
        0.9706629978472496,
        0.9706629978472496,
        0.9706629978472496,
        0.9706629978472496,
        0.9706629978472496,
        0.9706629978472496,
        0.9706629978472496,
        0.9706629978472496,
        0.9706629978472496,
        0.9706629978472496,
        0.9706629978472496,
        0.9706629978472496,
        0.9706629978472496,
        0.9706629978472496,
        0.9706629978472496,
        0.9706629978472496,
        0.9706629978472496,
        0.9706629978472496,
        0.9706629978472496,
        0.9706629978472496,
        0.9706629978472496,
        0.9706629978472496,
        0.9706629978472496,
        0.9706629978472496,
        0.9706629978472496,
        0.9706629978472496,
        0.9706629978472496,
        0.9706629978472496,
        0.9706629978472496,
        0.9706629978472496
    ],