{
    "dimensions": [
        0,
        0,
        0,
        0,
        0,
        0,
        0,
        0,
        0,
        0,
        0,
        0,
        0,
        0,
        0,
        0,
        0,
        0,
        0,
        0,
        0,
        0,
        0,
        0,
        0,
        0,
        0,
        0,
        0,
        0,
        0,
        0,
        0,
        0,
        0,
        0,
        0,
        0,
        0,
        0,
        0,
        0,
        0,
        0,
        0,
        0,
        0,
        0,
        0,
        0,
        0,
        0,
        0,
        0,
        0,
        0,
        0,
        0,
        0,
        0,
        0,
        0,
        0,
        0,
        0,
        0,
        0,
        0,
        0,
        0,
        0,
        0,
        0,
        0,
        0,
        0,
        0,
        0,
        0,
        0,
        0,
        0,
        0,
        0,
        0,
        0,
        0,
        0,
        0,
        0,
        0,
        0,
        0,
        0,
        0,
        0,
        0,
        0,
        0,
        0,
        0,
        0,
        0,
        0,
        0,
        0,
        0,
        0,
        0,
        0,
        0,
        0,
        0,
        0,
        0,
        0,
        0,
        0,
        0,
        0,
        0,
        0,
        0,
        0,
        0,
        0,
        0,
        0,
        0,
        0,
        0,
        0,
        0,
        0,
        0,
        0,
        0,
        0,
        0,
        0,
        0,
        0,
        0,
        0,
        0,
        0,
        0,
        0,
        0,
        0,
        0,
        0,
        0,
        0,
        0,
        0,
        0,
        0,
        0,
        0,
        0,
        0,
        0,
        0,
        0,
        0,
        0,
        0
    ],
    "creation_values": [
        0.9869689130636642,
        0.9869689130636642,
        0.9869689130636642,
        0.9869689130636642,
        0.9869689130636642,
        0.9869689130636642,
        0.9869689130636642,
        0.9869689130636642,
        0.9869689130636642,
        0.9869689130636642,
        0.9869689130636642,
        0.9869689130636642,
        0.9869689130636642,
        0.9869689130636642,
        0.9869689130636642,
        0.9869689130636642,
        0.9869689130636642,
        0.9869689130636642,
        0.9869689130636642,
        0.9869689130636642,
        0.9869689130636642,
        0.9869689130636642,
        0.9869689130636642,
        0.9869689130636642,
        0.9869689130636642,
        0.9869689130636642,
        0.9869689130636642,
        0.9869689130636642,
        0.9869689130636642,
        0.9869689130636642,
        0.9869689130636642,
        0.9869689130636642,
        0.9869689130636642,
        0.9869689130636642,
        0.9869689130636642,
        0.9869689130636642,
        0.9869689130636642,
        0.9869689130636642,
        0.9869689130636642,
        0.9869689130636642,
        0.9869689130636642,
        0.9869689130636642,
        0.9869689130636642,
        0.9869689130636642,
        0.9869689130636642,
        0.9869689130636642,
        0.9869689130636642,
        0.9869689130636642,
        0.9869689130636642,
        0.9869689130636642,
        0.9869689130636642,
        0.9869689130636642,
        0.9869689130636642,
        0.9869689130636642,
        0.9869689130636642,
        0.9869689130636642,
        0.9869689130636642,
        0.9869689130636642,
        0.9869689130636642,
        0.9869689130636642,
        0.9869689130636642,
        0.9869689130636642,
        0.9869689130636642,
        0.9869689130636642,
        0.9869689130636642,
        0.9869689130636642,
        0.9869689130636642,
        0.9869689130636642,
        0.9869689130636642,
        0.9869689130636642,
        0.9869689130636642,
        0.9869689130636642,
        0.9869689130636642,
        0.9869689130636642,
        0.9869689130636642,
        0.9869689130636642,
        0.9869689130636642,
        0.9869689130636642,
        0.9869689130636642,
        0.9869689130636642,
        0.9869689130636642,
        0.9869689130636642,
        0.9869689130636642,
        0.9869689130636642,
        0.9869689130636642,
        0.9869689130636642,
        0.9869689130636642,
        0.9869689130636642,
        0.9869689130636642,
        0.9869689130636642,
        0.9869689130636642,
        0.9869689130636642,
        0.9869689130636642,
        0.9869689130636642,
        0.9869689130636642,
        0.9869689130636642,
        0.9869689130636642,
        0.9869689130636642,
        0.9869689130636642,
        0.9869689130636642,
        0.9869689130636642,
        0.9869689130636642,
        0.9869689130636642,
        0.9869689130636642,
        0.9869689130636642,
        0.9869689130636642,
        0.9869689130636642,
        0.9869689130636642,
        0.9869689130636642,
        0.9869689130636642,
        0.9869689130636642,
        0.9869689130636642,
        0.9869689130636642,
        0.9869689130636642,
        0.9869689130636642,
        0.9869689130636642,
        0.9869689130636642,
        0.9869689130636642,
        0.9869689130636642,
        0.9869689130636642,
        0.9869689130636642,
        0.9869689130636642,
        0.9869689130636642,
        0.9869689130636642,
        0.9869689130636642,
        0.9869689130636642,
        0.9869689130636642,
        0.9869689130636642,
        0.9869689130636642,
        0.9869689130636642,
        0.9869689130636642,
        0.9869689130636642,
        0.9869689130636642,
        0.9869689130636642,
        0.9869689130636642,
        0.9869689130636642,
        0.9869689130636642,
        0.9869689130636642,
        0.9869689130636642,
        0.9869689130636642,
        0.9869689130636642,
        0.9869689130636642,
        0.9869689130636642,
        0.9869689130636642,
        0.9869689130636642,
        0.9869689130636642,
        0.9869689130636642,
        0.9869689130636642,
        0.9869689130636642,
        0.9869689130636642,
        0.9869689130636642,
        0.9869689130636642,
        0.9869689130636642,
        0.9869689130636642,
        0.9869689130636642,
        0.9869689130636642,
        0.9869689130636642,
        0.9869689130636642,
        0.9869689130636642,
        0.9869689130636642,
        0.9869689130636642,
        0.9869689130636642,
        0.9869689130636642,
        0.9869689130636642,
        0.9869689130636642,
        0.9869689130636642,
        0.9869689130636642,
        0.9869689130636642
    ],