{
    "dimensions": [
        0,
        0,
        0,
        0,
        0,
        0,
        0,
        0,
        0,
        0,
        0,
        0,
        0,
        0,
        0,
        0,
        0,
        0,
        0,
        0,
        0,
        0,
        0,
        0,
        0,
        0,
        0,
        0,
        0,
        0,
        0,
        0,
        0,
        0,
        0,
        0,
        0,
        0,
        0,
        0,
        0,
        0,
        0,
        0,
        0,
        0,
        0,
        0,
        0,
        0,
        0,
        0,
        0,
        0,
        0,
        0,
        0,
        0,
        0,
        0,
        0,
        0,
        0,
        0,
        0,
        0,
        0,
        0,
        0,
        0,
        0,
        0,
        0,
        0,
        0,
        0,
        0,
        0,
        0,
        0,
        0,
        0,
        0,
        0,
        0,
        0,
        0,
        0,
        0,
        0,
        0,
        0,
        0,
        0,
        0,
        0,
        0,
        0,
        0,
        0,
        0,
        0,
        0,
        0,
        0,
        0,
        0,
        0,
        0,
        0,
        0,
        0,
        0,
        0,
        0,
        0,
        0,
        0,
        0,
        0,
        0,
        0,
        0,
        0,
        0,
        0,
        0,
        0,
        0,
        0,
        0,
        0,
        0,
        0,
        0,
        0,
        0,
        0,
        0,
        0,
        0,
        0,
        0,
        0,
        0,
        0,
        0,
        0,
        0,
        0,
        0,
        0,
        0,
        0,
        0,
        0,
        0,
        0,
        0,
        0,
        0,
        0,
        0,
        0,
        0,
        0,
        0,
        0
    ],
    "creation_values": [
        0.9811499543858941,
        0.9811499543858941,
        0.9811499543858941,
        0.9811499543858941,
        0.9811499543858941,
        0.9811499543858941,
        0.9811499543858941,
        0.9811499543858941,
        0.9811499543858941,
        0.9811499543858941,
        0.9811499543858941,
        0.9811499543858941,
        0.9811499543858941,
        0.9811499543858941,
        0.9811499543858941,
        0.9811499543858941,
        0.9811499543858941,
        0.9811499543858941,
        0.9811499543858941,
        0.9811499543858941,
        0.9811499543858941,
        0.9811499543858941,
        0.9811499543858941,
        0.9811499543858941,
        0.9811499543858941,
        0.9811499543858941,
        0.9811499543858941,
        0.9811499543858941,
        0.9811499543858941,
        0.9811499543858941,
        0.9811499543858941,
        0.9811499543858941,
        0.9811499543858941,
        0.9811499543858941,
        0.9811499543858941,
        0.9811499543858941,
        0.9811499543858941,
        0.9811499543858941,
        0.9811499543858941,
        0.9811499543858941,
        0.9811499543858941,
        0.9811499543858941,
        0.9811499543858941,
        0.9811499543858941,
        0.9811499543858941,
        0.9811499543858941,
        0.9811499543858941,
        0.9811499543858941,
        0.9811499543858941,
        0.9811499543858941,
        0.9811499543858941,
        0.9811499543858941,
        0.9811499543858941,
        0.9811499543858941,
        0.9811499543858941,
        0.9811499543858941,
        0.9811499543858941,
        0.9811499543858941,
        0.9811499543858941,
        0.9811499543858941,
        0.9811499543858941,
        0.9811499543858941,
        0.9811499543858941,
        0.9811499543858941,
        0.9811499543858941,
        0.9811499543858941,
        0.9811499543858941,
        0.9811499543858941,
        0.9811499543858941,
        0.9811499543858941,
        0.9811499543858941,
        0.9811499543858941,
        0.9811499543858941,
        0.9811499543858941,
        0.9811499543858941,
        0.9811499543858941,
        0.9811499543858941,
        0.9811499543858941,
        0.9811499543858941,
        0.9811499543858941,
        0.9811499543858941,
        0.9811499543858941,
        0.9811499543858941,
        0.9811499543858941,
        0.9811499543858941,
        0.9811499543858941,
        0.9811499543858941,
        0.9811499543858941,
        0.9811499543858941,
        0.9811499543858941,
        0.9811499543858941,
        0.9811499543858941,
        0.9811499543858941,
        0.9811499543858941,
        0.9811499543858941,
        0.9811499543858941,
        0.9811499543858941,
        0.9811499543858941,
        0.9811499543858941,
        0.9811499543858941,
        0.9811499543858941,
        0.9811499543858941,
        0.9811499543858941,
        0.9811499543858941,
        0.9811499543858941,
        0.9811499543858941,
        0.9811499543858941,
        0.9811499543858941,
        0.9811499543858941,
        0.9811499543858941,
        0.9811499543858941,
        0.9811499543858941,
        0.9811499543858941,
        0.9811499543858941,
        0.9811499543858941,
        0.9811499543858941,
        0.9811499543858941,
        0.9811499543858941,
        0.9811499543858941,
        0.9811499543858941,
        0.9811499543858941,
        0.9811499543858941,
        0.9811499543858941,
        0.9811499543858941,
        0.9811499543858941,
        0.9811499543858941,
        0.9811499543858941,
        0.9811499543858941,
        0.9811499543858941,
        0.9811499543858941,
        0.9811499543858941,
        0.9811499543858941,
        0.9811499543858941,
        0.9811499543858941,
        0.9811499543858941,
        0.9811499543858941,
        0.9811499543858941,
        0.9811499543858941,
        0.9811499543858941,
        0.9811499543858941,
        0.9811499543858941,
        0.9811499543858941,
        0.9811499543858941,
        0.9811499543858941,
        0.9811499543858941,
        0.9811499543858941,
        0.9811499543858941,
        0.9811499543858941,
        0.9811499543858941,
        0.9811499543858941,
        0.9811499543858941,
        0.9811499543858941,
        0.9811499543858941,
        0.9811499543858941,
        0.9811499543858941,
        0.9811499543858941,
        0.9811499543858941,
        0.9811499543858941,
        0.9811499543858941,
        0.9811499543858941,
        0.9811499543858941,
        0.9811499543858941,
        0.9811499543858941,
        0.9811499543858941,
        0.9811499543858941,
        0.9811499543858941,
        0.9811499543858941,
        0.9811499543858941
    ],