{
    "dimensions": [
        0,
        0,
        0,
        0,
        0,
        0,
        0,
        0,
        0,
        0,
        0,
        0,
        0,
        0,
        0,
        0,
        0,
        0,
        0,
        0,
        0,
        0,
        0,
        0,
        0,
        0,
        0,
        0,
        0,
        0,
        0,
        0,
        0,
        0,
        0,
        0,
        0,
        0,
        0,
        0,
        0,
        0,
        0,
        0,
        0,
        0,
        0,
        0,
        0,
        0,
        0,
        0,
        0,
        0,
        0,
        0,
        0,
        0,
        0,
        0,
        0,
        0,
        0,
        0,
        0,
        0,
        0,
        0,
        0,
        0,
        0,
        0,
        0,
        0,
        0,
        0,
        0,
        0,
        0,
        0,
        0,
        0,
        0,
        0,
        0,
        0,
        0,
        0,
        0,
        0,
        0,
        0,
        0,
        0,
        0,
        0,
        0,
        0,
        0,
        0,
        0,
        0,
        0,
        0,
        0,
        0,
        0,
        0,
        0,
        0,
        0,
        0,
        0,
        0,
        0,
        0,
        0,
        0,
        0,
        0,
        0,
        0,
        0,
        0,
        0,
        0,
        0,
        0,
        0,
        0,
        0,
        0,
        0,
        0,
        0,
        0,
        0,
        0,
        0,
        0,
        0,
        0,
        0,
        0,
        0,
        0,
        0,
        0,
        0,
        0,
        0,
        0,
        0,
        0,
        0,
        0,
        0,
        0,
        0,
        0,
        0,
        0,
        0,
        0,
        0,
        0,
        0,
        0
    ],
    "creation_values": [
        0.994975292504918,
        0.994975292504918,
        0.994975292504918,
        0.994975292504918,
        0.994975292504918,
        0.994975292504918,
        0.994975292504918,
        0.994975292504918,
        0.994975292504918,
        0.994975292504918,
        0.994975292504918,
        0.994975292504918,
        0.994975292504918,
        0.994975292504918,
        0.994975292504918,
        0.994975292504918,
        0.994975292504918,
        0.994975292504918,
        0.994975292504918,
        0.994975292504918,
        0.994975292504918,
        0.994975292504918,
        0.994975292504918,
        0.994975292504918,
        0.994975292504918,
        0.994975292504918,
        0.994975292504918,
        0.994975292504918,
        0.994975292504918,
        0.994975292504918,
        0.994975292504918,
        0.994975292504918,
        0.994975292504918,
        0.994975292504918,
        0.994975292504918,
        0.994975292504918,
        0.994975292504918,
        0.994975292504918,
        0.994975292504918,
        0.994975292504918,
        0.994975292504918,
        0.994975292504918,
        0.994975292504918,
        0.994975292504918,
        0.994975292504918,
        0.994975292504918,
        0.994975292504918,
        0.994975292504918,
        0.994975292504918,
        0.994975292504918,
        0.994975292504918,
        0.994975292504918,
        0.994975292504918,
        0.994975292504918,
        0.994975292504918,
        0.994975292504918,
        0.994975292504918,
        0.994975292504918,
        0.994975292504918,
        0.994975292504918,
        0.994975292504918,
        0.994975292504918,
        0.994975292504918,
        0.994975292504918,
        0.994975292504918,
        0.994975292504918,
        0.994975292504918,
        0.994975292504918,
        0.994975292504918,
        0.994975292504918,
        0.994975292504918,
        0.994975292504918,
        0.994975292504918,
        0.994975292504918,
        0.994975292504918,
        0.994975292504918,
        0.994975292504918,
        0.994975292504918,
        0.994975292504918,
        0.994975292504918,
        0.994975292504918,
        0.994975292504918,
        0.994975292504918,
        0.994975292504918,
        0.994975292504918,
        0.994975292504918,
        0.994975292504918,
        0.994975292504918,
        0.994975292504918,
        0.994975292504918,
        0.994975292504918,
        0.994975292504918,
        0.994975292504918,
        0.994975292504918,
        0.994975292504918,
        0.994975292504918,
        0.994975292504918,
        0.994975292504918,
        0.994975292504918,
        0.994975292504918,
        0.994975292504918,
        0.994975292504918,
        0.994975292504918,
        0.994975292504918,
        0.994975292504918,
        0.994975292504918,
        0.994975292504918,
        0.994975292504918,
        0.994975292504918,
        0.994975292504918,
        0.994975292504918,
        0.994975292504918,
        0.994975292504918,
        0.994975292504918,
        0.994975292504918,
        0.994975292504918,
        0.994975292504918,
        0.994975292504918,
        0.994975292504918,
        0.994975292504918,
        0.994975292504918,
        0.994975292504918,
        0.994975292504918,
        0.994975292504918,
        0.994975292504918,
        0.994975292504918,
        0.994975292504918,
        0.994975292504918,
        0.994975292504918,
        0.994975292504918,
        0.994975292504918,
        0.994975292504918,
        0.994975292504918,
        0.994975292504918,
        0.994975292504918,
        0.994975292504918,
        0.994975292504918,
        0.994975292504918,
        0.994975292504918,
        0.994975292504918,
        0.994975292504918,
        0.994975292504918,
        0.994975292504918,
        0.994975292504918,
        0.994975292504918,
        0.994975292504918,
        0.994975292504918,
        0.994975292504918,
        0.994975292504918,
        0.994975292504918,
        0.994975292504918,
        0.994975292504918,
        0.994975292504918,
        0.994975292504918,
        0.994975292504918,
        0.994975292504918,
        0.994975292504918,
        0.994975292504918,
        0.994975292504918,
        0.994975292504918,
        0.994975292504918,
        0.994975292504918,
        0.994975292504918,
        0.994975292504918,
        0.994975292504918,
        0.994975292504918,
        0.994975292504918,
        0.994975292504918
    ],