{
    "dimensions": [
        0,
        0,
        0,
        0,
        0,
        0,
        0,
        0,
        0,
        0,
        0,
        0,
        0,
        0,
        0,
        0,
        0,
        0,
        0,
        0,
        0,
        0,
        0,
        0,
        0,
        0,
        0,
        0,
        0,
        0,
        0,
        0,
        0,
        0,
        0,
        0,
        0,
        0,
        0,
        0,
        0,
        0,
        0,
        0,
        0,
        0,
        0,
        0,
        0,
        0,
        0,
        0,
        0,
        0,
        0,
        0,
        0,
        0,
        0,
        0,
        0,
        0,
        0,
        0,
        0,
        0,
        0,
        0,
        0,
        0,
        0,
        0,
        0,
        0,
        0,
        0,
        0,
        0,
        0,
        0,
        0,
        0,
        0,
        0,
        0,
        0,
        0,
        0,
        0,
        0,
        0,
        0,
        0,
        0,
        0,
        0,
        0,
        0,
        0,
        0,
        0,
        0,
        0,
        0,
        0,
        0,
        0,
        0,
        0,
        0,
        0,
        0,
        0,
        0,
        0,
        0,
        0,
        0,
        0,
        0,
        0,
        0,
        0,
        0,
        0,
        0,
        0,
        0,
        0,
        0,
        0,
        0,
        0,
        0,
        0,
        0,
        0,
        0,
        0,
        0,
        0,
        0,
        0,
        0,
        0,
        0,
        0,
        0,
        0,
        0,
        0,
        0,
        0,
        0,
        0,
        0,
        0,
        0,
        0,
        0,
        0,
        0,
        0,
        0,
        0,
        0,
        0,
        0
    ],
    "creation_values": [
        0.9779076673718041,
        0.9779076673718041,
        0.9779076673718041,
        0.9779076673718041,
        0.9779076673718041,
        0.9779076673718041,
        0.9779076673718041,
        0.9779076673718041,
        0.9779076673718041,
        0.9779076673718041,
        0.9779076673718041,
        0.9779076673718041,
        0.9779076673718041,
        0.9779076673718041,
        0.9779076673718041,
        0.9779076673718041,
        0.9779076673718041,
        0.9779076673718041,
        0.9779076673718041,
        0.9779076673718041,
        0.9779076673718041,
        0.9779076673718041,
        0.9779076673718041,
        0.9779076673718041,
        0.9779076673718041,
        0.9779076673718041,
        0.9779076673718041,
        0.9779076673718041,
        0.9779076673718041,
        0.9779076673718041,
        0.9779076673718041,
        0.9779076673718041,
        0.9779076673718041,
        0.9779076673718041,
        0.9779076673718041,
        0.9779076673718041,
        0.9779076673718041,
        0.9779076673718041,
        0.9779076673718041,
        0.9779076673718041,
        0.9779076673718041,
        0.9779076673718041,
        0.9779076673718041,
        0.9779076673718041,
        0.9779076673718041,
        0.9779076673718041,
        0.9779076673718041,
        0.9779076673718041,
        0.9779076673718041,
        0.9779076673718041,
        0.9779076673718041,
        0.9779076673718041,
        0.9779076673718041,
        0.9779076673718041,
        0.9779076673718041,
        0.9779076673718041,
        0.9779076673718041,
        0.9779076673718041,
        0.9779076673718041,
        0.9779076673718041,
        0.9779076673718041,
        0.9779076673718041,
        0.9779076673718041,
        0.9779076673718041,
        0.9779076673718041,
        0.9779076673718041,
        0.9779076673718041,
        0.9779076673718041,
        0.9779076673718041,
        0.9779076673718041,
        0.9779076673718041,
        0.9779076673718041,
        0.9779076673718041,
        0.9779076673718041,
        0.9779076673718041,
        0.9779076673718041,
        0.9779076673718041,
        0.9779076673718041,
        0.9779076673718041,
        0.9779076673718041,
        0.9779076673718041,
        0.9779076673718041,
        0.9779076673718041,
        0.9779076673718041,
        0.9779076673718041,
        0.9779076673718041,
        0.9779076673718041,
        0.9779076673718041,
        0.9779076673718041,
        0.9779076673718041,
        0.9779076673718041,
        0.9779076673718041,
        0.9779076673718041,
        0.9779076673718041,
        0.9779076673718041,
        0.9779076673718041,
        0.9779076673718041,
        0.9779076673718041,
        0.9779076673718041,
        0.9779076673718041,
        0.9779076673718041,
        0.9779076673718041,
        0.9779076673718041,
        0.9779076673718041,
        0.9779076673718041,
        0.9779076673718041,
        0.9779076673718041,
        0.9779076673718041,
        0.9779076673718041,
        0.9779076673718041,
        0.9779076673718041,
        0.9779076673718041,
        0.9779076673718041,
        0.9779076673718041,
        0.9779076673718041,
        0.9779076673718041,
        0.9779076673718041,
        0.9779076673718041,
        0.9779076673718041,
        0.9779076673718041,
        0.9779076673718041,
        0.9779076673718041,
        0.9779076673718041,
        0.9779076673718041,
        0.9779076673718041,
        0.9779076673718041,
        0.9779076673718041,
        0.9779076673718041,
        0.9779076673718041,
        0.9779076673718041,
        0.9779076673718041,
        0.9779076673718041,
        0.9779076673718041,
        0.9779076673718041,
        0.9779076673718041,
        0.9779076673718041,
        0.9779076673718041,
        0.9779076673718041,
        0.9779076673718041,
        0.9779076673718041,
        0.9779076673718041,
        0.9779076673718041,
        0.9779076673718041,
        0.9779076673718041,
        0.9779076673718041,
        0.9779076673718041,
        0.9779076673718041,
        0.9779076673718041,
        0.9779076673718041,
        0.9779076673718041,
        0.9779076673718041,
        0.9779076673718041,
        0.9779076673718041,
        0.9779076673718041,
        0.9779076673718041,
        0.9779076673718041,
        0.9779076673718041,
        0.9779076673718041,
        0.9779076673718041,
        0.9779076673718041,
        0.9779076673718041,
        0.9779076673718041,
        0.9779076673718041,
        0.9779076673718041,
        0.9779076673718041,
        0.9779076673718041,
        0.9779076673718041,
        0.9779076673718041
    ],