{
    "dimensions": [
        0,
        0,
        0,
        0,
        0,
        0,
        0,
        0,
        0,
        0,
        0,
        0,
        0,
        0,
        0,
        0,
        0,
        0,
        0,
        0,
        0,
        0,
        0,
        0,
        0,
        0,
        0,
        0,
        0,
        0,
        0,
        0,
        0,
        0,
        0,
        0,
        0,
        0,
        0,
        0,
        0,
        0,
        0,
        0,
        0,
        0,
        0,
        0,
        0,
        0,
        0,
        0,
        0,
        0,
        0,
        0,
        0,
        0,
        0,
        0,
        0,
        0,
        0,
        0,
        0,
        0,
        0,
        0,
        0,
        0,
        0,
        0,
        0,
        0,
        0,
        0,
        0,
        0,
        0,
        0,
        0,
        0,
        0,
        0,
        0,
        0,
        0,
        0,
        0,
        0,
        0,
        0,
        0,
        0,
        0,
        0,
        0,
        0,
        0,
        0,
        0,
        0,
        0,
        0,
        0,
        0,
        0,
        0,
        0,
        0,
        0,
        0,
        0,
        0,
        0,
        0,
        0,
        0,
        0,
        0,
        0,
        0,
        0,
        0,
        0,
        0,
        0,
        0,
        0,
        0,
        0,
        0,
        0,
        0,
        0,
        0,
        0,
        0,
        0,
        0,
        0,
        0,
        0,
        0,
        0,
        0,
        0,
        0,
        0,
        0,
        0,
        0,
        0,
        0,
        0,
        0,
        0,
        0,
        0,
        0,
        0,
        0,
        0,
        0,
        0,
        0,
        0,
        0
    ],
    "creation_values": [
        0.9934438560854648,
        0.9934438560854648,
        0.9934438560854648,
        0.9934438560854648,
        0.9934438560854648,
        0.9934438560854648,
        0.9934438560854648,
        0.9934438560854648,
        0.9934438560854648,
        0.9934438560854648,
        0.9934438560854648,
        0.9934438560854648,
        0.9934438560854648,
        0.9934438560854648,
        0.9934438560854648,
        0.9934438560854648,
        0.9934438560854648,
        0.9934438560854648,
        0.9934438560854648,
        0.9934438560854648,
        0.9934438560854648,
        0.9934438560854648,
        0.9934438560854648,
        0.9934438560854648,
        0.9934438560854648,
        0.9934438560854648,
        0.9934438560854648,
        0.9934438560854648,
        0.9934438560854648,
        0.9934438560854648,
        0.9934438560854648,
        0.9934438560854648,
        0.9934438560854648,
        0.9934438560854648,
        0.9934438560854648,
        0.9934438560854648,
        0.9934438560854648,
        0.9934438560854648,
        0.9934438560854648,
        0.9934438560854648,
        0.9934438560854648,
        0.9934438560854648,
        0.9934438560854648,
        0.9934438560854648,
        0.9934438560854648,
        0.9934438560854648,
        0.9934438560854648,
        0.9934438560854648,
        0.9934438560854648,
        0.9934438560854648,
        0.9934438560854648,
        0.9934438560854648,
        0.9934438560854648,
        0.9934438560854648,
        0.9934438560854648,
        0.9934438560854648,
        0.9934438560854648,
        0.9934438560854648,
        0.9934438560854648,
        0.9934438560854648,
        0.9934438560854648,
        0.9934438560854648,
        0.9934438560854648,
        0.9934438560854648,
        0.9934438560854648,
        0.9934438560854648,
        0.9934438560854648,
        0.9934438560854648,
        0.9934438560854648,
        0.9934438560854648,
        0.9934438560854648,
        0.9934438560854648,
        0.9934438560854648,
        0.9934438560854648,
        0.9934438560854648,
        0.9934438560854648,
        0.9934438560854648,
        0.9934438560854648,
        0.9934438560854648,
        0.9934438560854648,
        0.9934438560854648,
        0.9934438560854648,
        0.9934438560854648,
        0.9934438560854648,
        0.9934438560854648,
        0.9934438560854648,
        0.9934438560854648,
        0.9934438560854648,
        0.9934438560854648,
        0.9934438560854648,
        0.9934438560854648,
        0.9934438560854648,
        0.9934438560854648,
        0.9934438560854648,
        0.9934438560854648,
        0.9934438560854648,
        0.9934438560854648,
        0.9934438560854648,
        0.9934438560854648,
        0.9934438560854648,
        0.9934438560854648,
        0.9934438560854648,
        0.9934438560854648,
        0.9934438560854648,
        0.9934438560854648,
        0.9934438560854648,
        0.9934438560854648,
        0.9934438560854648,
        0.9934438560854648,
        0.9934438560854648,
        0.9934438560854648,
        0.9934438560854648,
        0.9934438560854648,
        0.9934438560854648,
        0.9934438560854648,
        0.9934438560854648,
        0.9934438560854648,
        0.9934438560854648,
        0.9934438560854648,
        0.9934438560854648,
        0.9934438560854648,
        0.9934438560854648,
        0.9934438560854648,
        0.9934438560854648,
        0.9934438560854648,
        0.9934438560854648,
        0.9934438560854648,
        0.9934438560854648,
        0.9934438560854648,
        0.9934438560854648,
        0.9934438560854648,
        0.9934438560854648,
        0.9934438560854648,
        0.9934438560854648,
        0.9934438560854648,
        0.9934438560854648,
        0.9934438560854648,
        0.9934438560854648,
        0.9934438560854648,
        0.9934438560854648,
        0.9934438560854648,
        0.9934438560854648,
        0.9934438560854648,
        0.9934438560854648,
        0.9934438560854648,
        0.9934438560854648,
        0.9934438560854648,
        0.9934438560854648,
        0.9934438560854648,
        0.9934438560854648,
        0.9934438560854648,
        0.9934438560854648,
        0.9934438560854648,
        0.9934438560854648,
        0.9934438560854648,
        0.9934438560854648,
        0.9934438560854648,
        0.9934438560854648,
        0.9934438560854648,
        0.9934438560854648,
        0.9934438560854648,
        0.9934438560854648,
        0.9934438560854648,
        0.9934438560854648,
        0.9934438560854648,
        0.9934438560854648,
        0.9934438560854648,
        0.9934438560854648
    ],