{
    "dimensions": [
        0,
        0,
        0,
        0,
        0,
        0,
        0,
        0,
        0,
        0,
        0,
        0,
        0,
        0,
        0,
        0,
        0,
        0,
        0,
        0,
        0,
        0,
        0,
        0,
        0,
        0,
        0,
        0,
        0,
        0,
        0,
        0,
        0,
        0,
        0,
        0,
        0,
        0,
        0,
        0,
        0,
        0,
        0,
        0,
        0,
        0,
        0,
        0,
        0,
        0,
        0,
        0,
        0,
        0,
        0,
        0,
        0,
        0,
        0,
        0,
        0,
        0,
        0,
        0,
        0,
        0,
        0,
        0,
        0,
        0,
        0,
        0,
        0,
        0,
        0,
        0,
        0,
        0,
        0,
        0,
        0,
        0,
        0,
        0,
        0,
        0,
        0,
        0,
        0,
        0,
        0,
        0,
        0,
        0,
        0,
        0,
        0,
        0,
        0,
        0,
        0,
        0,
        0,
        0,
        0,
        0,
        0,
        0,
        0,
        0,
        0,
        0,
        0,
        0,
        0,
        0,
        0,
        0,
        0,
        0,
        0,
        0,
        0,
        0,
        0,
        0,
        0,
        0,
        0,
        0,
        0,
        0,
        0,
        0,
        0,
        0,
        0,
        0,
        0,
        0,
        0,
        0,
        0,
        0,
        0,
        0,
        0,
        0,
        0,
        0,
        0,
        0,
        0,
        0,
        0,
        0,
        0,
        0,
        0,
        0,
        0,
        0,
        0,
        0,
        0,
        0,
        0,
        0
    ],
    "creation_values": [
        0.3996780153080189,
        0.3996780153080189,
        0.3996780153080189,
        0.3996780153080189,
        0.3996780153080189,
        0.3996780153080189,
        0.3996780153080189,
        0.3996780153080189,
        0.3996780153080189,
        0.3996780153080189,
        0.3996780153080189,
        0.3996780153080189,
        0.3996780153080189,
        0.3996780153080189,
        0.3996780153080189,
        0.3996780153080189,
        0.3996780153080189,
        0.3996780153080189,
        0.3996780153080189,
        0.3996780153080189,
        0.3996780153080189,
        0.3996780153080189,
        0.3996780153080189,
        0.3996780153080189,
        0.3996780153080189,
        0.3996780153080189,
        0.3996780153080189,
        0.3996780153080189,
        0.3996780153080189,
        0.3996780153080189,
        0.3996780153080189,
        0.3996780153080189,
        0.3996780153080189,
        0.3996780153080189,
        0.3996780153080189,
        0.3996780153080189,
        0.3996780153080189,
        0.3996780153080189,
        0.3996780153080189,
        0.3996780153080189,
        0.3996780153080189,
        0.3996780153080189,
        0.3996780153080189,
        0.3996780153080189,
        0.3996780153080189,
        0.3996780153080189,
        0.3996780153080189,
        0.3996780153080189,
        0.3996780153080189,
        0.3996780153080189,
        0.3996780153080189,
        0.3996780153080189,
        0.3996780153080189,
        0.3996780153080189,
        0.3996780153080189,
        0.3996780153080189,
        0.3996780153080189,
        0.3996780153080189,
        0.3996780153080189,
        0.3996780153080189,
        0.3996780153080189,
        0.3996780153080189,
        0.3996780153080189,
        0.3996780153080189,
        0.3996780153080189,
        0.3996780153080189,
        0.3996780153080189,
        0.3996780153080189,
        0.3996780153080189,
        0.3996780153080189,
        0.3996780153080189,
        0.3996780153080189,
        0.3996780153080189,
        0.3996780153080189,
        0.3996780153080189,
        0.3996780153080189,
        0.3996780153080189,
        0.3996780153080189,
        0.3996780153080189,
        0.3996780153080189,
        0.3996780153080189,
        0.3996780153080189,
        0.3996780153080189,
        0.3996780153080189,
        0.3996780153080189,
        0.3996780153080189,
        0.3996780153080189,
        0.3996780153080189,
        0.3996780153080189,
        0.3996780153080189,
        0.3996780153080189,
        0.3996780153080189,
        0.3996780153080189,
        0.3996780153080189,
        0.3996780153080189,
        0.3996780153080189,
        0.3996780153080189,
        0.3996780153080189,
        0.3996780153080189,
        0.3996780153080189,
        0.3996780153080189,
        0.3996780153080189,
        0.3996780153080189,
        0.3996780153080189,
        0.3996780153080189,
        0.3996780153080189,
        0.3996780153080189,
        0.3996780153080189,
        0.3996780153080189,
        0.3996780153080189,
        0.3996780153080189,
        0.3996780153080189,
        0.3996780153080189,
        0.3996780153080189,
        0.3996780153080189,
        0.3996780153080189,
        0.3996780153080189,
        0.3996780153080189,
        0.3996780153080189,
        0.3996780153080189,
        0.3996780153080189,
        0.3996780153080189,
        0.3996780153080189,
        0.3996780153080189,
        0.3996780153080189,
        0.3996780153080189,
        0.3996780153080189,
        0.3996780153080189,
        0.3996780153080189,
        0.3996780153080189,
        0.3996780153080189,
        0.3996780153080189,
        0.3996780153080189,
        0.3996780153080189,
        0.3996780153080189,
        0.3996780153080189,
        0.3996780153080189,
        0.3996780153080189,
        0.3996780153080189,
        0.3996780153080189,
        0.3996780153080189,
        0.3996780153080189,
        0.3996780153080189,
        0.3996780153080189,
        0.3996780153080189,
        0.3996780153080189,
        0.3996780153080189,
        0.3996780153080189,
        0.3996780153080189,
        0.3996780153080189,
        0.3996780153080189,
        0.3996780153080189,
        0.3996780153080189,
        0.3996780153080189,
        0.3996780153080189,
        0.3996780153080189,
        0.3996780153080189,
        0.3996780153080189,
        0.3996780153080189,
        0.3996780153080189,
        0.3996780153080189,
        0.3996780153080189,
        0.3996780153080189,
        0.3996780153080189,
        0.3996780153080189,
        0.3996780153080189,
        0.3996780153080189,
        0.3996780153080189
    ],