{
    "dimensions": [
        0,
        0,
        0,
        0,
        0,
        0,
        0,
        0,
        0,
        0,
        0,
        0,
        0,
        0,
        0,
        0,
        0,
        0,
        0,
        0,
        0,
        0,
        0,
        0,
        0,
        0,
        0,
        0,
        0,
        0,
        0,
        0,
        0,
        0,
        0,
        0,
        0,
        0,
        0,
        0,
        0,
        0,
        0,
        0,
        0,
        0,
        0,
        0,
        0,
        0,
        0,
        0,
        0,
        0,
        0,
        0,
        0,
        0,
        0,
        0,
        0,
        0,
        0,
        0,
        0,
        0,
        0,
        0,
        0,
        0,
        0,
        0,
        0,
        0,
        0,
        0,
        0,
        0,
        0,
        0,
        0,
        0,
        0,
        0,
        0,
        0,
        0,
        0,
        0,
        0,
        0,
        0,
        0,
        0,
        0,
        0,
        0,
        0,
        0,
        0,
        0,
        0,
        0,
        0,
        0,
        0,
        0,
        0,
        0,
        0,
        0,
        0,
        0,
        0,
        0,
        0,
        0,
        0,
        0,
        0,
        0,
        0,
        0,
        0,
        0,
        0,
        0,
        0,
        0,
        0,
        0,
        0,
        0,
        0,
        0,
        0,
        0,
        0,
        0,
        0,
        0,
        0,
        0,
        0,
        0,
        0,
        0,
        0,
        0,
        0,
        0,
        0,
        0,
        0,
        0,
        0,
        0,
        0,
        0,
        0,
        0,
        0,
        0,
        0,
        0,
        0,
        0,
        0
    ],
    "creation_values": [
        0.9822408918749663,
        0.9822408918749663,
        0.9822408918749663,
        0.9822408918749663,
        0.9822408918749663,
        0.9822408918749663,
        0.9822408918749663,
        0.9822408918749663,
        0.9822408918749663,
        0.9822408918749663,
        0.9822408918749663,
        0.9822408918749663,
        0.9822408918749663,
        0.9822408918749663,
        0.9822408918749663,
        0.9822408918749663,
        0.9822408918749663,
        0.9822408918749663,
        0.9822408918749663,
        0.9822408918749663,
        0.9822408918749663,
        0.9822408918749663,
        0.9822408918749663,
        0.9822408918749663,
        0.9822408918749663,
        0.9822408918749663,
        0.9822408918749663,
        0.9822408918749663,
        0.9822408918749663,
        0.9822408918749663,
        0.9822408918749663,
        0.9822408918749663,
        0.9822408918749663,
        0.9822408918749663,
        0.9822408918749663,
        0.9822408918749663,
        0.9822408918749663,
        0.9822408918749663,
        0.9822408918749663,
        0.9822408918749663,
        0.9822408918749663,
        0.9822408918749663,
        0.9822408918749663,
        0.9822408918749663,
        0.9822408918749663,
        0.9822408918749663,
        0.9822408918749663,
        0.9822408918749663,
        0.9822408918749663,
        0.9822408918749663,
        0.9822408918749663,
        0.9822408918749663,
        0.9822408918749663,
        0.9822408918749663,
        0.9822408918749663,
        0.9822408918749663,
        0.9822408918749663,
        0.9822408918749663,
        0.9822408918749663,
        0.9822408918749663,
        0.9822408918749663,
        0.9822408918749663,
        0.9822408918749663,
        0.9822408918749663,
        0.9822408918749663,
        0.9822408918749663,
        0.9822408918749663,
        0.9822408918749663,
        0.9822408918749663,
        0.9822408918749663,
        0.9822408918749663,
        0.9822408918749663,
        0.9822408918749663,
        0.9822408918749663,
        0.9822408918749663,
        0.9822408918749663,
        0.9822408918749663,
        0.9822408918749663,
        0.9822408918749663,
        0.9822408918749663,
        0.9822408918749663,
        0.9822408918749663,
        0.9822408918749663,
        0.9822408918749663,
        0.9822408918749663,
        0.9822408918749663,
        0.9822408918749663,
        0.9822408918749663,
        0.9822408918749663,
        0.9822408918749663,
        0.9822408918749663,
        0.9822408918749663,
        0.9822408918749663,
        0.9822408918749663,
        0.9822408918749663,
        0.9822408918749663,
        0.9822408918749663,
        0.9822408918749663,
        0.9822408918749663,
        0.9822408918749663,
        0.9822408918749663,
        0.9822408918749663,
        0.9822408918749663,
        0.9822408918749663,
        0.9822408918749663,
        0.9822408918749663,
        0.9822408918749663,
        0.9822408918749663,
        0.9822408918749663,
        0.9822408918749663,
        0.9822408918749663,
        0.9822408918749663,
        0.9822408918749663,
        0.9822408918749663,
        0.9822408918749663,
        0.9822408918749663,
        0.9822408918749663,
        0.9822408918749663,
        0.9822408918749663,
        0.9822408918749663,
        0.9822408918749663,
        0.9822408918749663,
        0.9822408918749663,
        0.9822408918749663,
        0.9822408918749663,
        0.9822408918749663,
        0.9822408918749663,
        0.9822408918749663,
        0.9822408918749663,
        0.9822408918749663,
        0.9822408918749663,
        0.9822408918749663,
        0.9822408918749663,
        0.9822408918749663,
        0.9822408918749663,
        0.9822408918749663,
        0.9822408918749663,
        0.9822408918749663,
        0.9822408918749663,
        0.9822408918749663,
        0.9822408918749663,
        0.9822408918749663,
        0.9822408918749663,
        0.9822408918749663,
        0.9822408918749663,
        0.9822408918749663,
        0.9822408918749663,
        0.9822408918749663,
        0.9822408918749663,
        0.9822408918749663,
        0.9822408918749663,
        0.9822408918749663,
        0.9822408918749663,
        0.9822408918749663,
        0.9822408918749663,
        0.9822408918749663,
        0.9822408918749663,
        0.9822408918749663,
        0.9822408918749663,
        0.9822408918749663,
        0.9822408918749663,
        0.9822408918749663,
        0.9822408918749663,
        0.9822408918749663,
        0.9822408918749663,
        0.9822408918749663,
        0.9822408918749663,
        0.9822408918749663
    ],