{
    "dimensions": [
        0,
        0,
        0,
        0,
        0,
        0,
        0,
        0,
        0,
        0,
        0,
        0,
        0,
        0,
        0,
        0,
        0,
        0,
        0,
        0,
        0,
        0,
        0,
        0,
        0,
        0,
        0,
        0,
        0,
        0,
        0,
        0,
        0,
        0,
        0,
        0,
        0,
        0,
        0,
        0,
        0,
        0,
        0,
        0,
        0,
        0,
        0,
        0,
        0,
        0,
        0,
        0,
        0,
        0,
        0,
        0,
        0,
        0,
        0,
        0,
        0,
        0,
        0,
        0,
        0,
        0,
        0,
        0,
        0,
        0,
        0,
        0,
        0,
        0,
        0,
        0,
        0,
        0,
        0,
        0,
        0,
        0,
        0,
        0,
        0,
        0,
        0,
        0,
        0,
        0,
        0,
        0,
        0,
        0,
        0,
        0,
        0,
        0,
        0,
        0,
        0,
        0,
        0,
        0,
        0,
        0,
        0,
        0,
        0,
        0,
        0,
        0,
        0,
        0,
        0,
        0,
        0,
        0,
        0,
        0,
        0,
        0,
        0,
        0,
        0,
        0,
        0,
        0,
        0,
        0,
        0,
        0,
        0,
        0,
        0,
        0,
        0,
        0,
        0,
        0,
        0,
        0,
        0,
        0,
        0,
        0,
        0,
        0,
        0,
        0,
        0,
        0,
        0,
        0,
        0,
        0,
        0,
        0,
        0,
        0,
        0,
        0,
        0,
        0,
        0,
        0,
        0,
        0
    ],
    "creation_values": [
        0.9858701543005969,
        0.9858701543005969,
        0.9858701543005969,
        0.9858701543005969,
        0.9858701543005969,
        0.9858701543005969,
        0.9858701543005969,
        0.9858701543005969,
        0.9858701543005969,
        0.9858701543005969,
        0.9858701543005969,
        0.9858701543005969,
        0.9858701543005969,
        0.9858701543005969,
        0.9858701543005969,
        0.9858701543005969,
        0.9858701543005969,
        0.9858701543005969,
        0.9858701543005969,
        0.9858701543005969,
        0.9858701543005969,
        0.9858701543005969,
        0.9858701543005969,
        0.9858701543005969,
        0.9858701543005969,
        0.9858701543005969,
        0.9858701543005969,
        0.9858701543005969,
        0.9858701543005969,
        0.9858701543005969,
        0.9858701543005969,
        0.9858701543005969,
        0.9858701543005969,
        0.9858701543005969,
        0.9858701543005969,
        0.9858701543005969,
        0.9858701543005969,
        0.9858701543005969,
        0.9858701543005969,
        0.9858701543005969,
        0.9858701543005969,
        0.9858701543005969,
        0.9858701543005969,
        0.9858701543005969,
        0.9858701543005969,
        0.9858701543005969,
        0.9858701543005969,
        0.9858701543005969,
        0.9858701543005969,
        0.9858701543005969,
        0.9858701543005969,
        0.9858701543005969,
        0.9858701543005969,
        0.9858701543005969,
        0.9858701543005969,
        0.9858701543005969,
        0.9858701543005969,
        0.9858701543005969,
        0.9858701543005969,
        0.9858701543005969,
        0.9858701543005969,
        0.9858701543005969,
        0.9858701543005969,
        0.9858701543005969,
        0.9858701543005969,
        0.9858701543005969,
        0.9858701543005969,
        0.9858701543005969,
        0.9858701543005969,
        0.9858701543005969,
        0.9858701543005969,
        0.9858701543005969,
        0.9858701543005969,
        0.9858701543005969,
        0.9858701543005969,
        0.9858701543005969,
        0.9858701543005969,
        0.9858701543005969,
        0.9858701543005969,
        0.9858701543005969,
        0.9858701543005969,
        0.9858701543005969,
        0.9858701543005969,
        0.9858701543005969,
        0.9858701543005969,
        0.9858701543005969,
        0.9858701543005969,
        0.9858701543005969,
        0.9858701543005969,
        0.9858701543005969,
        0.9858701543005969,
        0.9858701543005969,
        0.9858701543005969,
        0.9858701543005969,
        0.9858701543005969,
        0.9858701543005969,
        0.9858701543005969,
        0.9858701543005969,
        0.9858701543005969,
        0.9858701543005969,
        0.9858701543005969,
        0.9858701543005969,
        0.9858701543005969,
        0.9858701543005969,
        0.9858701543005969,
        0.9858701543005969,
        0.9858701543005969,
        0.9858701543005969,
        0.9858701543005969,
        0.9858701543005969,
        0.9858701543005969,
        0.9858701543005969,
        0.9858701543005969,
        0.9858701543005969,
        0.9858701543005969,
        0.9858701543005969,
        0.9858701543005969,
        0.9858701543005969,
        0.9858701543005969,
        0.9858701543005969,
        0.9858701543005969,
        0.9858701543005969,
        0.9858701543005969,
        0.9858701543005969,
        0.9858701543005969,
        0.9858701543005969,
        0.9858701543005969,
        0.9858701543005969,
        0.9858701543005969,
        0.9858701543005969,
        0.9858701543005969,
        0.9858701543005969,
        0.9858701543005969,
        0.9858701543005969,
        0.9858701543005969,
        0.9858701543005969,
        0.9858701543005969,
        0.9858701543005969,
        0.9858701543005969,
        0.9858701543005969,
        0.9858701543005969,
        0.9858701543005969,
        0.9858701543005969,
        0.9858701543005969,
        0.9858701543005969,
        0.9858701543005969,
        0.9858701543005969,
        0.9858701543005969,
        0.9858701543005969,
        0.9858701543005969,
        0.9858701543005969,
        0.9858701543005969,
        0.9858701543005969,
        0.9858701543005969,
        0.9858701543005969,
        0.9858701543005969,
        0.9858701543005969,
        0.9858701543005969,
        0.9858701543005969,
        0.9858701543005969,
        0.9858701543005969,
        0.9858701543005969,
        0.9858701543005969,
        0.9858701543005969,
        0.9858701543005969,
        0.9858701543005969,
        0.9858701543005969,
        0.9858701543005969
    ],