{
    "dimensions": [
        0,
        0,
        0,
        0,
        0,
        0,
        0,
        0,
        0,
        0,
        0,
        0,
        0,
        0,
        0,
        0,
        0,
        0,
        0,
        0,
        0,
        0,
        0,
        0,
        0,
        0,
        0,
        0,
        0,
        0,
        0,
        0,
        0,
        0,
        0,
        0,
        0,
        0,
        0,
        0,
        0,
        0,
        0,
        0,
        0,
        0,
        0,
        0,
        0,
        0,
        0,
        0,
        0,
        0,
        0,
        0,
        0,
        0,
        0,
        0,
        0,
        0,
        0,
        0,
        0,
        0,
        0,
        0,
        0,
        0,
        0,
        0,
        0,
        0,
        0,
        0,
        0,
        0,
        0,
        0,
        0,
        0,
        0,
        0,
        0,
        0,
        0,
        0,
        0,
        0,
        0,
        0,
        0,
        0,
        0,
        0,
        0,
        0,
        0,
        0,
        0,
        0,
        0,
        0,
        0,
        0,
        0,
        0,
        0,
        0,
        0,
        0,
        0,
        0,
        0,
        0,
        0,
        0,
        0,
        0,
        0,
        0,
        0,
        0,
        0,
        0,
        0,
        0,
        0,
        0,
        0,
        0,
        0,
        0,
        0,
        0,
        0,
        0,
        0,
        0,
        0,
        0,
        0,
        0,
        0,
        0,
        0,
        0,
        0,
        0,
        0,
        0,
        0,
        0,
        0,
        0,
        0,
        0,
        0,
        0,
        0,
        0,
        0,
        0,
        0,
        0,
        0,
        0
    ],
    "creation_values": [
        0.9955573475642548,
        0.9955573475642548,
        0.9955573475642548,
        0.9955573475642548,
        0.9955573475642548,
        0.9955573475642548,
        0.9955573475642548,
        0.9955573475642548,
        0.9955573475642548,
        0.9955573475642548,
        0.9955573475642548,
        0.9955573475642548,
        0.9955573475642548,
        0.9955573475642548,
        0.9955573475642548,
        0.9955573475642548,
        0.9955573475642548,
        0.9955573475642548,
        0.9955573475642548,
        0.9955573475642548,
        0.9955573475642548,
        0.9955573475642548,
        0.9955573475642548,
        0.9955573475642548,
        0.9955573475642548,
        0.9955573475642548,
        0.9955573475642548,
        0.9955573475642548,
        0.9955573475642548,
        0.9955573475642548,
        0.9955573475642548,
        0.9955573475642548,
        0.9955573475642548,
        0.9955573475642548,
        0.9955573475642548,
        0.9955573475642548,
        0.9955573475642548,
        0.9955573475642548,
        0.9955573475642548,
        0.9955573475642548,
        0.9955573475642548,
        0.9955573475642548,
        0.9955573475642548,
        0.9955573475642548,
        0.9955573475642548,
        0.9955573475642548,
        0.9955573475642548,
        0.9955573475642548,
        0.9955573475642548,
        0.9955573475642548,
        0.9955573475642548,
        0.9955573475642548,
        0.9955573475642548,
        0.9955573475642548,
        0.9955573475642548,
        0.9955573475642548,
        0.9955573475642548,
        0.9955573475642548,
        0.9955573475642548,
        0.9955573475642548,
        0.9955573475642548,
        0.9955573475642548,
        0.9955573475642548,
        0.9955573475642548,
        0.9955573475642548,
        0.9955573475642548,
        0.9955573475642548,
        0.9955573475642548,
        0.9955573475642548,
        0.9955573475642548,
        0.9955573475642548,
        0.9955573475642548,
        0.9955573475642548,
        0.9955573475642548,
        0.9955573475642548,
        0.9955573475642548,
        0.9955573475642548,
        0.9955573475642548,
        0.9955573475642548,
        0.9955573475642548,
        0.9955573475642548,
        0.9955573475642548,
        0.9955573475642548,
        0.9955573475642548,
        0.9955573475642548,
        0.9955573475642548,
        0.9955573475642548,
        0.9955573475642548,
        0.9955573475642548,
        0.9955573475642548,
        0.9955573475642548,
        0.9955573475642548,
        0.9955573475642548,
        0.9955573475642548,
        0.9955573475642548,
        0.9955573475642548,
        0.9955573475642548,
        0.9955573475642548,
        0.9955573475642548,
        0.9955573475642548,
        0.9955573475642548,
        0.9955573475642548,
        0.9955573475642548,
        0.9955573475642548,
        0.9955573475642548,
        0.9955573475642548,
        0.9955573475642548,
        0.9955573475642548,
        0.9955573475642548,
        0.9955573475642548,
        0.9955573475642548,
        0.9955573475642548,
        0.9955573475642548,
        0.9955573475642548,
        0.9955573475642548,
        0.9955573475642548,
        0.9955573475642548,
        0.9955573475642548,
        0.9955573475642548,
        0.9955573475642548,
        0.9955573475642548,
        0.9955573475642548,
        0.9955573475642548,
        0.9955573475642548,
        0.9955573475642548,
        0.9955573475642548,
        0.9955573475642548,
        0.9955573475642548,
        0.9955573475642548,
        0.9955573475642548,
        0.9955573475642548,
        0.9955573475642548,
        0.9955573475642548,
        0.9955573475642548,
        0.9955573475642548,
        0.9955573475642548,
        0.9955573475642548,
        0.9955573475642548,
        0.9955573475642548,
        0.9955573475642548,
        0.9955573475642548,
        0.9955573475642548,
        0.9955573475642548,
        0.9955573475642548,
        0.9955573475642548,
        0.9955573475642548,
        0.9955573475642548,
        0.9955573475642548,
        0.9955573475642548,
        0.9955573475642548,
        0.9955573475642548,
        0.9955573475642548,
        0.9955573475642548,
        0.9955573475642548,
        0.9955573475642548,
        0.9955573475642548,
        0.9955573475642548,
        0.9955573475642548,
        0.9955573475642548,
        0.9955573475642548,
        0.9955573475642548,
        0.9955573475642548,
        0.9955573475642548,
        0.9955573475642548,
        0.9955573475642548,
        0.9955573475642548,
        0.9955573475642548,
        0.9955573475642548
    ],