{
    "dimensions": [
        0,
        0,
        0,
        0,
        0,
        0,
        0,
        0,
        0,
        0,
        0,
        0,
        0,
        0,
        0,
        0,
        0,
        0,
        0,
        0,
        0,
        0,
        0,
        0,
        0,
        0,
        0,
        0,
        0,
        0,
        0,
        0,
        0,
        0,
        0,
        0,
        0,
        0,
        0,
        0,
        0,
        0,
        0,
        0,
        0,
        0,
        0,
        0,
        0,
        0,
        0,
        0,
        0,
        0,
        0,
        0,
        0,
        0,
        0,
        0,
        0,
        0,
        0,
        0,
        0,
        0,
        0,
        0,
        0,
        0,
        0,
        0,
        0,
        0,
        0,
        0,
        0,
        0,
        0,
        0,
        0,
        0,
        0,
        0,
        0,
        0,
        0,
        0,
        0,
        0,
        0,
        0,
        0,
        0,
        0,
        0,
        0,
        0,
        0,
        0,
        0,
        0,
        0,
        0,
        0,
        0,
        0,
        0,
        0,
        0,
        0,
        0,
        0,
        0,
        0,
        0,
        0,
        0,
        0,
        0,
        0,
        0,
        0,
        0,
        0,
        0,
        0,
        0,
        0,
        0,
        0,
        0,
        0,
        0,
        0,
        0,
        0,
        0,
        0,
        0,
        0,
        0,
        0,
        0,
        0,
        0,
        0,
        0,
        0,
        0,
        0,
        0,
        0,
        0,
        0,
        0,
        0,
        0,
        0,
        0,
        0,
        0,
        0,
        0,
        0,
        0,
        0,
        0
    ],
    "creation_values": [
        0.8480028303426789,
        0.8480028303426789,
        0.8480028303426789,
        0.8480028303426789,
        0.8480028303426789,
        0.8480028303426789,
        0.8480028303426789,
        0.8480028303426789,
        0.8480028303426789,
        0.8480028303426789,
        0.8480028303426789,
        0.8480028303426789,
        0.8480028303426789,
        0.8480028303426789,
        0.8480028303426789,
        0.8480028303426789,
        0.8480028303426789,
        0.8480028303426789,
        0.8480028303426789,
        0.8480028303426789,
        0.8480028303426789,
        0.8480028303426789,
        0.8480028303426789,
        0.8480028303426789,
        0.8480028303426789,
        0.8480028303426789,
        0.8480028303426789,
        0.8480028303426789,
        0.8480028303426789,
        0.8480028303426789,
        0.8480028303426789,
        0.8480028303426789,
        0.8480028303426789,
        0.8480028303426789,
        0.8480028303426789,
        0.8480028303426789,
        0.8480028303426789,
        0.8480028303426789,
        0.8480028303426789,
        0.8480028303426789,
        0.8480028303426789,
        0.8480028303426789,
        0.8480028303426789,
        0.8480028303426789,
        0.8480028303426789,
        0.8480028303426789,
        0.8480028303426789,
        0.8480028303426789,
        0.8480028303426789,
        0.8480028303426789,
        0.8480028303426789,
        0.8480028303426789,
        0.8480028303426789,
        0.8480028303426789,
        0.8480028303426789,
        0.8480028303426789,
        0.8480028303426789,
        0.8480028303426789,
        0.8480028303426789,
        0.8480028303426789,
        0.8480028303426789,
        0.8480028303426789,
        0.8480028303426789,
        0.8480028303426789,
        0.8480028303426789,
        0.8480028303426789,
        0.8480028303426789,
        0.8480028303426789,
        0.8480028303426789,
        0.8480028303426789,
        0.8480028303426789,
        0.8480028303426789,
        0.8480028303426789,
        0.8480028303426789,
        0.8480028303426789,
        0.8480028303426789,
        0.8480028303426789,
        0.8480028303426789,
        0.8480028303426789,
        0.8480028303426789,
        0.8480028303426789,
        0.8480028303426789,
        0.8480028303426789,
        0.8480028303426789,
        0.8480028303426789,
        0.8480028303426789,
        0.8480028303426789,
        0.8480028303426789,
        0.8480028303426789,
        0.8480028303426789,
        0.8480028303426789,
        0.8480028303426789,
        0.8480028303426789,
        0.8480028303426789,
        0.8480028303426789,
        0.8480028303426789,
        0.8480028303426789,
        0.8480028303426789,
        0.8480028303426789,
        0.8480028303426789,
        0.8480028303426789,
        0.8480028303426789,
        0.8480028303426789,
        0.8480028303426789,
        0.8480028303426789,
        0.8480028303426789,
        0.8480028303426789,
        0.8480028303426789,
        0.8480028303426789,
        0.8480028303426789,
        0.8480028303426789,
        0.8480028303426789,
        0.8480028303426789,
        0.8480028303426789,
        0.8480028303426789,
        0.8480028303426789,
        0.8480028303426789,
        0.8480028303426789,
        0.8480028303426789,
        0.8480028303426789,
        0.8480028303426789,
        0.8480028303426789,
        0.8480028303426789,
        0.8480028303426789,
        0.8480028303426789,
        0.8480028303426789,
        0.8480028303426789,
        0.8480028303426789,
        0.8480028303426789,
        0.8480028303426789,
        0.8480028303426789,
        0.8480028303426789,
        0.8480028303426789,
        0.8480028303426789,
        0.8480028303426789,
        0.8480028303426789,
        0.8480028303426789,
        0.8480028303426789,
        0.8480028303426789,
        0.8480028303426789,
        0.8480028303426789,
        0.8480028303426789,
        0.8480028303426789,
        0.8480028303426789,
        0.8480028303426789,
        0.8480028303426789,
        0.8480028303426789,
        0.8480028303426789,
        0.8480028303426789,
        0.8480028303426789,
        0.8480028303426789,
        0.8480028303426789,
        0.8480028303426789,
        0.8480028303426789,
        0.8480028303426789,
        0.8480028303426789,
        0.8480028303426789,
        0.8480028303426789,
        0.8480028303426789,
        0.8480028303426789,
        0.8480028303426789,
        0.8480028303426789,
        0.8480028303426789,
        0.8480028303426789,
        0.8480028303426789,
        0.8480028303426789,
        0.8480028303426789,
        0.8480028303426789
    ],