{
    "dimensions": [
        0,
        0,
        0,
        0,
        0,
        0,
        0,
        0,
        0,
        0,
        0,
        0,
        0,
        0,
        0,
        0,
        0,
        0,
        0,
        0,
        0,
        0,
        0,
        0,
        0,
        0,
        0,
        0,
        0,
        0,
        0,
        0,
        0,
        0,
        0,
        0,
        0,
        0,
        0,
        0,
        0,
        0,
        0,
        0,
        0,
        0,
        0,
        0,
        0,
        0,
        0,
        0,
        0,
        0,
        0,
        0,
        0,
        0,
        0,
        0,
        0,
        0,
        0,
        0,
        0,
        0,
        0,
        0,
        0,
        0,
        0,
        0,
        0,
        0,
        0,
        0,
        0,
        0,
        0,
        0,
        0,
        0,
        0,
        0,
        0,
        0,
        0,
        0,
        0,
        0,
        0,
        0,
        0,
        0,
        0,
        0,
        0,
        0,
        0,
        0,
        0,
        0,
        0,
        0,
        0,
        0,
        0,
        0,
        0,
        0,
        0,
        0,
        0,
        0,
        0,
        0,
        0,
        0,
        0,
        0,
        0,
        0,
        0,
        0,
        0,
        0,
        0,
        0,
        0,
        0,
        0,
        0,
        0,
        0,
        0,
        0,
        0,
        0,
        0,
        0,
        0,
        0,
        0,
        0,
        0,
        0,
        0,
        0,
        0,
        0,
        0,
        0,
        0,
        0,
        0,
        0,
        0,
        0,
        0,
        0,
        0,
        0,
        0,
        0,
        0,
        0,
        0,
        0
    ],
    "creation_values": [
        0.6943017216601739,
        0.6943017216601739,
        0.6943017216601739,
        0.6943017216601739,
        0.6943017216601739,
        0.6943017216601739,
        0.6943017216601739,
        0.6943017216601739,
        0.6943017216601739,
        0.6943017216601739,
        0.6943017216601739,
        0.6943017216601739,
        0.6943017216601739,
        0.6943017216601739,
        0.6943017216601739,
        0.6943017216601739,
        0.6943017216601739,
        0.6943017216601739,
        0.6943017216601739,
        0.6943017216601739,
        0.6943017216601739,
        0.6943017216601739,
        0.6943017216601739,
        0.6943017216601739,
        0.6943017216601739,
        0.6943017216601739,
        0.6943017216601739,
        0.6943017216601739,
        0.6943017216601739,
        0.6943017216601739,
        0.6943017216601739,
        0.6943017216601739,
        0.6943017216601739,
        0.6943017216601739,
        0.6943017216601739,
        0.6943017216601739,
        0.6943017216601739,
        0.6943017216601739,
        0.6943017216601739,
        0.6943017216601739,
        0.6943017216601739,
        0.6943017216601739,
        0.6943017216601739,
        0.6943017216601739,
        0.6943017216601739,
        0.6943017216601739,
        0.6943017216601739,
        0.6943017216601739,
        0.6943017216601739,
        0.6943017216601739,
        0.6943017216601739,
        0.6943017216601739,
        0.6943017216601739,
        0.6943017216601739,
        0.6943017216601739,
        0.6943017216601739,
        0.6943017216601739,
        0.6943017216601739,
        0.6943017216601739,
        0.6943017216601739,
        0.6943017216601739,
        0.6943017216601739,
        0.6943017216601739,
        0.6943017216601739,
        0.6943017216601739,
        0.6943017216601739,
        0.6943017216601739,
        0.6943017216601739,
        0.6943017216601739,
        0.6943017216601739,
        0.6943017216601739,
        0.6943017216601739,
        0.6943017216601739,
        0.6943017216601739,
        0.6943017216601739,
        0.6943017216601739,
        0.6943017216601739,
        0.6943017216601739,
        0.6943017216601739,
        0.6943017216601739,
        0.6943017216601739,
        0.6943017216601739,
        0.6943017216601739,
        0.6943017216601739,
        0.6943017216601739,
        0.6943017216601739,
        0.6943017216601739,
        0.6943017216601739,
        0.6943017216601739,
        0.6943017216601739,
        0.6943017216601739,
        0.6943017216601739,
        0.6943017216601739,
        0.6943017216601739,
        0.6943017216601739,
        0.6943017216601739,
        0.6943017216601739,
        0.6943017216601739,
        0.6943017216601739,
        0.6943017216601739,
        0.6943017216601739,
        0.6943017216601739,
        0.6943017216601739,
        0.6943017216601739,
        0.6943017216601739,
        0.6943017216601739,
        0.6943017216601739,
        0.6943017216601739,
        0.6943017216601739,
        0.6943017216601739,
        0.6943017216601739,
        0.6943017216601739,
        0.6943017216601739,
        0.6943017216601739,
        0.6943017216601739,
        0.6943017216601739,
        0.6943017216601739,
        0.6943017216601739,
        0.6943017216601739,
        0.6943017216601739,
        0.6943017216601739,
        0.6943017216601739,
        0.6943017216601739,
        0.6943017216601739,
        0.6943017216601739,
        0.6943017216601739,
        0.6943017216601739,
        0.6943017216601739,
        0.6943017216601739,
        0.6943017216601739,
        0.6943017216601739,
        0.6943017216601739,
        0.6943017216601739,
        0.6943017216601739,
        0.6943017216601739,
        0.6943017216601739,
        0.6943017216601739,
        0.6943017216601739,
        0.6943017216601739,
        0.6943017216601739,
        0.6943017216601739,
        0.6943017216601739,
        0.6943017216601739,
        0.6943017216601739,
        0.6943017216601739,
        0.6943017216601739,
        0.6943017216601739,
        0.6943017216601739,
        0.6943017216601739,
        0.6943017216601739,
        0.6943017216601739,
        0.6943017216601739,
        0.6943017216601739,
        0.6943017216601739,
        0.6943017216601739,
        0.6943017216601739,
        0.6943017216601739,
        0.6943017216601739,
        0.6943017216601739,
        0.6943017216601739,
        0.6943017216601739,
        0.6943017216601739,
        0.6943017216601739,
        0.6943017216601739,
        0.6943017216601739,
        0.6943017216601739,
        0.6943017216601739,
        0.6943017216601739
    ],