{
    "dimensions": [
        0,
        0,
        0,
        0,
        0,
        0,
        0,
        0,
        0,
        0,
        0,
        0,
        0,
        0,
        0,
        0,
        0,
        0,
        0,
        0,
        0,
        0,
        0,
        0,
        0,
        0,
        0,
        0,
        0,
        0,
        0,
        0,
        0,
        0,
        0,
        0,
        0,
        0,
        0,
        0,
        0,
        0,
        0,
        0,
        0,
        0,
        0,
        0,
        0,
        0,
        0,
        0,
        0,
        0,
        0,
        0,
        0,
        0,
        0,
        0,
        0,
        0,
        0,
        0,
        0,
        0,
        0,
        0,
        0,
        0,
        0,
        0,
        0,
        0,
        0,
        0,
        0,
        0,
        0,
        0,
        0,
        0,
        0,
        0,
        0,
        0,
        0,
        0,
        0,
        0,
        0,
        0,
        0,
        0,
        0,
        0,
        0,
        0,
        0,
        0,
        0,
        0,
        0,
        0,
        0,
        0,
        0,
        0,
        0,
        0,
        0,
        0,
        0,
        0,
        0,
        0,
        0,
        0,
        0,
        0,
        0,
        0,
        0,
        0,
        0,
        0,
        0,
        0,
        0,
        0,
        0,
        0,
        0,
        0,
        0,
        0,
        0,
        0,
        0,
        0,
        0,
        0,
        0,
        0,
        0,
        0,
        0,
        0,
        0,
        0,
        0,
        0,
        0,
        0,
        0,
        0,
        0,
        0,
        0,
        0,
        0,
        0,
        0,
        0,
        0,
        0,
        0,
        0
    ],
    "creation_values": [
        0.99675761050596,
        0.99675761050596,
        0.99675761050596,
        0.99675761050596,
        0.99675761050596,
        0.99675761050596,
        0.99675761050596,
        0.99675761050596,
        0.99675761050596,
        0.99675761050596,
        0.99675761050596,
        0.99675761050596,
        0.99675761050596,
        0.99675761050596,
        0.99675761050596,
        0.99675761050596,
        0.99675761050596,
        0.99675761050596,
        0.99675761050596,
        0.99675761050596,
        0.99675761050596,
        0.99675761050596,
        0.99675761050596,
        0.99675761050596,
        0.99675761050596,
        0.99675761050596,
        0.99675761050596,
        0.99675761050596,
        0.99675761050596,
        0.99675761050596,
        0.99675761050596,
        0.99675761050596,
        0.99675761050596,
        0.99675761050596,
        0.99675761050596,
        0.99675761050596,
        0.99675761050596,
        0.99675761050596,
        0.99675761050596,
        0.99675761050596,
        0.99675761050596,
        0.99675761050596,
        0.99675761050596,
        0.99675761050596,
        0.99675761050596,
        0.99675761050596,
        0.99675761050596,
        0.99675761050596,
        0.99675761050596,
        0.99675761050596,
        0.99675761050596,
        0.99675761050596,
        0.99675761050596,
        0.99675761050596,
        0.99675761050596,
        0.99675761050596,
        0.99675761050596,
        0.99675761050596,
        0.99675761050596,
        0.99675761050596,
        0.99675761050596,
        0.99675761050596,
        0.99675761050596,
        0.99675761050596,
        0.99675761050596,
        0.99675761050596,
        0.99675761050596,
        0.99675761050596,
        0.99675761050596,
        0.99675761050596,
        0.99675761050596,
        0.99675761050596,
        0.99675761050596,
        0.99675761050596,
        0.99675761050596,
        0.99675761050596,
        0.99675761050596,
        0.99675761050596,
        0.99675761050596,
        0.99675761050596,
        0.99675761050596,
        0.99675761050596,
        0.99675761050596,
        0.99675761050596,
        0.99675761050596,
        0.99675761050596,
        0.99675761050596,
        0.99675761050596,
        0.99675761050596,
        0.99675761050596,
        0.99675761050596,
        0.99675761050596,
        0.99675761050596,
        0.99675761050596,
        0.99675761050596,
        0.99675761050596,
        0.99675761050596,
        0.99675761050596,
        0.99675761050596,
        0.99675761050596,
        0.99675761050596,
        0.99675761050596,
        0.99675761050596,
        0.99675761050596,
        0.99675761050596,
        0.99675761050596,
        0.99675761050596,
        0.99675761050596,
        0.99675761050596,
        0.99675761050596,
        0.99675761050596,
        0.99675761050596,
        0.99675761050596,
        0.99675761050596,
        0.99675761050596,
        0.99675761050596,
        0.99675761050596,
        0.99675761050596,
        0.99675761050596,
        0.99675761050596,
        0.99675761050596,
        0.99675761050596,
        0.99675761050596,
        0.99675761050596,
        0.99675761050596,
        0.99675761050596,
        0.99675761050596,
        0.99675761050596,
        0.99675761050596,
        0.99675761050596,
        0.99675761050596,
        0.99675761050596,
        0.99675761050596,
        0.99675761050596,
        0.99675761050596,
        0.99675761050596,
        0.99675761050596,
        0.99675761050596,
        0.99675761050596,
        0.99675761050596,
        0.99675761050596,
        0.99675761050596,
        0.99675761050596,
        0.99675761050596,
        0.99675761050596,
        0.99675761050596,
        0.99675761050596,
        0.99675761050596,
        0.99675761050596,
        0.99675761050596,
        0.99675761050596,
        0.99675761050596,
        0.99675761050596,
        0.99675761050596,
        0.99675761050596,
        0.99675761050596,
        0.99675761050596,
        0.99675761050596,
        0.99675761050596,
        0.99675761050596,
        0.99675761050596,
        0.99675761050596,
        0.99675761050596,
        0.99675761050596,
        0.99675761050596,
        0.99675761050596,
        0.99675761050596,
        0.99675761050596
    ],