{
    "dimensions": [
        0,
        0,
        0,
        0,
        0,
        0,
        0,
        0,
        0,
        0,
        0,
        0,
        0,
        0,
        0,
        0,
        0,
        0,
        0,
        0,
        0,
        0,
        0,
        0,
        0,
        0,
        0,
        0,
        0,
        0,
        0,
        0,
        0,
        0,
        0,
        0,
        0,
        0,
        0,
        0,
        0,
        0,
        0,
        0,
        0,
        0,
        0,
        0,
        0,
        0,
        0,
        0,
        0,
        0,
        0,
        0,
        0,
        0,
        0,
        0,
        0,
        0,
        0,
        0,
        0,
        0,
        0,
        0,
        0,
        0,
        0,
        0,
        0,
        0,
        0,
        0,
        0,
        0,
        0,
        0,
        0,
        0,
        0,
        0,
        0,
        0,
        0,
        0,
        0,
        0,
        0,
        0,
        0,
        0,
        0,
        0,
        0,
        0,
        0,
        0,
        0,
        0,
        0,
        0,
        0,
        0,
        0,
        0,
        0,
        0,
        0,
        0,
        0,
        0,
        0,
        0,
        0,
        0,
        0,
        0,
        0,
        0,
        0,
        0,
        0,
        0,
        0,
        0,
        0,
        0,
        0,
        0,
        0,
        0,
        0,
        0,
        0,
        0,
        0,
        0,
        0,
        0,
        0,
        0,
        0,
        0,
        0,
        0,
        0,
        0,
        0,
        0,
        0,
        0,
        0,
        0,
        0,
        0,
        0,
        0,
        0,
        0,
        0,
        0,
        0,
        0,
        0,
        0
    ],
    "creation_values": [
        0.9961487255403746,
        0.9961487255403746,
        0.9961487255403746,
        0.9961487255403746,
        0.9961487255403746,
        0.9961487255403746,
        0.9961487255403746,
        0.9961487255403746,
        0.9961487255403746,
        0.9961487255403746,
        0.9961487255403746,
        0.9961487255403746,
        0.9961487255403746,
        0.9961487255403746,
        0.9961487255403746,
        0.9961487255403746,
        0.9961487255403746,
        0.9961487255403746,
        0.9961487255403746,
        0.9961487255403746,
        0.9961487255403746,
        0.9961487255403746,
        0.9961487255403746,
        0.9961487255403746,
        0.9961487255403746,
        0.9961487255403746,
        0.9961487255403746,
        0.9961487255403746,
        0.9961487255403746,
        0.9961487255403746,
        0.9961487255403746,
        0.9961487255403746,
        0.9961487255403746,
        0.9961487255403746,
        0.9961487255403746,
        0.9961487255403746,
        0.9961487255403746,
        0.9961487255403746,
        0.9961487255403746,
        0.9961487255403746,
        0.9961487255403746,
        0.9961487255403746,
        0.9961487255403746,
        0.9961487255403746,
        0.9961487255403746,
        0.9961487255403746,
        0.9961487255403746,
        0.9961487255403746,
        0.9961487255403746,
        0.9961487255403746,
        0.9961487255403746,
        0.9961487255403746,
        0.9961487255403746,
        0.9961487255403746,
        0.9961487255403746,
        0.9961487255403746,
        0.9961487255403746,
        0.9961487255403746,
        0.9961487255403746,
        0.9961487255403746,
        0.9961487255403746,
        0.9961487255403746,
        0.9961487255403746,
        0.9961487255403746,
        0.9961487255403746,
        0.9961487255403746,
        0.9961487255403746,
        0.9961487255403746,
        0.9961487255403746,
        0.9961487255403746,
        0.9961487255403746,
        0.9961487255403746,
        0.9961487255403746,
        0.9961487255403746,
        0.9961487255403746,
        0.9961487255403746,
        0.9961487255403746,
        0.9961487255403746,
        0.9961487255403746,
        0.9961487255403746,
        0.9961487255403746,
        0.9961487255403746,
        0.9961487255403746,
        0.9961487255403746,
        0.9961487255403746,
        0.9961487255403746,
        0.9961487255403746,
        0.9961487255403746,
        0.9961487255403746,
        0.9961487255403746,
        0.9961487255403746,
        0.9961487255403746,
        0.9961487255403746,
        0.9961487255403746,
        0.9961487255403746,
        0.9961487255403746,
        0.9961487255403746,
        0.9961487255403746,
        0.9961487255403746,
        0.9961487255403746,
        0.9961487255403746,
        0.9961487255403746,
        0.9961487255403746,
        0.9961487255403746,
        0.9961487255403746,
        0.9961487255403746,
        0.9961487255403746,
        0.9961487255403746,
        0.9961487255403746,
        0.9961487255403746,
        0.9961487255403746,
        0.9961487255403746,
        0.9961487255403746,
        0.9961487255403746,
        0.9961487255403746,
        0.9961487255403746,
        0.9961487255403746,
        0.9961487255403746,
        0.9961487255403746,
        0.9961487255403746,
        0.9961487255403746,
        0.9961487255403746,
        0.9961487255403746,
        0.9961487255403746,
        0.9961487255403746,
        0.9961487255403746,
        0.9961487255403746,
        0.9961487255403746,
        0.9961487255403746,
        0.9961487255403746,
        0.9961487255403746,
        0.9961487255403746,
        0.9961487255403746,
        0.9961487255403746,
        0.9961487255403746,
        0.9961487255403746,
        0.9961487255403746,
        0.9961487255403746,
        0.9961487255403746,
        0.9961487255403746,
        0.9961487255403746,
        0.9961487255403746,
        0.9961487255403746,
        0.9961487255403746,
        0.9961487255403746,
        0.9961487255403746,
        0.9961487255403746,
        0.9961487255403746,
        0.9961487255403746,
        0.9961487255403746,
        0.9961487255403746,
        0.9961487255403746,
        0.9961487255403746,
        0.9961487255403746,
        0.9961487255403746,
        0.9961487255403746,
        0.9961487255403746,
        0.9961487255403746,
        0.9961487255403746,
        0.9961487255403746,
        0.9961487255403746,
        0.9961487255403746,
        0.9961487255403746,
        0.9961487255403746,
        0.9961487255403746,
        0.9961487255403746,
        0.9961487255403746,
        0.9961487255403746
    ],