{
    "dimensions": [
        0,
        0,
        0,
        0,
        0,
        0,
        0,
        0,
        0,
        0,
        0,
        0,
        0,
        0,
        0,
        0,
        0,
        0,
        0,
        0,
        0,
        0,
        0,
        0,
        0,
        0,
        0,
        0,
        0,
        0,
        0,
        0,
        0,
        0,
        0,
        0,
        0,
        0,
        0,
        0,
        0,
        0,
        0,
        0,
        0,
        0,
        0,
        0,
        0,
        0,
        0,
        0,
        0,
        0,
        0,
        0,
        0,
        0,
        0,
        0,
        0,
        0,
        0,
        0,
        0,
        0,
        0,
        0,
        0,
        0,
        0,
        0,
        0,
        0,
        0,
        0,
        0,
        0,
        0,
        0,
        0,
        0,
        0,
        0,
        0,
        0,
        0,
        0,
        0,
        0,
        0,
        0,
        0,
        0,
        0,
        0,
        0,
        0,
        0,
        0,
        0,
        0,
        0,
        0,
        0,
        0,
        0,
        0,
        0,
        0,
        0,
        0,
        0,
        0,
        0,
        0,
        0,
        0,
        0,
        0,
        0,
        0,
        0,
        0,
        0,
        0,
        0,
        0,
        0,
        0,
        0,
        0,
        0,
        0,
        0,
        0,
        0,
        0,
        0,
        0,
        0,
        0,
        0,
        0,
        0,
        0,
        0,
        0,
        0,
        0,
        0,
        0,
        0,
        0,
        0,
        0,
        0,
        0,
        0,
        0,
        0,
        0,
        0,
        0,
        0,
        0,
        0,
        0
    ],
    "creation_values": [
        0.9746636800066507,
        0.9746636800066507,
        0.9746636800066507,
        0.9746636800066507,
        0.9746636800066507,
        0.9746636800066507,
        0.9746636800066507,
        0.9746636800066507,
        0.9746636800066507,
        0.9746636800066507,
        0.9746636800066507,
        0.9746636800066507,
        0.9746636800066507,
        0.9746636800066507,
        0.9746636800066507,
        0.9746636800066507,
        0.9746636800066507,
        0.9746636800066507,
        0.9746636800066507,
        0.9746636800066507,
        0.9746636800066507,
        0.9746636800066507,
        0.9746636800066507,
        0.9746636800066507,
        0.9746636800066507,
        0.9746636800066507,
        0.9746636800066507,
        0.9746636800066507,
        0.9746636800066507,
        0.9746636800066507,
        0.9746636800066507,
        0.9746636800066507,
        0.9746636800066507,
        0.9746636800066507,
        0.9746636800066507,
        0.9746636800066507,
        0.9746636800066507,
        0.9746636800066507,
        0.9746636800066507,
        0.9746636800066507,
        0.9746636800066507,
        0.9746636800066507,
        0.9746636800066507,
        0.9746636800066507,
        0.9746636800066507,
        0.9746636800066507,
        0.9746636800066507,
        0.9746636800066507,
        0.9746636800066507,
        0.9746636800066507,
        0.9746636800066507,
        0.9746636800066507,
        0.9746636800066507,
        0.9746636800066507,
        0.9746636800066507,
        0.9746636800066507,
        0.9746636800066507,
        0.9746636800066507,
        0.9746636800066507,
        0.9746636800066507,
        0.9746636800066507,
        0.9746636800066507,
        0.9746636800066507,
        0.9746636800066507,
        0.9746636800066507,
        0.9746636800066507,
        0.9746636800066507,
        0.9746636800066507,
        0.9746636800066507,
        0.9746636800066507,
        0.9746636800066507,
        0.9746636800066507,
        0.9746636800066507,
        0.9746636800066507,
        0.9746636800066507,
        0.9746636800066507,
        0.9746636800066507,
        0.9746636800066507,
        0.9746636800066507,
        0.9746636800066507,
        0.9746636800066507,
        0.9746636800066507,
        0.9746636800066507,
        0.9746636800066507,
        0.9746636800066507,
        0.9746636800066507,
        0.9746636800066507,
        0.9746636800066507,
        0.9746636800066507,
        0.9746636800066507,
        0.9746636800066507,
        0.9746636800066507,
        0.9746636800066507,
        0.9746636800066507,
        0.9746636800066507,
        0.9746636800066507,
        0.9746636800066507,
        0.9746636800066507,
        0.9746636800066507,
        0.9746636800066507,
        0.9746636800066507,
        0.9746636800066507,
        0.9746636800066507,
        0.9746636800066507,
        0.9746636800066507,
        0.9746636800066507,
        0.9746636800066507,
        0.9746636800066507,
        0.9746636800066507,
        0.9746636800066507,
        0.9746636800066507,
        0.9746636800066507,
        0.9746636800066507,
        0.9746636800066507,
        0.9746636800066507,
        0.9746636800066507,
        0.9746636800066507,
        0.9746636800066507,
        0.9746636800066507,
        0.9746636800066507,
        0.9746636800066507,
        0.9746636800066507,
        0.9746636800066507,
        0.9746636800066507,
        0.9746636800066507,
        0.9746636800066507,
        0.9746636800066507,
        0.9746636800066507,
        0.9746636800066507,
        0.9746636800066507,
        0.9746636800066507,
        0.9746636800066507,
        0.9746636800066507,
        0.9746636800066507,
        0.9746636800066507,
        0.9746636800066507,
        0.9746636800066507,
        0.9746636800066507,
        0.9746636800066507,
        0.9746636800066507,
        0.9746636800066507,
        0.9746636800066507,
        0.9746636800066507,
        0.9746636800066507,
        0.9746636800066507,
        0.9746636800066507,
        0.9746636800066507,
        0.9746636800066507,
        0.9746636800066507,
        0.9746636800066507,
        0.9746636800066507,
        0.9746636800066507,
        0.9746636800066507,
        0.9746636800066507,
        0.9746636800066507,
        0.9746636800066507,
        0.9746636800066507,
        0.9746636800066507,
        0.9746636800066507,
        0.9746636800066507,
        0.9746636800066507,
        0.9746636800066507,
        0.9746636800066507,
        0.9746636800066507,
        0.9746636800066507,
        0.9746636800066507,
        0.9746636800066507,
        0.9746636800066507
    ],