{
    "dimensions": [
        0,
        0,
        0,
        0,
        0,
        0,
        0,
        0,
        0,
        0,
        0,
        0,
        0,
        0,
        0,
        0,
        0,
        0,
        0,
        0,
        0,
        0,
        0,
        0,
        0,
        0,
        0,
        0,
        0,
        0,
        0,
        0,
        0,
        0,
        0,
        0,
        0,
        0,
        0,
        0,
        0,
        0,
        0,
        0,
        0,
        0,
        0,
        0,
        0,
        0,
        0,
        0,
        0,
        0,
        0,
        0,
        0,
        0,
        0,
        0,
        0,
        0,
        0,
        0,
        0,
        0,
        0,
        0,
        0,
        0,
        0,
        0,
        0,
        0,
        0,
        0,
        0,
        0,
        0,
        0,
        0,
        0,
        0,
        0,
        0,
        0,
        0,
        0,
        0,
        0,
        0,
        0,
        0,
        0,
        0,
        0,
        0,
        0,
        0,
        0,
        0,
        0,
        0,
        0,
        0,
        0,
        0,
        0,
        0,
        0,
        0,
        0,
        0,
        0,
        0,
        0,
        0,
        0,
        0,
        0,
        0,
        0,
        0,
        0,
        0,
        0,
        0,
        0,
        0,
        0,
        0,
        0,
        0,
        0,
        0,
        0,
        0,
        0,
        0,
        0,
        0,
        0,
        0,
        0,
        0,
        0,
        0,
        0,
        0,
        0,
        0,
        0,
        0,
        0,
        0,
        0,
        0,
        0,
        0,
        0,
        0,
        0,
        0,
        0,
        0,
        0,
        0,
        0
    ],
    "creation_values": [
        0.9237454612490399,
        0.9237454612490399,
        0.9237454612490399,
        0.9237454612490399,
        0.9237454612490399,
        0.9237454612490399,
        0.9237454612490399,
        0.9237454612490399,
        0.9237454612490399,
        0.9237454612490399,
        0.9237454612490399,
        0.9237454612490399,
        0.9237454612490399,
        0.9237454612490399,
        0.9237454612490399,
        0.9237454612490399,
        0.9237454612490399,
        0.9237454612490399,
        0.9237454612490399,
        0.9237454612490399,
        0.9237454612490399,
        0.9237454612490399,
        0.9237454612490399,
        0.9237454612490399,
        0.9237454612490399,
        0.9237454612490399,
        0.9237454612490399,
        0.9237454612490399,
        0.9237454612490399,
        0.9237454612490399,
        0.9237454612490399,
        0.9237454612490399,
        0.9237454612490399,
        0.9237454612490399,
        0.9237454612490399,
        0.9237454612490399,
        0.9237454612490399,
        0.9237454612490399,
        0.9237454612490399,
        0.9237454612490399,
        0.9237454612490399,
        0.9237454612490399,
        0.9237454612490399,
        0.9237454612490399,
        0.9237454612490399,
        0.9237454612490399,
        0.9237454612490399,
        0.9237454612490399,
        0.9237454612490399,
        0.9237454612490399,
        0.9237454612490399,
        0.9237454612490399,
        0.9237454612490399,
        0.9237454612490399,
        0.9237454612490399,
        0.9237454612490399,
        0.9237454612490399,
        0.9237454612490399,
        0.9237454612490399,
        0.9237454612490399,
        0.9237454612490399,
        0.9237454612490399,
        0.9237454612490399,
        0.9237454612490399,
        0.9237454612490399,
        0.9237454612490399,
        0.9237454612490399,
        0.9237454612490399,
        0.9237454612490399,
        0.9237454612490399,
        0.9237454612490399,
        0.9237454612490399,
        0.9237454612490399,
        0.9237454612490399,
        0.9237454612490399,
        0.9237454612490399,
        0.9237454612490399,
        0.9237454612490399,
        0.9237454612490399,
        0.9237454612490399,
        0.9237454612490399,
        0.9237454612490399,
        0.9237454612490399,
        0.9237454612490399,
        0.9237454612490399,
        0.9237454612490399,
        0.9237454612490399,
        0.9237454612490399,
        0.9237454612490399,
        0.9237454612490399,
        0.9237454612490399,
        0.9237454612490399,
        0.9237454612490399,
        0.9237454612490399,
        0.9237454612490399,
        0.9237454612490399,
        0.9237454612490399,
        0.9237454612490399,
        0.9237454612490399,
        0.9237454612490399,
        0.9237454612490399,
        0.9237454612490399,
        0.9237454612490399,
        0.9237454612490399,
        0.9237454612490399,
        0.9237454612490399,
        0.9237454612490399,
        0.9237454612490399,
        0.9237454612490399,
        0.9237454612490399,
        0.9237454612490399,
        0.9237454612490399,
        0.9237454612490399,
        0.9237454612490399,
        0.9237454612490399,
        0.9237454612490399,
        0.9237454612490399,
        0.9237454612490399,
        0.9237454612490399,
        0.9237454612490399,
        0.9237454612490399,
        0.9237454612490399,
        0.9237454612490399,
        0.9237454612490399,
        0.9237454612490399,
        0.9237454612490399,
        0.9237454612490399,
        0.9237454612490399,
        0.9237454612490399,
        0.9237454612490399,
        0.9237454612490399,
        0.9237454612490399,
        0.9237454612490399,
        0.9237454612490399,
        0.9237454612490399,
        0.9237454612490399,
        0.9237454612490399,
        0.9237454612490399,
        0.9237454612490399,
        0.9237454612490399,
        0.9237454612490399,
        0.9237454612490399,
        0.9237454612490399,
        0.9237454612490399,
        0.9237454612490399,
        0.9237454612490399,
        0.9237454612490399,
        0.9237454612490399,
        0.9237454612490399,
        0.9237454612490399,
        0.9237454612490399,
        0.9237454612490399,
        0.9237454612490399,
        0.9237454612490399,
        0.9237454612490399,
        0.9237454612490399,
        0.9237454612490399,
        0.9237454612490399,
        0.9237454612490399,
        0.9237454612490399,
        0.9237454612490399,
        0.9237454612490399,
        0.9237454612490399,
        0.9237454612490399,
        0.9237454612490399,
        0.9237454612490399,
        0.9237454612490399,
        0.9237454612490399
    ],