{
    "dimensions": [
        0,
        0,
        0,
        0,
        0,
        0,
        0,
        0,
        0,
        0,
        0,
        0,
        0,
        0,
        0,
        0,
        0,
        0,
        0,
        0,
        0,
        0,
        0,
        0,
        0,
        0,
        0,
        0,
        0,
        0,
        0,
        0,
        0,
        0,
        0,
        0,
        0,
        0,
        0,
        0,
        0,
        0,
        0,
        0,
        0,
        0,
        0,
        0,
        0,
        0,
        0,
        0,
        0,
        0,
        0,
        0,
        0,
        0,
        0,
        0,
        0,
        0,
        0,
        0,
        0,
        0,
        0,
        0,
        0,
        0,
        0,
        0,
        0,
        0,
        0,
        0,
        0,
        0,
        0,
        0,
        0,
        0,
        0,
        0,
        0,
        0,
        0,
        0,
        0,
        0,
        0,
        0,
        0,
        0,
        0,
        0,
        0,
        0,
        0,
        0,
        0,
        0,
        0,
        0,
        0,
        0,
        0,
        0,
        0,
        0,
        0,
        0,
        0,
        0,
        0,
        0,
        0,
        0,
        0,
        0,
        0,
        0,
        0,
        0,
        0,
        0,
        0,
        0,
        0,
        0,
        0,
        0,
        0,
        0,
        0,
        0,
        0,
        0,
        0,
        0,
        0,
        0,
        0,
        0,
        0,
        0,
        0,
        0,
        0,
        0,
        0,
        0,
        0,
        0,
        0,
        0,
        0,
        0,
        0,
        0,
        0,
        0,
        0,
        0,
        0,
        0,
        0,
        0
    ],
    "creation_values": [
        0.9929487888510982,
        0.9929487888510982,
        0.9929487888510982,
        0.9929487888510982,
        0.9929487888510982,
        0.9929487888510982,
        0.9929487888510982,
        0.9929487888510982,
        0.9929487888510982,
        0.9929487888510982,
        0.9929487888510982,
        0.9929487888510982,
        0.9929487888510982,
        0.9929487888510982,
        0.9929487888510982,
        0.9929487888510982,
        0.9929487888510982,
        0.9929487888510982,
        0.9929487888510982,
        0.9929487888510982,
        0.9929487888510982,
        0.9929487888510982,
        0.9929487888510982,
        0.9929487888510982,
        0.9929487888510982,
        0.9929487888510982,
        0.9929487888510982,
        0.9929487888510982,
        0.9929487888510982,
        0.9929487888510982,
        0.9929487888510982,
        0.9929487888510982,
        0.9929487888510982,
        0.9929487888510982,
        0.9929487888510982,
        0.9929487888510982,
        0.9929487888510982,
        0.9929487888510982,
        0.9929487888510982,
        0.9929487888510982,
        0.9929487888510982,
        0.9929487888510982,
        0.9929487888510982,
        0.9929487888510982,
        0.9929487888510982,
        0.9929487888510982,
        0.9929487888510982,
        0.9929487888510982,
        0.9929487888510982,
        0.9929487888510982,
        0.9929487888510982,
        0.9929487888510982,
        0.9929487888510982,
        0.9929487888510982,
        0.9929487888510982,
        0.9929487888510982,
        0.9929487888510982,
        0.9929487888510982,
        0.9929487888510982,
        0.9929487888510982,
        0.9929487888510982,
        0.9929487888510982,
        0.9929487888510982,
        0.9929487888510982,
        0.9929487888510982,
        0.9929487888510982,
        0.9929487888510982,
        0.9929487888510982,
        0.9929487888510982,
        0.9929487888510982,
        0.9929487888510982,
        0.9929487888510982,
        0.9929487888510982,
        0.9929487888510982,
        0.9929487888510982,
        0.9929487888510982,
        0.9929487888510982,
        0.9929487888510982,
        0.9929487888510982,
        0.9929487888510982,
        0.9929487888510982,
        0.9929487888510982,
        0.9929487888510982,
        0.9929487888510982,
        0.9929487888510982,
        0.9929487888510982,
        0.9929487888510982,
        0.9929487888510982,
        0.9929487888510982,
        0.9929487888510982,
        0.9929487888510982,
        0.9929487888510982,
        0.9929487888510982,
        0.9929487888510982,
        0.9929487888510982,
        0.9929487888510982,
        0.9929487888510982,
        0.9929487888510982,
        0.9929487888510982,
        0.9929487888510982,
        0.9929487888510982,
        0.9929487888510982,
        0.9929487888510982,
        0.9929487888510982,
        0.9929487888510982,
        0.9929487888510982,
        0.9929487888510982,
        0.9929487888510982,
        0.9929487888510982,
        0.9929487888510982,
        0.9929487888510982,
        0.9929487888510982,
        0.9929487888510982,
        0.9929487888510982,
        0.9929487888510982,
        0.9929487888510982,
        0.9929487888510982,
        0.9929487888510982,
        0.9929487888510982,
        0.9929487888510982,
        0.9929487888510982,
        0.9929487888510982,
        0.9929487888510982,
        0.9929487888510982,
        0.9929487888510982,
        0.9929487888510982,
        0.9929487888510982,
        0.9929487888510982,
        0.9929487888510982,
        0.9929487888510982,
        0.9929487888510982,
        0.9929487888510982,
        0.9929487888510982,
        0.9929487888510982,
        0.9929487888510982,
        0.9929487888510982,
        0.9929487888510982,
        0.9929487888510982,
        0.9929487888510982,
        0.9929487888510982,
        0.9929487888510982,
        0.9929487888510982,
        0.9929487888510982,
        0.9929487888510982,
        0.9929487888510982,
        0.9929487888510982,
        0.9929487888510982,
        0.9929487888510982,
        0.9929487888510982,
        0.9929487888510982,
        0.9929487888510982,
        0.9929487888510982,
        0.9929487888510982,
        0.9929487888510982,
        0.9929487888510982,
        0.9929487888510982,
        0.9929487888510982,
        0.9929487888510982,
        0.9929487888510982,
        0.9929487888510982,
        0.9929487888510982,
        0.9929487888510982,
        0.9929487888510982,
        0.9929487888510982,
        0.9929487888510982,
        0.9929487888510982,
        0.9929487888510982,
        0.9929487888510982
    ],