{
    "dimensions": [
        0,
        0,
        0,
        0,
        0,
        0,
        0,
        0,
        0,
        0,
        0,
        0,
        0,
        0,
        0,
        0,
        0,
        0,
        0,
        0,
        0,
        0,
        0,
        0,
        0,
        0,
        0,
        0,
        0,
        0,
        0,
        0,
        0,
        0,
        0,
        0,
        0,
        0,
        0,
        0,
        0,
        0,
        0,
        0,
        0,
        0,
        0,
        0,
        0,
        0,
        0,
        0,
        0,
        0,
        0,
        0,
        0,
        0,
        0,
        0,
        0,
        0,
        0,
        0,
        0,
        0,
        0,
        0,
        0,
        0,
        0,
        0,
        0,
        0,
        0,
        0,
        0,
        0,
        0,
        0,
        0,
        0,
        0,
        0,
        0,
        0,
        0,
        0,
        0,
        0,
        0,
        0,
        0,
        0,
        0,
        0,
        0,
        0,
        0,
        0,
        0,
        0,
        0,
        0,
        0,
        0,
        0,
        0,
        0,
        0,
        0,
        0,
        0,
        0,
        0,
        0,
        0,
        0,
        0,
        0,
        0,
        0,
        0,
        0,
        0,
        0,
        0,
        0,
        0,
        0,
        0,
        0,
        0,
        0,
        0,
        0,
        0,
        0,
        0,
        0,
        0,
        0,
        0,
        0,
        0,
        0,
        0,
        0,
        0,
        0,
        0,
        0,
        0,
        0,
        0,
        0,
        0,
        0,
        0,
        0,
        0,
        0,
        0,
        0,
        0,
        0,
        0,
        0
    ],
    "creation_values": [
        0.9908264090726179,
        0.9908264090726179,
        0.9908264090726179,
        0.9908264090726179,
        0.9908264090726179,
        0.9908264090726179,
        0.9908264090726179,
        0.9908264090726179,
        0.9908264090726179,
        0.9908264090726179,
        0.9908264090726179,
        0.9908264090726179,
        0.9908264090726179,
        0.9908264090726179,
        0.9908264090726179,
        0.9908264090726179,
        0.9908264090726179,
        0.9908264090726179,
        0.9908264090726179,
        0.9908264090726179,
        0.9908264090726179,
        0.9908264090726179,
        0.9908264090726179,
        0.9908264090726179,
        0.9908264090726179,
        0.9908264090726179,
        0.9908264090726179,
        0.9908264090726179,
        0.9908264090726179,
        0.9908264090726179,
        0.9908264090726179,
        0.9908264090726179,
        0.9908264090726179,
        0.9908264090726179,
        0.9908264090726179,
        0.9908264090726179,
        0.9908264090726179,
        0.9908264090726179,
        0.9908264090726179,
        0.9908264090726179,
        0.9908264090726179,
        0.9908264090726179,
        0.9908264090726179,
        0.9908264090726179,
        0.9908264090726179,
        0.9908264090726179,
        0.9908264090726179,
        0.9908264090726179,
        0.9908264090726179,
        0.9908264090726179,
        0.9908264090726179,
        0.9908264090726179,
        0.9908264090726179,
        0.9908264090726179,
        0.9908264090726179,
        0.9908264090726179,
        0.9908264090726179,
        0.9908264090726179,
        0.9908264090726179,
        0.9908264090726179,
        0.9908264090726179,
        0.9908264090726179,
        0.9908264090726179,
        0.9908264090726179,
        0.9908264090726179,
        0.9908264090726179,
        0.9908264090726179,
        0.9908264090726179,
        0.9908264090726179,
        0.9908264090726179,
        0.9908264090726179,
        0.9908264090726179,
        0.9908264090726179,
        0.9908264090726179,
        0.9908264090726179,
        0.9908264090726179,
        0.9908264090726179,
        0.9908264090726179,
        0.9908264090726179,
        0.9908264090726179,
        0.9908264090726179,
        0.9908264090726179,
        0.9908264090726179,
        0.9908264090726179,
        0.9908264090726179,
        0.9908264090726179,
        0.9908264090726179,
        0.9908264090726179,
        0.9908264090726179,
        0.9908264090726179,
        0.9908264090726179,
        0.9908264090726179,
        0.9908264090726179,
        0.9908264090726179,
        0.9908264090726179,
        0.9908264090726179,
        0.9908264090726179,
        0.9908264090726179,
        0.9908264090726179,
        0.9908264090726179,
        0.9908264090726179,
        0.9908264090726179,
        0.9908264090726179,
        0.9908264090726179,
        0.9908264090726179,
        0.9908264090726179,
        0.9908264090726179,
        0.9908264090726179,
        0.9908264090726179,
        0.9908264090726179,
        0.9908264090726179,
        0.9908264090726179,
        0.9908264090726179,
        0.9908264090726179,
        0.9908264090726179,
        0.9908264090726179,
        0.9908264090726179,
        0.9908264090726179,
        0.9908264090726179,
        0.9908264090726179,
        0.9908264090726179,
        0.9908264090726179,
        0.9908264090726179,
        0.9908264090726179,
        0.9908264090726179,
        0.9908264090726179,
        0.9908264090726179,
        0.9908264090726179,
        0.9908264090726179,
        0.9908264090726179,
        0.9908264090726179,
        0.9908264090726179,
        0.9908264090726179,
        0.9908264090726179,
        0.9908264090726179,
        0.9908264090726179,
        0.9908264090726179,
        0.9908264090726179,
        0.9908264090726179,
        0.9908264090726179,
        0.9908264090726179,
        0.9908264090726179,
        0.9908264090726179,
        0.9908264090726179,
        0.9908264090726179,
        0.9908264090726179,
        0.9908264090726179,
        0.9908264090726179,
        0.9908264090726179,
        0.9908264090726179,
        0.9908264090726179,
        0.9908264090726179,
        0.9908264090726179,
        0.9908264090726179,
        0.9908264090726179,
        0.9908264090726179,
        0.9908264090726179,
        0.9908264090726179,
        0.9908264090726179,
        0.9908264090726179,
        0.9908264090726179,
        0.9908264090726179,
        0.9908264090726179,
        0.9908264090726179,
        0.9908264090726179,
        0.9908264090726179,
        0.9908264090726179,
        0.9908264090726179
    ],