{
    "dimensions": [
        0,
        0,
        0,
        0,
        0,
        0,
        0,
        0,
        0,
        0,
        0,
        0,
        0,
        0,
        0,
        0,
        0,
        0,
        0,
        0,
        0,
        0,
        0,
        0,
        0,
        0,
        0,
        0,
        0,
        0,
        0,
        0,
        0,
        0,
        0,
        0,
        0,
        0,
        0,
        0,
        0,
        0,
        0,
        0,
        0,
        0,
        0,
        0,
        0,
        0,
        0,
        0,
        0,
        0,
        0,
        0,
        0,
        0,
        0,
        0,
        0,
        0,
        0,
        0,
        0,
        0,
        0,
        0,
        0,
        0,
        0,
        0,
        0,
        0,
        0,
        0,
        0,
        0,
        0,
        0,
        0,
        0,
        0,
        0,
        0,
        0,
        0,
        0,
        0,
        0,
        0,
        0,
        0,
        0,
        0,
        0,
        0,
        0,
        0,
        0,
        0,
        0,
        0,
        0,
        0,
        0,
        0,
        0,
        0,
        0,
        0,
        0,
        0,
        0,
        0,
        0,
        0,
        0,
        0,
        0,
        0,
        0,
        0,
        0,
        0,
        0,
        0,
        0,
        0,
        0,
        0,
        0,
        0,
        0,
        0,
        0,
        0,
        0,
        0,
        0,
        0,
        0,
        0,
        0,
        0,
        0,
        0,
        0,
        0,
        0,
        0,
        0,
        0,
        0,
        0,
        0,
        0,
        0,
        0,
        0,
        0,
        0,
        0,
        0,
        0,
        0,
        0,
        0
    ],
    "creation_values": [
        0.9950137196409449,
        0.9950137196409449,
        0.9950137196409449,
        0.9950137196409449,
        0.9950137196409449,
        0.9950137196409449,
        0.9950137196409449,
        0.9950137196409449,
        0.9950137196409449,
        0.9950137196409449,
        0.9950137196409449,
        0.9950137196409449,
        0.9950137196409449,
        0.9950137196409449,
        0.9950137196409449,
        0.9950137196409449,
        0.9950137196409449,
        0.9950137196409449,
        0.9950137196409449,
        0.9950137196409449,
        0.9950137196409449,
        0.9950137196409449,
        0.9950137196409449,
        0.9950137196409449,
        0.9950137196409449,
        0.9950137196409449,
        0.9950137196409449,
        0.9950137196409449,
        0.9950137196409449,
        0.9950137196409449,
        0.9950137196409449,
        0.9950137196409449,
        0.9950137196409449,
        0.9950137196409449,
        0.9950137196409449,
        0.9950137196409449,
        0.9950137196409449,
        0.9950137196409449,
        0.9950137196409449,
        0.9950137196409449,
        0.9950137196409449,
        0.9950137196409449,
        0.9950137196409449,
        0.9950137196409449,
        0.9950137196409449,
        0.9950137196409449,
        0.9950137196409449,
        0.9950137196409449,
        0.9950137196409449,
        0.9950137196409449,
        0.9950137196409449,
        0.9950137196409449,
        0.9950137196409449,
        0.9950137196409449,
        0.9950137196409449,
        0.9950137196409449,
        0.9950137196409449,
        0.9950137196409449,
        0.9950137196409449,
        0.9950137196409449,
        0.9950137196409449,
        0.9950137196409449,
        0.9950137196409449,
        0.9950137196409449,
        0.9950137196409449,
        0.9950137196409449,
        0.9950137196409449,
        0.9950137196409449,
        0.9950137196409449,
        0.9950137196409449,
        0.9950137196409449,
        0.9950137196409449,
        0.9950137196409449,
        0.9950137196409449,
        0.9950137196409449,
        0.9950137196409449,
        0.9950137196409449,
        0.9950137196409449,
        0.9950137196409449,
        0.9950137196409449,
        0.9950137196409449,
        0.9950137196409449,
        0.9950137196409449,
        0.9950137196409449,
        0.9950137196409449,
        0.9950137196409449,
        0.9950137196409449,
        0.9950137196409449,
        0.9950137196409449,
        0.9950137196409449,
        0.9950137196409449,
        0.9950137196409449,
        0.9950137196409449,
        0.9950137196409449,
        0.9950137196409449,
        0.9950137196409449,
        0.9950137196409449,
        0.9950137196409449,
        0.9950137196409449,
        0.9950137196409449,
        0.9950137196409449,
        0.9950137196409449,
        0.9950137196409449,
        0.9950137196409449,
        0.9950137196409449,
        0.9950137196409449,
        0.9950137196409449,
        0.9950137196409449,
        0.9950137196409449,
        0.9950137196409449,
        0.9950137196409449,
        0.9950137196409449,
        0.9950137196409449,
        0.9950137196409449,
        0.9950137196409449,
        0.9950137196409449,
        0.9950137196409449,
        0.9950137196409449,
        0.9950137196409449,
        0.9950137196409449,
        0.9950137196409449,
        0.9950137196409449,
        0.9950137196409449,
        0.9950137196409449,
        0.9950137196409449,
        0.9950137196409449,
        0.9950137196409449,
        0.9950137196409449,
        0.9950137196409449,
        0.9950137196409449,
        0.9950137196409449,
        0.9950137196409449,
        0.9950137196409449,
        0.9950137196409449,
        0.9950137196409449,
        0.9950137196409449,
        0.9950137196409449,
        0.9950137196409449,
        0.9950137196409449,
        0.9950137196409449,
        0.9950137196409449,
        0.9950137196409449,
        0.9950137196409449,
        0.9950137196409449,
        0.9950137196409449,
        0.9950137196409449,
        0.9950137196409449,
        0.9950137196409449,
        0.9950137196409449,
        0.9950137196409449,
        0.9950137196409449,
        0.9950137196409449,
        0.9950137196409449,
        0.9950137196409449,
        0.9950137196409449,
        0.9950137196409449,
        0.9950137196409449,
        0.9950137196409449,
        0.9950137196409449,
        0.9950137196409449,
        0.9950137196409449,
        0.9950137196409449,
        0.9950137196409449,
        0.9950137196409449,
        0.9950137196409449,
        0.9950137196409449,
        0.9950137196409449,
        0.9950137196409449
    ],