{
    "dimensions": [
        0,
        0,
        0,
        0,
        0,
        0,
        0,
        0,
        0,
        0,
        0,
        0,
        0,
        0,
        0,
        0,
        0,
        0,
        0,
        0,
        0,
        0,
        0,
        0,
        0,
        0,
        0,
        0,
        0,
        0,
        0,
        0,
        0,
        0,
        0,
        0,
        0,
        0,
        0,
        0,
        0,
        0,
        0,
        0,
        0,
        0,
        0,
        0,
        0,
        0,
        0,
        0,
        0,
        0,
        0,
        0,
        0,
        0,
        0,
        0,
        0,
        0,
        0,
        0,
        0,
        0,
        0,
        0,
        0,
        0,
        0,
        0,
        0,
        0,
        0,
        0,
        0,
        0,
        0,
        0,
        0,
        0,
        0,
        0,
        0,
        0,
        0,
        0,
        0,
        0,
        0,
        0,
        0,
        0,
        0,
        0,
        0,
        0,
        0,
        0,
        0,
        0,
        0,
        0,
        0,
        0,
        0,
        0,
        0,
        0,
        0,
        0,
        0,
        0,
        0,
        0,
        0,
        0,
        0,
        0,
        0,
        0,
        0,
        0,
        0,
        0,
        0,
        0,
        0,
        0,
        0,
        0,
        0,
        0,
        0,
        0,
        0,
        0,
        0,
        0,
        0,
        0,
        0,
        0,
        0,
        0,
        0,
        0,
        0,
        0,
        0,
        0,
        0,
        0,
        0,
        0,
        0,
        0,
        0,
        0,
        0,
        0,
        0,
        0,
        0,
        0,
        0,
        0
    ],
    "creation_values": [
        0.9837065856133183,
        0.9837065856133183,
        0.9837065856133183,
        0.9837065856133183,
        0.9837065856133183,
        0.9837065856133183,
        0.9837065856133183,
        0.9837065856133183,
        0.9837065856133183,
        0.9837065856133183,
        0.9837065856133183,
        0.9837065856133183,
        0.9837065856133183,
        0.9837065856133183,
        0.9837065856133183,
        0.9837065856133183,
        0.9837065856133183,
        0.9837065856133183,
        0.9837065856133183,
        0.9837065856133183,
        0.9837065856133183,
        0.9837065856133183,
        0.9837065856133183,
        0.9837065856133183,
        0.9837065856133183,
        0.9837065856133183,
        0.9837065856133183,
        0.9837065856133183,
        0.9837065856133183,
        0.9837065856133183,
        0.9837065856133183,
        0.9837065856133183,
        0.9837065856133183,
        0.9837065856133183,
        0.9837065856133183,
        0.9837065856133183,
        0.9837065856133183,
        0.9837065856133183,
        0.9837065856133183,
        0.9837065856133183,
        0.9837065856133183,
        0.9837065856133183,
        0.9837065856133183,
        0.9837065856133183,
        0.9837065856133183,
        0.9837065856133183,
        0.9837065856133183,
        0.9837065856133183,
        0.9837065856133183,
        0.9837065856133183,
        0.9837065856133183,
        0.9837065856133183,
        0.9837065856133183,
        0.9837065856133183,
        0.9837065856133183,
        0.9837065856133183,
        0.9837065856133183,
        0.9837065856133183,
        0.9837065856133183,
        0.9837065856133183,
        0.9837065856133183,
        0.9837065856133183,
        0.9837065856133183,
        0.9837065856133183,
        0.9837065856133183,
        0.9837065856133183,
        0.9837065856133183,
        0.9837065856133183,
        0.9837065856133183,
        0.9837065856133183,
        0.9837065856133183,
        0.9837065856133183,
        0.9837065856133183,
        0.9837065856133183,
        0.9837065856133183,
        0.9837065856133183,
        0.9837065856133183,
        0.9837065856133183,
        0.9837065856133183,
        0.9837065856133183,
        0.9837065856133183,
        0.9837065856133183,
        0.9837065856133183,
        0.9837065856133183,
        0.9837065856133183,
        0.9837065856133183,
        0.9837065856133183,
        0.9837065856133183,
        0.9837065856133183,
        0.9837065856133183,
        0.9837065856133183,
        0.9837065856133183,
        0.9837065856133183,
        0.9837065856133183,
        0.9837065856133183,
        0.9837065856133183,
        0.9837065856133183,
        0.9837065856133183,
        0.9837065856133183,
        0.9837065856133183,
        0.9837065856133183,
        0.9837065856133183,
        0.9837065856133183,
        0.9837065856133183,
        0.9837065856133183,
        0.9837065856133183,
        0.9837065856133183,
        0.9837065856133183,
        0.9837065856133183,
        0.9837065856133183,
        0.9837065856133183,
        0.9837065856133183,
        0.9837065856133183,
        0.9837065856133183,
        0.9837065856133183,
        0.9837065856133183,
        0.9837065856133183,
        0.9837065856133183,
        0.9837065856133183,
        0.9837065856133183,
        0.9837065856133183,
        0.9837065856133183,
        0.9837065856133183,
        0.9837065856133183,
        0.9837065856133183,
        0.9837065856133183,
        0.9837065856133183,
        0.9837065856133183,
        0.9837065856133183,
        0.9837065856133183,
        0.9837065856133183,
        0.9837065856133183,
        0.9837065856133183,
        0.9837065856133183,
        0.9837065856133183,
        0.9837065856133183,
        0.9837065856133183,
        0.9837065856133183,
        0.9837065856133183,
        0.9837065856133183,
        0.9837065856133183,
        0.9837065856133183,
        0.9837065856133183,
        0.9837065856133183,
        0.9837065856133183,
        0.9837065856133183,
        0.9837065856133183,
        0.9837065856133183,
        0.9837065856133183,
        0.9837065856133183,
        0.9837065856133183,
        0.9837065856133183,
        0.9837065856133183,
        0.9837065856133183,
        0.9837065856133183,
        0.9837065856133183,
        0.9837065856133183,
        0.9837065856133183,
        0.9837065856133183,
        0.9837065856133183,
        0.9837065856133183,
        0.9837065856133183,
        0.9837065856133183,
        0.9837065856133183,
        0.9837065856133183,
        0.9837065856133183,
        0.9837065856133183,
        0.9837065856133183
    ],