{
    "dimensions": [
        0,
        0,
        0,
        0,
        0,
        0,
        0,
        0,
        0,
        0,
        0,
        0,
        0,
        0,
        0,
        0,
        0,
        0,
        0,
        0,
        0,
        0,
        0,
        0,
        0,
        0,
        0,
        0,
        0,
        0,
        0,
        0,
        0,
        0,
        0,
        0,
        0,
        0,
        0,
        0,
        0,
        0,
        0,
        0,
        0,
        0,
        0,
        0,
        0,
        0,
        0,
        0,
        0,
        0,
        0,
        0,
        0,
        0,
        0,
        0,
        0,
        0,
        0,
        0,
        0,
        0,
        0,
        0,
        0,
        0,
        0,
        0,
        0,
        0,
        0,
        0,
        0,
        0,
        0,
        0,
        0,
        0,
        0,
        0,
        0,
        0,
        0,
        0,
        0,
        0,
        0,
        0,
        0,
        0,
        0,
        0,
        0,
        0,
        0,
        0,
        0,
        0,
        0,
        0,
        0,
        0,
        0,
        0,
        0,
        0,
        0,
        0,
        0,
        0,
        0,
        0,
        0,
        0,
        0,
        0,
        0,
        0,
        0,
        0,
        0,
        0,
        0,
        0,
        0,
        0,
        0,
        0,
        0,
        0,
        0,
        0,
        0,
        0,
        0,
        0,
        0,
        0,
        0,
        0,
        0,
        0,
        0,
        0,
        0,
        0,
        0,
        0,
        0,
        0,
        0,
        0,
        0,
        0,
        0,
        0,
        0,
        0,
        0,
        0,
        0,
        0,
        0,
        0
    ],
    "creation_values": [
        0.9660313113502315,
        0.9660313113502315,
        0.9660313113502315,
        0.9660313113502315,
        0.9660313113502315,
        0.9660313113502315,
        0.9660313113502315,
        0.9660313113502315,
        0.9660313113502315,
        0.9660313113502315,
        0.9660313113502315,
        0.9660313113502315,
        0.9660313113502315,
        0.9660313113502315,
        0.9660313113502315,
        0.9660313113502315,
        0.9660313113502315,
        0.9660313113502315,
        0.9660313113502315,
        0.9660313113502315,
        0.9660313113502315,
        0.9660313113502315,
        0.9660313113502315,
        0.9660313113502315,
        0.9660313113502315,
        0.9660313113502315,
        0.9660313113502315,
        0.9660313113502315,
        0.9660313113502315,
        0.9660313113502315,
        0.9660313113502315,
        0.9660313113502315,
        0.9660313113502315,
        0.9660313113502315,
        0.9660313113502315,
        0.9660313113502315,
        0.9660313113502315,
        0.9660313113502315,
        0.9660313113502315,
        0.9660313113502315,
        0.9660313113502315,
        0.9660313113502315,
        0.9660313113502315,
        0.9660313113502315,
        0.9660313113502315,
        0.9660313113502315,
        0.9660313113502315,
        0.9660313113502315,
        0.9660313113502315,
        0.9660313113502315,
        0.9660313113502315,
        0.9660313113502315,
        0.9660313113502315,
        0.9660313113502315,
        0.9660313113502315,
        0.9660313113502315,
        0.9660313113502315,
        0.9660313113502315,
        0.9660313113502315,
        0.9660313113502315,
        0.9660313113502315,
        0.9660313113502315,
        0.9660313113502315,
        0.9660313113502315,
        0.9660313113502315,
        0.9660313113502315,
        0.9660313113502315,
        0.9660313113502315,
        0.9660313113502315,
        0.9660313113502315,
        0.9660313113502315,
        0.9660313113502315,
        0.9660313113502315,
        0.9660313113502315,
        0.9660313113502315,
        0.9660313113502315,
        0.9660313113502315,
        0.9660313113502315,
        0.9660313113502315,
        0.9660313113502315,
        0.9660313113502315,
        0.9660313113502315,
        0.9660313113502315,
        0.9660313113502315,
        0.9660313113502315,
        0.9660313113502315,
        0.9660313113502315,
        0.9660313113502315,
        0.9660313113502315,
        0.9660313113502315,
        0.9660313113502315,
        0.9660313113502315,
        0.9660313113502315,
        0.9660313113502315,
        0.9660313113502315,
        0.9660313113502315,
        0.9660313113502315,
        0.9660313113502315,
        0.9660313113502315,
        0.9660313113502315,
        0.9660313113502315,
        0.9660313113502315,
        0.9660313113502315,
        0.9660313113502315,
        0.9660313113502315,
        0.9660313113502315,
        0.9660313113502315,
        0.9660313113502315,
        0.9660313113502315,
        0.9660313113502315,
        0.9660313113502315,
        0.9660313113502315,
        0.9660313113502315,
        0.9660313113502315,
        0.9660313113502315,
        0.9660313113502315,
        0.9660313113502315,
        0.9660313113502315,
        0.9660313113502315,
        0.9660313113502315,
        0.9660313113502315,
        0.9660313113502315,
        0.9660313113502315,
        0.9660313113502315,
        0.9660313113502315,
        0.9660313113502315,
        0.9660313113502315,
        0.9660313113502315,
        0.9660313113502315,
        0.9660313113502315,
        0.9660313113502315,
        0.9660313113502315,
        0.9660313113502315,
        0.9660313113502315,
        0.9660313113502315,
        0.9660313113502315,
        0.9660313113502315,
        0.9660313113502315,
        0.9660313113502315,
        0.9660313113502315,
        0.9660313113502315,
        0.9660313113502315,
        0.9660313113502315,
        0.9660313113502315,
        0.9660313113502315,
        0.9660313113502315,
        0.9660313113502315,
        0.9660313113502315,
        0.9660313113502315,
        0.9660313113502315,
        0.9660313113502315,
        0.9660313113502315,
        0.9660313113502315,
        0.9660313113502315,
        0.9660313113502315,
        0.9660313113502315,
        0.9660313113502315,
        0.9660313113502315,
        0.9660313113502315,
        0.9660313113502315,
        0.9660313113502315,
        0.9660313113502315,
        0.9660313113502315,
        0.9660313113502315,
        0.9660313113502315,
        0.9660313113502315,
        0.9660313113502315,
        0.9660313113502315
    ],